protein_id,accession,selected_identity_percent,selected_query_coverage_percent,selected_evalue,selected_bit_score,quality_tier,exact_identity100_coverage100,status,pdb_file,pdbUrl,latestVersion,uniprotId,uniprotDescription,organismScientificName,isReviewed,globalMetricValue,error_message
dd53566f0750ba508a966b2b8d2cd667 2KO2_1 A-1,A0AAW0HYR4,92.958,89.87341772151899,5.26e-40,137.0,Q2_high_confidence,False,skipped_existing,3Dstructure\afdb_correct_to_wrong_2500_structures\A0AAW0HYR4.pdb,,,,,,,,
6e5fdb6eb047a6dfdf341f1cabc789f3 SSGCID-RibeA.17832.c A-0,Q1RK63,100.0,100.0,0.0,1188.0,Q1_near_exact,True,downloaded,3Dstructure\afdb_correct_to_wrong_2500_structures\Q1RK63.pdb,https://alphafold.ebi.ac.uk/files/AF-Q1RK63-F1-model_v6.pdb,6,Q1RK63_RICBR,Cell surface antigen Sca1,Rickettsia bellii (strain RML369-C),False,58.66,
05d68d0bbba9feaf273b4f834eeb36c7 SECSG-Pfu-919736-001 A-0,A0A5C0XNV6,82.0,100.0,8.11e-22,88.6,Q2_high_confidence,False,downloaded,3Dstructure\afdb_correct_to_wrong_2500_structures\A0A5C0XNV6.pdb,https://alphafold.ebi.ac.uk/files/AF-A0A5C0XNV6-F1-model_v6.pdb,6,A0A5C0XNV6_PYRFU,PIN domain-containing protein,Pyrococcus furiosus (strain ATCC 43587 / DSM 3638 / JCM 8422 / Vc1),False,88.62,
a0aaa1adb27b554e562e9f05b4ec2a43 SECSG-Pfu-918553-001 A-0,A0A5C0XPN0,100.0,86.95652173913044,1.16e-37,129.0,Q2_high_confidence,False,downloaded,3Dstructure\afdb_correct_to_wrong_2500_structures\A0A5C0XPN0.pdb,https://alphafold.ebi.ac.uk/files/AF-A0A5C0XPN0-F1-model_v6.pdb,6,A0A5C0XPN0_PYRFU,Uncharacterized protein,Pyrococcus furiosus (strain ATCC 43587 / DSM 3638 / JCM 8422 / Vc1),False,54.03,
c2a002b0454e9178dae56c678141f8cb NYSGRC-033532 A-0,A0A854Q888,97.095,100.0,0.0,1304.0,Q1_near_exact,False,downloaded,3Dstructure\afdb_correct_to_wrong_2500_structures\A0A854Q888.pdb,https://alphafold.ebi.ac.uk/files/AF-A0A854Q888-F1-model_v6.pdb,6,A0A854Q888_CRYNV,Nuclear protein,Cryptococcus neoformans var. grubii Tu259-1,False,68.75,
0534c1daea66b1edc3745732ee1a7899 5JRL_1 A-1,Q1GQ33,100.0,97.31903485254692,0.0,1467.0,Q1_near_exact,False,downloaded,3Dstructure\afdb_correct_to_wrong_2500_structures\Q1GQ33.pdb,https://alphafold.ebi.ac.uk/files/AF-Q1GQ33-F1-model_v6.pdb,6,Q1GQ33_SPHAL,Dipeptidyl aminopeptidases/acylaminoacyl-peptidases-like protein,Sphingopyxis alaskensis (strain DSM 13593 / LMG 18877 / RB2256),False,88.69,
e6d2b7aaea2fa38968b3cbd39d566890 NESG-RR264 A-0,A0A7U9DZ84,100.0,100.0,0.0,2054.0,Q1_near_exact,True,downloaded,3Dstructure\afdb_correct_to_wrong_2500_structures\A0A7U9DZ84.pdb,https://alphafold.ebi.ac.uk/files/AF-A0A7U9DZ84-F1-model_v6.pdb,6,A0A7U9DZ84_STRLI,CHAT domain-containing protein,Streptomyces lividans 1326,False,76.12,
3a46686a05b4d6c205f9ba8a6dc50a17 JCSG-244 A-0,O16189,100.0,99.33774834437085,1.43e-105,312.0,Q1_near_exact,False,downloaded,3Dstructure\afdb_correct_to_wrong_2500_structures\O16189.pdb,https://alphafold.ebi.ac.uk/files/AF-O16189-F1-model_v6.pdb,6,O16189_CAEEL,Fungal lipase-like domain-containing protein,Caenorhabditis elegans,False,90.12,
9ac52310e5d3feccbab0e541e2b06716 MCSG-APC65199 A-0,A0AAE9Y469,100.0,100.0,0.0,672.0,Q1_near_exact,True,downloaded,3Dstructure\afdb_correct_to_wrong_2500_structures\A0AAE9Y469.pdb,https://alphafold.ebi.ac.uk/files/AF-A0AAE9Y469-F1-model_v6.pdb,6,A0AAE9Y469_RHOPA,ABC transporter substrate-binding protein,Rhodopseudomonas palustris (strain ATCC BAA-98 / CGA009),False,90.44,
075355ab1665145648efeffaba6fac37 SECSG-Pfu-1661230-001 A-0,A0A5C0XSZ6,100.0,92.37288135593221,5.2e-72,219.0,Q2_high_confidence,False,downloaded,3Dstructure\afdb_correct_to_wrong_2500_structures\A0A5C0XSZ6.pdb,https://alphafold.ebi.ac.uk/files/AF-A0A5C0XSZ6-F1-model_v6.pdb,6,A0A5C0XSZ6_PYRFU,Uncharacterized protein,Pyrococcus furiosus (strain ATCC 43587 / DSM 3638 / JCM 8422 / Vc1),False,69.38,
432de6dac3155dd3d4df0a5f4a46689f MCSG-APC102434 A-0,Q2IER1,100.0,100.0,5.38e-168,474.0,Q1_near_exact,True,downloaded,3Dstructure\afdb_correct_to_wrong_2500_structures\Q2IER1.pdb,https://alphafold.ebi.ac.uk/files/AF-Q2IER1-F1-model_v6.pdb,6,Q2IER1_ANADE,Sel1,Anaeromyxobacter dehalogenans (strain 2CP-C),False,87.56,
12d162aba3c8e92ed4adbf8fcbd11964 NESG-YR243 A-0,G2WGV8,100.0,100.0,0.0,1114.0,Q1_near_exact,True,downloaded,3Dstructure\afdb_correct_to_wrong_2500_structures\G2WGV8.pdb,https://alphafold.ebi.ac.uk/files/AF-G2WGV8-F1-model_v6.pdb,6,G2WGV8_YEASK,K7_Bit61p,Saccharomyces cerevisiae (strain Kyokai no. 7 / NBRC 101557),False,55.47,
985b664feb123f78aa2dbbda79a2c64d NESG-AR2916 A-0,A0A178WI25,100.0,100.0,0.0,1073.0,Q1_near_exact,True,downloaded,3Dstructure\afdb_correct_to_wrong_2500_structures\A0A178WI25.pdb,https://alphafold.ebi.ac.uk/files/AF-A0A178WI25-F1-model_v6.pdb,6,A0A178WI25_ARATH,"Pentatricopeptide repeat-containing protein At1g13040, mitochondrial",Arabidopsis thaliana,False,84.75,
7b7d66330f111c326f1b4ae0982ebbd2 MCSG-APC41500.0 A-0,B6AKZ1,100.0,100.0,0.0,550.0,Q1_near_exact,True,downloaded,3Dstructure\afdb_correct_to_wrong_2500_structures\B6AKZ1.pdb,https://alphafold.ebi.ac.uk/files/AF-B6AKZ1-F1-model_v6.pdb,6,B6AKZ1_9BACT,Uncharacterized protein,Leptospirillum sp. Group II '5-way CG',False,84.12,
8cf961c52d667a826d54994b15855605 SECSG-Pfu-238451-001 A-0,A0A5C0XMC2,100.0,86.76470588235294,1.99e-32,115.0,Q2_high_confidence,False,downloaded,3Dstructure\afdb_correct_to_wrong_2500_structures\A0A5C0XMC2.pdb,https://alphafold.ebi.ac.uk/files/AF-A0A5C0XMC2-F1-model_v6.pdb,6,A0A5C0XMC2_PYRFU,Uncharacterized protein,Pyrococcus furiosus (strain ATCC 43587 / DSM 3638 / JCM 8422 / Vc1),False,84.44,
617770f5777482d88b2f0b0b99992511 SECSG-Pfu-1611840-001 A-0,A0A5C0XRH1,100.0,93.66197183098592,1.69e-91,270.0,Q2_high_confidence,False,downloaded,3Dstructure\afdb_correct_to_wrong_2500_structures\A0A5C0XRH1.pdb,https://alphafold.ebi.ac.uk/files/AF-A0A5C0XRH1-F1-model_v6.pdb,6,A0A5C0XRH1_PYRFU,Uncharacterized protein,Pyrococcus furiosus (strain ATCC 43587 / DSM 3638 / JCM 8422 / Vc1),False,33.47,
7da6012bf9707171f4690f9cf509c20a JCSG-392452 A-0,Q8NQX4,100.0,100.0,1.41e-66,204.0,Q1_near_exact,True,downloaded,3Dstructure\afdb_correct_to_wrong_2500_structures\Q8NQX4.pdb,https://alphafold.ebi.ac.uk/files/AF-Q8NQX4-F1-model_v6.pdb,6,Q8NQX4_CORGL,Polyketide cyclase,Corynebacterium glutamicum (strain ATCC 13032 / DSM 20300 / JCM 1318 / BCRC 11384 / CCUG 27702 / LMG 3730 / NBRC 12168 / NCIMB 10025 / NRRL B-2784 / 534),False,80.62,
bbb5ac18061a2dbcc795690b1cb1c11f SSGCID-BupsA.17422.a A-1,A2S3F8,100.0,91.61676646706587,1.2e-100,296.0,Q2_high_confidence,False,downloaded,3Dstructure\afdb_correct_to_wrong_2500_structures\A2S3F8.pdb,https://alphafold.ebi.ac.uk/files/AF-A2S3F8-F1-model_v6.pdb,6,A2S3F8_BURM9,Spore coat protein U/FanG domain-containing protein,Burkholderia mallei (strain NCTC 10229),False,88.69,
ef5a20f7b351198661cb339f567e3540 NESG-SvR354 A-0,Q827C9,100.0,100.0,3.44e-118,340.0,Q1_near_exact,True,downloaded,3Dstructure\afdb_correct_to_wrong_2500_structures\Q827C9.pdb,https://alphafold.ebi.ac.uk/files/AF-Q827C9-F1-model_v6.pdb,6,Q827C9_STRAW,Polyketide cyclase,Streptomyces avermitilis (strain ATCC 31267 / DSM 46492 / JCM 5070 / NBRC 14893 / NCIMB 12804 / NRRL 8165 / MA-4680),False,87.12,
f4a0ad7f16412e904289b7386e9f2d83 NESG-TfR28 A-0,Q47N13,100.0,100.0,0.0,1468.0,Q1_near_exact,True,downloaded,3Dstructure\afdb_correct_to_wrong_2500_structures\Q47N13.pdb,https://alphafold.ebi.ac.uk/files/AF-Q47N13-F1-model_v6.pdb,6,Q47N13_THEFY,CHAT domain-containing protein,Thermobifida fusca (strain YX),False,85.62,
2b99726e79459842b5a8832c2a29507b MCSG-APC83998 A-0,A0A0Y6NUD0,100.0,100.0,0.0,605.0,Q1_near_exact,True,downloaded,3Dstructure\afdb_correct_to_wrong_2500_structures\A0A0Y6NUD0.pdb,https://alphafold.ebi.ac.uk/files/AF-A0A0Y6NUD0-F1-model_v6.pdb,6,A0A0Y6NUD0_NEIME,Hemagglutinin,Neisseria meningitidis,False,57.97,
d98e6e4689d14b66bbf0eab6adb15a59 SGPP-Tcru000310AAA A-0,Q4CM34,100.0,98.4126984126984,0.0,507.0,Q1_near_exact,False,downloaded,3Dstructure\afdb_correct_to_wrong_2500_structures\Q4CM34.pdb,https://alphafold.ebi.ac.uk/files/AF-Q4CM34-F1-model_v6.pdb,6,Q4CM34_TRYCC,Uncharacterized protein,Trypanosoma cruzi (strain CL Brener),False,52.03,
c94706ad3c2252abe289c02ccb198eef MCSG-APC109373 A-0,K4NYK2,100.0,100.0,0.0,967.0,Q1_near_exact,True,downloaded,3Dstructure\afdb_correct_to_wrong_2500_structures\K4NYK2.pdb,https://alphafold.ebi.ac.uk/files/AF-K4NYK2-F1-model_v6.pdb,6,K4NYK2_9PSEU,Enoyl reductase,Streptoalloteichus sp. ATCC 53650,False,83.25,
55a74e79f77766fda9058895f7f7077b JCSG-360728 A-0,A0A0H3M4H1,100.0,100.0,4.03e-129,369.0,Q1_near_exact,True,downloaded,3Dstructure\afdb_correct_to_wrong_2500_structures\A0A0H3M4H1.pdb,https://alphafold.ebi.ac.uk/files/AF-A0A0H3M4H1-F1-model_v6.pdb,6,A0A0H3M4H1_BARHE,Integral membrane protein,Bartonella henselae (strain ATCC 49882 / DSM 28221 / CCUG 30454 / Houston 1),False,77.88,
1848ad3577d87b10524ffd365c295279 SGPP-Tcru006467AAA A-0,A0A2V2WGM0,100.0,100.0,8.76e-122,349.0,Q1_near_exact,True,downloaded,3Dstructure\afdb_correct_to_wrong_2500_structures\A0A2V2WGM0.pdb,https://alphafold.ebi.ac.uk/files/AF-A0A2V2WGM0-F1-model_v6.pdb,6,A0A2V2WGM0_TRYCR,Zinc finger LSD1-type domain-containing protein,Trypanosoma cruzi,False,63.75,
a552bc0903a7e225f246213d3477baf5 JCSG-416864 A-1,A7B0U3,100.0,100.0,2.88e-60,189.0,Q1_near_exact,True,downloaded,3Dstructure\afdb_correct_to_wrong_2500_structures\A7B0U3.pdb,https://alphafold.ebi.ac.uk/files/AF-A7B0U3-F1-model_v6.pdb,6,A7B0U3_MEDG7,YtxH domain-containing protein,Mediterraneibacter gnavus (strain ATCC 29149 / DSM 114966 / JCM 6515 / VPI C7-9),False,50.59,
eccbea547cdc2d573b5ef2c7b269e50c JCSG-354415 A-0,Q97K57,100.0,100.0,0.0,717.0,Q1_near_exact,True,downloaded,3Dstructure\afdb_correct_to_wrong_2500_structures\Q97K57.pdb,https://alphafold.ebi.ac.uk/files/AF-Q97K57-F1-model_v6.pdb,6,Q97K57_CLOAB,TPR-repeat-containing protein,Clostridium acetobutylicum (strain ATCC 824 / DSM 792 / JCM 1419 / IAM 19013 / LMG 5710 / NBRC 13948 / NRRL B-527 / VKM B-1787 / 2291 / W),False,90.38,
afb207a6af7f4624a2c2b21359ba641b SSGCID-RibeA.17832.b A-0,A0A0F3QC42,100.0,99.30555555555556,8.91e-97,291.0,Q1_near_exact,False,downloaded,3Dstructure\afdb_correct_to_wrong_2500_structures\A0A0F3QC42.pdb,https://alphafold.ebi.ac.uk/files/AF-A0A0F3QC42-F1-model_v6.pdb,6,A0A0F3QC42_RICBE,Outer membrane autotransporter barrel domain protein,Rickettsia bellii str. RML An4,False,86.81,
d712bcff6a8d1d5014c0598b845ebcce MCSG-APC35830 A-0,A0ABM5MJX5,98.925,100.0,0.0,566.0,Q1_near_exact,False,no_afdb_model,3Dstructure\afdb_correct_to_wrong_2500_structures\A0ABM5MJX5.pdb,,,,,,,,AFDB API returned HTTP 404
51dfa93a78f56ca9f4e5d300e81f5b74 SECSG-Pfu-1490333-001 A-0,A0A5C0XR49,100.0,93.07692307692308,3.81e-81,243.0,Q2_high_confidence,False,downloaded,3Dstructure\afdb_correct_to_wrong_2500_structures\A0A5C0XR49.pdb,https://alphafold.ebi.ac.uk/files/AF-A0A5C0XR49-F1-model_v6.pdb,6,A0A5C0XR49_PYRFU,CopY family transcriptional regulator,Pyrococcus furiosus (strain ATCC 43587 / DSM 3638 / JCM 8422 / Vc1),False,90.94,
46a523ed17dbc8d8d513286adc1d6981 SGPP-Pfal005504AAA A-0,A0A2I0BQY9,100.0,100.0,0.0,2219.0,Q1_near_exact,True,downloaded,3Dstructure\afdb_correct_to_wrong_2500_structures\A0A2I0BQY9.pdb,https://alphafold.ebi.ac.uk/files/AF-A0A2I0BQY9-F1-model_v6.pdb,6,A0A2I0BQY9_PLAFO,PRE-binding protein,Plasmodium falciparum (isolate NF54),False,62.19,
e2ced813ade0ebcfbfd155c843791e7a 1OW4_1 A-1,Q8MTC1,100.0,91.47286821705426,1.98e-82,247.0,Q2_high_confidence,False,downloaded,3Dstructure\afdb_correct_to_wrong_2500_structures\Q8MTC1.pdb,https://alphafold.ebi.ac.uk/files/AF-Q8MTC1-F1-model_v6.pdb,6,Q8MTC1_RHYMA,Pheromone binding protein,Rhyparobia maderae,False,89.44,
d7ecf8300cbfdbe14dd4f772076526e5 NESG-MsR151 A-0,A0A653FD65,100.0,100.0,0.0,669.0,Q1_near_exact,True,downloaded,3Dstructure\afdb_correct_to_wrong_2500_structures\A0A653FD65.pdb,https://alphafold.ebi.ac.uk/files/AF-A0A653FD65-F1-model_v6.pdb,6,A0A653FD65_MYCSM,Polyketide cyclase / dehydrase and lipid transport,Mycolicibacterium smegmatis,False,92.5,
92444d22a9abc391f3383e247670a2ed SECSG-Pfu-240581-001 A-0,Q8U465,100.0,87.32394366197182,2.13e-36,125.0,Q2_high_confidence,False,downloaded,3Dstructure\afdb_correct_to_wrong_2500_structures\Q8U465.pdb,https://alphafold.ebi.ac.uk/files/AF-Q8U465-F1-model_v6.pdb,6,Q8U465_PYRFU,Uncharacterized protein,Pyrococcus furiosus (strain ATCC 43587 / DSM 3638 / JCM 8422 / Vc1),False,59.97,
56ac685ea016bf0b1eb0034e8b8715f7 SSGCID-EnhiA.18446.a A-0,A0A5K1UHF3,99.733,100.0,0.0,739.0,Q1_near_exact,False,downloaded,3Dstructure\afdb_correct_to_wrong_2500_structures\A0A5K1UHF3.pdb,https://alphafold.ebi.ac.uk/files/AF-A0A5K1UHF3-F1-model_v6.pdb,6,A0A5K1UHF3_ENTHI,Uncharacterized protein,Entamoeba histolytica,False,36.47,
d6e8a927825637459b2a85ff2c791c34 MCSG-APC21369.1 A-0,A0A2N5NIA8,100.0,89.14728682170544,8.54e-77,242.0,Q2_high_confidence,False,downloaded,3Dstructure\afdb_correct_to_wrong_2500_structures\A0A2N5NIA8.pdb,https://alphafold.ebi.ac.uk/files/AF-A0A2N5NIA8-F1-model_v6.pdb,6,A0A2N5NIA8_MEDGN,Extracellular solute-binding protein,Mediterraneibacter gnavus,False,90.75,
8389a66877fb9c1ceaa215bee695ef80 NESG-FR531 A-0,Q9VPV1,98.938,100.0,0.0,4062.0,Q1_near_exact,False,downloaded,3Dstructure\afdb_correct_to_wrong_2500_structures\Q9VPV1.pdb,https://alphafold.ebi.ac.uk/files/AF-Q9VPV1-F1-model_v6.pdb,6,Q9VPV1_DROME,"Uncharacterized protein, isoform B",Drosophila melanogaster,False,58.31,
50f530bc57df6cc6cb8a4b4e21832ee3 SECSG-Y39A1A.5B A-0,Q9XX20,100.0,100.0,2.14e-84,251.0,Q1_near_exact,True,downloaded,3Dstructure\afdb_correct_to_wrong_2500_structures\Q9XX20.pdb,https://alphafold.ebi.ac.uk/files/AF-Q9XX20-F1-model_v6.pdb,6,Q9XX20_CAEEL,Secreted protein,Caenorhabditis elegans,False,60.19,
b0de057c636810f747b5a4fbc4ac3a97 SECSG-Pfu-39689-001 A-0,I6U8U7,98.246,87.6923076923077,5.29e-22,89.0,Q2_high_confidence,False,downloaded,3Dstructure\afdb_correct_to_wrong_2500_structures\I6U8U7.pdb,https://alphafold.ebi.ac.uk/files/AF-I6U8U7-F1-model_v6.pdb,6,I6U8U7_9EURY,Uncharacterized protein,Pyrococcus furiosus COM1,False,56.72,
fcf4ff8f0b35839659a41874147acb31 JCSG-385491 A-1,A0Q2K4,100.0,100.0,0.0,580.0,Q1_near_exact,True,downloaded,3Dstructure\afdb_correct_to_wrong_2500_structures\A0Q2K4.pdb,https://alphafold.ebi.ac.uk/files/AF-A0Q2K4-F1-model_v6.pdb,6,A0Q2K4_CLONN,VCBS repeat-containing protein,Clostridium novyi (strain NT),False,88.06,
0a1f71293106cdb894476501596bc18a JCSG-421553 A-1,A5Z8M8,100.0,100.0,0.0,1427.0,Q1_near_exact,True,downloaded,3Dstructure\afdb_correct_to_wrong_2500_structures\A5Z8M8.pdb,https://alphafold.ebi.ac.uk/files/AF-A5Z8M8-F1-model_v6.pdb,6,A5Z8M8_9FIRM,LPXTG-motif cell wall anchor domain protein,Eubacterium ventriosum ATCC 27560,False,75.62,
6ee67ef224f19466ca548d6e8f5f7920 MCSG-APC103435 A-0,C6VY73,100.0,100.0,0.0,766.0,Q1_near_exact,True,downloaded,3Dstructure\afdb_correct_to_wrong_2500_structures\C6VY73.pdb,https://alphafold.ebi.ac.uk/files/AF-C6VY73-F1-model_v6.pdb,6,C6VY73_DYAFD,VWFA domain-containing protein,Dyadobacter fermentans (strain ATCC 700827 / DSM 18053 / CIP 107007 / KCTC 52180 / NS114),False,82.44,
3e56fc225e94002d9a7594e54e87b666 4JCV_2 A-1,Q9RW50,99.59,92.0754716981132,9.46e-176,493.0,Q2_high_confidence,False,downloaded,3Dstructure\afdb_correct_to_wrong_2500_structures\Q9RW50.pdb,https://alphafold.ebi.ac.uk/files/AF-Q9RW50-F1-model_v6.pdb,6,Q9RW50_DEIRA,DNA repair protein RecO,Deinococcus radiodurans (strain ATCC 13939 / DSM 20539 / JCM 16871 / CCUG 27074 / LMG 4051 / NBRC 15346 / NCIMB 9279 / VKM B-1422 / R1),False,90.06,
1fe3d87f02417fb29f48a151c64b7532 NYSGRC-004168 A-0,V6TRK3,100.0,100.0,4.29e-180,503.0,Q1_near_exact,True,downloaded,3Dstructure\afdb_correct_to_wrong_2500_structures\V6TRK3.pdb,https://alphafold.ebi.ac.uk/files/AF-V6TRK3-F1-model_v6.pdb,6,V6TRK3_GIAIN,Sorting nexin-3,Giardia intestinalis,False,77.5,
9ffd4510720cfd1d2a17975519702c83 MCSG-APC102538 A-0,A0A1E7PHV2,100.0,100.0,3.24e-14,67.4,Q1_near_exact,True,downloaded,3Dstructure\afdb_correct_to_wrong_2500_structures\A0A1E7PHV2.pdb,https://alphafold.ebi.ac.uk/files/AF-A0A1E7PHV2-F1-model_v6.pdb,6,A0A1E7PHV2_CAMJU,Uncharacterized protein,Campylobacter jejuni,False,89.06,
1ac0a6d381f98488e57b244870403693 SSGCID-NegoA.19194.a A-0,A0AA44UAC5,99.123,100.0,3.26e-73,222.0,Q1_near_exact,False,downloaded,3Dstructure\afdb_correct_to_wrong_2500_structures\A0AA44UAC5.pdb,https://alphafold.ebi.ac.uk/files/AF-A0AA44UAC5-F1-model_v6.pdb,6,A0AA44UAC5_NEIGO,Uncharacterized protein,Neisseria gonorrhoeae 3502,False,41.06,
fc5ed0acd326c50851ce09977f117490 SECSG-858 A-1,A0A6D2WNC1,99.355,98.47522236340534,0.0,1525.0,Q1_near_exact,False,no_afdb_model,3Dstructure\afdb_correct_to_wrong_2500_structures\A0A6D2WNC1.pdb,,,,,,,,AFDB API returned HTTP 404
9e5f69592aae6a0aa799702845296484 MCSG-APC22419 A-0,O67208,99.738,100.0,0.0,746.0,Q1_near_exact,False,downloaded,3Dstructure\afdb_correct_to_wrong_2500_structures\O67208.pdb,https://alphafold.ebi.ac.uk/files/AF-O67208-F1-model_v6.pdb,6,O67208_AQUAE,TolC family protein,Aquifex aeolicus (strain VF5),False,91.56,
9c6a5ae54aa204fd367f93da18d81e1f MCSG-APC104059 A-0,A0A1Z4KTW7,100.0,100.0,0.0,1632.0,Q1_near_exact,True,downloaded,3Dstructure\afdb_correct_to_wrong_2500_structures\A0A1Z4KTW7.pdb,https://alphafold.ebi.ac.uk/files/AF-A0A1Z4KTW7-F1-model_v6.pdb,6,A0A1Z4KTW7_ANAVA,Cas10/Cmr2 second palm domain-containing protein,Trichormus variabilis NIES-23,False,81.31,
9eccaeb53116a1102393a5c4d9fb8b60 SSGCID-EnhiA.17839.a A-0,A0A5K1UEF0,100.0,97.89644012944983,0.0,1135.0,Q1_near_exact,False,downloaded,3Dstructure\afdb_correct_to_wrong_2500_structures\A0A5K1UEF0.pdb,https://alphafold.ebi.ac.uk/files/AF-A0A5K1UEF0-F1-model_v6.pdb,6,A0A5K1UEF0_ENTHI,Hyaluronan mediated motility receptor,Entamoeba histolytica,False,72.75,
b9a8c44ca6e0f06b5ef0ecca45c607b7 6IXP_2 A-1,H0GYC2,100.0,84.61538461538461,5.26e-13,70.5,Q2_high_confidence,False,downloaded,3Dstructure\afdb_correct_to_wrong_2500_structures\H0GYC2.pdb,https://alphafold.ebi.ac.uk/files/AF-H0GYC2-F1-model_v6.pdb,6,H0GYC2_SACCK,Mmr1p,Saccharomyces cerevisiae x Saccharomyces kudriavzevii (strain VIN7),False,53.56,
c987b5d137de2c747477fdc51d584a7b 4TR3_1 A-1,A0A9J7HVL1,96.757,96.8586387434555,2.93e-130,377.0,Q1_near_exact,False,no_afdb_model,3Dstructure\afdb_correct_to_wrong_2500_structures\A0A9J7HVL1.pdb,,,,,,,,AFDB API returned HTTP 404
f578fd117004d9c779dff99b9c641902 6TCT_1 A-1,A0A0H3ADY0,100.0,100.0,1.36e-88,262.0,Q1_near_exact,True,downloaded,3Dstructure\afdb_correct_to_wrong_2500_structures\A0A0H3ADY0.pdb,https://alphafold.ebi.ac.uk/files/AF-A0A0H3ADY0-F1-model_v6.pdb,6,A0A0H3ADY0_VIBC3,Uncharacterized protein,Vibrio cholerae serotype O1 (strain ATCC 39541 / Classical Ogawa 395 / O395),False,95.12,
53320ee8902a5551ccc6ee4e5cfc9fe9 JCSG-379157 A-0,A9WH35,99.296,85.54216867469879,1.45e-98,289.0,Q2_high_confidence,False,downloaded,3Dstructure\afdb_correct_to_wrong_2500_structures\A9WH35.pdb,https://alphafold.ebi.ac.uk/files/AF-A9WH35-F1-model_v6.pdb,6,A9WH35_CHLAA,Pyridoxamine 5'-phosphate oxidase-related FMN-binding,Chloroflexus aurantiacus (strain ATCC 29366 / DSM 635 / J-10-fl),False,82.94,
f03f2b9fcc2b2251ea30833d92bf10da JCSG-354462 A-0,A0A1Z4KND2,100.0,100.0,0.0,1006.0,Q1_near_exact,True,downloaded,3Dstructure\afdb_correct_to_wrong_2500_structures\A0A1Z4KND2.pdb,https://alphafold.ebi.ac.uk/files/AF-A0A1Z4KND2-F1-model_v6.pdb,6,A0A1Z4KND2_ANAVA,DNA phosphorothioation system restriction enzyme,Trichormus variabilis NIES-23,False,83.0,
a9f2d1028145bb67a9d73d0681c26797 MCSG-APC23512 A-0,A0A0F6B3I5,100.0,100.0,0.0,615.0,Q1_near_exact,True,downloaded,3Dstructure\afdb_correct_to_wrong_2500_structures\A0A0F6B3I5.pdb,https://alphafold.ebi.ac.uk/files/AF-A0A0F6B3I5-F1-model_v6.pdb,6,A0A0F6B3I5_SALT1,Putative cytoplasmic protein,Salmonella typhimurium (strain 14028s / SGSC 2262),False,85.31,
754a4b456e5e5e4c79a3c50be7a2988c NYSGRC-033746 A-1,A0A2R9B4W9,99.883,100.0,0.0,1772.0,Q1_near_exact,False,downloaded,3Dstructure\afdb_correct_to_wrong_2500_structures\A0A2R9B4W9.pdb,https://alphafold.ebi.ac.uk/files/AF-A0A2R9B4W9-F1-model_v6.pdb,6,A0A2R9B4W9_PANPA,"RPA1 related single stranded DNA binding protein, X-linked",Pan paniscus,False,73.75,
4de1fdfe07d26cc56db9c6b82a65a47a TB-Rv1434 A-0,A0A0H3M4S9,100.0,100.0,2.49e-22,88.6,Q1_near_exact,True,downloaded,3Dstructure\afdb_correct_to_wrong_2500_structures\A0A0H3M4S9.pdb,https://alphafold.ebi.ac.uk/files/AF-A0A0H3M4S9-F1-model_v6.pdb,6,A0A0H3M4S9_MYCBP,Uncharacterized protein,Mycobacterium bovis (strain BCG / Pasteur 1173P2),False,70.06,
48d191db375f02ee7ca2563c943bc906 SSGCID-RifeA.01656.a A-0,A0A0F3MSF8,100.0,100.0,0.0,1077.0,Q1_near_exact,True,downloaded,3Dstructure\afdb_correct_to_wrong_2500_structures\A0A0F3MSF8.pdb,https://alphafold.ebi.ac.uk/files/AF-A0A0F3MSF8-F1-model_v6.pdb,6,A0A0F3MSF8_RICFI,Putative outer membrane protein A,Rickettsia felis str. Pedreira,False,82.25,
f47ba509573abcca6fcd7aaebfae6d5e SGPP-Lmaj01207AAA A-0,Q4QGA2,100.0,100.0,3.2e-141,404.0,Q1_near_exact,True,downloaded,3Dstructure\afdb_correct_to_wrong_2500_structures\Q4QGA2.pdb,https://alphafold.ebi.ac.uk/files/AF-Q4QGA2-F1-model_v6.pdb,6,Q4QGA2_LEIMA,Coiled-coil domain-containing protein,Leishmania major,False,73.94,
4f349686caae2ace4162a8bfe11832b1 MCSG-APC83934 A-0,Q9JS43,100.0,100.0,3.6e-167,469.0,Q1_near_exact,True,downloaded,3Dstructure\afdb_correct_to_wrong_2500_structures\Q9JS43.pdb,https://alphafold.ebi.ac.uk/files/AF-Q9JS43-F1-model_v6.pdb,6,Q9JS43_NEIMB,Uncharacterized protein,Neisseria meningitidis serogroup B (strain ATCC BAA-335 / MC58),False,27.25,
42db6ec1669ab33f3de423d7c7f67af9 MCSG-APC36092 A-0,Q5KZM6,100.0,100.0,2.4e-58,186.0,Q1_near_exact,True,downloaded,3Dstructure\afdb_correct_to_wrong_2500_structures\Q5KZM6.pdb,https://alphafold.ebi.ac.uk/files/AF-Q5KZM6-F1-model_v6.pdb,6,Q5KZM6_GEOKA,YodL-like family protein,Geobacillus kaustophilus (strain HTA426),False,61.28,
64fe897d9a94e4a06265c8d50c89536b MCSG-APC103014 A-0,C7M277,100.0,100.0,0.0,738.0,Q1_near_exact,True,downloaded,3Dstructure\afdb_correct_to_wrong_2500_structures\C7M277.pdb,https://alphafold.ebi.ac.uk/files/AF-C7M277-F1-model_v6.pdb,6,C7M277_ACIFD,Putative type IV secretory pathway VirD4 protein,Acidimicrobium ferrooxidans (strain DSM 10331 / JCM 15462 / NBRC 103882 / ICP),False,76.94,
789553879254abf9122bcdb1677dfea5 SECSG-R07B7.8 A-0,Q21799,100.0,100.0,0.0,724.0,Q1_near_exact,True,downloaded,3Dstructure\afdb_correct_to_wrong_2500_structures\Q21799.pdb,https://alphafold.ebi.ac.uk/files/AF-Q21799-F1-model_v6.pdb,6,Q21799_CAEEL,Lipase_GDSL domain-containing protein,Caenorhabditis elegans,False,87.19,
2ee9a657c4681aa4bca20993d28032ed SECSG-Pfu-1499439-001 A-0,Q8U0I1,100.0,93.66197183098592,1.23e-91,270.0,Q2_high_confidence,False,downloaded,3Dstructure\afdb_correct_to_wrong_2500_structures\Q8U0I1.pdb,https://alphafold.ebi.ac.uk/files/AF-Q8U0I1-F1-model_v6.pdb,6,Q8U0I1_PYRFU,DUF2095 domain-containing protein,Pyrococcus furiosus (strain ATCC 43587 / DSM 3638 / JCM 8422 / Vc1),False,74.69,
5bc06faed68c611be9f299d10955edfd MCSG-APC84032 A-0,A0A0Y6CQ45,100.0,100.0,0.0,697.0,Q1_near_exact,True,downloaded,3Dstructure\afdb_correct_to_wrong_2500_structures\A0A0Y6CQ45.pdb,https://alphafold.ebi.ac.uk/files/AF-A0A0Y6CQ45-F1-model_v6.pdb,6,A0A0Y6CQ45_NEIME,Hemagglutinin,Neisseria meningitidis,False,88.38,
16c24d50685bc0d512ee21d41cdff123 SSGCID-HepyC.19485.a A-0,A0A377IF43,100.0,100.0,2.31e-48,156.0,Q1_near_exact,True,downloaded,3Dstructure\afdb_correct_to_wrong_2500_structures\A0A377IF43.pdb,https://alphafold.ebi.ac.uk/files/AF-A0A377IF43-F1-model_v6.pdb,6,A0A377IF43_HELPX,Nucleic acid binding transriptional terminator,Helicobacter pylori,False,84.44,
2099d73b8dfb2891d2f7e499fe70be8d MCSG-APC83840 A-0,Q9JYK9,100.0,100.0,1.96e-108,315.0,Q1_near_exact,True,downloaded,3Dstructure\afdb_correct_to_wrong_2500_structures\Q9JYK9.pdb,https://alphafold.ebi.ac.uk/files/AF-Q9JYK9-F1-model_v6.pdb,6,Q9JYK9_NEIMB,Uncharacterized protein,Neisseria meningitidis serogroup B (strain ATCC BAA-335 / MC58),False,32.34,
2ee963b23250abf146c65a1c3bdbdee2 MCSG-APC23887 A-0,A0A0D6IIP9,100.0,100.0,4.02e-106,308.0,Q1_near_exact,True,downloaded,3Dstructure\afdb_correct_to_wrong_2500_structures\A0A0D6IIP9.pdb,https://alphafold.ebi.ac.uk/files/AF-A0A0D6IIP9-F1-model_v6.pdb,6,A0A0D6IIP9_SALTM,Membrane protein,Salmonella typhimurium,False,49.69,
4a3a6aef487e005fddfe2f52fad4ea6f SSGCID-PsaeA.18875.a A-0,A0A659BMY8,100.0,100.0,5.99e-157,443.0,Q1_near_exact,True,downloaded,3Dstructure\afdb_correct_to_wrong_2500_structures\A0A659BMY8.pdb,https://alphafold.ebi.ac.uk/files/AF-A0A659BMY8-F1-model_v6.pdb,6,A0A659BMY8_PSEAI,Protein TonB,Pseudomonas aeruginosa,False,73.5,
3d34938e7ecfe9a5c49c29c9c0469ad8 NYSGRC-024588 A-0,A0A2P7MZE5,89.18,90.23668639053254,0.0,516.0,Q2_high_confidence,False,downloaded,3Dstructure\afdb_correct_to_wrong_2500_structures\A0A2P7MZE5.pdb,https://alphafold.ebi.ac.uk/files/AF-A0A2P7MZE5-F1-model_v6.pdb,6,A0A2P7MZE5_9CYAN,Topoisomerase,Cyanobium usitatum str. Tous,False,75.88,
c14c9607f622f81643efa698b48449dc 6L81_1 A-1,A8K1E4,100.0,95.96774193548387,4.36e-75,250.0,Q1_near_exact,False,downloaded,3Dstructure\afdb_correct_to_wrong_2500_structures\A8K1E4.pdb,https://alphafold.ebi.ac.uk/files/AF-A8K1E4-F1-model_v6.pdb,6,A8K1E4_HUMAN,Gamma-tubulin complex component,Homo sapiens,False,66.5,
38fe7d66701c2b1489592172da231dee JCSG-419120 A-1,A0AAX3QYC2,100.0,100.0,4.58e-91,269.0,Q1_near_exact,True,downloaded,3Dstructure\afdb_correct_to_wrong_2500_structures\A0AAX3QYC2.pdb,https://alphafold.ebi.ac.uk/files/AF-A0AAX3QYC2-F1-model_v6.pdb,6,A0AAX3QYC2_9BACT,Uncharacterized protein,Parabacteroides distasonis,False,48.94,
f9657c6aea39f3184277a4d6de6f19a2 MCSG-APC23803 A-0,A0A0H3JR69,100.0,100.0,3.93e-63,196.0,Q1_near_exact,True,downloaded,3Dstructure\afdb_correct_to_wrong_2500_structures\A0A0H3JR69.pdb,https://alphafold.ebi.ac.uk/files/AF-A0A0H3JR69-F1-model_v6.pdb,6,A0A0H3JR69_STAAM,Uncharacterized protein,Staphylococcus aureus (strain Mu50 / ATCC 700699),False,94.81,
344b4ac77e57375e153587bd1c1a83ba JCSG-420307 A-1,Q8DRV4,100.0,100.0,5.47e-37,127.0,Q1_near_exact,True,downloaded,3Dstructure\afdb_correct_to_wrong_2500_structures\Q8DRV4.pdb,https://alphafold.ebi.ac.uk/files/AF-Q8DRV4-F1-model_v6.pdb,6,Q8DRV4_STRMU,Uncharacterized protein,Streptococcus mutans serotype c (strain ATCC 700610 / UA159),False,51.81,
cd30307038893c697b793d3381731277 SSGCID-EbreA.17249.a A-1,A0A1I9VT59,100.0,96.91119691119691,0.0,514.0,Q1_near_exact,False,no_afdb_model,3Dstructure\afdb_correct_to_wrong_2500_structures\A0A1I9VT59.pdb,,,,,,,,AFDB API returned HTTP 404
0dffa5ac513b7617529bd13a2298b8df NYSGRC-023389 A-0,A0A222IF07,100.0,100.0,4.35e-36,124.0,Q1_near_exact,True,downloaded,3Dstructure\afdb_correct_to_wrong_2500_structures\A0A222IF07.pdb,https://alphafold.ebi.ac.uk/files/AF-A0A222IF07-F1-model_v6.pdb,6,A0A222IF07_RHIML,Uncharacterized protein,Rhizobium meliloti,False,51.34,
05058973351454f46866a2e01467668f JCSG-360709 A-0,H7C642,100.0,100.0,1.89e-61,191.0,Q1_near_exact,True,downloaded,3Dstructure\afdb_correct_to_wrong_2500_structures\H7C642.pdb,https://alphafold.ebi.ac.uk/files/AF-H7C642-F1-model_v6.pdb,6,H7C642_BORBG,Uncharacterized protein,Borreliella burgdorferi,False,85.31,
878c91a9e17e4cfbcd1356431cd37ea4 MCSG-APC103483 A-0,D0LRC6,100.0,100.0,0.0,807.0,Q1_near_exact,True,downloaded,3Dstructure\afdb_correct_to_wrong_2500_structures\D0LRC6.pdb,https://alphafold.ebi.ac.uk/files/AF-D0LRC6-F1-model_v6.pdb,6,D0LRC6_HALO1,Peptidase M10A and M12B matrixin and adamalysin,Haliangium ochraceum (strain DSM 14365 / JCM 11303 / SMP-2),False,85.12,
1d1194c3f01224fd8c3953c1a98f1077 SGPP-Tbru019432AAA A-0,Q4FKV6,100.0,98.27586206896551,1.2e-169,475.0,Q1_near_exact,False,downloaded,3Dstructure\afdb_correct_to_wrong_2500_structures\Q4FKV6.pdb,https://alphafold.ebi.ac.uk/files/AF-Q4FKV6-F1-model_v6.pdb,6,Q4FKV6_TRYB2,Uncharacterized protein,Trypanosoma brucei brucei (strain 927/4 GUTat10.1),False,33.66,
bc81800a6e3ad3d7faa9feb23142bb0c JCSG-370121 A-0,A0A0H3C839,100.0,100.0,2.05e-175,491.0,Q1_near_exact,True,downloaded,3Dstructure\afdb_correct_to_wrong_2500_structures\A0A0H3C839.pdb,https://alphafold.ebi.ac.uk/files/AF-A0A0H3C839-F1-model_v6.pdb,6,A0A0H3C839_CAUVN,3-oxoacyl-ACP synthase,Caulobacter vibrioides (strain NA1000 / CB15N),False,90.0,
4a9a6efa966f5583b4401c1821dab9a4 SSGCID-PlfaA.17237.a A-1,A0A024V6S3,96.714,98.61111111111111,1.89e-144,411.0,Q1_near_exact,False,downloaded,3Dstructure\afdb_correct_to_wrong_2500_structures\A0A024V6S3.pdb,https://alphafold.ebi.ac.uk/files/AF-A0A024V6S3-F1-model_v6.pdb,6,A0A024V6S3_PLAFA,Plasmodium RESA N-terminal domain-containing protein,Plasmodium falciparum Vietnam Oak-Knoll (FVO),False,59.19,
e59da144e21082b1856f7ed48a4580e6 JCSG-598 A-0,A0AAE9IXX4,95.588,91.8918918918919,8.45e-37,137.0,Q2_high_confidence,False,downloaded,3Dstructure\afdb_correct_to_wrong_2500_structures\A0AAE9IXX4.pdb,https://alphafold.ebi.ac.uk/files/AF-A0AAE9IXX4-F1-model_v6.pdb,6,A0AAE9IXX4_CAEBR,Innexin,Caenorhabditis briggsae,False,81.75,
2ba7e544a6a68405e0ffe50328497ace SSGCID-PlbeA.18546.a A-0,A0A0Y9X199,100.0,100.0,2.03e-108,332.0,Q1_near_exact,True,downloaded,3Dstructure\afdb_correct_to_wrong_2500_structures\A0A0Y9X199.pdb,https://alphafold.ebi.ac.uk/files/AF-A0A0Y9X199-F1-model_v6.pdb,6,A0A0Y9X199_PLABE,"Erythrocyte vesicle protein 1, putative",Plasmodium berghei,False,41.97,
1aad6549fbe91da43e041b213c4428ca SECSG-T06D8.1 A-0,A0A5S9MRP0,100.0,100.0,0.0,3431.0,Q1_near_exact,True,no_afdb_model,3Dstructure\afdb_correct_to_wrong_2500_structures\A0A5S9MRP0.pdb,,,,,,,,AFDB API returned HTTP 404
9c3b81c6265dd18b5d0da8974cbb36b9 MCSG-APC83870 A-0,Q9JZC4,100.0,100.0,4.64e-120,345.0,Q1_near_exact,True,downloaded,3Dstructure\afdb_correct_to_wrong_2500_structures\Q9JZC4.pdb,https://alphafold.ebi.ac.uk/files/AF-Q9JZC4-F1-model_v6.pdb,6,Q9JZC4_NEIMB,Phage associated protein,Neisseria meningitidis serogroup B (strain ATCC BAA-335 / MC58),False,55.66,
4cdfeda3b769391593ec9b22cab440b8 SGPP-Pfal006563AAA A-0,A0A5K1K8Z4,100.0,100.0,0.0,1033.0,Q1_near_exact,True,downloaded,3Dstructure\afdb_correct_to_wrong_2500_structures\A0A5K1K8Z4.pdb,https://alphafold.ebi.ac.uk/files/AF-A0A5K1K8Z4-F1-model_v6.pdb,6,A0A5K1K8Z4_PLAF7,"AP2 domain transcription factor AP2-O4, putative",Plasmodium falciparum (isolate 3D7),False,53.25,
67ef68835711f30001d351fa84031118 SSGCID-PlbeA.18599.a A-0,A0A0Z0AUK9,98.795,100.0,1.29e-98,304.0,Q1_near_exact,False,downloaded,3Dstructure\afdb_correct_to_wrong_2500_structures\A0A0Z0AUK9.pdb,https://alphafold.ebi.ac.uk/files/AF-A0A0Z0AUK9-F1-model_v6.pdb,6,A0A0Z0AUK9_PLABE,serine--tRNA ligase,Plasmodium berghei,False,81.75,
a3a3b8b1a66212400f85b813bab5c5ed JCSG-360712 A-0,O50750,100.0,100.0,5.6e-166,466.0,Q1_near_exact,True,downloaded,3Dstructure\afdb_correct_to_wrong_2500_structures\O50750.pdb,https://alphafold.ebi.ac.uk/files/AF-O50750-F1-model_v6.pdb,6,O50750_BORBU,Uncharacterized protein,Borreliella burgdorferi (strain ATCC 35210 / DSM 4680 / CIP 102532 / B31),False,76.25,
da8441b70cd3f46784526fca8bc7a18f MCSG-APC103633 A-0,C8XD00,100.0,100.0,0.0,743.0,Q1_near_exact,True,downloaded,3Dstructure\afdb_correct_to_wrong_2500_structures\C8XD00.pdb,https://alphafold.ebi.ac.uk/files/AF-C8XD00-F1-model_v6.pdb,6,C8XD00_NAKMY,Putative acyl-CoA dehydrogenase-related protein,Nakamurella multipartita (strain ATCC 700099 / DSM 44233 / CIP 104796 / JCM 9543 / NBRC 105858 / Y-104),False,87.12,
947ce7cc0afed79064eea1686d0257d0 ISFI-ISFI1236 A-1,A0A045IB80,100.0,100.0,4.67e-147,416.0,Q1_near_exact,True,downloaded,3Dstructure\afdb_correct_to_wrong_2500_structures\A0A045IB80.pdb,https://alphafold.ebi.ac.uk/files/AF-A0A045IB80-F1-model_v6.pdb,6,A0A045IB80_MYCTX,RES domain protein,Mycobacterium tuberculosis,False,91.19,
3bb0863c60afe6ce3a0dc8e51be6c184 MCSG-APC84008 A-0,Q9K1M6,100.0,100.0,0.0,639.0,Q1_near_exact,True,downloaded,3Dstructure\afdb_correct_to_wrong_2500_structures\Q9K1M6.pdb,https://alphafold.ebi.ac.uk/files/AF-Q9K1M6-F1-model_v6.pdb,6,Q9K1M6_NEIMB,Uncharacterized protein,Neisseria meningitidis serogroup B (strain ATCC BAA-335 / MC58),False,81.69,
164fc1e4d2a7aa64efbf095eb7a25a37 NESG-HR3478G A-0,A0AB34H2Z3,100.0,100.0,7.24e-41,141.0,Q1_near_exact,True,downloaded,3Dstructure\afdb_correct_to_wrong_2500_structures\A0AB34H2Z3.pdb,https://alphafold.ebi.ac.uk/files/AF-A0AB34H2Z3-F1-model_v6.pdb,6,A0AB34H2Z3_ESCRO,BEACH-type PH domain-containing protein,Eschrichtius robustus,False,58.97,
ccd0b2278a9130c86916275676088679 SGPP-Lmaj003805AAA A-0,Q4Q864,99.653,99.31153184165233,0.0,1159.0,Q1_near_exact,False,downloaded,3Dstructure\afdb_correct_to_wrong_2500_structures\Q4Q864.pdb,https://alphafold.ebi.ac.uk/files/AF-Q4Q864-F1-model_v6.pdb,6,Q4Q864_LEIMA,Uncharacterized protein,Leishmania major,False,67.62,
02314124bc27586d90ae159549cef203 JCSG-360713 A-0,A0A7U3YBM0,100.0,97.89473684210527,1.13e-57,181.0,Q1_near_exact,False,downloaded,3Dstructure\afdb_correct_to_wrong_2500_structures\A0A7U3YBM0.pdb,https://alphafold.ebi.ac.uk/files/AF-A0A7U3YBM0-F1-model_v6.pdb,6,A0A7U3YBM0_BORBG,Putative plasmid partition protein,Borreliella burgdorferi 118a,False,70.12,
a67eb0d8e9d06d7b798af3904e1c4c19 TB-Rv1344 A-0,A0A045JVN3,100.0,100.0,2.12e-68,209.0,Q1_near_exact,True,downloaded,3Dstructure\afdb_correct_to_wrong_2500_structures\A0A045JVN3.pdb,https://alphafold.ebi.ac.uk/files/AF-A0A045JVN3-F1-model_v6.pdb,6,A0A045JVN3_MYCTX,ACP,Mycobacterium tuberculosis,False,69.25,
9aced6d944882ff971b4984630c76cb7 NYSGRC-009564 A-0,Q82PT7,100.0,100.0,1.02e-113,328.0,Q1_near_exact,True,downloaded,3Dstructure\afdb_correct_to_wrong_2500_structures\Q82PT7.pdb,https://alphafold.ebi.ac.uk/files/AF-Q82PT7-F1-model_v6.pdb,6,Q82PT7_STRAW,VOC domain-containing protein,Streptomyces avermitilis (strain ATCC 31267 / DSM 46492 / JCM 5070 / NBRC 14893 / NCIMB 12804 / NRRL 8165 / MA-4680),False,83.88,
796c22c2e1ec8d842793534714397f2f JCSG-465 A-0,Q9TZC7,100.0,100.0,6.77e-63,209.0,Q1_near_exact,True,downloaded,3Dstructure\afdb_correct_to_wrong_2500_structures\Q9TZC7.pdb,https://alphafold.ebi.ac.uk/files/AF-Q9TZC7-F1-model_v6.pdb,6,Q9TZC7_CAEEL,Membralin,Caenorhabditis elegans,False,69.06,
6e39d5f25822ccd4b25d2da41c84416c SGPP-Tcru008372AAA A-0,Q4DA44,100.0,98.5239852398524,0.0,552.0,Q1_near_exact,False,downloaded,3Dstructure\afdb_correct_to_wrong_2500_structures\Q4DA44.pdb,https://alphafold.ebi.ac.uk/files/AF-Q4DA44-F1-model_v6.pdb,6,Q4DA44_TRYCC,4-oxalocrotonate decarboxylase,Trypanosoma cruzi (strain CL Brener),False,91.5,
6d986469185b2c2ef2f5d04ccb507d19 SGPP-Lmaj006155AAA A-0,Q4Q0C1,100.0,99.28698752228165,0.0,1157.0,Q1_near_exact,False,downloaded,3Dstructure\afdb_correct_to_wrong_2500_structures\Q4Q0C1.pdb,https://alphafold.ebi.ac.uk/files/AF-Q4Q0C1-F1-model_v6.pdb,6,Q4Q0C1_LEIMA,Rab-GAP TBC domain-containing protein,Leishmania major,False,78.12,
5747e92dd513faeb415bcc9e6554e6e2 NESG-YR120 A-0,A0A6C1DUS2,100.0,100.0,0.0,1268.0,Q1_near_exact,True,downloaded,3Dstructure\afdb_correct_to_wrong_2500_structures\A0A6C1DUS2.pdb,https://alphafold.ebi.ac.uk/files/AF-A0A6C1DUS2-F1-model_v6.pdb,6,A0A6C1DUS2_SACPS,Phosphatidylinositol 4-kinase,Saccharomyces pastorianus,False,68.94,
1c0a86189ef348ea5da3807710ad7657 5ZT0_2 A-1,A0A2R9AP01,98.667,100.0,7.38e-44,152.0,Q1_near_exact,False,downloaded,3Dstructure\afdb_correct_to_wrong_2500_structures\A0A2R9AP01.pdb,https://alphafold.ebi.ac.uk/files/AF-A0A2R9AP01-F1-model_v6.pdb,6,A0A2R9AP01_PANPA,Protein phosphatase 1 regulatory subunit,Pan paniscus,False,68.12,
3a69337288a1cf85ad92403c023faef4 MCSG-APC40482 A-0,A0A0E2CZN8,100.0,100.0,0.0,520.0,Q1_near_exact,True,downloaded,3Dstructure\afdb_correct_to_wrong_2500_structures\A0A0E2CZN8.pdb,https://alphafold.ebi.ac.uk/files/AF-A0A0E2CZN8-F1-model_v6.pdb,6,A0A0E2CZN8_LEPIR,Ribosomal RNA small subunit methyltransferase E,Leptospira interrogans str. UI 12758,False,92.25,
ca4e53b41acae77477e89fb7be6fc66e SECSG-Pfu-1511908-001 A-0,A0A5C0XR82,100.0,96.05263157894737,3.63e-159,448.0,Q1_near_exact,False,downloaded,3Dstructure\afdb_correct_to_wrong_2500_structures\A0A5C0XR82.pdb,https://alphafold.ebi.ac.uk/files/AF-A0A5C0XR82-F1-model_v6.pdb,6,A0A5C0XR82_PYRFU,Uncharacterized protein,Pyrococcus furiosus (strain ATCC 43587 / DSM 3638 / JCM 8422 / Vc1),False,91.19,
87fb0bd1b97ef002cd1f84c1109c2f20 JCSG-376451 A-0,Q737R1,100.0,100.0,3.97e-87,258.0,Q1_near_exact,True,downloaded,3Dstructure\afdb_correct_to_wrong_2500_structures\Q737R1.pdb,https://alphafold.ebi.ac.uk/files/AF-Q737R1-F1-model_v6.pdb,6,Q737R1_BACC1,Methyltransferase domain-containing protein,Bacillus cereus (strain ATCC 10987 / NRS 248),False,72.38,
ac9dc33417446182c46b611536e756de SECSG-Pfu-159494-001 A-0,A0A5C0XMV9,100.0,96.6789667896679,0.0,509.0,Q1_near_exact,False,downloaded,3Dstructure\afdb_correct_to_wrong_2500_structures\A0A5C0XMV9.pdb,https://alphafold.ebi.ac.uk/files/AF-A0A5C0XMV9-F1-model_v6.pdb,6,A0A5C0XMV9_PYRFU,Uncharacterized protein,Pyrococcus furiosus (strain ATCC 43587 / DSM 3638 / JCM 8422 / Vc1),False,93.19,
c8451cb695488943cb8f1257cb66dab1 SSGCID-EnhiA.17850.a A-0,C4M266,100.0,98.5539488320356,0.0,1752.0,Q1_near_exact,False,downloaded,3Dstructure\afdb_correct_to_wrong_2500_structures\C4M266.pdb,https://alphafold.ebi.ac.uk/files/AF-C4M266-F1-model_v6.pdb,6,C4M266_ENTH1,Uncharacterized protein,Entamoeba histolytica (strain ATCC 30459 / HM-1:IMSS / ABRM),False,46.53,
96d7932741103dc80d46a7c6bda4e943 SSGCID-PlbeA.18592.a A-0,A0A113SHM4,100.0,100.0,8.32e-31,122.0,Q1_near_exact,True,downloaded,3Dstructure\afdb_correct_to_wrong_2500_structures\A0A113SHM4.pdb,https://alphafold.ebi.ac.uk/files/AF-A0A113SHM4-F1-model_v6.pdb,6,A0A113SHM4_PLABE,SSD domain-containing protein,Plasmodium berghei,False,56.22,
3ca728f4d924733947f898178fe7b368 JCSG-232643 A-0,G5EG54,100.0,100.0,5.2e-17,81.6,Q1_near_exact,True,downloaded,3Dstructure\afdb_correct_to_wrong_2500_structures\G5EG54.pdb,https://alphafold.ebi.ac.uk/files/AF-G5EG54-F1-model_v6.pdb,6,G5EG54_CAEEL,Choline/carnitine acyltransferase domain-containing protein,Caenorhabditis elegans,False,94.56,
fa3a2058f9952579c2f030842399e5e8 SECSG-R05H10.3 A-0,G5EDL4,100.0,100.0,0.0,1208.0,Q1_near_exact,True,downloaded,3Dstructure\afdb_correct_to_wrong_2500_structures\G5EDL4.pdb,https://alphafold.ebi.ac.uk/files/AF-G5EDL4-F1-model_v6.pdb,6,G5EDL4_CAEEL,Dot/Icm T4SS effector,Caenorhabditis elegans,False,87.62,
bc488bfbc76cdfb46c32b90875aa136a SECSG-T05E7.3 A-0,O01858,100.0,100.0,0.0,2048.0,Q1_near_exact,True,downloaded,3Dstructure\afdb_correct_to_wrong_2500_structures\O01858.pdb,https://alphafold.ebi.ac.uk/files/AF-O01858-F1-model_v6.pdb,6,O01858_CAEEL,WASH complex subunit strumpellin,Caenorhabditis elegans,False,84.31,
acdf14a08edbfb41850f8c28ca1c9e02 MCSG-APC27103 A-0,A0A0H3AEW7,100.0,100.0,2.79e-79,237.0,Q1_near_exact,True,downloaded,3Dstructure\afdb_correct_to_wrong_2500_structures\A0A0H3AEW7.pdb,https://alphafold.ebi.ac.uk/files/AF-A0A0H3AEW7-F1-model_v6.pdb,6,A0A0H3AEW7_VIBC3,DUF3081 domain-containing protein,Vibrio cholerae serotype O1 (strain ATCC 39541 / Classical Ogawa 395 / O395),False,69.75,
db329acef9fb6614006298302e559100 EFI-550264 A-0,C8XGE1,100.0,100.0,0.0,852.0,Q1_near_exact,True,downloaded,3Dstructure\afdb_correct_to_wrong_2500_structures\C8XGE1.pdb,https://alphafold.ebi.ac.uk/files/AF-C8XGE1-F1-model_v6.pdb,6,C8XGE1_NAKMY,Extracellular solute-binding protein family 1,Nakamurella multipartita (strain ATCC 700099 / DSM 44233 / CIP 104796 / JCM 9543 / NBRC 105858 / Y-104),False,93.5,
6a62b814674e4fab793e32ff578cc7f5 JCSG-376352 A-1,A0A6N4SRW3,100.0,94.04761904761905,4.34e-113,327.0,Q2_high_confidence,False,downloaded,3Dstructure\afdb_correct_to_wrong_2500_structures\A0A6N4SRW3.pdb,https://alphafold.ebi.ac.uk/files/AF-A0A6N4SRW3-F1-model_v6.pdb,6,A0A6N4SRW3_CYTH3,DinB-like domain-containing protein,Cytophaga hutchinsonii (strain ATCC 33406 / DSM 1761 / CIP 103989 / NBRC 15051 / NCIMB 9469 / D465),False,94.94,
76208ea5e1ee39073b2db5b95b5a7309 SGPP-Lmaj007035AAB A-0,Q4QHM1,100.0,98.68421052631578,0.0,603.0,Q1_near_exact,False,downloaded,3Dstructure\afdb_correct_to_wrong_2500_structures\Q4QHM1.pdb,https://alphafold.ebi.ac.uk/files/AF-Q4QHM1-F1-model_v6.pdb,6,Q4QHM1_LEIMA,Uncharacterized protein,Leishmania major,False,73.88,
bdb8efc6f2215dfa0581f813a82155e4 MCSG-APC25619 A-0,A0A0F6AW30,100.0,100.0,3.19e-135,384.0,Q1_near_exact,True,downloaded,3Dstructure\afdb_correct_to_wrong_2500_structures\A0A0F6AW30.pdb,https://alphafold.ebi.ac.uk/files/AF-A0A0F6AW30-F1-model_v6.pdb,6,A0A0F6AW30_SALT1,Putative outer membrane protein,Salmonella typhimurium (strain 14028s / SGSC 2262),False,81.81,
57727c214faeaa75d0f8df2727bf6e1e BSGI-Z5897_ECO57 A-0,A0A0H3JRX1,100.0,100.0,0.0,2310.0,Q1_near_exact,True,downloaded,3Dstructure\afdb_correct_to_wrong_2500_structures\A0A0H3JRX1.pdb,https://alphafold.ebi.ac.uk/files/AF-A0A0H3JRX1-F1-model_v6.pdb,6,A0A0H3JRX1_ECO57,Uncharacterized protein,Escherichia coli O157:H7,False,77.19,
56e2ecd6319614b96d873aa4eca9b475 SECSG-Pfu-256063-001 A-0,A0A5C0XMD4,100.0,100.0,0.0,619.0,Q1_near_exact,True,downloaded,3Dstructure\afdb_correct_to_wrong_2500_structures\A0A5C0XMD4.pdb,https://alphafold.ebi.ac.uk/files/AF-A0A5C0XMD4-F1-model_v6.pdb,6,A0A5C0XMD4_PYRFU,Lrp/AsnC family transcriptional regulator,Pyrococcus furiosus (strain ATCC 43587 / DSM 3638 / JCM 8422 / Vc1),False,90.56,
98ce76b056f2f2395eb6184fcc72c635 JCSG-383823 A-0,Q72A42,100.0,100.0,2.14e-94,278.0,Q1_near_exact,True,downloaded,3Dstructure\afdb_correct_to_wrong_2500_structures\Q72A42.pdb,https://alphafold.ebi.ac.uk/files/AF-Q72A42-F1-model_v6.pdb,6,Q72A42_NITV2,Lipoprotein,Nitratidesulfovibrio vulgaris (strain ATCC 29579 / DSM 644 / CCUG 34227 / NCIMB 8303 / VKM B-1760 / Hildenborough),False,71.94,
666d658f13ae0e13ee1b192eb9d0ac8d SECSG-T04C9.3 A-0,Q9GP92,100.0,100.0,3.37e-43,143.0,Q1_near_exact,True,downloaded,3Dstructure\afdb_correct_to_wrong_2500_structures\Q9GP92.pdb,https://alphafold.ebi.ac.uk/files/AF-Q9GP92-F1-model_v6.pdb,6,Q9GP92_CAEEL,Uncharacterized protein,Caenorhabditis elegans,False,82.75,
5b0290f4c5efbf74609b2742dda44c91 SSGCID-HepyC.19454.a A-0,B5Z8J5,100.0,100.0,1.26e-42,141.0,Q1_near_exact,True,downloaded,3Dstructure\afdb_correct_to_wrong_2500_structures\B5Z8J5.pdb,https://alphafold.ebi.ac.uk/files/AF-B5Z8J5-F1-model_v6.pdb,6,B5Z8J5_HELPG,Uncharacterized protein,Helicobacter pylori (strain G27),False,64.12,
4ab77381a70cd8516b39dece8913586c MCSG-APC102531 A-0,A0A2U0QR52,100.0,100.0,2.46e-95,280.0,Q1_near_exact,True,downloaded,3Dstructure\afdb_correct_to_wrong_2500_structures\A0A2U0QR52.pdb,https://alphafold.ebi.ac.uk/files/AF-A0A2U0QR52-F1-model_v6.pdb,6,A0A2U0QR52_CAMJU,Flagellar FliJ protein,Campylobacter jejuni,False,90.81,
b2b61831ca174baa7a3cd8adc73b249e BSGI-KILW_ECO57 A-0,A0A0P0ZD26,100.0,100.0,2.83e-59,185.0,Q1_near_exact,True,no_afdb_model,3Dstructure\afdb_correct_to_wrong_2500_structures\A0A0P0ZD26.pdb,,,,,,,,AFDB API returned HTTP 404
ce33a690fbbc0e1c947e2b655fe52570 MCSG-APC103797 A-0,D2QMC4,100.0,100.0,0.0,872.0,Q1_near_exact,True,downloaded,3Dstructure\afdb_correct_to_wrong_2500_structures\D2QMC4.pdb,https://alphafold.ebi.ac.uk/files/AF-D2QMC4-F1-model_v6.pdb,6,D2QMC4_SPILD,"Efflux transporter, RND family, MFP subunit",Spirosoma linguale (strain ATCC 33905 / DSM 74 / LMG 10896 / Claus 1),False,79.44,
670a27c05345172bdb4fe1aabe9d2947 SGPP-Tcru000264AAA A-0,A0A2V2X428,100.0,96.5986394557823,4.53e-99,300.0,Q1_near_exact,False,downloaded,3Dstructure\afdb_correct_to_wrong_2500_structures\A0A2V2X428.pdb,https://alphafold.ebi.ac.uk/files/AF-A0A2V2X428-F1-model_v6.pdb,6,A0A2V2X428_TRYCR,Uncharacterized protein,Trypanosoma cruzi,False,90.81,
10678075301093b8d66110e27c5edd65 MCSG-APC27111 A-0,A0A0H3AGD0,100.0,100.0,0.0,637.0,Q1_near_exact,True,downloaded,3Dstructure\afdb_correct_to_wrong_2500_structures\A0A0H3AGD0.pdb,https://alphafold.ebi.ac.uk/files/AF-A0A0H3AGD0-F1-model_v6.pdb,6,A0A0H3AGD0_VIBC3,Glycerol kinase,Vibrio cholerae serotype O1 (strain ATCC 39541 / Classical Ogawa 395 / O395),False,86.62,
797922eb2d119a53e694db3994303a35 SGPP-Tbru019708AAA A-0,Q38CK5,100.0,99.08883826879271,0.0,886.0,Q1_near_exact,False,downloaded,3Dstructure\afdb_correct_to_wrong_2500_structures\Q38CK5.pdb,https://alphafold.ebi.ac.uk/files/AF-Q38CK5-F1-model_v6.pdb,6,Q38CK5_TRYB2,26S proteasome non-ATPase regulatory subunit 5,Trypanosoma brucei brucei (strain 927/4 GUTat10.1),False,89.0,
934defdaf220503b05b5bd8c1e347224 SECSG-Pfu-1568986-001 A-0,A0A5C0XRT5,100.0,91.96428571428571,1.75e-63,197.0,Q2_high_confidence,False,downloaded,3Dstructure\afdb_correct_to_wrong_2500_structures\A0A5C0XRT5.pdb,https://alphafold.ebi.ac.uk/files/AF-A0A5C0XRT5-F1-model_v6.pdb,6,A0A5C0XRT5_PYRFU,Transcriptional regulator,Pyrococcus furiosus (strain ATCC 43587 / DSM 3638 / JCM 8422 / Vc1),False,88.88,
1e81748756f5453767c72da9734c8449 NESG-HR7040A A-1,H9FHK0,90.385,81.88976377952756,9.75e-57,199.0,Q2_high_confidence,False,downloaded,3Dstructure\afdb_correct_to_wrong_2500_structures\H9FHK0.pdb,https://alphafold.ebi.ac.uk/files/AF-H9FHK0-F1-model_v6.pdb,6,H9FHK0_MACMU,E1A-binding protein p400,Macaca mulatta,False,58.5,
bb3d897acb6545fbb6cd81ac4e331c00 EFI-513559 A-0,B0NLS2,100.0,100.0,1.18e-58,183.0,Q1_near_exact,True,downloaded,3Dstructure\afdb_correct_to_wrong_2500_structures\B0NLS2.pdb,https://alphafold.ebi.ac.uk/files/AF-B0NLS2-F1-model_v6.pdb,6,B0NLS2_BACSE,HTH araC/xylS-type domain-containing protein,Bacteroides stercoris ATCC 43183,False,84.31,
438c34cc5bc7525347183fb7f437697c NYSGRC-012355 A-1,A0A6P5P0W7,100.0,100.0,7.69e-111,328.0,Q1_near_exact,True,downloaded,3Dstructure\afdb_correct_to_wrong_2500_structures\A0A6P5P0W7.pdb,https://alphafold.ebi.ac.uk/files/AF-A0A6P5P0W7-F1-model_v6.pdb,6,A0A6P5P0W7_MUSCR,Syntaxin-5,Mus caroli,False,67.88,
d1fa57e3909c4ae010e6492bc456ca66 MCSG-APC109575 A-0,D8L2T8,100.0,100.0,3.03e-167,469.0,Q1_near_exact,True,downloaded,3Dstructure\afdb_correct_to_wrong_2500_structures\D8L2T8.pdb,https://alphafold.ebi.ac.uk/files/AF-D8L2T8-F1-model_v6.pdb,6,D8L2T8_STRPT,PtmU2,Streptomyces platensis,False,92.38,
5d5b5a1335cf64a3f917bb80984edc84 MCSG-APC22122 A-0,A0A077JJJ3,100.0,100.0,0.0,631.0,Q1_near_exact,True,downloaded,3Dstructure\afdb_correct_to_wrong_2500_structures\A0A077JJJ3.pdb,https://alphafold.ebi.ac.uk/files/AF-A0A077JJJ3-F1-model_v6.pdb,6,A0A077JJJ3_PSEAI,Uncharacterized protein,Pseudomonas aeruginosa,False,44.53,
869594649e7f5f8c6e1e90fb79af535b NESG-HR6771 A-1,A0A2R9CF37,99.635,98.2078853046595,0.0,560.0,Q1_near_exact,False,downloaded,3Dstructure\afdb_correct_to_wrong_2500_structures\A0A2R9CF37.pdb,https://alphafold.ebi.ac.uk/files/AF-A0A2R9CF37-F1-model_v6.pdb,6,A0A2R9CF37_PANPA,Mitochondrial fission factor,Pan paniscus,False,59.75,
04e41c2e273fe31b4cf7a2d1f8a926fd NYSGRC-010745 A-1,B4HEI5,100.0,100.0,2.28e-39,145.0,Q1_near_exact,True,downloaded,3Dstructure\afdb_correct_to_wrong_2500_structures\B4HEI5.pdb,https://alphafold.ebi.ac.uk/files/AF-B4HEI5-F1-model_v6.pdb,6,B4HEI5_DROSE,GM24186,Drosophila sechellia,False,86.06,
616a5a02f66cca80f6f80c0efc301878 SECSG-Pfu-1644264-001 A-0,A0A5C0XRH6,100.0,90.42553191489363,5.21e-56,177.0,Q2_high_confidence,False,downloaded,3Dstructure\afdb_correct_to_wrong_2500_structures\A0A5C0XRH6.pdb,https://alphafold.ebi.ac.uk/files/AF-A0A5C0XRH6-F1-model_v6.pdb,6,A0A5C0XRH6_PYRFU,Ferredoxin family protein,Pyrococcus furiosus (strain ATCC 43587 / DSM 3638 / JCM 8422 / Vc1),False,96.19,
0677d0544f85408faa7ebdcf71f837e4 4XZ6_1 A-1,A0A850LD20,100.0,92.33038348082596,0.0,631.0,Q2_high_confidence,False,downloaded,3Dstructure\afdb_correct_to_wrong_2500_structures\A0A850LD20.pdb,https://alphafold.ebi.ac.uk/files/AF-A0A850LD20-F1-model_v6.pdb,6,A0A850LD20_9RHOB,ABC transporter substrate-binding protein,Ruegeria pomeroyi,False,94.25,
5528983b601eea5492fff8436b410a06 JCSG-417782 A-1,A0A0N7IAU4,100.0,100.0,3.87e-36,124.0,Q1_near_exact,True,downloaded,3Dstructure\afdb_correct_to_wrong_2500_structures\A0A0N7IAU4.pdb,https://alphafold.ebi.ac.uk/files/AF-A0A0N7IAU4-F1-model_v6.pdb,6,A0A0N7IAU4_BACT4,Uncharacterized protein,Bacteroides thetaiotaomicron,False,55.97,
a9f156f01392b9ec00441b017129c2dd SGPP-Tbru014194AAA A-0,C9ZJU8,94.231,97.5,1.64e-99,292.0,Q2_high_confidence,False,downloaded,3Dstructure\afdb_correct_to_wrong_2500_structures\C9ZJU8.pdb,https://alphafold.ebi.ac.uk/files/AF-C9ZJU8-F1-model_v6.pdb,6,C9ZJU8_TRYB9,T. brucei spp.-specific protein,Trypanosoma brucei gambiense (strain MHOM/CI/86/DAL972),False,30.53,
74d04b1679c1800996a7a295293ebd8c SGPP-Lmaj007027AAB A-0,Q4QI81,100.0,99.0,0.0,818.0,Q1_near_exact,False,downloaded,3Dstructure\afdb_correct_to_wrong_2500_structures\Q4QI81.pdb,https://alphafold.ebi.ac.uk/files/AF-Q4QI81-F1-model_v6.pdb,6,Q4QI81_LEIMA,Uncharacterized protein,Leishmania major,False,70.44,
a7e420223b36bfff3115cf8fbb878e32 JCSG-360715 A-0,A0A7U3YBS6,100.0,100.0,2.69e-137,390.0,Q1_near_exact,True,downloaded,3Dstructure\afdb_correct_to_wrong_2500_structures\A0A7U3YBS6.pdb,https://alphafold.ebi.ac.uk/files/AF-A0A7U3YBS6-F1-model_v6.pdb,6,A0A7U3YBS6_BORBG,Uncharacterized protein,Borreliella burgdorferi 118a,False,70.56,
d0f1fc51b386523b08119274ec7a5d47 SSGCID-RicoA.17832.a A-0,Q92J12,98.889,98.9010989010989,6.05e-60,187.0,Q1_near_exact,False,downloaded,3Dstructure\afdb_correct_to_wrong_2500_structures\Q92J12.pdb,https://alphafold.ebi.ac.uk/files/AF-Q92J12-F1-model_v6.pdb,6,Q92J12_RICCN,Autotransporter domain-containing protein,Rickettsia conorii (strain ATCC VR-613 / Malish 7),False,76.69,
5d0207d4be77a8561d98667270d4cc88 JCSG-399567 A-0,Q2G6W7,100.0,100.0,4.42e-104,303.0,Q1_near_exact,True,downloaded,3Dstructure\afdb_correct_to_wrong_2500_structures\Q2G6W7.pdb,https://alphafold.ebi.ac.uk/files/AF-Q2G6W7-F1-model_v6.pdb,6,Q2G6W7_NOVAD,MOSC domain-containing protein,Novosphingobium aromaticivorans (strain ATCC 700278 / DSM 12444 / CCUG 56034 / CIP 105152 / NBRC 16084 / F199),False,94.88,
083038c00c0d70567ee173d1cebd2843 TB-Rv2083 A-0,A5U4B0,100.0,100.0,0.0,602.0,Q1_near_exact,True,downloaded,3Dstructure\afdb_correct_to_wrong_2500_structures\A5U4B0.pdb,https://alphafold.ebi.ac.uk/files/AF-A5U4B0-F1-model_v6.pdb,6,A5U4B0_MYCTA,PPE family protein,Mycobacterium tuberculosis (strain ATCC 25177 / H37Ra),False,55.97,
b9d3a3e38233c0f3663ee927b0639dc5 SGPP-Pfal006498AAA A-0,A0A0L7KIK3,100.0,100.0,1.92e-61,191.0,Q1_near_exact,True,downloaded,3Dstructure\afdb_correct_to_wrong_2500_structures\A0A0L7KIK3.pdb,https://alphafold.ebi.ac.uk/files/AF-A0A0L7KIK3-F1-model_v6.pdb,6,A0A0L7KIK3_PLAFX,Plasmodium RESA N-terminal domain-containing protein,Plasmodium falciparum (isolate HB3),False,55.81,
fa90d351b325beeb89654a7dbf53728b MCSG-APC102529 A-0,A0A2U0QQ91,100.0,100.0,0.0,566.0,Q1_near_exact,True,downloaded,3Dstructure\afdb_correct_to_wrong_2500_structures\A0A2U0QQ91.pdb,https://alphafold.ebi.ac.uk/files/AF-A0A2U0QQ91-F1-model_v6.pdb,6,A0A2U0QQ91_CAMJU,DUF3135 domain-containing protein,Campylobacter jejuni,False,65.62,
4d64451a5a2b3a260736e7f42394c09b JCSG-377579 A-0,F9UNM3,100.0,100.0,0.0,603.0,Q1_near_exact,True,downloaded,3Dstructure\afdb_correct_to_wrong_2500_structures\F9UNM3.pdb,https://alphafold.ebi.ac.uk/files/AF-F9UNM3-F1-model_v6.pdb,6,F9UNM3_LACPL,Uncharacterized protein,Lactiplantibacillus plantarum (strain ATCC BAA-793 / NCIMB 8826 / WCFS1),False,93.19,
350a45c2780f9e0de2918a36954cfbd1 SSGCID-RicoA.17583.b A-0,Q92J52,98.113,98.14814814814815,2.48e-29,107.0,Q1_near_exact,False,downloaded,3Dstructure\afdb_correct_to_wrong_2500_structures\Q92J52.pdb,https://alphafold.ebi.ac.uk/files/AF-Q92J52-F1-model_v6.pdb,6,Q92J52_RICCN,Prolyl endopeptidase-like protein,Rickettsia conorii (strain ATCC VR-613 / Malish 7),False,78.44,
3764ff5c7587fb4497c7c1316f264eb2 MCSG-APC114147 A-0,Q74Y57,100.0,100.0,1.26e-29,107.0,Q1_near_exact,True,downloaded,3Dstructure\afdb_correct_to_wrong_2500_structures\Q74Y57.pdb,https://alphafold.ebi.ac.uk/files/AF-Q74Y57-F1-model_v6.pdb,6,Q74Y57_YERPE,Uncharacterized protein,Yersinia pestis,False,45.06,
7a9888b8951fd09b49c929cb6356d8ed SSGCID-BaboA.18568.a A-0,A7AWR8,100.0,100.0,0.0,1313.0,Q1_near_exact,True,downloaded,3Dstructure\afdb_correct_to_wrong_2500_structures\A7AWR8.pdb,https://alphafold.ebi.ac.uk/files/AF-A7AWR8-F1-model_v6.pdb,6,A7AWR8_BABBO,"Membrane skeletal protein, putative",Babesia bovis,False,43.94,
4255485f9d145630e3d6b6a7c9ff0040 JCSG-370189 A-0,Q471F1,100.0,100.0,2.15e-166,467.0,Q1_near_exact,True,downloaded,3Dstructure\afdb_correct_to_wrong_2500_structures\Q471F1.pdb,https://alphafold.ebi.ac.uk/files/AF-Q471F1-F1-model_v6.pdb,6,Q471F1_CUPPJ,Iron-sulfur cluster-binding protein,Cupriavidus pinatubonensis (strain JMP 134 / LMG 1197),False,94.25,
45ada2d5e89c0d5cb0c90abc68033860 SECSG-T05B11.1 A-0,Q22212,100.0,100.0,0.0,686.0,Q1_near_exact,True,downloaded,3Dstructure\afdb_correct_to_wrong_2500_structures\Q22212.pdb,https://alphafold.ebi.ac.uk/files/AF-Q22212-F1-model_v6.pdb,6,Q22212_CAEEL,F-box domain-containing protein,Caenorhabditis elegans,False,82.81,
1fa33f0803d58ec9d7366db96f9f2d27 SSGCID-RicoA.01656.a A-0,Q92G62,100.0,100.0,0.0,1223.0,Q1_near_exact,True,downloaded,3Dstructure\afdb_correct_to_wrong_2500_structures\Q92G62.pdb,https://alphafold.ebi.ac.uk/files/AF-Q92G62-F1-model_v6.pdb,6,Q92G62_RICCN,Cell surface antigen-like protein,Rickettsia conorii (strain ATCC VR-613 / Malish 7),False,86.0,
a771fc7b7d6de1055b5978a658fa604d NESG-MsR137 A-1,A0A2U9PKU6,100.0,94.77124183006535,6.93e-100,292.0,Q2_high_confidence,False,downloaded,3Dstructure\afdb_correct_to_wrong_2500_structures\A0A2U9PKU6.pdb,https://alphafold.ebi.ac.uk/files/AF-A0A2U9PKU6-F1-model_v6.pdb,6,A0A2U9PKU6_MYCSE,Cyclase/dehydrase superfamily protein,Mycolicibacterium smegmatis (strain MKD8),False,87.81,
f302ad9fee34b6ac80f42c750548ee15 MCSG-APC83961 A-0,E6N054,100.0,100.0,0.0,523.0,Q1_near_exact,True,downloaded,3Dstructure\afdb_correct_to_wrong_2500_structures\E6N054.pdb,https://alphafold.ebi.ac.uk/files/AF-E6N054-F1-model_v6.pdb,6,E6N054_NEIMH,Uncharacterized protein,Neisseria meningitidis serogroup B / serotype 15 (strain H44/76),False,68.19,
2e357119d70e0d035da308b864311429 NESG-YR244 A-0,B3LIC8,100.0,100.0,0.0,3323.0,Q1_near_exact,True,no_afdb_model,3Dstructure\afdb_correct_to_wrong_2500_structures\B3LIC8.pdb,,,,,,,,AFDB API returned HTTP 404
1b681984c419afae591bf6c363fe29b6 6RM8_2 A-1,G0SFN3,100.0,93.61702127659575,3.44e-21,92.4,Q2_high_confidence,False,downloaded,3Dstructure\afdb_correct_to_wrong_2500_structures\G0SFN3.pdb,https://alphafold.ebi.ac.uk/files/AF-G0SFN3-F1-model_v6.pdb,6,G0SFN3_CHATD,Pre-mRNA-splicing factor,Chaetomium thermophilum (strain DSM 1495 / CBS 144.50 / IMI 039719),False,59.22,
37db0bff44f2265143f423c4b76c95b7 SSGCID-ButhA.01680.a A-1,Q2T6Z1,100.0,96.45776566757493,0.0,681.0,Q1_near_exact,False,downloaded,3Dstructure\afdb_correct_to_wrong_2500_structures\Q2T6Z1.pdb,https://alphafold.ebi.ac.uk/files/AF-Q2T6Z1-F1-model_v6.pdb,6,Q2T6Z1_BURTA,"Pentapeptide repeat family protein, putative",Burkholderia thailandensis (strain ATCC 700388 / DSM 13276 / CCUG 48851 / CIP 106301 / E264),False,97.25,
0ae617d436bdc7c0c44789d23b651ac9 SSGCID-EbzaA.17248.a A-0,A0A0E3KX27,100.0,100.0,0.0,1539.0,Q1_near_exact,True,no_afdb_model,3Dstructure\afdb_correct_to_wrong_2500_structures\A0A0E3KX27.pdb,,,,,,,,AFDB API returned HTTP 404
030d934e06a736eca40654dbdbf5701f JCSG-376450 A-0,A0A0C2YYX1,100.0,100.0,2.72e-88,261.0,Q1_near_exact,True,downloaded,3Dstructure\afdb_correct_to_wrong_2500_structures\A0A0C2YYX1.pdb,https://alphafold.ebi.ac.uk/files/AF-A0A0C2YYX1-F1-model_v6.pdb,6,A0A0C2YYX1_PARME,Nitrogen fixation-related protein,Paramagnetospirillum magnetotacticum MS-1,False,85.25,
e03047857881237fd620c9baaeb4c24c TB-Rv1914c A-0,A0A045HIN5,100.0,100.0,6.08e-93,273.0,Q1_near_exact,True,downloaded,3Dstructure\afdb_correct_to_wrong_2500_structures\A0A045HIN5.pdb,https://alphafold.ebi.ac.uk/files/AF-A0A045HIN5-F1-model_v6.pdb,6,A0A045HIN5_MYCTX,Uncharacterized protein,Mycobacterium tuberculosis,False,90.62,
a5773d3af9790d02d5e53be9b2b2f5a4 MCSG-APC102524 A-0,A0A1J6UHD5,100.0,100.0,0.0,926.0,Q1_near_exact,True,downloaded,3Dstructure\afdb_correct_to_wrong_2500_structures\A0A1J6UHD5.pdb,https://alphafold.ebi.ac.uk/files/AF-A0A1J6UHD5-F1-model_v6.pdb,6,A0A1J6UHD5_CAMJU,GGDEF domain-containing protein,Campylobacter jejuni,False,83.75,
e326704d1fa496f06e2032e80e006e9f SSGCID-BaboA.18345.a A-0,A7AQT9,100.0,97.01834862385321,0.0,872.0,Q1_near_exact,False,downloaded,3Dstructure\afdb_correct_to_wrong_2500_structures\A7AQT9.pdb,https://alphafold.ebi.ac.uk/files/AF-A7AQT9-F1-model_v6.pdb,6,A7AQT9_BABBO,Uncharacterized protein,Babesia bovis,False,75.19,
b2e0a87e935ee5eb7763ab3bc641eff1 JCSG-47 A-0,Q1NZ32,100.0,83.82352941176471,7.45e-34,122.0,Q2_high_confidence,False,downloaded,3Dstructure\afdb_correct_to_wrong_2500_structures\Q1NZ32.pdb,https://alphafold.ebi.ac.uk/files/AF-Q1NZ32-F1-model_v6.pdb,6,Q1NZ32_CAEEL,Doublecortin domain-containing protein,Caenorhabditis elegans,False,74.06,
ccf52ed5b60f0907ace24afafa9575df SECSG-F13B9.1A A-0,A0A4V0IM30,100.0,100.0,0.0,3337.0,Q1_near_exact,True,no_afdb_model,3Dstructure\afdb_correct_to_wrong_2500_structures\A0A4V0IM30.pdb,,,,,,,,AFDB API returned HTTP 404
608fc5c57cd985b5856a40f6fdb28730 JCSG-357008 A-1,A0A0H3CBY6,100.0,100.0,2.02e-48,156.0,Q1_near_exact,True,downloaded,3Dstructure\afdb_correct_to_wrong_2500_structures\A0A0H3CBY6.pdb,https://alphafold.ebi.ac.uk/files/AF-A0A0H3CBY6-F1-model_v6.pdb,6,A0A0H3CBY6_CAUVN,HicB-family RNAse H fold protein,Caulobacter vibrioides (strain NA1000 / CB15N),False,86.94,
e4ef235d10d3db363045bcc4c757cb7b SECSG-F40G12.5 A-0,Q20246,100.0,100.0,0.0,535.0,Q1_near_exact,True,downloaded,3Dstructure\afdb_correct_to_wrong_2500_structures\Q20246.pdb,https://alphafold.ebi.ac.uk/files/AF-Q20246-F1-model_v6.pdb,6,Q20246_CAEEL,DUF19 domain-containing protein,Caenorhabditis elegans,False,87.81,
c89bf6acd9058b5c50123ed31069a614 JCSG-373503 A-0,Q0I5F3,100.0,100.0,9.8e-133,378.0,Q1_near_exact,True,downloaded,3Dstructure\afdb_correct_to_wrong_2500_structures\Q0I5F3.pdb,https://alphafold.ebi.ac.uk/files/AF-Q0I5F3-F1-model_v6.pdb,6,Q0I5F3_HISS1,DUF4274 domain-containing protein,Histophilus somni (strain 129Pt),False,94.12,
16826b82f2500c906ce73ec015dc015f SSGCID-BuviA.17622.a A-1,A4JPK9,100.0,100.0,1.25e-168,473.0,Q1_near_exact,True,downloaded,3Dstructure\afdb_correct_to_wrong_2500_structures\A4JPK9.pdb,https://alphafold.ebi.ac.uk/files/AF-A4JPK9-F1-model_v6.pdb,6,A4JPK9_BURVG,Hydroxymethylglutaryl-coenzyme A reductase,Burkholderia vietnamiensis (strain G4 / LMG 22486),False,79.56,
ad257a34fa4ec1cf1b020639116c5271 JCSG-372364 A-0,A0A0G9GLY5,100.0,100.0,3.07e-110,319.0,Q1_near_exact,True,downloaded,3Dstructure\afdb_correct_to_wrong_2500_structures\A0A0G9GLY5.pdb,https://alphafold.ebi.ac.uk/files/AF-A0A0G9GLY5-F1-model_v6.pdb,6,A0A0G9GLY5_LACPN,Uncharacterized protein,Lactiplantibacillus plantarum,False,76.75,
0429bffb645695f1de15135d387d8dcf MCSG-APC107241 A-0,A0A4D6KAS8,100.0,100.0,1.31e-80,241.0,Q1_near_exact,True,downloaded,3Dstructure\afdb_correct_to_wrong_2500_structures\A0A4D6KAS8.pdb,https://alphafold.ebi.ac.uk/files/AF-A0A4D6KAS8-F1-model_v6.pdb,6,A0A4D6KAS8_9EURY,VOC family protein,Halomicrobium mukohataei,False,87.94,
f00c1463ce4f1c817c6b97ce23e14209 6KHY_1 A-1,A0A6G7KTG9,100.0,98.33887043189368,0.0,616.0,Q1_near_exact,False,no_afdb_model,3Dstructure\afdb_correct_to_wrong_2500_structures\A0A6G7KTG9.pdb,,,,,,,,AFDB API returned HTTP 404
9a1c47778137c063d0c250672c0552d4 JCSG-370130 A-0,A0A6N4SSB7,99.556,93.75,4.78e-166,466.0,Q2_high_confidence,False,downloaded,3Dstructure\afdb_correct_to_wrong_2500_structures\A0A6N4SSB7.pdb,https://alphafold.ebi.ac.uk/files/AF-A0A6N4SSB7-F1-model_v6.pdb,6,A0A6N4SSB7_CYTH3,Siderophore-interacting protein,Cytophaga hutchinsonii (strain ATCC 33406 / DSM 1761 / CIP 103989 / NBRC 15051 / NCIMB 9469 / D465),False,93.12,
5f340fe343be95c6c17049d4d4f42ce0 NESG-MsR18 A-0,A0A2U9PHK6,99.724,100.0,0.0,734.0,Q1_near_exact,False,downloaded,3Dstructure\afdb_correct_to_wrong_2500_structures\A0A2U9PHK6.pdb,https://alphafold.ebi.ac.uk/files/AF-A0A2U9PHK6-F1-model_v6.pdb,6,A0A2U9PHK6_MYCSE,LprO protein,Mycolicibacterium smegmatis (strain MKD8),False,87.75,
6f9839598b11f4e28cf0921bb1440c9c MCSG-APC82331 A-0,Q8A6E4,100.0,100.0,0.0,1117.0,Q1_near_exact,True,downloaded,3Dstructure\afdb_correct_to_wrong_2500_structures\Q8A6E4.pdb,https://alphafold.ebi.ac.uk/files/AF-Q8A6E4-F1-model_v6.pdb,6,Q8A6E4_BACTN,DUF3991 domain-containing protein,Bacteroides thetaiotaomicron (strain ATCC 29148 / DSM 2079 / JCM 5827 / CCUG 10774 / NCTC 10582 / VPI-5482 / E50),False,84.06,
c479056207aad68920dc4de726b99a0e MCSG-APC103289 A-0,A0A979G510,100.0,100.0,0.0,570.0,Q1_near_exact,True,downloaded,3Dstructure\afdb_correct_to_wrong_2500_structures\A0A979G510.pdb,https://alphafold.ebi.ac.uk/files/AF-A0A979G510-F1-model_v6.pdb,6,A0A979G510_CHIPD,Peptidase M10A and M12B matrixin and adamalysin,Chitinophaga pinensis (strain ATCC 43595 / DSM 2588 / LMG 13176 / NBRC 15968 / NCIMB 11800 / UQM 2034),False,76.69,
4220a77abce112803a61428fcd36fc6b JCSG-377811 A-0,Q4FSL5,100.0,100.0,6.14e-172,481.0,Q1_near_exact,True,downloaded,3Dstructure\afdb_correct_to_wrong_2500_structures\Q4FSL5.pdb,https://alphafold.ebi.ac.uk/files/AF-Q4FSL5-F1-model_v6.pdb,6,Q4FSL5_PSYA2,"Putative malonate decarboxylase, subunit E",Psychrobacter arcticus (strain DSM 17307 / VKM B-2377 / 273-4),False,92.38,
fc4409882285b1f13d1ab127f9a7c79a SECSG-F13A2.4 A-0,O16893,100.0,100.0,4.35e-87,258.0,Q1_near_exact,True,downloaded,3Dstructure\afdb_correct_to_wrong_2500_structures\O16893.pdb,https://alphafold.ebi.ac.uk/files/AF-O16893-F1-model_v6.pdb,6,O16893_CAEEL,Gag-pol polyprotein,Caenorhabditis elegans,False,65.88,
d7ed5b111483f0d957216da80d649ca5 MCSG-APC36134 A-0,A0A1V9CH90,95.05,100.0,2.21e-64,201.0,Q1_near_exact,False,downloaded,3Dstructure\afdb_correct_to_wrong_2500_structures\A0A1V9CH90.pdb,https://alphafold.ebi.ac.uk/files/AF-A0A1V9CH90-F1-model_v6.pdb,6,A0A1V9CH90_9BACL,PIN domain-containing protein,Geobacillus zalihae,False,95.19,
7f566fea8fd5f6b8c78f459e588385d5 SGPP-Lmaj012119AAA A-0,Q4Q5C8,100.0,100.0,2.68e-158,445.0,Q1_near_exact,True,downloaded,3Dstructure\afdb_correct_to_wrong_2500_structures\Q4Q5C8.pdb,https://alphafold.ebi.ac.uk/files/AF-Q4Q5C8-F1-model_v6.pdb,6,Q4Q5C8_LEIMA,Putative NUDIX hydrolase dihydroneopterin triphosphate pyrophosphohydrolase/hydrolase,Leishmania major,False,87.75,
9a68db87716b04f0932daab553a7d765 MCSG-APC83794 A-0,A0A0Y5KAS9,100.0,100.0,6.51e-89,263.0,Q1_near_exact,True,downloaded,3Dstructure\afdb_correct_to_wrong_2500_structures\A0A0Y5KAS9.pdb,https://alphafold.ebi.ac.uk/files/AF-A0A0Y5KAS9-F1-model_v6.pdb,6,A0A0Y5KAS9_NEIME,MafB silent cassette,Neisseria meningitidis,False,79.19,
4c3038d3601b06a14a86d7141b087a36 SGPP-Lmaj00582AAA A-0,Q4QAZ1,100.0,100.0,3.62e-156,440.0,Q1_near_exact,True,downloaded,3Dstructure\afdb_correct_to_wrong_2500_structures\Q4QAZ1.pdb,https://alphafold.ebi.ac.uk/files/AF-Q4QAZ1-F1-model_v6.pdb,6,Q4QAZ1_LEIMA,U2A'/phosphoprotein 32 family A C-terminal domain-containing protein,Leishmania major,False,79.5,
e1253b1601e52ccdb08939044abf4a5e JCSG-420496 A-1,A0AAE9S9Z0,99.206,100.0,5.98e-87,258.0,Q1_near_exact,False,downloaded,3Dstructure\afdb_correct_to_wrong_2500_structures\A0AAE9S9Z0.pdb,https://alphafold.ebi.ac.uk/files/AF-A0AAE9S9Z0-F1-model_v6.pdb,6,A0AAE9S9Z0_ACIPI,Lipoprotein,Acinetobacter pittii,False,79.19,
a400b59e2e7e18945efa165eb06ec46c MCSG-APC81054 A-0,Q7MUM1,100.0,100.0,1.17e-53,170.0,Q1_near_exact,True,downloaded,3Dstructure\afdb_correct_to_wrong_2500_structures\Q7MUM1.pdb,https://alphafold.ebi.ac.uk/files/AF-Q7MUM1-F1-model_v6.pdb,6,Q7MUM1_PORGI,Uncharacterized protein,Porphyromonas gingivalis (strain ATCC BAA-308 / W83),False,63.34,
84df58fc319f736d22e5c9ab88c0c1b3 MCSG-APC36010 A-0,A0A7U9P4Z9,99.213,92.02898550724638,1.3e-83,259.0,Q2_high_confidence,False,downloaded,3Dstructure\afdb_correct_to_wrong_2500_structures\A0A7U9P4Z9.pdb,https://alphafold.ebi.ac.uk/files/AF-A0A7U9P4Z9-F1-model_v6.pdb,6,A0A7U9P4Z9_GEOTM,DUF2515 domain-containing protein,Geobacillus thermopakistaniensis (strain MAS1),False,87.25,
168c596cd0db0367c6eb2f9bc6651961 MCSG-APC114107 A-0,A0A0E1X4Q1,100.0,100.0,1.21e-48,157.0,Q1_near_exact,True,downloaded,3Dstructure\afdb_correct_to_wrong_2500_structures\A0A0E1X4Q1.pdb,https://alphafold.ebi.ac.uk/files/AF-A0A0E1X4Q1-F1-model_v6.pdb,6,A0A0E1X4Q1_9HYPH,Uncharacterized protein,Brucella pinnipedialis M292/94/1,False,41.53,
8bfc8a8a59adbda240f7cff3d3932f1f SECSG-T01D3.2 A-0,A0A6A5GCD4,90.994,100.0,0.0,612.0,Q2_high_confidence,False,downloaded,3Dstructure\afdb_correct_to_wrong_2500_structures\A0A6A5GCD4.pdb,https://alphafold.ebi.ac.uk/files/AF-A0A6A5GCD4-F1-model_v6.pdb,6,A0A6A5GCD4_CAERE,Uncharacterized protein,Caenorhabditis remanei,False,80.56,
4ac3e1380e1d95127ceb16808121a821 JCSG-425204 A-0,A0A015SKS0,100.0,100.0,5.46e-90,265.0,Q1_near_exact,True,downloaded,3Dstructure\afdb_correct_to_wrong_2500_structures\A0A015SKS0.pdb,https://alphafold.ebi.ac.uk/files/AF-A0A015SKS0-F1-model_v6.pdb,6,A0A015SKS0_BACFG,Uncharacterized protein,Bacteroides fragilis str. 3988T(B)14,False,84.94,
dd8ec2e2b36a8584c7ae30b354ed9380 JCSG-380942 A-0,Q8E854,100.0,100.0,1.7e-61,191.0,Q1_near_exact,True,downloaded,3Dstructure\afdb_correct_to_wrong_2500_structures\Q8E854.pdb,https://alphafold.ebi.ac.uk/files/AF-Q8E854-F1-model_v6.pdb,6,Q8E854_SHEON,Chromosome partitioning protein ParA,Shewanella oneidensis (strain ATCC 700550 / JCM 31522 / CIP 106686 / LMG 19005 / NCIMB 14063 / MR-1),False,94.56,
557e4191ae494628c8b4a1ff8dab3ca9 MCSG-APC65143 A-0,Q0S4L5,100.0,100.0,0.0,832.0,Q1_near_exact,True,downloaded,3Dstructure\afdb_correct_to_wrong_2500_structures\Q0S4L5.pdb,https://alphafold.ebi.ac.uk/files/AF-Q0S4L5-F1-model_v6.pdb,6,Q0S4L5_RHOJR,Possible transferase,Rhodococcus jostii (strain RHA1),False,88.25,
0936f56c86af4f2b783dd2a7deceba3d NYSGRC-003760 A-0,Q669E7,100.0,100.0,3.38e-139,395.0,Q1_near_exact,True,downloaded,3Dstructure\afdb_correct_to_wrong_2500_structures\Q669E7.pdb,https://alphafold.ebi.ac.uk/files/AF-Q669E7-F1-model_v6.pdb,6,Q669E7_YERPS,Uncharacterized protein,Yersinia pseudotuberculosis serotype I (strain IP32953),False,78.62,
197954337a286e8ca5d5ec2929ebaf42 JCSG-389504 A-0,A6L7B8,100.0,100.0,0.0,568.0,Q1_near_exact,True,downloaded,3Dstructure\afdb_correct_to_wrong_2500_structures\A6L7B8.pdb,https://alphafold.ebi.ac.uk/files/AF-A6L7B8-F1-model_v6.pdb,6,A6L7B8_PHOV8,Methyltransferase type 11 domain-containing protein,Phocaeicola vulgatus (strain ATCC 8482 / DSM 1447 / JCM 5826 / CCUG 4940 / NBRC 14291 / NCTC 11154),False,91.81,
1fbda60a314cee2643d8f597d93837f9 BSGI-C5343_ECOL6 A-0,A0A0H2VDN0,100.0,100.0,3.19e-108,314.0,Q1_near_exact,True,downloaded,3Dstructure\afdb_correct_to_wrong_2500_structures\A0A0H2VDN0.pdb,https://alphafold.ebi.ac.uk/files/AF-A0A0H2VDN0-F1-model_v6.pdb,6,A0A0H2VDN0_ECOL6,Uncharacterized protein,Escherichia coli O6:H1 (strain CFT073 / ATCC 700928 / UPEC),False,45.09,
772a81df7db917fc10a3758f1e5066a4 SSGCID-NegoA.19212.a A-0,A0AB74ECZ3,100.0,100.0,1.9e-132,377.0,Q1_near_exact,True,downloaded,3Dstructure\afdb_correct_to_wrong_2500_structures\A0AB74ECZ3.pdb,https://alphafold.ebi.ac.uk/files/AF-A0AB74ECZ3-F1-model_v6.pdb,6,A0AB74ECZ3_NEIGO,Uncharacterized protein,Neisseria gonorrhoeae,False,62.56,
b143e1bbe41254c12eeee7d4d0c2d4aa SGPP-Lmaj003059AAA A-0,Q4Q9T0,100.0,100.0,0.0,684.0,Q1_near_exact,True,downloaded,3Dstructure\afdb_correct_to_wrong_2500_structures\Q4Q9T0.pdb,https://alphafold.ebi.ac.uk/files/AF-Q4Q9T0-F1-model_v6.pdb,6,Q4Q9T0_LEIMA,JAB1/MPN/MOV34 metalloenzyme domain-containing protein,Leishmania major,False,65.25,
0e2f0e5acce7f84076749f699acfcb99 MCSG-APC103630 A-0,C8XCZ4,100.0,100.0,0.0,862.0,Q1_near_exact,True,downloaded,3Dstructure\afdb_correct_to_wrong_2500_structures\C8XCZ4.pdb,https://alphafold.ebi.ac.uk/files/AF-C8XCZ4-F1-model_v6.pdb,6,C8XCZ4_NAKMY,ATP-grasp domain-containing protein,Nakamurella multipartita (strain ATCC 700099 / DSM 44233 / CIP 104796 / JCM 9543 / NBRC 105858 / Y-104),False,94.56,
3ddfdf5acf7115545dfa3c3ff22f67b6 BSGI-C4078_ECOL6 A-0,A0A0H2VCZ9,100.0,100.0,1.77e-94,278.0,Q1_near_exact,True,downloaded,3Dstructure\afdb_correct_to_wrong_2500_structures\A0A0H2VCZ9.pdb,https://alphafold.ebi.ac.uk/files/AF-A0A0H2VCZ9-F1-model_v6.pdb,6,A0A0H2VCZ9_ECOL6,Uncharacterized protein,Escherichia coli O6:H1 (strain CFT073 / ATCC 700928 / UPEC),False,43.25,
d7134d68417f85f130d37311ba46717a NYSGRC-009033 A-0,A1U3Z1,100.0,100.0,0.0,710.0,Q1_near_exact,True,downloaded,3Dstructure\afdb_correct_to_wrong_2500_structures\A1U3Z1.pdb,https://alphafold.ebi.ac.uk/files/AF-A1U3Z1-F1-model_v6.pdb,6,A1U3Z1_MARN8,"Glycosyl transferase, family 2",Marinobacter nauticus (strain ATCC 700491 / DSM 11845 / VT8),False,89.69,
ad4fe85a2f6a2e35607399d7186ef944 SGPP-Tcru016768AAA A-0,A0A2V2WBG7,100.0,97.8021978021978,4.93e-122,363.0,Q1_near_exact,False,downloaded,3Dstructure\afdb_correct_to_wrong_2500_structures\A0A2V2WBG7.pdb,https://alphafold.ebi.ac.uk/files/AF-A0A2V2WBG7-F1-model_v6.pdb,6,A0A2V2WBG7_TRYCR,NAD-dependent epimerase/dehydratase domain-containing protein,Trypanosoma cruzi,False,55.94,
58ae6ac761f3babff1e1db2628351fcd SECSG-K02B12.2 A-0,Q21114,100.0,100.0,3e-138,393.0,Q1_near_exact,True,downloaded,3Dstructure\afdb_correct_to_wrong_2500_structures\Q21114.pdb,https://alphafold.ebi.ac.uk/files/AF-Q21114-F1-model_v6.pdb,6,Q21114_CAEEL,Myb_DNA-bind_3 domain-containing protein,Caenorhabditis elegans,False,62.97,
994961f627df9bfc8a825b7f1283fea9 SSGCID-BrcaA.18826.a A-1,A9M893,100.0,97.35772357723577,0.0,978.0,Q1_near_exact,False,downloaded,3Dstructure\afdb_correct_to_wrong_2500_structures\A9M893.pdb,https://alphafold.ebi.ac.uk/files/AF-A9M893-F1-model_v6.pdb,6,A9M893_BRUC2,Uncharacterized protein,Brucella canis (strain ATCC 23365 / NCTC 10854 / RM-666),False,88.5,
4649b3e66a400395862250109b20c9a8 MCSG-APC64848 A-0,A0A371NDM9,97.581,100.0,1.97e-175,491.0,Q1_near_exact,False,downloaded,3Dstructure\afdb_correct_to_wrong_2500_structures\A0A371NDM9.pdb,https://alphafold.ebi.ac.uk/files/AF-A0A371NDM9-F1-model_v6.pdb,6,A0A371NDM9_9EURY,Putative RNA methylase,Methanothermobacter defluvii,False,96.62,
eb52b66d53fcf301ce6601473905367f SSGCID-NegoA.19182.a A-0,A0AA44UAM8,100.0,100.0,1.64e-77,233.0,Q1_near_exact,True,downloaded,3Dstructure\afdb_correct_to_wrong_2500_structures\A0AA44UAM8.pdb,https://alphafold.ebi.ac.uk/files/AF-A0AA44UAM8-F1-model_v6.pdb,6,A0AA44UAM8_NEIGO,Uncharacterized protein,Neisseria gonorrhoeae 3502,False,62.47,
bfb91d55d3643a51b498b8b49dcc23f1 BSGI-C5376_ECOL6 A-0,A0A0H2VDT5,100.0,100.0,1.01e-99,291.0,Q1_near_exact,True,downloaded,3Dstructure\afdb_correct_to_wrong_2500_structures\A0A0H2VDT5.pdb,https://alphafold.ebi.ac.uk/files/AF-A0A0H2VDT5-F1-model_v6.pdb,6,A0A0H2VDT5_ECOL6,Uncharacterized protein,Escherichia coli O6:H1 (strain CFT073 / ATCC 700928 / UPEC),False,49.53,
97eb90d14ade7c17e176a57f5e148605 SGPP-Tbru014279AAA A-0,A0A1G4ICD7,100.0,100.0,0.0,818.0,Q1_near_exact,True,downloaded,3Dstructure\afdb_correct_to_wrong_2500_structures\A0A1G4ICD7.pdb,https://alphafold.ebi.ac.uk/files/AF-A0A1G4ICD7-F1-model_v6.pdb,6,A0A1G4ICD7_TRYEQ,"TAP42-like family, putative",Trypanosoma equiperdum,False,79.38,
745d0cdc9850e2d563fce0ea06a58579 NYSGRC-004178 A-0,A8BAA0,100.0,100.0,0.0,697.0,Q1_near_exact,True,downloaded,3Dstructure\afdb_correct_to_wrong_2500_structures\A8BAA0.pdb,https://alphafold.ebi.ac.uk/files/AF-A8BAA0-F1-model_v6.pdb,6,A8BAA0_GIAIC,Uncharacterized protein,Giardia intestinalis (strain ATCC 50803 / WB clone C6),False,60.0,
7e391a6ba509a90bcfb4e6eb8a35643c BSGI-C5225_ECOL6 A-0,A0A0H2VF31,100.0,100.0,7.08e-69,210.0,Q1_near_exact,True,downloaded,3Dstructure\afdb_correct_to_wrong_2500_structures\A0A0H2VF31.pdb,https://alphafold.ebi.ac.uk/files/AF-A0A0H2VF31-F1-model_v6.pdb,6,A0A0H2VF31_ECOL6,Uncharacterized protein,Escherichia coli O6:H1 (strain CFT073 / ATCC 700928 / UPEC),False,41.31,
c767b01b33b700238e3e848cce8f9a96 MCSG-APC27990 A-0,A0A0H2V3K7,100.0,100.0,1.85e-148,419.0,Q1_near_exact,True,downloaded,3Dstructure\afdb_correct_to_wrong_2500_structures\A0A0H2V3K7.pdb,https://alphafold.ebi.ac.uk/files/AF-A0A0H2V3K7-F1-model_v6.pdb,6,A0A0H2V3K7_SHIFL,Inovirus Gp2 family protein,Shigella flexneri,False,87.94,
54802bf170c6f246fdfcecf1d8c0eefe JCSG-360790 A-0,Q74FH1,100.0,100.0,1.07e-110,320.0,Q1_near_exact,True,downloaded,3Dstructure\afdb_correct_to_wrong_2500_structures\Q74FH1.pdb,https://alphafold.ebi.ac.uk/files/AF-Q74FH1-F1-model_v6.pdb,6,Q74FH1_GEOSL,RNA-binding protein,Geobacter sulfurreducens (strain ATCC 51573 / DSM 12127 / PCA),False,54.59,
6771663c4676aa9c1979b753eddbb76f JCSG-396686 A-0,A0A0I9SDU6,100.0,100.0,6.35e-69,214.0,Q1_near_exact,True,downloaded,3Dstructure\afdb_correct_to_wrong_2500_structures\A0A0I9SDU6.pdb,https://alphafold.ebi.ac.uk/files/AF-A0A0I9SDU6-F1-model_v6.pdb,6,A0A0I9SDU6_BACFG,DUF4141 domain-containing protein,Bacteroides fragilis,False,83.25,
a4fc5c1d788819afb26ea447f66e65d5 ISFI-ISFI1237 A-1,A0A045GP07,100.0,100.0,4.39e-87,258.0,Q1_near_exact,True,downloaded,3Dstructure\afdb_correct_to_wrong_2500_structures\A0A045GP07.pdb,https://alphafold.ebi.ac.uk/files/AF-A0A045GP07-F1-model_v6.pdb,6,A0A045GP07_MYCTX,Excisionase,Mycobacterium tuberculosis,False,87.75,
4a8f6b9d60a165e4f99612eb7ad2044a JCSG-370115 A-0,Q6D6N8,100.0,100.0,1.02e-177,497.0,Q1_near_exact,True,downloaded,3Dstructure\afdb_correct_to_wrong_2500_structures\Q6D6N8.pdb,https://alphafold.ebi.ac.uk/files/AF-Q6D6N8-F1-model_v6.pdb,6,Q6D6N8_PECAS,DNA-binding protein,Pectobacterium atrosepticum (strain SCRI 1043 / ATCC BAA-672),False,67.25,
04d0afa5e24e09de974b4a52612f1b60 5OD4_1 A-1,A0A0J9W8V2,99.219,100.0,1.09e-87,261.0,Q1_near_exact,False,downloaded,3Dstructure\afdb_correct_to_wrong_2500_structures\A0A0J9W8V2.pdb,https://alphafold.ebi.ac.uk/files/AF-A0A0J9W8V2-F1-model_v6.pdb,6,A0A0J9W8V2_FUSO4,Secreted in xylem 3,Fusarium oxysporum f. sp. lycopersici (strain 4287 / CBS 123668 / FGSC 9935 / NRRL 34936),False,82.88,
47eddce1db12da369d0408b8d2c6bc8b SECSG-Y39A1A.7 A-0,Q9XX25,100.0,100.0,4.89e-135,384.0,Q1_near_exact,True,downloaded,3Dstructure\afdb_correct_to_wrong_2500_structures\Q9XX25.pdb,https://alphafold.ebi.ac.uk/files/AF-Q9XX25-F1-model_v6.pdb,6,Q9XX25_CAEEL,ELRR (Extracellular Leucine-Rich Repeat) ONly,Caenorhabditis elegans,False,78.88,
fc2c1e87d7178a23c20eea9380c7c4ac MCSG-APC103572 A-0,D2PV20,100.0,100.0,4.36e-149,421.0,Q1_near_exact,True,downloaded,3Dstructure\afdb_correct_to_wrong_2500_structures\D2PV20.pdb,https://alphafold.ebi.ac.uk/files/AF-D2PV20-F1-model_v6.pdb,6,D2PV20_KRIFD,ThuA-like domain-containing protein,Kribbella flavida (strain DSM 17836 / JCM 10339 / NBRC 14399),False,97.88,
90604fd64a64cdfead140019c283c1e9 JCSG-475 A-0,Q6A4J7,100.0,100.0,8.91e-60,194.0,Q1_near_exact,True,downloaded,3Dstructure\afdb_correct_to_wrong_2500_structures\Q6A4J7.pdb,https://alphafold.ebi.ac.uk/files/AF-Q6A4J7-F1-model_v6.pdb,6,Q6A4J7_CAEEL,RING-type domain-containing protein,Caenorhabditis elegans,False,60.5,
3eaf98ed85a0232ad4b1a2d82b2bf596 JCSG-383913 A-0,A2SJV8,100.0,100.0,4.7e-72,219.0,Q1_near_exact,True,downloaded,3Dstructure\afdb_correct_to_wrong_2500_structures\A2SJV8.pdb,https://alphafold.ebi.ac.uk/files/AF-A2SJV8-F1-model_v6.pdb,6,A2SJV8_METPP,Malonate decarboxylase acyl carrier protein,Methylibium petroleiphilum (strain ATCC BAA-1232 / LMG 22953 / PM1),False,92.88,
98a9e1e334ad6fb193d2fcd3caccf6de SECSG-Pfu-190329-001 A-0,A0A5C0XM86,100.0,97.61904761904762,0.0,737.0,Q1_near_exact,False,downloaded,3Dstructure\afdb_correct_to_wrong_2500_structures\A0A5C0XM86.pdb,https://alphafold.ebi.ac.uk/files/AF-A0A5C0XM86-F1-model_v6.pdb,6,A0A5C0XM86_PYRFU,A-type ATP synthase subunit C,Pyrococcus furiosus (strain ATCC 43587 / DSM 3638 / JCM 8422 / Vc1),False,93.31,
c4638b90de48059962db678492ece126 SGPP-Lmaj00905AAA A-1,A0A504XBD3,80.597,96.40287769784173,5.89e-67,218.0,Q2_high_confidence,False,downloaded,3Dstructure\afdb_correct_to_wrong_2500_structures\A0A504XBD3.pdb,https://alphafold.ebi.ac.uk/files/AF-A0A504XBD3-F1-model_v6.pdb,6,A0A504XBD3_LEIDO,UDP-glucoronosyl and UDP-glucosyl transferase family protein,Leishmania donovani,False,48.47,
d35e7ef6afc9bf579a3ce75317786dd3 SGPP-Tcru021906AAA A-0,A0A2V2WL41,100.0,97.40259740259741,5.34e-106,308.0,Q1_near_exact,False,downloaded,3Dstructure\afdb_correct_to_wrong_2500_structures\A0A2V2WL41.pdb,https://alphafold.ebi.ac.uk/files/AF-A0A2V2WL41-F1-model_v6.pdb,6,A0A2V2WL41_TRYCR,Uncharacterized protein,Trypanosoma cruzi,False,67.38,
60e1b74aaa5f47fb35a995c3aec84ca3 NESG-FR826C A-1,Q960C3,100.0,82.97872340425532,1.48e-108,335.0,Q2_high_confidence,False,downloaded,3Dstructure\afdb_correct_to_wrong_2500_structures\Q960C3.pdb,https://alphafold.ebi.ac.uk/files/AF-Q960C3-F1-model_v6.pdb,6,Q960C3_DROME,SD07795p,Drosophila melanogaster,False,55.09,
c87051f465e2cd6f8070124fe22f49d9 CESG-GO.35230 A-0,A0A6D2XXR6,95.238,100.0,4.34e-128,367.0,Q1_near_exact,False,downloaded,3Dstructure\afdb_correct_to_wrong_2500_structures\A0A6D2XXR6.pdb,https://alphafold.ebi.ac.uk/files/AF-A0A6D2XXR6-F1-model_v6.pdb,6,A0A6D2XXR6_PANTR,CT45A6 isoform 1,Pan troglodytes,False,65.62,
5fe87d3d23bc7f2f8f20dc0f5e1ba2f0 MCSG-APC65144.1 A-0,Q0SGA6,100.0,100.0,1.46e-84,261.0,Q1_near_exact,True,downloaded,3Dstructure\afdb_correct_to_wrong_2500_structures\Q0SGA6.pdb,https://alphafold.ebi.ac.uk/files/AF-Q0SGA6-F1-model_v6.pdb,6,Q0SGA6_RHOJR,Possible adenine specific DNA-methyltransferase,Rhodococcus jostii (strain RHA1),False,91.56,
38dc3451fd6df74ad6785374470b0b2c JCSG-416796 A-1,A0A072ZPW9,100.0,100.0,9.42e-118,340.0,Q1_near_exact,True,downloaded,3Dstructure\afdb_correct_to_wrong_2500_structures\A0A072ZPW9.pdb,https://alphafold.ebi.ac.uk/files/AF-A0A072ZPW9-F1-model_v6.pdb,6,A0A072ZPW9_PSEAI,Periplasmic protein-like protein,Pseudomonas aeruginosa,False,85.38,
d57b72bb0fb9e89d5ff516be8c87f000 2L8K_1 A-1,A0A2H4QGC8,100.0,99.1869918699187,1.02e-74,251.0,Q1_near_exact,False,no_afdb_model,3Dstructure\afdb_correct_to_wrong_2500_structures\A0A2H4QGC8.pdb,,,,,,,,AFDB API returned HTTP 404
e9f13bcf35c5ad25bbe24389c55f8e7a MCSG-APC23424 A-0,A0A0F6B1S8,100.0,100.0,2.93e-66,203.0,Q1_near_exact,True,downloaded,3Dstructure\afdb_correct_to_wrong_2500_structures\A0A0F6B1S8.pdb,https://alphafold.ebi.ac.uk/files/AF-A0A0F6B1S8-F1-model_v6.pdb,6,A0A0F6B1S8_SALT1,Reverse transcriptase,Salmonella typhimurium (strain 14028s / SGSC 2262),False,61.41,
d81797903108536659f1798dda339416 JCSG-360704 A-0,Q9S088,100.0,100.0,0.0,583.0,Q1_near_exact,True,downloaded,3Dstructure\afdb_correct_to_wrong_2500_structures\Q9S088.pdb,https://alphafold.ebi.ac.uk/files/AF-Q9S088-F1-model_v6.pdb,6,Q9S088_BORBU,DUF276 superfamily,Borreliella burgdorferi (strain ATCC 35210 / DSM 4680 / CIP 102532 / B31),False,88.06,
9f53e4338f8159c67473da248984b76a JCSG-359629 A-0,A0A0H2UNH1,100.0,100.0,0.0,594.0,Q1_near_exact,True,downloaded,3Dstructure\afdb_correct_to_wrong_2500_structures\A0A0H2UNH1.pdb,https://alphafold.ebi.ac.uk/files/AF-A0A0H2UNH1-F1-model_v6.pdb,6,A0A0H2UNH1_STRPN,Lanthionine synthetase C-like protein,Streptococcus pneumoniae serotype 4 (strain ATCC BAA-334 / TIGR4),False,89.0,
7a3a574ccfcfe78c6d57e8053d6cdb36 SECSG-Pfu-396648-001 A-0,A0A5C0XMM3,100.0,92.5,1.13e-74,226.0,Q2_high_confidence,False,downloaded,3Dstructure\afdb_correct_to_wrong_2500_structures\A0A5C0XMM3.pdb,https://alphafold.ebi.ac.uk/files/AF-A0A5C0XMM3-F1-model_v6.pdb,6,A0A5C0XMM3_PYRFU,Cupin domain-containing protein,Pyrococcus furiosus (strain ATCC 43587 / DSM 3638 / JCM 8422 / Vc1),False,96.5,
25d3b2e902adcc08d7c5884c1767065f BSGI-C3519_ECOL6 A-0,A0A0H2VAL1,100.0,100.0,5.56e-83,247.0,Q1_near_exact,True,downloaded,3Dstructure\afdb_correct_to_wrong_2500_structures\A0A0H2VAL1.pdb,https://alphafold.ebi.ac.uk/files/AF-A0A0H2VAL1-F1-model_v6.pdb,6,A0A0H2VAL1_ECOL6,Uncharacterized protein,Escherichia coli O6:H1 (strain CFT073 / ATCC 700928 / UPEC),False,36.75,
b57e4c0eb1c47de405009e1ebb928214 BSGI-RVFA_LEGPH A-0,A0A2S6F6G8,100.0,100.0,0.0,888.0,Q1_near_exact,True,downloaded,3Dstructure\afdb_correct_to_wrong_2500_structures\A0A2S6F6G8.pdb,https://alphafold.ebi.ac.uk/files/AF-A0A2S6F6G8-F1-model_v6.pdb,6,A0A2S6F6G8_LEGPN,Dot/Icm T4SS effector RvfA,Legionella pneumophila,False,78.0,
d4a877d8c75843e12206f9254821d6e5 1ZD0_1 A-1,A0A5C0XP90,100.0,94.0,1.06e-94,279.0,Q2_high_confidence,False,downloaded,3Dstructure\afdb_correct_to_wrong_2500_structures\A0A5C0XP90.pdb,https://alphafold.ebi.ac.uk/files/AF-A0A5C0XP90-F1-model_v6.pdb,6,A0A5C0XP90_PYRFU,KEOPS complex subunit Cgi121,Pyrococcus furiosus (strain ATCC 43587 / DSM 3638 / JCM 8422 / Vc1),False,94.0,
d812bcd8cceee5c282aaa5a5cd96a315 4IT4_1 A-1,A0A6P8KIJ1,96.209,98.13953488372093,3.6e-147,420.0,Q1_near_exact,False,downloaded,3Dstructure\afdb_correct_to_wrong_2500_structures\A0A6P8KIJ1.pdb,https://alphafold.ebi.ac.uk/files/AF-A0A6P8KIJ1-F1-model_v6.pdb,6,A0A6P8KIJ1_DROMA,Peptidyl-prolyl cis-trans isomerase CPR6,Drosophila mauritiana,False,92.69,
633ba8aeb741dc14d6f024715e804a4a MCSG-APC62945.1 A-0,Q74B77,100.0,100.0,1.57e-107,340.0,Q1_near_exact,True,downloaded,3Dstructure\afdb_correct_to_wrong_2500_structures\Q74B77.pdb,https://alphafold.ebi.ac.uk/files/AF-Q74B77-F1-model_v6.pdb,6,Q74B77_GEOSL,Helicase ATP-binding domain-containing protein,Geobacter sulfurreducens (strain ATCC 51573 / DSM 12127 / PCA),False,72.81,
3b0684971261256bf0f6992514c34839 5IC7_1 A-1,G0SBN9,100.0,100.0,0.0,872.0,Q1_near_exact,True,downloaded,3Dstructure\afdb_correct_to_wrong_2500_structures\G0SBN9.pdb,https://alphafold.ebi.ac.uk/files/AF-G0SBN9-F1-model_v6.pdb,6,G0SBN9_CHATD,Uncharacterized protein,Chaetomium thermophilum (strain DSM 1495 / CBS 144.50 / IMI 039719),False,76.12,
7473808dbe94336f75765c6c8b278a98 SGPP-Tbru014285AAA A-0,A0A1G4I2U9,100.0,100.0,0.0,576.0,Q1_near_exact,True,downloaded,3Dstructure\afdb_correct_to_wrong_2500_structures\A0A1G4I2U9.pdb,https://alphafold.ebi.ac.uk/files/AF-A0A1G4I2U9-F1-model_v6.pdb,6,A0A1G4I2U9_TRYEQ,"Phytanoyl-CoA dioxygenase (PhyH), putative",Trypanosoma equiperdum,False,86.75,
7da59cb7747dbcd50490ded42ffdfe38 SGPP-Lmaj007039AAA A-0,A0A3Q8I7K7,100.0,97.03703703703704,1.77e-90,267.0,Q1_near_exact,False,downloaded,3Dstructure\afdb_correct_to_wrong_2500_structures\A0A3Q8I7K7.pdb,https://alphafold.ebi.ac.uk/files/AF-A0A3Q8I7K7-F1-model_v6.pdb,6,A0A3Q8I7K7_LEIDO,"Rhodanese-like domain containing protein, putative",Leishmania donovani,False,93.94,
93982cd66fe628826dd14713fe61bb4b TB-Rv1590 A-0,A0A045IT40,100.0,100.0,5.98e-51,163.0,Q1_near_exact,True,downloaded,3Dstructure\afdb_correct_to_wrong_2500_structures\A0A045IT40.pdb,https://alphafold.ebi.ac.uk/files/AF-A0A045IT40-F1-model_v6.pdb,6,A0A045IT40_MYCTX,Aminotransferase,Mycobacterium tuberculosis,False,81.75,
15996a01a5abdbca5e7555e8f0bef679 MCSG-APC22106 A-0,A0A0C7CUC5,100.0,100.0,7.07e-156,441.0,Q1_near_exact,True,downloaded,3Dstructure\afdb_correct_to_wrong_2500_structures\A0A0C7CUC5.pdb,https://alphafold.ebi.ac.uk/files/AF-A0A0C7CUC5-F1-model_v6.pdb,6,A0A0C7CUC5_PSEAI,Phosphoribosyl-dephospho-CoA transferase,Pseudomonas aeruginosa,False,87.44,
75340c21ce6344d652e43c9fe979814f JCSG-595 A-0,O44196,100.0,89.55223880597015,2.26e-32,125.0,Q2_high_confidence,False,downloaded,3Dstructure\afdb_correct_to_wrong_2500_structures\O44196.pdb,https://alphafold.ebi.ac.uk/files/AF-O44196-F1-model_v6.pdb,6,O44196_CAEEL,SLC41A/MgtE integral membrane domain-containing protein,Caenorhabditis elegans,False,82.69,
e1e2299a67d59a559053107233e7c6d8 MCSG-APC109376 A-0,K4PC62,100.0,100.0,2.59e-53,170.0,Q1_near_exact,True,downloaded,3Dstructure\afdb_correct_to_wrong_2500_structures\K4PC62.pdb,https://alphafold.ebi.ac.uk/files/AF-K4PC62-F1-model_v6.pdb,6,K4PC62_9PSEU,Acyl-carrier protein,Streptoalloteichus sp. ATCC 53650,False,82.0,
261d7ede1ac35a4021d365fe2f03a6a3 JCSG-430482 A-1,A0A0H3C9Y4,100.0,100.0,1.14e-131,385.0,Q1_near_exact,True,downloaded,3Dstructure\afdb_correct_to_wrong_2500_structures\A0A0H3C9Y4.pdb,https://alphafold.ebi.ac.uk/files/AF-A0A0H3C9Y4-F1-model_v6.pdb,6,A0A0H3C9Y4_CAUVN,Lysozyme,Caulobacter vibrioides (strain NA1000 / CB15N),False,71.94,
2f4154467455d929d94539a7e8022cb1 NYSGRC-033693 A-0,A0A338VFC5,100.0,100.0,0.0,1107.0,Q1_near_exact,True,downloaded,3Dstructure\afdb_correct_to_wrong_2500_structures\A0A338VFC5.pdb,https://alphafold.ebi.ac.uk/files/AF-A0A338VFC5-F1-model_v6.pdb,6,A0A338VFC5_HUMAN,Centrosomal protein 83,Homo sapiens,False,81.75,
129aa26830c59f9c808c43cee98de7bd SSGCID-HepyC.19472.a A-0,B5Z8V9,100.0,100.0,2.21e-34,120.0,Q1_near_exact,True,downloaded,3Dstructure\afdb_correct_to_wrong_2500_structures\B5Z8V9.pdb,https://alphafold.ebi.ac.uk/files/AF-B5Z8V9-F1-model_v6.pdb,6,B5Z8V9_HELPG,Large ribosomal subunit protein uL29,Helicobacter pylori (strain G27),False,82.75,
800aa81c59d415acfc6d1bf1cc06615c JCSG-442 A-0,Q20508,100.0,100.0,2.1e-46,156.0,Q1_near_exact,True,downloaded,3Dstructure\afdb_correct_to_wrong_2500_structures\Q20508.pdb,https://alphafold.ebi.ac.uk/files/AF-Q20508-F1-model_v6.pdb,6,Q20508_CAEEL,MARVEL domain-containing protein,Caenorhabditis elegans,False,65.75,
c7363fe484bb7f43e452ca3375e97255 MCSG-APC25779 A-0,A0A9Q5QRL3,100.0,100.0,3.58e-73,221.0,Q1_near_exact,True,downloaded,3Dstructure\afdb_correct_to_wrong_2500_structures\A0A9Q5QRL3.pdb,https://alphafold.ebi.ac.uk/files/AF-A0A9Q5QRL3-F1-model_v6.pdb,6,A0A9Q5QRL3_BACCE,YolD-like family protein,Bacillus cereus,False,72.69,
40abc28b0fbc66a12fdcb52f744c429c SSGCID-EnhiA.17862.a A-0,A0A5K1V016,100.0,97.11111111111111,0.0,894.0,Q1_near_exact,False,downloaded,3Dstructure\afdb_correct_to_wrong_2500_structures\A0A5K1V016.pdb,https://alphafold.ebi.ac.uk/files/AF-A0A5K1V016-F1-model_v6.pdb,6,A0A5K1V016_ENTHI,C2H2-type domain-containing protein,Entamoeba histolytica,False,40.06,
84abbeabeb1f0a7b6b8f9b10f3179956 JCSG-402033 A-0,Q7MRG4,100.0,100.0,1.09e-81,244.0,Q1_near_exact,True,downloaded,3Dstructure\afdb_correct_to_wrong_2500_structures\Q7MRG4.pdb,https://alphafold.ebi.ac.uk/files/AF-Q7MRG4-F1-model_v6.pdb,6,Q7MRG4_WOLSU,Nitrogenase-stabilizing/protective protein NifW,Wolinella succinogenes (strain ATCC 29543 / DSM 1740 / CCUG 13145 / JCM 31913 / LMG 7466 / NCTC 11488 / FDC 602W),False,71.75,
25387302adcc7a65635bc9178431cb15 SECSG-T05H10.8 A-0,A0A261AX54,91.557,100.53050397877985,0.0,709.0,Q2_high_confidence,False,no_afdb_model,3Dstructure\afdb_correct_to_wrong_2500_structures\A0A261AX54.pdb,,,,,,,,AFDB API returned HTTP 404
e1a7b2ed63ed4e01d914894d80c8fdef JCSG-423798 A-0,Q9A8V5,100.0,100.0,6.08e-74,223.0,Q1_near_exact,True,downloaded,3Dstructure\afdb_correct_to_wrong_2500_structures\Q9A8V5.pdb,https://alphafold.ebi.ac.uk/files/AF-Q9A8V5-F1-model_v6.pdb,6,Q9A8V5_CAUVC,Uncharacterized protein,Caulobacter vibrioides (strain ATCC 19089 / CIP 103742 / CB 15),False,52.12,
2702603c1b982260f665630bf5cee88b MCSG-APC103500 A-0,A0A4D6KEJ4,100.0,100.0,1.03e-93,276.0,Q1_near_exact,True,downloaded,3Dstructure\afdb_correct_to_wrong_2500_structures\A0A4D6KEJ4.pdb,https://alphafold.ebi.ac.uk/files/AF-A0A4D6KEJ4-F1-model_v6.pdb,6,A0A4D6KEJ4_9EURY,MarR family transcriptional regulator,Halomicrobium mukohataei,False,85.38,
4310c660ad7fe428699ceb76ffb72554 4R10_2 A-1,A0A1I7UMA5,90.0,95.23809523809523,2.3e-40,150.0,Q2_high_confidence,False,no_afdb_model,3Dstructure\afdb_correct_to_wrong_2500_structures\A0A1I7UMA5.pdb,,,,,,,,AFDB API returned HTTP 404
15b2f81dd9b3f45a338396fb921a6f2d SGPP-Lmaj006133AAA A-0,Q4Q064,100.0,100.0,0.0,1243.0,Q1_near_exact,True,downloaded,3Dstructure\afdb_correct_to_wrong_2500_structures\Q4Q064.pdb,https://alphafold.ebi.ac.uk/files/AF-Q4Q064-F1-model_v6.pdb,6,Q4Q064_LEIMA,Leucine-rich repeat protein,Leishmania major,False,60.88,
017d45fcdb2c3bea10359fde801a2903 3HTK_1 A-1,A0A6C1E077,100.0,100.0,4.47e-30,120.0,Q1_near_exact,True,downloaded,3Dstructure\afdb_correct_to_wrong_2500_structures\A0A6C1E077.pdb,https://alphafold.ebi.ac.uk/files/AF-A0A6C1E077-F1-model_v6.pdb,6,A0A6C1E077_SACPS,Structural maintenance of chromosomes protein 5,Saccharomyces pastorianus,False,76.94,
c0d1b4995a49f9d13e4befb6f1efc6c5 SECSG-Pfu-1640657-001 A-0,A0A5C0XU05,100.0,97.53424657534246,0.0,709.0,Q1_near_exact,False,downloaded,3Dstructure\afdb_correct_to_wrong_2500_structures\A0A5C0XU05.pdb,https://alphafold.ebi.ac.uk/files/AF-A0A5C0XU05-F1-model_v6.pdb,6,A0A5C0XU05_PYRFU,Cell wall-binding repeat-containing protein,Pyrococcus furiosus (strain ATCC 43587 / DSM 3638 / JCM 8422 / Vc1),False,82.81,
61a09db03c5b95318e1bf6e45810c7de SSGCID-BupsA.01664.b A-1,Q3JVM1,100.0,90.54054054054053,9.84e-83,268.0,Q2_high_confidence,False,downloaded,3Dstructure\afdb_correct_to_wrong_2500_structures\Q3JVM1.pdb,https://alphafold.ebi.ac.uk/files/AF-Q3JVM1-F1-model_v6.pdb,6,Q3JVM1_BURP1,histidine kinase,Burkholderia pseudomallei (strain 1710b),False,60.97,
05dcb930ae39b2ad1e909030446c975f MCSG-APC104065 A-0,D0LG40,100.0,100.0,0.0,1005.0,Q1_near_exact,True,downloaded,3Dstructure\afdb_correct_to_wrong_2500_structures\D0LG40.pdb,https://alphafold.ebi.ac.uk/files/AF-D0LG40-F1-model_v6.pdb,6,D0LG40_HALO1,Cas10/Cmr2 second palm domain-containing protein,Haliangium ochraceum (strain DSM 14365 / JCM 11303 / SMP-2),False,89.06,
66e6afd894f37b27ce6b8faa4361adae JCSG-383819 A-0,Q2LTC3,100.0,100.0,2.18e-103,300.0,Q1_near_exact,True,downloaded,3Dstructure\afdb_correct_to_wrong_2500_structures\Q2LTC3.pdb,https://alphafold.ebi.ac.uk/files/AF-Q2LTC3-F1-model_v6.pdb,6,Q2LTC3_SYNAS,Hypothetical cytosolic protein,Syntrophus aciditrophicus (strain SB),False,79.94,
23dfca2e40812ef2959e18d8dfc4199d JCSG-402019 A-0,A0AAX2L5V0,100.0,100.0,1.03e-82,246.0,Q1_near_exact,True,downloaded,3Dstructure\afdb_correct_to_wrong_2500_structures\A0AAX2L5V0.pdb,https://alphafold.ebi.ac.uk/files/AF-A0AAX2L5V0-F1-model_v6.pdb,6,A0AAX2L5V0_STRMT,YolD-like protein,Streptococcus mitis,False,72.0,
735386bbd836c984977b3c31eabf6a08 3N7N_2 A-1,G2WBH2,93.137,107.36842105263158,6.7e-55,182.0,Q2_high_confidence,False,downloaded,3Dstructure\afdb_correct_to_wrong_2500_structures\G2WBH2.pdb,https://alphafold.ebi.ac.uk/files/AF-G2WBH2-F1-model_v6.pdb,6,G2WBH2_YEASK,K7_Lrs4p,Saccharomyces cerevisiae (strain Kyokai no. 7 / NBRC 101557),False,56.62,
d969250d7897d5ea521ed9424c59c22b MCSG-APC110601 A-1,D0LZA0,100.0,100.0,0.0,1193.0,Q1_near_exact,True,downloaded,3Dstructure\afdb_correct_to_wrong_2500_structures\D0LZA0.pdb,https://alphafold.ebi.ac.uk/files/AF-D0LZA0-F1-model_v6.pdb,6,D0LZA0_HALO1,Extracellular ligand-binding receptor,Haliangium ochraceum (strain DSM 14365 / JCM 11303 / SMP-2),False,84.19,
229420702e63440c5a1b91a4157a9177 JCSG-378081 A-1,Q30YP9,100.0,83.66013071895425,6.08e-85,254.0,Q2_high_confidence,False,downloaded,3Dstructure\afdb_correct_to_wrong_2500_structures\Q30YP9.pdb,https://alphafold.ebi.ac.uk/files/AF-Q30YP9-F1-model_v6.pdb,6,Q30YP9_OLEA2,Hpt domain protein,Oleidesulfovibrio alaskensis (strain ATCC BAA-1058 / DSM 17464 / G20),False,85.25,
5fd4fe95fcdc41649d9650285ab367ff JCSG-383878 A-0,A0A6N4SUY6,100.0,100.0,2.41e-84,251.0,Q1_near_exact,True,downloaded,3Dstructure\afdb_correct_to_wrong_2500_structures\A0A6N4SUY6.pdb,https://alphafold.ebi.ac.uk/files/AF-A0A6N4SUY6-F1-model_v6.pdb,6,A0A6N4SUY6_CYTH3,YdhG-like domain-containing protein,Cytophaga hutchinsonii (strain ATCC 33406 / DSM 1761 / CIP 103989 / NBRC 15051 / NCIMB 9469 / D465),False,95.0,
719d9a63f087f5a6d5625d3ae0608914 BSGI-C5206_ECOL6 A-0,A0A0H2VDC7,100.0,100.0,1.32e-68,209.0,Q1_near_exact,True,downloaded,3Dstructure\afdb_correct_to_wrong_2500_structures\A0A0H2VDC7.pdb,https://alphafold.ebi.ac.uk/files/AF-A0A0H2VDC7-F1-model_v6.pdb,6,A0A0H2VDC7_ECOL6,PerC family transcriptional regulator,Escherichia coli O6:H1 (strain CFT073 / ATCC 700928 / UPEC),False,82.75,
ef194ed748eff056929332c955d486fa MCSG-APC23429 A-0,A0A0D6FZH7,100.0,100.0,0.0,572.0,Q1_near_exact,True,downloaded,3Dstructure\afdb_correct_to_wrong_2500_structures\A0A0D6FZH7.pdb,https://alphafold.ebi.ac.uk/files/AF-A0A0D6FZH7-F1-model_v6.pdb,6,A0A0D6FZH7_SALTM,Lipoprotein,Salmonella typhimurium,False,83.75,
08ba7f262ec1059f96f32d34d2b44d91 JCSG-454 A-0,Q9XVW0,100.0,100.0,2.66e-43,154.0,Q1_near_exact,True,downloaded,3Dstructure\afdb_correct_to_wrong_2500_structures\Q9XVW0.pdb,https://alphafold.ebi.ac.uk/files/AF-Q9XVW0-F1-model_v6.pdb,6,Q9XVW0_CAEEL,Acyltransferase 3 domain-containing protein,Caenorhabditis elegans,False,90.06,
0b888fe92d7b6e705d918ed585dc131c SECSG-Pfu-1650968-001 A-0,A0A5C0XSY7,99.476,95.97989949748744,6.81e-131,374.0,Q1_near_exact,False,downloaded,3Dstructure\afdb_correct_to_wrong_2500_structures\A0A5C0XSY7.pdb,https://alphafold.ebi.ac.uk/files/AF-A0A5C0XSY7-F1-model_v6.pdb,6,A0A5C0XSY7_PYRFU,ASCH domain-containing protein,Pyrococcus furiosus (strain ATCC 43587 / DSM 3638 / JCM 8422 / Vc1),False,92.19,
b0a4d4f7655c4066c9b075e514e26225 MCSG-APC80802 A-1,Q7MWX5,100.0,100.0,0.0,1381.0,Q1_near_exact,True,downloaded,3Dstructure\afdb_correct_to_wrong_2500_structures\Q7MWX5.pdb,https://alphafold.ebi.ac.uk/files/AF-Q7MWX5-F1-model_v6.pdb,6,Q7MWX5_PORGI,PHP N-terminal domain protein,Porphyromonas gingivalis (strain ATCC BAA-308 / W83),False,86.69,
56b7ada890a03319fd68d1542df36426 NYSGRC-009546 A-0,A0A4D4NA11,100.0,100.0,0.0,1203.0,Q1_near_exact,True,downloaded,3Dstructure\afdb_correct_to_wrong_2500_structures\A0A4D4NA11.pdb,https://alphafold.ebi.ac.uk/files/AF-A0A4D4NA11-F1-model_v6.pdb,6,A0A4D4NA11_STRAX,Uncharacterized protein,Streptomyces avermitilis,False,78.5,
8c62f69ed35d57a233aa8062c130bbef JCSG-392512 A-0,Q05DW2,100.0,91.95402298850574,1.07e-50,163.0,Q2_high_confidence,False,downloaded,3Dstructure\afdb_correct_to_wrong_2500_structures\Q05DW2.pdb,https://alphafold.ebi.ac.uk/files/AF-Q05DW2-F1-model_v6.pdb,6,Q05DW2_AERPE,PIN domain-containing protein,Aeropyrum pernix (strain ATCC 700893 / DSM 11879 / JCM 9820 / NBRC 100138 / K1),False,92.25,
b0d53a077241053338cb0cd3cd93df5a JCSG-367704 A-1,A0A0H3LQ85,100.0,100.0,1.55e-85,254.0,Q1_near_exact,True,downloaded,3Dstructure\afdb_correct_to_wrong_2500_structures\A0A0H3LQ85.pdb,https://alphafold.ebi.ac.uk/files/AF-A0A0H3LQ85-F1-model_v6.pdb,6,A0A0H3LQ85_BORBR,Head-tail adaptor protein,Bordetella bronchiseptica (strain ATCC BAA-588 / NCTC 13252 / RB50),False,77.81,
81bf2c4ff00453ff6d85f8c3fa4dea1c SGPP-Lmaj002834AAA A-0,Q4QCW4,100.0,100.0,0.0,691.0,Q1_near_exact,True,downloaded,3Dstructure\afdb_correct_to_wrong_2500_structures\Q4QCW4.pdb,https://alphafold.ebi.ac.uk/files/AF-Q4QCW4-F1-model_v6.pdb,6,Q4QCW4_LEIMA,GRAM domain-containing protein,Leishmania major,False,54.94,
7363b407eb12e186a81a6cca6f33f154 NYSGRC-033494 A-0,Q5KLL7,99.818,100.0,0.0,1115.0,Q1_near_exact,False,downloaded,3Dstructure\afdb_correct_to_wrong_2500_structures\Q5KLL7.pdb,https://alphafold.ebi.ac.uk/files/AF-Q5KLL7-F1-model_v6.pdb,6,Q5KLL7_CRYNJ,"Transcriptional activator, putative",Cryptococcus neoformans var. neoformans serotype D (strain JEC21 / ATCC MYA-565),False,49.94,
6f78bb3d8a5f360073696e790ae4c71a SGPP-Pfal008510AAA A-0,A0A024WCY8,100.0,100.0,3.38e-74,224.0,Q1_near_exact,True,downloaded,3Dstructure\afdb_correct_to_wrong_2500_structures\A0A024WCY8.pdb,https://alphafold.ebi.ac.uk/files/AF-A0A024WCY8-F1-model_v6.pdb,6,A0A024WCY8_PLAFA,Transcription initiation factor TFIID subunit 10,Plasmodium falciparum Tanzania (2000708),False,76.38,
f916a42dd4ad4007f1ca300ccfa1ef62 MCSG-APC104021 A-0,A0ABR6S1S1,100.0,100.0,0.0,2268.0,Q1_near_exact,True,no_afdb_model,3Dstructure\afdb_correct_to_wrong_2500_structures\A0ABR6S1S1.pdb,,,,,,,,AFDB API returned HTTP 404
227a6400515870e733328d919d4cb134 MCSG-APC36032 A-0,A6XMM0,96.183,99.24242424242425,2.44e-86,261.0,Q1_near_exact,False,no_afdb_model,3Dstructure\afdb_correct_to_wrong_2500_structures\A6XMM0.pdb,,,,,,,,AFDB API returned HTTP 404
8e83300b5a07606eea18ff8a0b3a1be7 MCSG-APC66126.0 A-0,Q9RYU1,100.0,100.0,0.0,752.0,Q1_near_exact,True,downloaded,3Dstructure\afdb_correct_to_wrong_2500_structures\Q9RYU1.pdb,https://alphafold.ebi.ac.uk/files/AF-Q9RYU1-F1-model_v6.pdb,6,Q9RYU1_DEIRA,PucR C-terminal helix-turn-helix domain-containing protein,Deinococcus radiodurans (strain ATCC 13939 / DSM 20539 / JCM 16871 / CCUG 27074 / LMG 4051 / NBRC 15346 / NCIMB 9279 / VKM B-1422 / R1),False,80.69,
39c0fc38702bd7929d6256389ada5653 JCSG-418222 A-1,A0A3R6G8X6,100.0,100.0,1.98e-31,112.0,Q1_near_exact,True,downloaded,3Dstructure\afdb_correct_to_wrong_2500_structures\A0A3R6G8X6.pdb,https://alphafold.ebi.ac.uk/files/AF-A0A3R6G8X6-F1-model_v6.pdb,6,A0A3R6G8X6_9BACT,Uncharacterized protein,Parabacteroides merdae,False,58.19,
a0f535c5b98a1bbe76a183c577af1781 MCSG-APC84516 A-0,A0A0R4J9F3,100.0,100.0,7.24e-67,204.0,Q1_near_exact,True,downloaded,3Dstructure\afdb_correct_to_wrong_2500_structures\A0A0R4J9F3.pdb,https://alphafold.ebi.ac.uk/files/AF-A0A0R4J9F3-F1-model_v6.pdb,6,A0A0R4J9F3_BARHE,Uncharacterized protein,Bartonella henselae (strain ATCC 49882 / DSM 28221 / CCUG 30454 / Houston 1),False,77.88,
f2b6d9255e2770ac5acf9c8eb253858b NYSGRC-033525 A-0,Q5KB15,100.0,100.0,0.0,775.0,Q1_near_exact,True,downloaded,3Dstructure\afdb_correct_to_wrong_2500_structures\Q5KB15.pdb,https://alphafold.ebi.ac.uk/files/AF-Q5KB15-F1-model_v6.pdb,6,Q5KB15_CRYNJ,palmitoyl-CoA hydrolase,Cryptococcus neoformans var. neoformans serotype D (strain JEC21 / ATCC MYA-565),False,83.94,
2723486f0cfeca4bf6546b595ae0aabe SSGCID-LyraC.17251.a A-0,A0A088N9G8,98.543,100.0,0.0,4307.0,Q1_near_exact,False,no_afdb_model,3Dstructure\afdb_correct_to_wrong_2500_structures\A0A088N9G8.pdb,,,,,,,,AFDB API returned HTTP 404
9a491c7f3b729f8fc935276592720df2 CESG-GO.13003 A-0,Q9SCN4,100.0,100.0,0.0,543.0,Q1_near_exact,True,downloaded,3Dstructure\afdb_correct_to_wrong_2500_structures\Q9SCN4.pdb,https://alphafold.ebi.ac.uk/files/AF-Q9SCN4-F1-model_v6.pdb,6,Q9SCN4_ARATH,Uncharacterized protein T4D2_190.1,Arabidopsis thaliana,False,54.72,
33cd1c18f9f53de06381eadb6bf9df90 4NGC_1 A-1,A0A5F8A421,99.336,99.66887417218543,0.0,623.0,Q1_near_exact,False,no_afdb_model,3Dstructure\afdb_correct_to_wrong_2500_structures\A0A5F8A421.pdb,,,,,,,,AFDB API returned HTTP 404
ca60048955532d7cfc2f1da54d59eecf NESG-BfR20 A-0,A0A9Q4IU19,97.619,100.0,7.98e-119,346.0,Q1_near_exact,False,downloaded,3Dstructure\afdb_correct_to_wrong_2500_structures\A0A9Q4IU19.pdb,https://alphafold.ebi.ac.uk/files/AF-A0A9Q4IU19-F1-model_v6.pdb,6,A0A9Q4IU19_BACFG,"Alpha-1,2-fucosyltransferase",Bacteroides fragilis,False,90.56,
c9f5654dd57810acd6997d3498db65a1 SGPP-Tcru014670AAA A-0,A0A7J6YB46,100.0,97.5,6.9e-113,329.0,Q1_near_exact,False,downloaded,3Dstructure\afdb_correct_to_wrong_2500_structures\A0A7J6YB46.pdb,https://alphafold.ebi.ac.uk/files/AF-A0A7J6YB46-F1-model_v6.pdb,6,A0A7J6YB46_TRYCR,LIM zinc-binding domain-containing protein,Trypanosoma cruzi,False,80.94,
37ba40bfefce73e6ecfc55e489933641 MCSG-APC87057 A-0,A0A157T4I1,100.0,100.0,4.31e-117,337.0,Q1_near_exact,True,downloaded,3Dstructure\afdb_correct_to_wrong_2500_structures\A0A157T4I1.pdb,https://alphafold.ebi.ac.uk/files/AF-A0A157T4I1-F1-model_v6.pdb,6,A0A157T4I1_SACSO,Uncharacterized protein,Saccharolobus solfataricus,False,73.0,
155bd929bca11b051a67d3c4a9e1115d SECSG-T06D10.1 A-0,Q9U379,100.0,100.0,7.91e-123,352.0,Q1_near_exact,True,downloaded,3Dstructure\afdb_correct_to_wrong_2500_structures\Q9U379.pdb,https://alphafold.ebi.ac.uk/files/AF-Q9U379-F1-model_v6.pdb,6,Q9U379_CAEEL,Abi_C domain-containing protein,Caenorhabditis elegans,False,81.5,
fc9cc713f763c3c4801fd2028fe3b342 SECSG-T06G6.5 A-0,O62369,100.0,100.0,1.62e-150,425.0,Q1_near_exact,True,downloaded,3Dstructure\afdb_correct_to_wrong_2500_structures\O62369.pdb,https://alphafold.ebi.ac.uk/files/AF-O62369-F1-model_v6.pdb,6,O62369_CAEEL,C2H2-type domain-containing protein,Caenorhabditis elegans,False,49.72,
01392bbf5aa0c3e0da8489d1c8efc7a7 JCSG-419658 A-1,A0A173T513,100.0,100.0,6.41e-31,112.0,Q1_near_exact,True,downloaded,3Dstructure\afdb_correct_to_wrong_2500_structures\A0A173T513.pdb,https://alphafold.ebi.ac.uk/files/AF-A0A173T513-F1-model_v6.pdb,6,A0A173T513_9FIRM,Histidine kinase,Agathobacter rectalis,False,89.25,
474ba45a6ad03935708666b8043920c9 MCSG-APC36139 A-0,U2X2K4,88.75,93.02325581395348,3.13e-43,144.0,Q2_high_confidence,False,downloaded,3Dstructure\afdb_correct_to_wrong_2500_structures\U2X2K4.pdb,https://alphafold.ebi.ac.uk/files/AF-U2X2K4-F1-model_v6.pdb,6,U2X2K4_GEOKU,Rubrerythrin family protein,Geobacillus kaustophilus GBlys,False,89.06,
b0ddb6e71ca1c9bc2478446a1ab4cbed SSGCID-CopoB.01659.a A-1,E9D9G4,98.893,97.48201438848922,1.3e-177,501.0,Q1_near_exact,False,downloaded,3Dstructure\afdb_correct_to_wrong_2500_structures\E9D9G4.pdb,https://alphafold.ebi.ac.uk/files/AF-E9D9G4-F1-model_v6.pdb,6,E9D9G4_COCPS,Uncharacterized protein,Coccidioides posadasii (strain RMSCC 757 / Silveira),False,30.27,
948514976de1659e8115980c0a67a215 SGPP-Tcru006619AAA A-0,A0A2V2XCE3,100.0,100.0,1.77e-160,493.0,Q1_near_exact,True,no_afdb_model,3Dstructure\afdb_correct_to_wrong_2500_structures\A0A2V2XCE3.pdb,,,,,,,,AFDB API returned HTTP 404
6fc47a9f064a1526db507c26cd5b26bb JCSG-370080 A-0,B2J492,100.0,100.0,5.29e-112,323.0,Q1_near_exact,True,downloaded,3Dstructure\afdb_correct_to_wrong_2500_structures\B2J492.pdb,https://alphafold.ebi.ac.uk/files/AF-B2J492-F1-model_v6.pdb,6,B2J492_NOSP7,Transposase IS200-like domain-containing protein,Nostoc punctiforme (strain ATCC 29133 / PCC 73102),False,94.69,
27e71b15d73169fbe4509a8a873e9ff0 JCSG-405317 A-0,B2ITE1,100.0,100.0,0.0,1087.0,Q1_near_exact,True,downloaded,3Dstructure\afdb_correct_to_wrong_2500_structures\B2ITE1.pdb,https://alphafold.ebi.ac.uk/files/AF-B2ITE1-F1-model_v6.pdb,6,B2ITE1_NOSP7,AAA+ ATPase domain-containing protein,Nostoc punctiforme (strain ATCC 29133 / PCC 73102),False,83.94,
237d080d156b17caa44b4aa5a7b0b313 NESG-SR210 A-1,A0A6M4JIL2,100.0,92.7927927927928,3.98e-67,207.0,Q2_high_confidence,False,downloaded,3Dstructure\afdb_correct_to_wrong_2500_structures\A0A6M4JIL2.pdb,https://alphafold.ebi.ac.uk/files/AF-A0A6M4JIL2-F1-model_v6.pdb,6,A0A6M4JIL2_BACSU,SMI1/KNR4 family protein,Bacillus subtilis (strain 168),False,88.38,
e5340d9f5b55827be5ed6a744377cea2 NESG-HR8561A A-1,A0A2K5YN62,99.338,83.42541436464089,1.1e-96,313.0,Q2_high_confidence,False,downloaded,3Dstructure\afdb_correct_to_wrong_2500_structures\A0A2K5YN62.pdb,https://alphafold.ebi.ac.uk/files/AF-A0A2K5YN62-F1-model_v6.pdb,6,A0A2K5YN62_MANLE,Ras protein specific guanine nucleotide releasing factor 2,Mandrillus leucophaeus,False,71.06,
6ac03a32b1a52555264fa77dfeb9de88 JCSG-416561 A-1,A0AAE2VFW2,100.0,100.0,8.56e-48,155.0,Q1_near_exact,True,downloaded,3Dstructure\afdb_correct_to_wrong_2500_structures\A0AAE2VFW2.pdb,https://alphafold.ebi.ac.uk/files/AF-A0AAE2VFW2-F1-model_v6.pdb,6,A0AAE2VFW2_BACIU,Uncharacterized protein,Bacillus subtilis subsp. subtilis,False,57.84,
bae8da43841d65da2586fe2e8590ccc2 JCSG-359441 A-0,A0A1Z4KFQ4,100.0,100.0,0.0,657.0,Q1_near_exact,True,downloaded,3Dstructure\afdb_correct_to_wrong_2500_structures\A0A1Z4KFQ4.pdb,https://alphafold.ebi.ac.uk/files/AF-A0A1Z4KFQ4-F1-model_v6.pdb,6,A0A1Z4KFQ4_ANAVA,Transposase,Trichormus variabilis NIES-23,False,75.0,
9380e157a109e3efa4cec79f2afea7d4 SGPP-Pfal005384AAA A-0,A0A024V8P9,100.0,100.0,3.89e-50,161.0,Q1_near_exact,True,downloaded,3Dstructure\afdb_correct_to_wrong_2500_structures\A0A024V8P9.pdb,https://alphafold.ebi.ac.uk/files/AF-A0A024V8P9-F1-model_v6.pdb,6,A0A024V8P9_PLAFA,Uncharacterized protein,Plasmodium falciparum Vietnam Oak-Knoll (FVO),False,50.19,
66b7c5ae9018795026f202e603bacb44 JCSG-463 A-0,O62286,100.0,100.0,2.13e-39,144.0,Q1_near_exact,True,downloaded,3Dstructure\afdb_correct_to_wrong_2500_structures\O62286.pdb,https://alphafold.ebi.ac.uk/files/AF-O62286-F1-model_v6.pdb,6,O62286_CAEEL,Amino acid transporter transmembrane domain-containing protein,Caenorhabditis elegans,False,84.19,
053d934f0fbeb4f63d55cb32327d99af JCSG-392051 A-0,A0A157T2V5,100.0,100.0,1.03e-111,323.0,Q1_near_exact,True,downloaded,3Dstructure\afdb_correct_to_wrong_2500_structures\A0A157T2V5.pdb,https://alphafold.ebi.ac.uk/files/AF-A0A157T2V5-F1-model_v6.pdb,6,A0A157T2V5_SACSO,Hemerythrin HHE cation binding domain protein,Saccharolobus solfataricus,False,84.56,
962f6ab27fbc8d024f30301debb081e0 MCSG-APC83849 A-0,B4RRD7,98.125,100.0,5.42e-110,329.0,Q1_near_exact,False,downloaded,3Dstructure\afdb_correct_to_wrong_2500_structures\B4RRD7.pdb,https://alphafold.ebi.ac.uk/files/AF-B4RRD7-F1-model_v6.pdb,6,B4RRD7_NEIG2,VacJ-related protein,Neisseria gonorrhoeae (strain NCCP11945),False,72.31,
2f9a32f38b8466d2e608b6ec3abdce4b SGPP-Pfal006399AAA A-0,A0A024V327,100.0,100.0,0.0,584.0,Q1_near_exact,True,downloaded,3Dstructure\afdb_correct_to_wrong_2500_structures\A0A024V327.pdb,https://alphafold.ebi.ac.uk/files/AF-A0A024V327-F1-model_v6.pdb,6,A0A024V327_PLAFA,RRM domain-containing protein,Plasmodium falciparum Vietnam Oak-Knoll (FVO),False,56.44,
1210851011061cc9cca4ff75a5230cf3 MCSG-APC103048 A-0,C6WBX0,100.0,100.0,6.14e-147,416.0,Q1_near_exact,True,downloaded,3Dstructure\afdb_correct_to_wrong_2500_structures\C6WBX0.pdb,https://alphafold.ebi.ac.uk/files/AF-C6WBX0-F1-model_v6.pdb,6,C6WBX0_ACTMD,Polymerase nucleotidyl transferase domain-containing protein,Actinosynnema mirum (strain ATCC 29888 / DSM 43827 / JCM 3225 / NBRC 14064 / NCIMB 13271 / NRRL B-12336 / IMRU 3971 / 101),False,89.94,
3bfd243c0c8b48a1576d9ee7cbb2a17d JCSG-282497 A-0,Q9WZ93,100.0,100.0,0.0,777.0,Q1_near_exact,True,downloaded,3Dstructure\afdb_correct_to_wrong_2500_structures\Q9WZ93.pdb,https://alphafold.ebi.ac.uk/files/AF-Q9WZ93-F1-model_v6.pdb,6,Q9WZ93_THEMA,Uncharacterized protein,Thermotoga maritima (strain ATCC 43589 / DSM 3109 / JCM 10099 / NBRC 100826 / MSB8),False,83.12,
4f67b4fb58bdcba932233697aa9388dd SGPP-Tcru008294AAA A-0,A0A2V2XQ44,100.0,97.97979797979798,3.26e-135,402.0,Q1_near_exact,False,downloaded,3Dstructure\afdb_correct_to_wrong_2500_structures\A0A2V2XQ44.pdb,https://alphafold.ebi.ac.uk/files/AF-A0A2V2XQ44-F1-model_v6.pdb,6,A0A2V2XQ44_TRYCR,Uncharacterized protein,Trypanosoma cruzi,False,62.94,
f2135a98e285e1cbca6d12ce3ed7f981 SECSG-M01F1.8 A-0,Q7YXB7,100.0,100.0,0.0,683.0,Q1_near_exact,True,downloaded,3Dstructure\afdb_correct_to_wrong_2500_structures\Q7YXB7.pdb,https://alphafold.ebi.ac.uk/files/AF-Q7YXB7-F1-model_v6.pdb,6,Q7YXB7_CAEEL,VWFD domain-containing protein,Caenorhabditis elegans,False,67.94,
0b4fa0614e38683b88716d86a4704d9b MCSG-APC65866.0 A-0,O25557,100.0,100.0,1.03e-147,418.0,Q1_near_exact,True,downloaded,3Dstructure\afdb_correct_to_wrong_2500_structures\O25557.pdb,https://alphafold.ebi.ac.uk/files/AF-O25557-F1-model_v6.pdb,6,O25557_HELPY,Uncharacterized protein,Helicobacter pylori (strain ATCC 700392 / 26695),False,79.0,
e3cac5e662de67721dfebd06ebbad3a3 JCSG-383866 A-0,A0AAX2KQB5,100.0,100.0,3.97e-87,258.0,Q1_near_exact,True,downloaded,3Dstructure\afdb_correct_to_wrong_2500_structures\A0AAX2KQB5.pdb,https://alphafold.ebi.ac.uk/files/AF-A0AAX2KQB5-F1-model_v6.pdb,6,A0AAX2KQB5_ENTFL,RNA polymerase sigma factor SigX,Enterococcus faecalis,False,74.06,
961d01a753b6d504120a495d5051489f JCSG-379211 A-0,A0A5Z1FHS4,100.0,100.0,0.0,575.0,Q1_near_exact,True,downloaded,3Dstructure\afdb_correct_to_wrong_2500_structures\A0A5Z1FHS4.pdb,https://alphafold.ebi.ac.uk/files/AF-A0A5Z1FHS4-F1-model_v6.pdb,6,A0A5Z1FHS4_CAMJU,FkbM family methyltransferase,Campylobacter jejuni,False,87.88,
0c94d30c90f8bf0a563dd74b53b4f3c9 NYSGRC-013694 A-0,G0H1D2,100.0,100.0,0.0,1048.0,Q1_near_exact,True,downloaded,3Dstructure\afdb_correct_to_wrong_2500_structures\G0H1D2.pdb,https://alphafold.ebi.ac.uk/files/AF-G0H1D2-F1-model_v6.pdb,6,G0H1D2_METMI,Fibrillarin-like protein,Methanococcus maripaludis X1,False,92.69,
63c894a14f4d21bc7e8f021a78dce19d SGPP-Tbru019943AAA A-0,A0A1G4IC30,100.0,100.0,9.7e-149,420.0,Q1_near_exact,True,downloaded,3Dstructure\afdb_correct_to_wrong_2500_structures\A0A1G4IC30.pdb,https://alphafold.ebi.ac.uk/files/AF-A0A1G4IC30-F1-model_v6.pdb,6,A0A1G4IC30_TRYEQ,Pre-mRNA-splicing factor CWC15,Trypanosoma equiperdum,False,58.0,
9326d4ba8e85f544a99b37e56ba9c931 MCSG-APC23840 A-0,A0A0D3QTA7,100.0,100.0,0.0,582.0,Q1_near_exact,True,downloaded,3Dstructure\afdb_correct_to_wrong_2500_structures\A0A0D3QTA7.pdb,https://alphafold.ebi.ac.uk/files/AF-A0A0D3QTA7-F1-model_v6.pdb,6,A0A0D3QTA7_SALET,glucose-6-phosphate isomerase,"Salmonella enterica subsp. enterica serovar 4,5:i:-",False,95.06,
d785262b2ef83b7033ea23f1371e35be NYSGRC-033160 A-1,B8YEB0,99.672,100.0,0.0,625.0,Q1_near_exact,False,no_afdb_model,3Dstructure\afdb_correct_to_wrong_2500_structures\B8YEB0.pdb,,,,,,,,AFDB API returned HTTP 404
0a8a7857024479318e18b4c54db5bdfc MCSG-APC35856 A-0,A0AA91TCH6,97.391,83.33333333333334,1.16e-76,232.0,Q2_high_confidence,False,downloaded,3Dstructure\afdb_correct_to_wrong_2500_structures\A0AA91TCH6.pdb,https://alphafold.ebi.ac.uk/files/AF-A0AA91TCH6-F1-model_v6.pdb,6,A0AA91TCH6_9BACL,Uncharacterized protein,Geobacillus thermocatenulatus,False,83.38,
4c1141e562568622ca3bee52f19a9f29 SECSG-W09H1.3 A-1,O45901,100.0,100.0,4.66e-69,211.0,Q1_near_exact,True,downloaded,3Dstructure\afdb_correct_to_wrong_2500_structures\O45901.pdb,https://alphafold.ebi.ac.uk/files/AF-O45901-F1-model_v6.pdb,6,O45901_CAEEL,Transthyretin-like family protein,Caenorhabditis elegans,False,71.56,
e54ef0928dfef3c6e5f01fe81d023382 MCSG-APC105855 A-1,Q7NVS8,100.0,100.0,1.3e-165,468.0,Q1_near_exact,True,downloaded,3Dstructure\afdb_correct_to_wrong_2500_structures\Q7NVS8.pdb,https://alphafold.ebi.ac.uk/files/AF-Q7NVS8-F1-model_v6.pdb,6,Q7NVS8_CHRVO,Uncharacterized protein,Chromobacterium violaceum (strain ATCC 12472 / DSM 30191 / JCM 1249 / CCUG 213 / NBRC 12614 / NCIMB 9131 / NCTC 9757 / MK),False,47.44,
cb2cd6637328f7beb4cb7fba31ea742e 2MVH_1 A-1,A0AAP1E7T3,100.0,100.0,3.44e-09,54.7,Q1_near_exact,True,downloaded,3Dstructure\afdb_correct_to_wrong_2500_structures\A0AAP1E7T3.pdb,https://alphafold.ebi.ac.uk/files/AF-A0AAP1E7T3-F1-model_v6.pdb,6,A0AAP1E7T3_BACIU,Stage V sporulation protein required for normal spore cortex and coat synthesis (SpoVM),Bacillus subtilis,False,68.31,
76e71b68bf7279e804aba81a834fe6d5 SGPP-Lmaj012103AAA A-0,Q4Q5E5,100.0,100.0,0.0,1642.0,Q1_near_exact,True,downloaded,3Dstructure\afdb_correct_to_wrong_2500_structures\Q4Q5E5.pdb,https://alphafold.ebi.ac.uk/files/AF-Q4Q5E5-F1-model_v6.pdb,6,Q4Q5E5_LEIMA,G5-interacting protein,Leishmania major,False,65.88,
c70980f7deb8bcaa52bc0468c2dd6aa1 JCSG-370025 A-0,Q8KBQ2,100.0,100.0,0.0,553.0,Q1_near_exact,True,downloaded,3Dstructure\afdb_correct_to_wrong_2500_structures\Q8KBQ2.pdb,https://alphafold.ebi.ac.uk/files/AF-Q8KBQ2-F1-model_v6.pdb,6,Q8KBQ2_CHLTE,N-acetyltransferase domain-containing protein,Chlorobaculum tepidum (strain ATCC 49652 / DSM 12025 / NBRC 103806 / TLS),False,92.56,
6be619d5caa3e8b9f7a10c3ef02bb889 SSGCID-AcbaC.19001.a A-1,A0A0D5YK68,100.0,100.0,5e-131,375.0,Q1_near_exact,True,downloaded,3Dstructure\afdb_correct_to_wrong_2500_structures\A0A0D5YK68.pdb,https://alphafold.ebi.ac.uk/files/AF-A0A0D5YK68-F1-model_v6.pdb,6,A0A0D5YK68_ACIBA,Uncharacterized protein,Acinetobacter baumannii,False,83.0,
f4733d57c44b70a2780e1b7cc41fe3d6 MCSG-APC107254 A-0,C7N8J7,100.0,100.0,0.0,836.0,Q1_near_exact,True,downloaded,3Dstructure\afdb_correct_to_wrong_2500_structures\C7N8J7.pdb,https://alphafold.ebi.ac.uk/files/AF-C7N8J7-F1-model_v6.pdb,6,C7N8J7_LEPBD,Sel1 domain protein repeat-containing protein,Leptotrichia buccalis (strain ATCC 14201 / DSM 1135 / JCM 12969 / NCTC 10249 / C-1013-b),False,86.12,
13609851e6f933480122fdb97255fa17 MCSG-APC21453.1 A-0,A0A395UXF0,100.0,100.0,4.59e-64,207.0,Q1_near_exact,True,downloaded,3Dstructure\afdb_correct_to_wrong_2500_structures\A0A395UXF0.pdb,https://alphafold.ebi.ac.uk/files/AF-A0A395UXF0-F1-model_v6.pdb,6,A0A395UXF0_9FIRM,Stage III sporulation protein AE,Agathobacter rectalis,False,63.22,
2e1b409d17cb59c304786a7b1a57a9d3 NYSGRC-027078 A-0,A0A0E2E3D8,100.0,100.0,3.99e-57,179.0,Q1_near_exact,True,downloaded,3Dstructure\afdb_correct_to_wrong_2500_structures\A0A0E2E3D8.pdb,https://alphafold.ebi.ac.uk/files/AF-A0A0E2E3D8-F1-model_v6.pdb,6,A0A0E2E3D8_TREDN,Glutaredoxin domain-containing protein,Treponema denticola H-22,False,84.31,
bfe54b100a8971a8c7de8704b86e33e0 MCSG-APC27886 A-0,A0A0H2V180,100.0,100.0,9.87e-146,412.0,Q1_near_exact,True,downloaded,3Dstructure\afdb_correct_to_wrong_2500_structures\A0A0H2V180.pdb,https://alphafold.ebi.ac.uk/files/AF-A0A0H2V180-F1-model_v6.pdb,6,A0A0H2V180_SHIFL,Hypothetical bacteriophage protein,Shigella flexneri,False,83.38,
a3c7cb09f3c08534699d42acedf798fd MCSG-APC65905.0 A-0,A4X081,100.0,100.0,9.84e-64,197.0,Q1_near_exact,True,downloaded,3Dstructure\afdb_correct_to_wrong_2500_structures\A4X081.pdb,https://alphafold.ebi.ac.uk/files/AF-A4X081-F1-model_v6.pdb,6,A4X081_CERS5,Transcriptional regulator,Cereibacter sphaeroides (strain ATCC 17025 / ATH 2.4.3),False,86.0,
e55abe8122d360721821ff32bb913918 NESG-HR6465 A-0,A0A2I2ZGJ5,99.535,100.0,1.27e-158,446.0,Q1_near_exact,False,downloaded,3Dstructure\afdb_correct_to_wrong_2500_structures\A0A2I2ZGJ5.pdb,https://alphafold.ebi.ac.uk/files/AF-A0A2I2ZGJ5-F1-model_v6.pdb,6,A0A2I2ZGJ5_GORGO,Ectodysplasin-A receptor-associated adapter protein,Gorilla gorilla gorilla,False,69.38,
c70d1130879e517e32fe19daca538ff4 MCSG-APC22288 A-0,O67922,100.0,100.0,1.7e-96,283.0,Q1_near_exact,True,downloaded,3Dstructure\afdb_correct_to_wrong_2500_structures\O67922.pdb,https://alphafold.ebi.ac.uk/files/AF-O67922-F1-model_v6.pdb,6,O67922_AQUAE,Organic solvent tolerance-like N-terminal domain-containing protein,Aquifex aeolicus (strain VF5),False,88.81,
72644613f3ff12b3512bd71eba2a86f1 JCSG-383906 A-0,A3QAL5,100.0,100.0,7.97e-79,236.0,Q1_near_exact,True,downloaded,3Dstructure\afdb_correct_to_wrong_2500_structures\A3QAL5.pdb,https://alphafold.ebi.ac.uk/files/AF-A3QAL5-F1-model_v6.pdb,6,A3QAL5_SHELP,DUF192 domain-containing protein,Shewanella loihica (strain ATCC BAA-1088 / PV-4),False,95.31,
1fc7a85fd46f5bc95319e0feedf3e9d1 MCSG-APC23385 A-0,A0A0F6B103,100.0,100.0,2.86e-129,369.0,Q1_near_exact,True,downloaded,3Dstructure\afdb_correct_to_wrong_2500_structures\A0A0F6B103.pdb,https://alphafold.ebi.ac.uk/files/AF-A0A0F6B103-F1-model_v6.pdb,6,A0A0F6B103_SALT1,Putative cytoplasmic protein,Salmonella typhimurium (strain 14028s / SGSC 2262),False,89.75,
c1bfac3ace8bbd78c4a36c583d21e6c4 MCSG-APC22058 A-0,A0A2V3GXH6,100.0,100.0,5.71e-101,295.0,Q1_near_exact,True,downloaded,3Dstructure\afdb_correct_to_wrong_2500_structures\A0A2V3GXH6.pdb,https://alphafold.ebi.ac.uk/files/AF-A0A2V3GXH6-F1-model_v6.pdb,6,A0A2V3GXH6_PSEAI,DUF6484 domain-containing protein,Pseudomonas aeruginosa,False,85.06,
ea84b310085b11551bb0be6cd54c3768 MCSG-APC109566 A-0,C0L0L5,100.0,100.0,4.54e-129,369.0,Q1_near_exact,True,downloaded,3Dstructure\afdb_correct_to_wrong_2500_structures\C0L0L5.pdb,https://alphafold.ebi.ac.uk/files/AF-C0L0L5-F1-model_v6.pdb,6,C0L0L5_STRLU,TsrO,Streptomyces laurentii,False,63.12,
582157bec9720154f789ec2f8ac36f89 SGPP-Tbru013981AAA A-0,A0A1G4HZP5,100.0,100.0,0.0,611.0,Q1_near_exact,True,downloaded,3Dstructure\afdb_correct_to_wrong_2500_structures\A0A1G4HZP5.pdb,https://alphafold.ebi.ac.uk/files/AF-A0A1G4HZP5-F1-model_v6.pdb,6,A0A1G4HZP5_TRYEQ,Uncharacterized protein,Trypanosoma equiperdum,False,58.19,
ff4fea546022af6cc123727930384168 JCSG-354721 A-0,A0AAW0J2B1,100.0,100.0,1.15e-98,298.0,Q1_near_exact,True,downloaded,3Dstructure\afdb_correct_to_wrong_2500_structures\A0AAW0J2B1.pdb,https://alphafold.ebi.ac.uk/files/AF-A0AAW0J2B1-F1-model_v6.pdb,6,A0AAW0J2B1_MYOGA,BTB/POZ domain-containing protein KCTD9,Myodes glareolus,False,82.0,
6e19f75110af3ae752c29977103010f5 JCSG-599 A-0,Q9XVW9,100.0,100.0,3e-46,152.0,Q1_near_exact,True,downloaded,3Dstructure\afdb_correct_to_wrong_2500_structures\Q9XVW9.pdb,https://alphafold.ebi.ac.uk/files/AF-Q9XVW9-F1-model_v6.pdb,6,Q9XVW9_CAEEL,Membrane protein BRI3,Caenorhabditis elegans,False,57.25,
e107f48a02869ed96530e28dff388a5b MCSG-APC103453 A-0,D0LNY4,100.0,100.0,0.0,691.0,Q1_near_exact,True,downloaded,3Dstructure\afdb_correct_to_wrong_2500_structures\D0LNY4.pdb,https://alphafold.ebi.ac.uk/files/AF-D0LNY4-F1-model_v6.pdb,6,D0LNY4_HALO1,2-dehydropantoate 2-reductase,Haliangium ochraceum (strain DSM 14365 / JCM 11303 / SMP-2),False,94.5,
f12e976696f0bd8948d7609234582b9b NESG-YR231 A-0,B5VPH7,99.369,100.0,0.0,649.0,Q1_near_exact,False,downloaded,3Dstructure\afdb_correct_to_wrong_2500_structures\B5VPH7.pdb,https://alphafold.ebi.ac.uk/files/AF-B5VPH7-F1-model_v6.pdb,6,B5VPH7_YEAS6,Chromosome segregation in meiosis protein,Saccharomyces cerevisiae (strain AWRI1631),False,63.97,
8a8f56ad876ba4990c5e606aa5895df5 JCSG-250 A-0,Q22760,100.0,100.0,2.43e-63,196.0,Q1_near_exact,True,downloaded,3Dstructure\afdb_correct_to_wrong_2500_structures\Q22760.pdb,https://alphafold.ebi.ac.uk/files/AF-Q22760-F1-model_v6.pdb,6,Q22760_CAEEL,AAA_9 domain-containing protein,Caenorhabditis elegans,False,80.25,
0c5fe9a3d0c03835c2c08ba913227d31 SGPP-Lmaj006941AAA A-0,A0AAW3C4G7,81.342,100.21008403361344,0.0,635.0,Q2_high_confidence,False,downloaded,3Dstructure\afdb_correct_to_wrong_2500_structures\A0AAW3C4G7.pdb,https://alphafold.ebi.ac.uk/files/AF-A0AAW3C4G7-F1-model_v6.pdb,6,A0AAW3C4G7_9TRYP,Uncharacterized protein,Leishmania naiffi,False,50.56,
8c1a92dc4b93bb04df3f318eca738628 JCSG-354574 A-1,Q7TMM0,100.0,100.0,0.0,814.0,Q1_near_exact,True,downloaded,3Dstructure\afdb_correct_to_wrong_2500_structures\Q7TMM0.pdb,https://alphafold.ebi.ac.uk/files/AF-Q7TMM0-F1-model_v6.pdb,6,Q7TMM0_MOUSE,Wdr75 protein,Mus musculus,False,72.62,
a214782baf7982af254dcdd86a92b048 SECSG-F09E10.5 A-0,Q19248,100.0,100.0,0.0,554.0,Q1_near_exact,True,downloaded,3Dstructure\afdb_correct_to_wrong_2500_structures\Q19248.pdb,https://alphafold.ebi.ac.uk/files/AF-Q19248-F1-model_v6.pdb,6,Q19248_CAEEL,Globin family profile domain-containing protein,Caenorhabditis elegans,False,71.38,
ab7f289b6ab1900f0adb760df834a1a3 MCSG-APC103441 A-1,C6W4E9,100.0,100.0,8.87e-146,412.0,Q1_near_exact,True,downloaded,3Dstructure\afdb_correct_to_wrong_2500_structures\C6W4E9.pdb,https://alphafold.ebi.ac.uk/files/AF-C6W4E9-F1-model_v6.pdb,6,C6W4E9_DYAFD,Alkyl hydroperoxide reductase/ Thiol specific antioxidant/ Mal allergen,Dyadobacter fermentans (strain ATCC 700827 / DSM 18053 / CIP 107007 / KCTC 52180 / NS114),False,86.88,
a0571c0af404cc87109acdfcf0dcf6fe SECSG-K01B6.1 A-0,A0A261C6H6,82.051,101.22950819672131,0.0,1135.0,Q2_high_confidence,False,downloaded,3Dstructure\afdb_correct_to_wrong_2500_structures\A0A261C6H6.pdb,https://alphafold.ebi.ac.uk/files/AF-A0A261C6H6-F1-model_v6.pdb,6,A0A261C6H6_9PELO,FH2 domain-containing protein,Caenorhabditis latens,False,63.22,
0ad68a8ace53dbf402e65b88573728fa JCSG-370016 A-0,Q04D07,100.0,100.0,0.0,556.0,Q1_near_exact,True,downloaded,3Dstructure\afdb_correct_to_wrong_2500_structures\Q04D07.pdb,https://alphafold.ebi.ac.uk/files/AF-Q04D07-F1-model_v6.pdb,6,Q04D07_OENOB,"Transcriptional regulator, AraC family",Oenococcus oeni (strain ATCC BAA-331 / PSU-1),False,80.56,
47e423ab6ed697d8b7abdb86b14adb47 SECSG-ZK287.1 A-0,A0AAE9A3N0,99.195,100.0,0.0,1023.0,Q1_near_exact,False,downloaded,3Dstructure\afdb_correct_to_wrong_2500_structures\A0AAE9A3N0.pdb,https://alphafold.ebi.ac.uk/files/AF-A0AAE9A3N0-F1-model_v6.pdb,6,A0AAE9A3N0_CAEBR,CRC domain-containing protein,Caenorhabditis briggsae,False,55.09,
6d3d2a6003e853e3748a5204b537abbf NESG-HR6448 A-0,A0A5N4D1F3,98.165,100.0,0.0,657.0,Q1_near_exact,False,no_afdb_model,3Dstructure\afdb_correct_to_wrong_2500_structures\A0A5N4D1F3.pdb,,,,,,,,AFDB API returned HTTP 404
e931c5ac25a575a27f0b8b3ff3dc82b7 MCSG-APC85759 A-0,A0A1V3J7J2,92.274,99.56043956043956,0.0,860.0,Q2_high_confidence,False,downloaded,3Dstructure\afdb_correct_to_wrong_2500_structures\A0A1V3J7J2.pdb,https://alphafold.ebi.ac.uk/files/AF-A0A1V3J7J2-F1-model_v6.pdb,6,A0A1V3J7J2_9PAST,DNA circularization protein,Rodentibacter genomosp. 1,False,84.62,
ef904db082f76dda5f8027d11eeda5d1 MCSG-APC83804 A-0,A0A1B1ZAS4,100.0,100.0,8.71e-100,291.0,Q1_near_exact,True,downloaded,3Dstructure\afdb_correct_to_wrong_2500_structures\A0A1B1ZAS4.pdb,https://alphafold.ebi.ac.uk/files/AF-A0A1B1ZAS4-F1-model_v6.pdb,6,A0A1B1ZAS4_NEIME,Uncharacterized protein,Neisseria meningitidis,False,94.19,
c2855ce851dba56ee372b7d063fcf6ec SSGCID-EnhiA.18438.a A-0,A0A5K1VDF3,100.0,100.0,0.0,924.0,Q1_near_exact,True,downloaded,3Dstructure\afdb_correct_to_wrong_2500_structures\A0A5K1VDF3.pdb,https://alphafold.ebi.ac.uk/files/AF-A0A5K1VDF3-F1-model_v6.pdb,6,A0A5K1VDF3_ENTHI,Rab-GAP TBC domain-containing protein,Entamoeba histolytica,False,63.34,
52e4ad5c41ebefd47363af3e9db8f54b SGPP-Lmaj005843AAA A-0,Q4Q0I5,100.0,100.0,1.35e-130,413.0,Q1_near_exact,True,no_afdb_model,3Dstructure\afdb_correct_to_wrong_2500_structures\Q4Q0I5.pdb,,,,,,,,AFDB API returned HTTP 404
6120b3c72b6e0110bf3f2de44302ee34 MCSG-APC26336 A-0,A0A060KYQ4,100.0,100.0,5.04e-127,363.0,Q1_near_exact,True,downloaded,3Dstructure\afdb_correct_to_wrong_2500_structures\A0A060KYQ4.pdb,https://alphafold.ebi.ac.uk/files/AF-A0A060KYQ4-F1-model_v6.pdb,6,A0A060KYQ4_VIBCL,Uncharacterized protein,Vibrio cholerae,False,82.69,
7ab4818721c7940ca6d319854f33a22b MCSG-APC82337 A-0,A0A015UC00,100.0,100.0,0.0,634.0,Q1_near_exact,True,downloaded,3Dstructure\afdb_correct_to_wrong_2500_structures\A0A015UC00.pdb,https://alphafold.ebi.ac.uk/files/AF-A0A015UC00-F1-model_v6.pdb,6,A0A015UC00_BACFG,Putative ribose phosphate pyrophosphokinase,Bacteroides fragilis str. 3998T(B)3,False,82.81,
817ae04ce93d9b6fecb370b07b6cb099 MCSG-APC83788 A-0,Q9JXR7,100.0,100.0,2.29e-89,264.0,Q1_near_exact,True,downloaded,3Dstructure\afdb_correct_to_wrong_2500_structures\Q9JXR7.pdb,https://alphafold.ebi.ac.uk/files/AF-Q9JXR7-F1-model_v6.pdb,6,Q9JXR7_NEIMB,Uncharacterized protein,Neisseria meningitidis serogroup B (strain ATCC BAA-335 / MC58),False,66.19,
e4e890450a54ecba61b50a654ddcbe53 SGPP-Pfal006057AAA A-0,W7F5W6,85.714,116.19433198380567,1.99e-171,483.0,Q2_high_confidence,False,downloaded,3Dstructure\afdb_correct_to_wrong_2500_structures\W7F5W6.pdb,https://alphafold.ebi.ac.uk/files/AF-W7F5W6-F1-model_v6.pdb,6,W7F5W6_PLAF8,Tyrosine specific protein phosphatases domain-containing protein,Plasmodium falciparum (isolate 7G8),False,87.38,
e912611ae7a7da0382c04912d6f8190d MCSG-APC27845 A-0,A0A0H2VYK3,100.0,100.0,2.7e-94,277.0,Q1_near_exact,True,downloaded,3Dstructure\afdb_correct_to_wrong_2500_structures\A0A0H2VYK3.pdb,https://alphafold.ebi.ac.uk/files/AF-A0A0H2VYK3-F1-model_v6.pdb,6,A0A0H2VYK3_SHIFL,Uncharacterized protein,Shigella flexneri,False,70.31,
89dacc055a6c70e030c9e1cfcb7bdcfa SSGCID-GilaA.17810.a A-0,A0A644EY87,100.0,98.57612267250822,0.0,1874.0,Q1_near_exact,False,downloaded,3Dstructure\afdb_correct_to_wrong_2500_structures\A0A644EY87.pdb,https://alphafold.ebi.ac.uk/files/AF-A0A644EY87-F1-model_v6.pdb,6,A0A644EY87_GIAIC,Argonaute,Giardia intestinalis (strain ATCC 50803 / WB clone C6),False,77.25,
727ee8870744733c4897ec4f2b9835f6 SGPP-Pfal006552AAA A-0,A0A024V3F8,100.0,100.0,3.1e-78,235.0,Q1_near_exact,True,downloaded,3Dstructure\afdb_correct_to_wrong_2500_structures\A0A024V3F8.pdb,https://alphafold.ebi.ac.uk/files/AF-A0A024V3F8-F1-model_v6.pdb,6,A0A024V3F8_PLAFA,Uncharacterized protein,Plasmodium falciparum Vietnam Oak-Knoll (FVO),False,63.25,
38068d7dd0150dfaf06d4f540a1708cc MCSG-APC22073 A-0,A0A2V4GGT4,100.0,100.0,3.39e-115,332.0,Q1_near_exact,True,downloaded,3Dstructure\afdb_correct_to_wrong_2500_structures\A0A2V4GGT4.pdb,https://alphafold.ebi.ac.uk/files/AF-A0A2V4GGT4-F1-model_v6.pdb,6,A0A2V4GGT4_PSEAI,Water stress/hypersensitive response domain-containing protein,Pseudomonas aeruginosa,False,80.19,
d20deb453cce363cdbb017bc04499c41 5LSB_2 A-1,A0A6C1DXH9,100.0,94.04761904761905,2.65e-51,175.0,Q2_high_confidence,False,downloaded,3Dstructure\afdb_correct_to_wrong_2500_structures\A0A6C1DXH9.pdb,https://alphafold.ebi.ac.uk/files/AF-A0A6C1DXH9-F1-model_v6.pdb,6,A0A6C1DXH9_SACPS,U2 snRNP protein,Saccharomyces pastorianus,False,68.62,
ba746b22a45619606d30865f41a7b1af SGPP-Pfal008585AAA A-0,A0A024VBR1,100.0,100.0,2.75e-57,181.0,Q1_near_exact,True,downloaded,3Dstructure\afdb_correct_to_wrong_2500_structures\A0A024VBR1.pdb,https://alphafold.ebi.ac.uk/files/AF-A0A024VBR1-F1-model_v6.pdb,6,A0A024VBR1_PLAFA,ELM2 domain-containing protein,Plasmodium falciparum Vietnam Oak-Knoll (FVO),False,62.28,
3818cc83979ed4eeee47279423bfbc00 NESG-HsR59 A-0,A0A4D6GZ06,100.0,100.0,0.0,618.0,Q1_near_exact,True,downloaded,3Dstructure\afdb_correct_to_wrong_2500_structures\A0A4D6GZ06.pdb,https://alphafold.ebi.ac.uk/files/AF-A0A4D6GZ06-F1-model_v6.pdb,6,A0A4D6GZ06_HALS9,AAA-4 family protein,Halobacterium salinarum (strain ATCC 33171 / DSM 3754 / JCM 8978 / NBRC 102687 / NCIMB 764 / 91-R6),False,78.44,
0c88a8ebe83e2c00850ce15432c2d7b3 MCSG-APC83869 A-0,A0A0Y5XSM9,100.0,100.0,7.83e-127,362.0,Q1_near_exact,True,downloaded,3Dstructure\afdb_correct_to_wrong_2500_structures\A0A0Y5XSM9.pdb,https://alphafold.ebi.ac.uk/files/AF-A0A0Y5XSM9-F1-model_v6.pdb,6,A0A0Y5XSM9_NEIME,Phage associated protein,Neisseria meningitidis,False,83.0,
0a5084cdfd20ebe0c5758cc7e6ffbf09 JCSG-420908 A-1,A0A0D1BU06,100.0,100.0,1.13e-55,176.0,Q1_near_exact,True,downloaded,3Dstructure\afdb_correct_to_wrong_2500_structures\A0A0D1BU06.pdb,https://alphafold.ebi.ac.uk/files/AF-A0A0D1BU06-F1-model_v6.pdb,6,A0A0D1BU06_CLOBO,Sporulation protein,Clostridium botulinum B2 450,False,86.62,
e076576019533fbcf16f864fd0cec83e JCSG-402006 A-0,A0AAW9TTW6,100.0,100.0,3.76e-118,340.0,Q1_near_exact,True,downloaded,3Dstructure\afdb_correct_to_wrong_2500_structures\A0AAW9TTW6.pdb,https://alphafold.ebi.ac.uk/files/AF-A0AAW9TTW6-F1-model_v6.pdb,6,A0AAW9TTW6_RHIML,RES domain-containing protein,Rhizobium meliloti,False,91.5,
955036c02bac24394e2ccade2e54b860 MCSG-APC27092 A-0,A0A0H5ZXB6,100.0,100.0,1.52e-118,340.0,Q1_near_exact,True,downloaded,3Dstructure\afdb_correct_to_wrong_2500_structures\A0A0H5ZXB6.pdb,https://alphafold.ebi.ac.uk/files/AF-A0A0H5ZXB6-F1-model_v6.pdb,6,A0A0H5ZXB6_VIBCL,Uncharacterized protein,Vibrio cholerae,False,92.88,
3c1473f0445536dd98ea845f123e0799 MCSG-APC104075 A-0,Q6ZEA8,100.0,100.0,0.0,2026.0,Q1_near_exact,True,downloaded,3Dstructure\afdb_correct_to_wrong_2500_structures\Q6ZEA8.pdb,https://alphafold.ebi.ac.uk/files/AF-Q6ZEA8-F1-model_v6.pdb,6,Q6ZEA8_SYNY3,Uncharacterized protein,Synechocystis sp. (strain ATCC 27184 / PCC 6803 / Kazusa),False,89.56,
e7de71bbef5cbf0eea333b5f0486b52d SSGCID-BagrA.18405.a A-1,B0RKD1,100.0,99.54337899543378,5.61e-155,439.0,Q1_near_exact,False,downloaded,3Dstructure\afdb_correct_to_wrong_2500_structures\B0RKD1.pdb,https://alphafold.ebi.ac.uk/files/AF-B0RKD1-F1-model_v6.pdb,6,B0RKD1_BARGR,P-type DNA transfer protein VirB5,Bartonella grahamii,False,60.62,
24c355a7bf84fd436c641b7392b070ab SGPP-Lmaj004669AAA A-0,Q4Q634,100.0,100.0,0.0,936.0,Q1_near_exact,True,downloaded,3Dstructure\afdb_correct_to_wrong_2500_structures\Q4Q634.pdb,https://alphafold.ebi.ac.uk/files/AF-Q4Q634-F1-model_v6.pdb,6,Q4Q634_LEIMA,Uncharacterized protein,Leishmania major,False,78.81,
ada6009c13d0724e163b10c9355860c4 SGPP-Pfal005958AAA A-0,A0A0L7KG62,100.0,100.0,1.49e-52,167.0,Q1_near_exact,True,downloaded,3Dstructure\afdb_correct_to_wrong_2500_structures\A0A0L7KG62.pdb,https://alphafold.ebi.ac.uk/files/AF-A0A0L7KG62-F1-model_v6.pdb,6,A0A0L7KG62_PLAFX,Uncharacterized protein,Plasmodium falciparum (isolate HB3),False,70.69,
db09e4375edc861a9fea731a2dbd8c6d JCSG-402938 A-1,Q39UD6,100.0,100.0,9.09e-90,265.0,Q1_near_exact,True,downloaded,3Dstructure\afdb_correct_to_wrong_2500_structures\Q39UD6.pdb,https://alphafold.ebi.ac.uk/files/AF-Q39UD6-F1-model_v6.pdb,6,Q39UD6_GEOMG,Pyridoxamine-5'-phosphate oxidase-related FMN-binding protein,Geobacter metallireducens (strain ATCC 53774 / DSM 7210 / GS-15),False,89.62,
b915ad7749e940b97546b514ee6af2be 3RJ2_1 A-1,Q5YFA7,100.0,100.0,1.38e-99,291.0,Q1_near_exact,True,downloaded,3Dstructure\afdb_correct_to_wrong_2500_structures\Q5YFA7.pdb,https://alphafold.ebi.ac.uk/files/AF-0000000365776632-model_v1.pdb,1,Q5YFA7_9VIRU,Uncharacterized protein,Singapore grouper iridovirus,False,84.55,
41743e68c8ac274a0fb15eb801244abe SSGCID-CrpaA.18230.a A-0,A0A7G2HL02,100.0,100.0,0.0,528.0,Q1_near_exact,True,downloaded,3Dstructure\afdb_correct_to_wrong_2500_structures\A0A7G2HL02.pdb,https://alphafold.ebi.ac.uk/files/AF-A0A7G2HL02-F1-model_v6.pdb,6,A0A7G2HL02_CRYPV,Protein MAK16 homolog,Cryptosporidium parvum,False,78.38,
bfe2e86f602d0d1e2498d1a3f1190f4d JCSG-383794 A-0,A2SKL8,100.0,100.0,5.06e-101,295.0,Q1_near_exact,True,downloaded,3Dstructure\afdb_correct_to_wrong_2500_structures\A2SKL8.pdb,https://alphafold.ebi.ac.uk/files/AF-A2SKL8-F1-model_v6.pdb,6,A2SKL8_METPP,Integral membrane protein,Methylibium petroleiphilum (strain ATCC BAA-1232 / LMG 22953 / PM1),False,83.31,
0fbdf37c1008961274d21f0154294310 SECSG-R07A4.4 A-0,Q21782,98.281,99.43019943019942,0.0,711.0,Q1_near_exact,False,downloaded,3Dstructure\afdb_correct_to_wrong_2500_structures\Q21782.pdb,https://alphafold.ebi.ac.uk/files/AF-Q21782-F1-model_v6.pdb,6,Q21782_CAEEL,Apple domain-containing protein,Caenorhabditis elegans,False,69.69,
097500c5e06c561839241fa182460cb6 MCSG-APC110682 A-1,C8X6I0,100.0,100.0,1.2e-124,359.0,Q1_near_exact,True,downloaded,3Dstructure\afdb_correct_to_wrong_2500_structures\C8X6I0.pdb,https://alphafold.ebi.ac.uk/files/AF-C8X6I0-F1-model_v6.pdb,6,C8X6I0_NAKMY,NADPH-dependent FMN reductase-like domain-containing protein,Nakamurella multipartita (strain ATCC 700099 / DSM 44233 / CIP 104796 / JCM 9543 / NBRC 105858 / Y-104),False,94.94,
826b02551a0bd00bf7659bc9a9a81f7a MCSG-APC6930 A-1,Q82T29,100.0,100.0,1.74e-67,206.0,Q1_near_exact,True,downloaded,3Dstructure\afdb_correct_to_wrong_2500_structures\Q82T29.pdb,https://alphafold.ebi.ac.uk/files/AF-Q82T29-F1-model_v6.pdb,6,Q82T29_NITEU,Antitoxin,Nitrosomonas europaea (strain ATCC 19718 / CIP 103999 / KCTC 2705 / NBRC 14298),False,71.0,
6ef0131d5a1889dfeda6a4d211a392ee SSGCID-LeinA.18746.a A-0,A0A6L0XX07,100.0,100.0,9.06e-169,474.0,Q1_near_exact,True,downloaded,3Dstructure\afdb_correct_to_wrong_2500_structures\A0A6L0XX07.pdb,https://alphafold.ebi.ac.uk/files/AF-A0A6L0XX07-F1-model_v6.pdb,6,A0A6L0XX07_LEIIN,Hypothetical_protein_-_conserved,Leishmania infantum,False,50.0,
6e322d2f3a5d430c71b83904fc32281d NESG-GsR3 A-0,Q74H43,100.0,100.0,8.74e-91,268.0,Q1_near_exact,True,downloaded,3Dstructure\afdb_correct_to_wrong_2500_structures\Q74H43.pdb,https://alphafold.ebi.ac.uk/files/AF-Q74H43-F1-model_v6.pdb,6,Q74H43_GEOSL,HIRAN domain protein,Geobacter sulfurreducens (strain ATCC 51573 / DSM 12127 / PCA),False,86.12,
b1e67704e32a910a8ec3f221ba817687 MCSG-APC41556.0 A-1,A0A059Y184,100.0,100.0,7.5e-98,286.0,Q1_near_exact,True,downloaded,3Dstructure\afdb_correct_to_wrong_2500_structures\A0A059Y184.pdb,https://alphafold.ebi.ac.uk/files/AF-A0A059Y184-F1-model_v6.pdb,6,A0A059Y184_9BACT,DUF1841 domain-containing protein,Leptospirillum ferriphilum YSK,False,92.0,
97e74668a5a738115516de1a42f98854 SGPP-Lmaj012064AAA A-0,Q4Q5I4,100.0,100.0,0.0,1159.0,Q1_near_exact,True,downloaded,3Dstructure\afdb_correct_to_wrong_2500_structures\Q4Q5I4.pdb,https://alphafold.ebi.ac.uk/files/AF-Q4Q5I4-F1-model_v6.pdb,6,Q4Q5I4_LEIMA,RRM domain-containing protein,Leishmania major,False,36.84,
fe692085d42848fbb1c3397a3e81f624 5ODT_2 A-1,B4E355,97.826,100.0,1.17e-21,95.5,Q1_near_exact,False,downloaded,3Dstructure\afdb_correct_to_wrong_2500_structures\B4E355.pdb,https://alphafold.ebi.ac.uk/files/AF-B4E355-F1-model_v6.pdb,6,B4E355_HUMAN,"cDNA FLJ60398, highly similar to Transforming acidic coiled-coil-containing protein 3",Homo sapiens,False,40.75,
a458b8fe35faf7b3d05729f73297d908 4WP5_2 A-1,G0SG92,98.87,96.72131147540983,8.19e-130,371.0,Q1_near_exact,False,downloaded,3Dstructure\afdb_correct_to_wrong_2500_structures\G0SG92.pdb,https://alphafold.ebi.ac.uk/files/AF-G0SG92-F1-model_v6.pdb,6,G0SG92_CHATD,NTF2 domain-containing protein,Chaetomium thermophilum (strain DSM 1495 / CBS 144.50 / IMI 039719),False,94.25,
747b31e25235cde624322070fa04e9ca 4BI4_1 A-1,S4S1W2,100.0,100.0,1.26e-117,338.0,Q1_near_exact,True,downloaded,3Dstructure\afdb_correct_to_wrong_2500_structures\S4S1W2.pdb,https://alphafold.ebi.ac.uk/files/AF-S4S1W2-F1-model_v6.pdb,6,S4S1W2_SERMA,Ssp1 c50a mutant,Serratia marcescens,False,97.0,
12e7e626d8dab97f336a85e58f54db81 JCSG-371520 A-0,A0A0C6P8X5,100.0,100.0,6.74e-144,407.0,Q1_near_exact,True,downloaded,3Dstructure\afdb_correct_to_wrong_2500_structures\A0A0C6P8X5.pdb,https://alphafold.ebi.ac.uk/files/AF-A0A0C6P8X5-F1-model_v6.pdb,6,A0A0C6P8X5_BORBO,Cysteine dioxygenase,Bordetella bronchiseptica 253,False,93.19,
5f71d4e803685aeab0b177848f220108 JCSG-392240 A-1,Q98LI6,100.0,100.0,2.08e-63,196.0,Q1_near_exact,True,downloaded,3Dstructure\afdb_correct_to_wrong_2500_structures\Q98LI6.pdb,https://alphafold.ebi.ac.uk/files/AF-Q98LI6-F1-model_v6.pdb,6,Q98LI6_RHILO,Msl1007 protein,Mesorhizobium japonicum (strain LMG 29417 / CECT 9101 / MAFF 303099),False,97.06,
65a136071686b348f49a624b12112500 7JHY_3 A-1,A0ACD6B8N3,100.0,100.0,2.15e-108,315.0,Q1_near_exact,True,no_afdb_model,3Dstructure\afdb_correct_to_wrong_2500_structures\A0ACD6B8N3.pdb,,,,,,,,AFDB API returned HTTP 404
623da34586495151557dd532952f57ea MCSG-APC40753.0 A-0,A0AAW7HRL6,100.0,100.0,2.07e-78,235.0,Q1_near_exact,True,downloaded,3Dstructure\afdb_correct_to_wrong_2500_structures\A0AAW7HRL6.pdb,https://alphafold.ebi.ac.uk/files/AF-A0AAW7HRL6-F1-model_v6.pdb,6,A0AAW7HRL6_9PSED,Rieske (2Fe-2S) protein,Pseudomonas alloputida,False,93.56,
3d4c7c57e3b41a53e5eff547820680bb SGPP-Lmaj006140AAA A-0,Q4Q056,100.0,100.0,7.95e-150,427.0,Q1_near_exact,True,downloaded,3Dstructure\afdb_correct_to_wrong_2500_structures\Q4Q056.pdb,https://alphafold.ebi.ac.uk/files/AF-Q4Q056-F1-model_v6.pdb,6,Q4Q056_LEIMA,Methyltransferase type 11 domain-containing protein,Leishmania major,False,73.06,
53b14e199d53952f9bbe86f6763967a0 MCSG-APC35611 A-0,A0ABN4A4R5,98.864,100.0,3.03e-118,341.0,Q1_near_exact,False,no_afdb_model,3Dstructure\afdb_correct_to_wrong_2500_structures\A0ABN4A4R5.pdb,,,,,,,,AFDB API returned HTTP 404
befc0c38e556e2fbb16ac3831fe54579 TB-Rv1333 A-0,A0A045IT55,100.0,100.0,0.0,664.0,Q1_near_exact,True,downloaded,3Dstructure\afdb_correct_to_wrong_2500_structures\A0A045IT55.pdb,https://alphafold.ebi.ac.uk/files/AF-A0A045IT55-F1-model_v6.pdb,6,A0A045IT55_MYCTX,Hydrolase,Mycobacterium tuberculosis,False,95.0,
7791e8120211663da4f63a6ee18ed0e7 2NB9_1 A-1,A0A0H3CAB7,100.0,87.75510204081633,8.81e-23,97.1,Q2_high_confidence,False,downloaded,3Dstructure\afdb_correct_to_wrong_2500_structures\A0A0H3CAB7.pdb,https://alphafold.ebi.ac.uk/files/AF-A0A0H3CAB7-F1-model_v6.pdb,6,A0A0H3CAB7_CAUVN,Zinc-finger pilus regulatory protein ZitP,Caulobacter vibrioides (strain NA1000 / CB15N),False,71.81,
6adda42b6972f5a29def43073df670ba SGPP-Pviv004861AAA A-1,A0A0J9SJM1,100.0,100.0,2.67e-54,175.0,Q1_near_exact,True,downloaded,3Dstructure\afdb_correct_to_wrong_2500_structures\A0A0J9SJM1.pdb,https://alphafold.ebi.ac.uk/files/AF-A0A0J9SJM1-F1-model_v6.pdb,6,A0A0J9SJM1_PLAVI,Uncharacterized protein,Plasmodium vivax India VII,False,69.31,
c34c468ed0479b180528b619bae28c75 MCSG-APC23811 A-0,A0A0H2X1B5,100.0,100.0,2.47e-89,264.0,Q1_near_exact,True,downloaded,3Dstructure\afdb_correct_to_wrong_2500_structures\A0A0H2X1B5.pdb,https://alphafold.ebi.ac.uk/files/AF-A0A0H2X1B5-F1-model_v6.pdb,6,A0A0H2X1B5_STAAC,Uncharacterized protein,Staphylococcus aureus (strain COL),False,93.38,
3628694ea3451403da5ccd35cf468bb2 JCSG-383854 A-0,A0A0H3C2Z6,100.0,100.0,6.77e-90,265.0,Q1_near_exact,True,downloaded,3Dstructure\afdb_correct_to_wrong_2500_structures\A0A0H3C2Z6.pdb,https://alphafold.ebi.ac.uk/files/AF-A0A0H3C2Z6-F1-model_v6.pdb,6,A0A0H3C2Z6_BORBZ,Uncharacterized protein,Borreliella burgdorferi (strain ZS7),False,62.88,
1e52526ec269f127453efc44d20e1bba SGPP-Tbru019161AAA A-0,A0A1G4HYU7,100.0,100.0,1.53e-125,359.0,Q1_near_exact,True,downloaded,3Dstructure\afdb_correct_to_wrong_2500_structures\A0A1G4HYU7.pdb,https://alphafold.ebi.ac.uk/files/AF-A0A1G4HYU7-F1-model_v6.pdb,6,A0A1G4HYU7_TRYEQ,Uncharacterized protein,Trypanosoma equiperdum,False,62.59,
7d2c75a1985c1138bd7f78537db3fc96 MCSG-APC67204.2 A-1,A1R3H1,100.0,100.0,2.59e-159,454.0,Q1_near_exact,True,downloaded,3Dstructure\afdb_correct_to_wrong_2500_structures\A1R3H1.pdb,https://alphafold.ebi.ac.uk/files/AF-A1R3H1-F1-model_v6.pdb,6,A1R3H1_PAEAT,Putative FemAB family protein,Paenarthrobacter aurescens (strain TC1),False,93.38,
1ce56d1497004fa2ea73b188da5611ef MCSG-APC26321 A-0,A0A0H3AM44,100.0,100.0,0.0,541.0,Q1_near_exact,True,downloaded,3Dstructure\afdb_correct_to_wrong_2500_structures\A0A0H3AM44.pdb,https://alphafold.ebi.ac.uk/files/AF-A0A0H3AM44-F1-model_v6.pdb,6,A0A0H3AM44_VIBC3,Beta-mannosidase-like galactose-binding domain-containing protein,Vibrio cholerae serotype O1 (strain ATCC 39541 / Classical Ogawa 395 / O395),False,90.31,
39f02313657f6c0346c27741b31d5b73 MCSG-APC107247 A-0,A0A4D6KC85,100.0,100.0,0.0,537.0,Q1_near_exact,True,downloaded,3Dstructure\afdb_correct_to_wrong_2500_structures\A0A4D6KC85.pdb,https://alphafold.ebi.ac.uk/files/AF-A0A4D6KC85-F1-model_v6.pdb,6,A0A4D6KC85_9EURY,Methanogenesis regulatory protein FilR1 middle domain-containing protein,Halomicrobium mukohataei,False,86.38,
0ff9676678c217a7d06fe8fd6c659578 JCSG-370028 A-0,A0A0C2YDF3,99.625,100.0,0.0,534.0,Q1_near_exact,False,downloaded,3Dstructure\afdb_correct_to_wrong_2500_structures\A0A0C2YDF3.pdb,https://alphafold.ebi.ac.uk/files/AF-A0A0C2YDF3-F1-model_v6.pdb,6,A0A0C2YDF3_PARME,Putative D-tagatose 3-epimerase,Paramagnetospirillum magnetotacticum MS-1,False,96.88,
7ea5e3a7978958f72b8433f82d71b087 JCSG-417367 A-1,A0A0E3T8F2,100.0,100.0,3.57e-62,194.0,Q1_near_exact,True,downloaded,3Dstructure\afdb_correct_to_wrong_2500_structures\A0A0E3T8F2.pdb,https://alphafold.ebi.ac.uk/files/AF-A0A0E3T8F2-F1-model_v6.pdb,6,A0A0E3T8F2_PSEAI,Pf1-like phage protein,Pseudomonas aeruginosa,False,62.0,
dbc0efee96aa7de7bcb8754eb35dca52 JCSG-437 A-0,O45628,100.0,100.0,1.42e-62,205.0,Q1_near_exact,True,downloaded,3Dstructure\afdb_correct_to_wrong_2500_structures\O45628.pdb,https://alphafold.ebi.ac.uk/files/AF-O45628-F1-model_v6.pdb,6,O45628_CAEEL,UBX domain-containing protein,Caenorhabditis elegans,False,82.62,
0ab4bd655ad1c29f203eed1ea0d346c5 NYSGRC-004552 A-0,A0A086LJK9,91.538,109.24369747899159,0.0,937.0,Q2_high_confidence,False,downloaded,3Dstructure\afdb_correct_to_wrong_2500_structures\A0A086LJK9.pdb,https://alphafold.ebi.ac.uk/files/AF-A0A086LJK9-F1-model_v6.pdb,6,A0A086LJK9_TOXGO,Proteasome non-ATPase 26S subunit,Toxoplasma gondii RUB,False,90.94,
088669bdddb365257bc2f68c330733d6 MCSG-APC23804 A-0,A0A0H3JVX8,100.0,100.0,2.36e-120,345.0,Q1_near_exact,True,downloaded,3Dstructure\afdb_correct_to_wrong_2500_structures\A0A0H3JVX8.pdb,https://alphafold.ebi.ac.uk/files/AF-A0A0H3JVX8-F1-model_v6.pdb,6,A0A0H3JVX8_STAAM,Transposase homolog for IS232,Staphylococcus aureus (strain Mu50 / ATCC 700699),False,82.88,
7da1e8503948b0360ee6703d4e72a8ef MCSG-APC81813 A-1,Q8A4K8,100.0,100.0,2.77e-82,245.0,Q1_near_exact,True,downloaded,3Dstructure\afdb_correct_to_wrong_2500_structures\Q8A4K8.pdb,https://alphafold.ebi.ac.uk/files/AF-Q8A4K8-F1-model_v6.pdb,6,Q8A4K8_BACTN,Uncharacterized protein,Bacteroides thetaiotaomicron (strain ATCC 29148 / DSM 2079 / JCM 5827 / CCUG 10774 / NCTC 10582 / VPI-5482 / E50),False,92.81,
6dd5ef671fb8b14668d73f44e65fac2e SSGCID-BobuA.18899.e A-1,A0A0H3C262,100.0,100.0,9.37e-123,353.0,Q1_near_exact,True,downloaded,3Dstructure\afdb_correct_to_wrong_2500_structures\A0A0H3C262.pdb,https://alphafold.ebi.ac.uk/files/AF-A0A0H3C262-F1-model_v6.pdb,6,A0A0H3C262_BORBZ,Putative plasmid partition protein,Borreliella burgdorferi (strain ZS7),False,85.0,
c24847a03aa258bd80aa319b01dac9e6 SECSG-T05D4.2 A-0,O45748,100.0,100.0,0.0,654.0,Q1_near_exact,True,downloaded,3Dstructure\afdb_correct_to_wrong_2500_structures\O45748.pdb,https://alphafold.ebi.ac.uk/files/AF-O45748-F1-model_v6.pdb,6,O45748_CAEEL,F-box associated domain-containing protein,Caenorhabditis elegans,False,85.62,
e0a5a8c0a63a5db2741f9f78a2dd352b BSGI-O27597 A-0,O27597,100.0,100.0,0.0,668.0,Q1_near_exact,True,downloaded,3Dstructure\afdb_correct_to_wrong_2500_structures\O27597.pdb,https://alphafold.ebi.ac.uk/files/AF-O27597-F1-model_v6.pdb,6,O27597_METTH,"Tungsten formylmethanofuran dehydrogenase, subunit F",Methanothermobacter thermautotrophicus (strain ATCC 29096 / DSM 1053 / JCM 10044 / NBRC 100330 / Delta H),False,96.81,
3baa219156bc8e2a64e719da15acab1c JCSG-402919 A-1,Q39WX1,100.0,100.0,5.52e-64,197.0,Q1_near_exact,True,downloaded,3Dstructure\afdb_correct_to_wrong_2500_structures\Q39WX1.pdb,https://alphafold.ebi.ac.uk/files/AF-Q39WX1-F1-model_v6.pdb,6,Q39WX1_GEOMG,Antibiotic biosynthesis monooxygenase domain protein,Geobacter metallireducens (strain ATCC 53774 / DSM 7210 / GS-15),False,96.38,
f0caffe86f63f36799fcf66502bde2fe MCSG-APC41682.0 A-1,A0A0K0L8Y0,100.0,100.0,1.57e-78,236.0,Q1_near_exact,True,no_afdb_model,3Dstructure\afdb_correct_to_wrong_2500_structures\A0A0K0L8Y0.pdb,,,,,,,,AFDB API returned HTTP 404
db4d8da81cbb91d6693c5b8e2e7c0a6e JCSG-283391 A-1,Q9X1M0,100.0,100.0,1.57e-77,233.0,Q1_near_exact,True,downloaded,3Dstructure\afdb_correct_to_wrong_2500_structures\Q9X1M0.pdb,https://alphafold.ebi.ac.uk/files/AF-Q9X1M0-F1-model_v6.pdb,6,Q9X1M0_THEMA,Uncharacterized protein,Thermotoga maritima (strain ATCC 43589 / DSM 3109 / JCM 10099 / NBRC 100826 / MSB8),False,70.19,
185216323c8d0bec0db888d8da778643 BSGI-C2510_ECOL6 A-0,A0A0H2VAW1,100.0,100.0,1.55e-80,241.0,Q1_near_exact,True,downloaded,3Dstructure\afdb_correct_to_wrong_2500_structures\A0A0H2VAW1.pdb,https://alphafold.ebi.ac.uk/files/AF-A0A0H2VAW1-F1-model_v6.pdb,6,A0A0H2VAW1_ECOL6,Uncharacterized protein,Escherichia coli O6:H1 (strain CFT073 / ATCC 700928 / UPEC),False,76.06,
a3cf3fa1710178eac71421e4bf03a3fc TB-Rv2036 A-0,A0A045JQ87,100.0,100.0,3.73e-151,427.0,Q1_near_exact,True,downloaded,3Dstructure\afdb_correct_to_wrong_2500_structures\A0A045JQ87.pdb,https://alphafold.ebi.ac.uk/files/AF-A0A045JQ87-F1-model_v6.pdb,6,A0A045JQ87_MYCTX,DinB family protein,Mycobacterium tuberculosis,False,87.88,
8d34686e5b3e9d7699e4316fc6ea0e9f JCSG-370507 A-1,Q97H02,100.0,100.0,5.86e-90,266.0,Q1_near_exact,True,downloaded,3Dstructure\afdb_correct_to_wrong_2500_structures\Q97H02.pdb,https://alphafold.ebi.ac.uk/files/AF-Q97H02-F1-model_v6.pdb,6,Q97H02_CLOAB,Uncharacterized protein,Clostridium acetobutylicum (strain ATCC 824 / DSM 792 / JCM 1419 / IAM 19013 / LMG 5710 / NBRC 13948 / NRRL B-527 / VKM B-1787 / 2291 / W),False,82.69,
d4588f3aca96384c09ac3472f3f2e8be MCSG-APC23796 A-0,A0A9Q4UHP0,100.0,100.0,1.02e-70,215.0,Q1_near_exact,True,downloaded,3Dstructure\afdb_correct_to_wrong_2500_structures\A0A9Q4UHP0.pdb,https://alphafold.ebi.ac.uk/files/AF-A0A9Q4UHP0-F1-model_v6.pdb,6,A0A9Q4UHP0_STAAU,Uncharacterized protein,Staphylococcus aureus,False,95.69,
c0e685591c6ed0c432618fafac2e5d4d MCSG-APC25775 A-0,Q81GA1,100.0,100.0,8.87e-84,249.0,Q1_near_exact,True,downloaded,3Dstructure\afdb_correct_to_wrong_2500_structures\Q81GA1.pdb,https://alphafold.ebi.ac.uk/files/AF-Q81GA1-F1-model_v6.pdb,6,Q81GA1_BACCR,Cyclic-phosphate processing Receiver domain-containing protein,Bacillus cereus (strain ATCC 14579 / DSM 31 / CCUG 7414 / JCM 2152 / NBRC 15305 / NCIMB 9373 / NCTC 2599 / NRRL B-3711),False,90.81,
6c3d58b99d66cb1fe1bffc05fd9ba9dd 5T09_1 A-1,A0A0Q0CD50,100.0,100.0,5.2e-174,487.0,Q1_near_exact,True,downloaded,3Dstructure\afdb_correct_to_wrong_2500_structures\A0A0Q0CD50.pdb,https://alphafold.ebi.ac.uk/files/AF-A0A0Q0CD50-F1-model_v6.pdb,6,A0A0Q0CD50_PSEAP,Type III effector HopBA1,Pseudomonas syringae pv. aptata,False,80.62,
22cca2496e21423f163146293d82c862 JCSG-417435 A-1,A7B3G2,100.0,100.0,4.5e-97,285.0,Q1_near_exact,True,downloaded,3Dstructure\afdb_correct_to_wrong_2500_structures\A7B3G2.pdb,https://alphafold.ebi.ac.uk/files/AF-A7B3G2-F1-model_v6.pdb,6,A7B3G2_MEDG7,HIRAN domain-containing protein,Mediterraneibacter gnavus (strain ATCC 29149 / DSM 114966 / JCM 6515 / VPI C7-9),False,74.75,
62d0bf4dd3b79eefd9cc5233357f22c9 SECSG-T06G6.3 A-0,O18051,100.0,100.0,0.0,1035.0,Q1_near_exact,True,downloaded,3Dstructure\afdb_correct_to_wrong_2500_structures\O18051.pdb,https://alphafold.ebi.ac.uk/files/AF-O18051-F1-model_v6.pdb,6,O18051_CAEEL,Coiled-coil domain-containing protein 146,Caenorhabditis elegans,False,71.19,
43bc7ecf87a5b8b26ebe04f7d26524d5 MCSG-APC107242 A-0,A0A4D6KCR4,100.0,100.0,0.0,526.0,Q1_near_exact,True,downloaded,3Dstructure\afdb_correct_to_wrong_2500_structures\A0A4D6KCR4.pdb,https://alphafold.ebi.ac.uk/files/AF-A0A4D6KCR4-F1-model_v6.pdb,6,A0A4D6KCR4_9EURY,Response regulator receiver protein,Halomicrobium mukohataei,False,76.56,
97c7dbc0cb0a7e9048a8032e085bc623 JCSG-366522 A-0,B2IZP3,100.0,100.0,4.42e-140,405.0,Q1_near_exact,True,downloaded,3Dstructure\afdb_correct_to_wrong_2500_structures\B2IZP3.pdb,https://alphafold.ebi.ac.uk/files/AF-B2IZP3-F1-model_v6.pdb,6,B2IZP3_NOSP7,Transposase family protein,Nostoc punctiforme (strain ATCC 29133 / PCC 73102),False,75.06,
412b5ba15595ca9677c65097f824f68a MCSG-APC83973 A-1,A0A0H5QRN6,100.0,100.0,0.0,556.0,Q1_near_exact,True,downloaded,3Dstructure\afdb_correct_to_wrong_2500_structures\A0A0H5QRN6.pdb,https://alphafold.ebi.ac.uk/files/AF-A0A0H5QRN6-F1-model_v6.pdb,6,A0A0H5QRN6_NEIMI,Polysaccharide biosynthesis protein WlaX,Neisseria meningitidis serogroup B,False,95.75,
45322f7ecb8f3122ff120ef716f759c1 SECSG-ZK228.3 A-0,O46009,100.0,100.0,0.0,650.0,Q1_near_exact,True,downloaded,3Dstructure\afdb_correct_to_wrong_2500_structures\O46009.pdb,https://alphafold.ebi.ac.uk/files/AF-O46009-F1-model_v6.pdb,6,O46009_CAEEL,YitH/HolE acetyltransferase (GNAT) domain-containing protein,Caenorhabditis elegans,False,96.0,
24f88d0dc1b662efc733aa6e442d07cc MCSG-APC41702.0 A-1,A9J548,100.0,100.0,3.31e-66,203.0,Q1_near_exact,True,no_afdb_model,3Dstructure\afdb_correct_to_wrong_2500_structures\A9J548.pdb,,,,,,,,AFDB API returned HTTP 404
3ef4448345d0bfe80471161122ed1c06 SSGCID-EnhiA.17856.a A-0,A0A5K1UQR4,100.0,96.97674418604652,0.0,860.0,Q1_near_exact,False,downloaded,3Dstructure\afdb_correct_to_wrong_2500_structures\A0A5K1UQR4.pdb,https://alphafold.ebi.ac.uk/files/AF-A0A5K1UQR4-F1-model_v6.pdb,6,A0A5K1UQR4_ENTHI,Rab3-GAP regulatory subunit N-terminal domain-containing protein,Entamoeba histolytica,False,50.72,
147eb730aa5f3f5380e5bd2087918027 MCSG-APC87047 A-0,A0A3G8ELD0,100.0,100.0,0.0,538.0,Q1_near_exact,True,downloaded,3Dstructure\afdb_correct_to_wrong_2500_structures\A0A3G8ELD0.pdb,https://alphafold.ebi.ac.uk/files/AF-A0A3G8ELD0-F1-model_v6.pdb,6,A0A3G8ELD0_SACSO,CRISPR-associated protein Cas5,Saccharolobus solfataricus,False,85.94,
2511437e7a98d0959d72620c5d5db2a6 SECSG-F41G3.6 A-0,Q20287,100.0,100.0,0.0,615.0,Q1_near_exact,True,downloaded,3Dstructure\afdb_correct_to_wrong_2500_structures\Q20287.pdb,https://alphafold.ebi.ac.uk/files/AF-Q20287-F1-model_v6.pdb,6,Q20287_CAEEL,DUF2013 domain-containing protein,Caenorhabditis elegans,False,67.25,
31a4f3fd57e7c275dd55d91c63870830 SGPP-Tbru015144AAA A-1,A0A1G4I5M7,100.0,96.8,2.44e-80,241.0,Q1_near_exact,False,downloaded,3Dstructure\afdb_correct_to_wrong_2500_structures\A0A1G4I5M7.pdb,https://alphafold.ebi.ac.uk/files/AF-A0A1G4I5M7-F1-model_v6.pdb,6,A0A1G4I5M7_TRYEQ,Uncharacterized protein,Trypanosoma equiperdum,False,46.81,
a1f5ea7b87bf31edd6cc8503ff6fe35b SSGCID-HepyC.19473.a A-0,A0A1V3ASI4,100.0,100.0,0.0,520.0,Q1_near_exact,True,downloaded,3Dstructure\afdb_correct_to_wrong_2500_structures\A0A1V3ASI4.pdb,https://alphafold.ebi.ac.uk/files/AF-A0A1V3ASI4-F1-model_v6.pdb,6,A0A1V3ASI4_HELPX,Magnesium transport protein CorA,Helicobacter pylori,False,86.31,
c346a4cb6135995390e371966b30dbfc 5DWB_1 A-1,A0A0N7LVK2,99.64,100.0,0.0,570.0,Q1_near_exact,False,downloaded,3Dstructure\afdb_correct_to_wrong_2500_structures\A0A0N7LVK2.pdb,https://alphafold.ebi.ac.uk/files/AF-A0A0N7LVK2-F1-model_v6.pdb,6,A0A0N7LVK2_THAGE,BsaWI restriction endonuclease type 2 domain-containing protein,Thalassovita gelatinovora,False,93.81,
c706883cdb6eb767ac36ead2b9e4ea3a JCSG-402696 A-1,Q481P0,100.0,100.0,7.77e-68,207.0,Q1_near_exact,True,downloaded,3Dstructure\afdb_correct_to_wrong_2500_structures\Q481P0.pdb,https://alphafold.ebi.ac.uk/files/AF-Q481P0-F1-model_v6.pdb,6,Q481P0_COLP3,DUF1330 domain-containing protein,Colwellia psychrerythraea (strain 34H / ATCC BAA-681),False,96.56,
4ec99a87bc5836b8e1c0f130b070295e MCSG-APC41475.0 A-1,B6ANJ3,100.0,100.0,6.37e-70,213.0,Q1_near_exact,True,downloaded,3Dstructure\afdb_correct_to_wrong_2500_structures\B6ANJ3.pdb,https://alphafold.ebi.ac.uk/files/AF-B6ANJ3-F1-model_v6.pdb,6,B6ANJ3_9BACT,Transcriptional regulator,Leptospirillum sp. Group II '5-way CG',False,92.25,
1c06d21a310ada5c8cdcd3ea91bb042b SGPP-Pviv009021AAA A-0,A0A0J9S6S8,100.0,100.0,0.0,590.0,Q1_near_exact,True,downloaded,3Dstructure\afdb_correct_to_wrong_2500_structures\A0A0J9S6S8.pdb,https://alphafold.ebi.ac.uk/files/AF-A0A0J9S6S8-F1-model_v6.pdb,6,A0A0J9S6S8_PLAVI,Uncharacterized protein,Plasmodium vivax India VII,False,59.91,
a21dffb1045116f9391baa571de6c60b JCSG-370451 A-1,Q2STJ3,100.0,100.0,5.03e-106,308.0,Q1_near_exact,True,downloaded,3Dstructure\afdb_correct_to_wrong_2500_structures\Q2STJ3.pdb,https://alphafold.ebi.ac.uk/files/AF-Q2STJ3-F1-model_v6.pdb,6,Q2STJ3_BURTA,Helix-turn-helix domain protein,Burkholderia thailandensis (strain ATCC 700388 / DSM 13276 / CCUG 48851 / CIP 106301 / E264),False,67.12,
3384e7091b35a8fbc3cad64ccca13014 TB-Rv2513 A-1,A5U5L1,100.0,100.0,7.83e-94,276.0,Q1_near_exact,True,downloaded,3Dstructure\afdb_correct_to_wrong_2500_structures\A5U5L1.pdb,https://alphafold.ebi.ac.uk/files/AF-A5U5L1-F1-model_v6.pdb,6,A5U5L1_MYCTA,Uncharacterized protein,Mycobacterium tuberculosis (strain ATCC 25177 / H37Ra),False,31.7,
a0a4f477889b16eb9e855d9efa8cb32d SECSG-F12E12.H A-0,Q9BLC0,100.0,100.0,7.1e-123,352.0,Q1_near_exact,True,downloaded,3Dstructure\afdb_correct_to_wrong_2500_structures\Q9BLC0.pdb,https://alphafold.ebi.ac.uk/files/AF-Q9BLC0-F1-model_v6.pdb,6,Q9BLC0_CAEEL,Uncharacterized protein,Caenorhabditis elegans,False,78.06,
5ca7161720ef556d9d744efab14ba6fa JCSG-383793 A-0,A0A6N4SUG2,100.0,100.0,9.92e-108,312.0,Q1_near_exact,True,downloaded,3Dstructure\afdb_correct_to_wrong_2500_structures\A0A6N4SUG2.pdb,https://alphafold.ebi.ac.uk/files/AF-A0A6N4SUG2-F1-model_v6.pdb,6,A0A6N4SUG2_CYTH3,YdhG-like domain-containing protein,Cytophaga hutchinsonii (strain ATCC 33406 / DSM 1761 / CIP 103989 / NBRC 15051 / NCIMB 9469 / D465),False,93.94,
13a67b88ce363327f71be65084e78bb6 SSGCID-RifeA.17424.a A-0,A0A0F3MX31,100.0,100.0,3.69e-92,271.0,Q1_near_exact,True,downloaded,3Dstructure\afdb_correct_to_wrong_2500_structures\A0A0F3MX31.pdb,https://alphafold.ebi.ac.uk/files/AF-A0A0F3MX31-F1-model_v6.pdb,6,A0A0F3MX31_RICFI,Putative glutamine amidotransferase,Rickettsia felis str. Pedreira,False,74.06,
f28b5e02f6dd6f6101d9c6515d4b9d3f JCSG-369245 A-1,B2IZJ8,100.0,100.0,1.37e-131,375.0,Q1_near_exact,True,downloaded,3Dstructure\afdb_correct_to_wrong_2500_structures\B2IZJ8.pdb,https://alphafold.ebi.ac.uk/files/AF-B2IZJ8-F1-model_v6.pdb,6,B2IZJ8_NOSP7,DOMON-like domain-containing protein,Nostoc punctiforme (strain ATCC 29133 / PCC 73102),False,96.0,
f2e68f87e7715548498f30763e0b4ed9 JCSG-376514 A-0,Q1IZ59,99.219,100.0,1.37e-88,262.0,Q1_near_exact,False,downloaded,3Dstructure\afdb_correct_to_wrong_2500_structures\Q1IZ59.pdb,https://alphafold.ebi.ac.uk/files/AF-Q1IZ59-F1-model_v6.pdb,6,Q1IZ59_DEIGD,Uncharacterized protein,Deinococcus geothermalis (strain DSM 11300 / CIP 105573 / AG-3a),False,91.62,
ceadabdb24dbfb37ba27098f70cd6e6e MCSG-APC21351.2 A-0,A0A2N5PII2,100.0,100.0,6.57e-65,207.0,Q1_near_exact,True,downloaded,3Dstructure\afdb_correct_to_wrong_2500_structures\A0A2N5PII2.pdb,https://alphafold.ebi.ac.uk/files/AF-A0A2N5PII2-F1-model_v6.pdb,6,A0A2N5PII2_MEDGN,DUF1385 domain-containing protein,Mediterraneibacter gnavus,False,85.56,
97cc712ae31407d06f36c2643268db1c MCSG-APC108332 A-1,A0AAN5SZP3,100.0,100.0,0.0,646.0,Q1_near_exact,True,downloaded,3Dstructure\afdb_correct_to_wrong_2500_structures\A0AAN5SZP3.pdb,https://alphafold.ebi.ac.uk/files/AF-A0AAN5SZP3-F1-model_v6.pdb,6,A0AAN5SZP3_LEGPN,Lpg1654 family Dot/Icm T4SS effector,Legionella pneumophila,False,67.88,
f246898877d7762515f5d5a8a2bca06b MCSG-APC103311 A-0,A0A979G0S6,100.0,100.0,0.0,576.0,Q1_near_exact,True,downloaded,3Dstructure\afdb_correct_to_wrong_2500_structures\A0A979G0S6.pdb,https://alphafold.ebi.ac.uk/files/AF-A0A979G0S6-F1-model_v6.pdb,6,A0A979G0S6_CHIPD,O-methyltransferase involved in polyketide biosynthesis,Chitinophaga pinensis (strain ATCC 43595 / DSM 2588 / LMG 13176 / NBRC 15968 / NCIMB 11800 / UQM 2034),False,91.69,
bd12dc2059c484467d87ea5294cb6ae8 4DQ5_1 A-1,Q283U5,100.0,100.0,1.9e-122,353.0,Q1_near_exact,True,no_afdb_model,3Dstructure\afdb_correct_to_wrong_2500_structures\Q283U5.pdb,,,,,,,,AFDB API returned HTTP 404
ecd5f29e40fa2b4a695db465e94d4b77 SSGCID-PlbeA.18601.a A-0,Q8WP96,96.618,100.0,7.88e-131,400.0,Q1_near_exact,False,downloaded,3Dstructure\afdb_correct_to_wrong_2500_structures\Q8WP96.pdb,https://alphafold.ebi.ac.uk/files/AF-Q8WP96-F1-model_v6.pdb,6,Q8WP96_PLABE,glutamate--cysteine ligase,Plasmodium berghei,False,75.25,
26aad46b7869f63e43fbde3fa8aaa0ca SECSG-T05G5.8 A-0,G0MKA1,93.317,100.0,0.0,1564.0,Q2_high_confidence,False,downloaded,3Dstructure\afdb_correct_to_wrong_2500_structures\G0MKA1.pdb,https://alphafold.ebi.ac.uk/files/AF-G0MKA1-F1-model_v6.pdb,6,G0MKA1_CAEBE,Vacuolar protein sorting-associated protein 53 homolog,Caenorhabditis brenneri,False,78.94,
f4de6f2cfb4bf6abbe4b0bca647635ff SSGCID-LeinA.19528.a A-0,A0A6J8F6T5,100.0,100.0,2.2e-97,312.0,Q1_near_exact,True,downloaded,3Dstructure\afdb_correct_to_wrong_2500_structures\A0A6J8F6T5.pdb,https://alphafold.ebi.ac.uk/files/AF-A0A6J8F6T5-F1-model_v6.pdb,6,A0A6J8F6T5_LEIDO,Bifunctional helicase and thymine dioxygenase JBP2,Leishmania donovani,False,74.75,
c9ed83b0203b382fbd48e4f59c1336bf NESG-HR3478F A-0,A0A7K6TRH5,100.0,100.0,7.08e-152,468.0,Q1_near_exact,True,no_afdb_model,3Dstructure\afdb_correct_to_wrong_2500_structures\A0A7K6TRH5.pdb,,,,,,,,AFDB API returned HTTP 404
3ac2f257ac90b586093fec4213ced1fb 3W20_1 A-1,Q0B2N4,100.0,100.0,0.0,570.0,Q1_near_exact,True,downloaded,3Dstructure\afdb_correct_to_wrong_2500_structures\Q0B2N4.pdb,https://alphafold.ebi.ac.uk/files/AF-Q0B2N4-F1-model_v6.pdb,6,Q0B2N4_BURCM,Prolyl 4-hydroxylase alpha subunit Fe(2+) 2OG dioxygenase domain-containing protein,Burkholderia ambifaria (strain ATCC BAA-244 / DSM 16087 / CCUG 44356 / LMG 19182 / AMMD),False,86.94,
ee0b9571ff00ecc801b4692b9311460f MCSG-APC104080 A-0,C7MTN0,100.0,100.0,0.0,1142.0,Q1_near_exact,True,downloaded,3Dstructure\afdb_correct_to_wrong_2500_structures\C7MTN0.pdb,https://alphafold.ebi.ac.uk/files/AF-C7MTN0-F1-model_v6.pdb,6,C7MTN0_SACVD,"CRISPR-associated protein, Cse1 family",Saccharomonospora viridis (strain ATCC 15386 / DSM 43017 / JCM 3036 / CCUG 5913 / NBRC 12207 / NCIMB 9602 / P101),False,90.0,
5772b8d25a7640668c47850f81314a1b SECSG-M04F3.5 A-0,A0A1C3NSH3,100.0,100.0,0.0,1357.0,Q1_near_exact,True,downloaded,3Dstructure\afdb_correct_to_wrong_2500_structures\A0A1C3NSH3.pdb,https://alphafold.ebi.ac.uk/files/AF-A0A1C3NSH3-F1-model_v6.pdb,6,A0A1C3NSH3_CAEEL,IMD domain-containing protein,Caenorhabditis elegans,False,57.53,
77c4ede78fb2f801aa8580bf40077336 JCSG-392121 A-1,A0A850LPU5,100.0,100.0,1.17e-64,199.0,Q1_near_exact,True,downloaded,3Dstructure\afdb_correct_to_wrong_2500_structures\A0A850LPU5.pdb,https://alphafold.ebi.ac.uk/files/AF-A0A850LPU5-F1-model_v6.pdb,6,A0A850LPU5_9RHOB,HTH marR-type domain-containing protein,Ruegeria pomeroyi,False,90.19,
3c15a7dd62f2aef86ea07a8ce0a6ceee MCSG-APC35943 A-0,U2XZF8,99.252,100.0,0.0,798.0,Q1_near_exact,False,downloaded,3Dstructure\afdb_correct_to_wrong_2500_structures\U2XZF8.pdb,https://alphafold.ebi.ac.uk/files/AF-U2XZF8-F1-model_v6.pdb,6,U2XZF8_GEOKU,Lipoprotein,Geobacillus kaustophilus GBlys,False,87.44,
7b38d11d5f8cde4c12f19a75fddc42c5 JCSG-392467 A-0,A0A0G9H0J3,100.0,100.0,4.09e-60,187.0,Q1_near_exact,True,downloaded,3Dstructure\afdb_correct_to_wrong_2500_structures\A0A0G9H0J3.pdb,https://alphafold.ebi.ac.uk/files/AF-A0A0G9H0J3-F1-model_v6.pdb,6,A0A0G9H0J3_LACPN,DUF2089 family protein,Lactiplantibacillus plantarum,False,87.94,
90b89f26698d5913a6d6324de8e217f6 SECSG-K02D10.4 A-0,A0A260YPJ0,82.096,100.88105726872247,2.59e-123,359.0,Q2_high_confidence,False,downloaded,3Dstructure\afdb_correct_to_wrong_2500_structures\A0A260YPJ0.pdb,https://alphafold.ebi.ac.uk/files/AF-A0A260YPJ0-F1-model_v6.pdb,6,A0A260YPJ0_CAERE,Uncharacterized protein,Caenorhabditis remanei,False,64.38,
3013a9064697ba153b3352394e0e5346 SGPP-Tcru008373AAA A-0,Q4DA43,100.0,100.0,5.04e-162,455.0,Q1_near_exact,True,downloaded,3Dstructure\afdb_correct_to_wrong_2500_structures\Q4DA43.pdb,https://alphafold.ebi.ac.uk/files/AF-Q4DA43-F1-model_v6.pdb,6,Q4DA43_TRYCC,Uncharacterized protein,Trypanosoma cruzi (strain CL Brener),False,65.19,
998c564373b529f703ccfa8158888f8d SSGCID-BobuA.18983.a A-1,O50923,100.0,100.0,9.75e-134,382.0,Q1_near_exact,True,downloaded,3Dstructure\afdb_correct_to_wrong_2500_structures\O50923.pdb,https://alphafold.ebi.ac.uk/files/AF-O50923-F1-model_v6.pdb,6,O50923_BORBU,Uncharacterized protein,Borreliella burgdorferi (strain ATCC 35210 / DSM 4680 / CIP 102532 / B31),False,81.62,
9d0ef5284ff76cb92a3b88840da33442 MCSG-APC41004.0 A-1,A0A7U9DRU6,100.0,100.0,2.91e-84,251.0,Q1_near_exact,True,downloaded,3Dstructure\afdb_correct_to_wrong_2500_structures\A0A7U9DRU6.pdb,https://alphafold.ebi.ac.uk/files/AF-A0A7U9DRU6-F1-model_v6.pdb,6,A0A7U9DRU6_STRLI,Anti sigma factor antagonist,Streptomyces lividans 1326,False,87.06,
e692e71384fa3f10ad21b88f05a9ce48 SECSG-Y48C3A.4 A-0,Q9NAG7,100.0,100.0,0.0,928.0,Q1_near_exact,True,downloaded,3Dstructure\afdb_correct_to_wrong_2500_structures\Q9NAG7.pdb,https://alphafold.ebi.ac.uk/files/AF-Q9NAG7-F1-model_v6.pdb,6,Q9NAG7_CAEEL,C2H2-type domain-containing protein,Caenorhabditis elegans,False,56.91,
a40023d59c44619602d0df66abba4c91 MCSG-APC108052 A-1,A0AAN5Q1Z3,98.246,100.0,0.0,1154.0,Q1_near_exact,False,downloaded,3Dstructure\afdb_correct_to_wrong_2500_structures\A0AAN5Q1Z3.pdb,https://alphafold.ebi.ac.uk/files/AF-A0AAN5Q1Z3-F1-model_v6.pdb,6,A0AAN5Q1Z3_LEGPN,T4SS effector phosphocholine hydrolase Lem3,Legionella pneumophila,False,84.56,
cb6d572b178fd85691cca3f458486413 JCSG-383081 A-0,A9WK99,100.0,100.0,0.0,562.0,Q1_near_exact,True,downloaded,3Dstructure\afdb_correct_to_wrong_2500_structures\A9WK99.pdb,https://alphafold.ebi.ac.uk/files/AF-A9WK99-F1-model_v6.pdb,6,A9WK99_CHLAA,DUF1641 domain-containing protein,Chloroflexus aurantiacus (strain ATCC 29366 / DSM 635 / J-10-fl),False,63.06,
37b27f4ae7a6d9c1b3ffcabc1a472f0f MCSG-APC36135 A-0,A0A7U9P9S9,93.939,100.0,1.02e-59,187.0,Q2_high_confidence,False,downloaded,3Dstructure\afdb_correct_to_wrong_2500_structures\A0A7U9P9S9.pdb,https://alphafold.ebi.ac.uk/files/AF-A0A7U9P9S9-F1-model_v6.pdb,6,A0A7U9P9S9_GEOTM,YwdI family protein,Geobacillus thermopakistaniensis (strain MAS1),False,70.56,
b9e17497bea66462474044962e163947 JCSG-392835 A-1,Q4FRA1,100.0,100.0,3.73e-73,221.0,Q1_near_exact,True,downloaded,3Dstructure\afdb_correct_to_wrong_2500_structures\Q4FRA1.pdb,https://alphafold.ebi.ac.uk/files/AF-Q4FRA1-F1-model_v6.pdb,6,Q4FRA1_PSYA2,CopG family transcriptional regulator,Psychrobacter arcticus (strain DSM 17307 / VKM B-2377 / 273-4),False,72.56,
3f39fbaec1991142af9f2172c04e6591 SSGCID-BobuA.18962.a A-1,A0A0H3C274,100.0,100.0,2.28e-112,325.0,Q1_near_exact,True,downloaded,3Dstructure\afdb_correct_to_wrong_2500_structures\A0A0H3C274.pdb,https://alphafold.ebi.ac.uk/files/AF-A0A0H3C274-F1-model_v6.pdb,6,A0A0H3C274_BORBZ,Uncharacterized protein,Borreliella burgdorferi (strain ZS7),False,81.69,
3a8d30937ac9a7698d8b2dff223250d6 NYSGRC-030571 A-1,Q9KFY9,99.782,100.0,0.0,947.0,Q1_near_exact,False,downloaded,3Dstructure\afdb_correct_to_wrong_2500_structures\Q9KFY9.pdb,https://alphafold.ebi.ac.uk/files/AF-Q9KFY9-F1-model_v6.pdb,6,Q9KFY9_HALH5,BH0327 protein,Halalkalibacterium halodurans (strain ATCC BAA-125 / DSM 18197 / FERM 7344 / JCM 9153 / C-125),False,85.94,
a32927874f3d5efcda773eedd6360d1f MCSG-APC83864 A-1,A0A0H5DLT7,100.0,100.0,3.53e-121,348.0,Q1_near_exact,True,downloaded,3Dstructure\afdb_correct_to_wrong_2500_structures\A0A0H5DLT7.pdb,https://alphafold.ebi.ac.uk/files/AF-A0A0H5DLT7-F1-model_v6.pdb,6,A0A0H5DLT7_NEIMI,Uncharacterized protein,Neisseria meningitidis serogroup B,False,87.56,
5addc2a62de87bb5b9097cf9df1d1507 MCSG-APC41665.0 A-1,B5M9R3,100.0,100.0,5.49e-68,208.0,Q1_near_exact,True,no_afdb_model,3Dstructure\afdb_correct_to_wrong_2500_structures\B5M9R3.pdb,,,,,,,,AFDB API returned HTTP 404
fe3f7267f431686835c01dbddbd79784 MCSG-APC109654 A-0,A0A1S9SZ71,99.099,100.0,5.16e-76,229.0,Q1_near_exact,False,downloaded,3Dstructure\afdb_correct_to_wrong_2500_structures\A0A1S9SZ71.pdb,https://alphafold.ebi.ac.uk/files/AF-A0A1S9SZ71-F1-model_v6.pdb,6,A0A1S9SZ71_BACMY,Cupin,Bacillus mycoides,False,90.88,
21483dfd4c019c8bdbc9a3e0f44107dd 5EUR_1 A-1,A0A3X8ZN14,100.0,100.0,5.47e-95,279.0,Q1_near_exact,True,downloaded,3Dstructure\afdb_correct_to_wrong_2500_structures\A0A3X8ZN14.pdb,https://alphafold.ebi.ac.uk/files/AF-A0A3X8ZN14-F1-model_v6.pdb,6,A0A3X8ZN14_SALET,DUF6971 domain-containing protein,Salmonella enterica I,False,82.38,
daab837940441a4ccd3ba4d53ed3e09f 6OV6_1 A-1,G2EBB4,100.0,100.0,0.0,566.0,Q1_near_exact,True,downloaded,3Dstructure\afdb_correct_to_wrong_2500_structures\G2EBB4.pdb,https://alphafold.ebi.ac.uk/files/AF-G2EBB4-F1-model_v6.pdb,6,G2EBB4_9FLAO,Tail fiber protein,Bizionia argentinensis JUB59,False,83.19,
5d66805e88d0b4f20b4e8629baf3eb2e MCSG-APC91261.1 A-1,A0AAW8PXJ9,100.0,100.0,1.33e-90,273.0,Q1_near_exact,True,downloaded,3Dstructure\afdb_correct_to_wrong_2500_structures\A0AAW8PXJ9.pdb,https://alphafold.ebi.ac.uk/files/AF-A0AAW8PXJ9-F1-model_v6.pdb,6,A0AAW8PXJ9_VIBPH,Type II secretion system F family protein,Vibrio parahaemolyticus,False,74.38,
d82d96fb88ef2c62a4ec18ede5fca7f3 MCSG-APC104083 A-0,B2ITK2,100.0,100.0,0.0,1563.0,Q1_near_exact,True,downloaded,3Dstructure\afdb_correct_to_wrong_2500_structures\B2ITK2.pdb,https://alphafold.ebi.ac.uk/files/AF-B2ITK2-F1-model_v6.pdb,6,B2ITK2_NOSP7,DEAD/DEAH box helicase domain protein,Nostoc punctiforme (strain ATCC 29133 / PCC 73102),False,89.38,
e72a95f46b9e416e4d0d3254bd31934c JCSG-360 A-0,Q22231,97.674,96.62921348314607,3.68e-54,179.0,Q1_near_exact,False,downloaded,3Dstructure\afdb_correct_to_wrong_2500_structures\Q22231.pdb,https://alphafold.ebi.ac.uk/files/AF-Q22231-F1-model_v6.pdb,6,Q22231_CAEEL,Uncharacterized protein,Caenorhabditis elegans,False,64.06,
4e822b2e798bdea4aed7268417145008 MCSG-APC27890 A-1,A0A383JXU8,100.0,100.0,7.58e-94,276.0,Q1_near_exact,True,downloaded,3Dstructure\afdb_correct_to_wrong_2500_structures\A0A383JXU8.pdb,https://alphafold.ebi.ac.uk/files/AF-A0A383JXU8-F1-model_v6.pdb,6,A0A383JXU8_SHIFL,Bacteriophage protein,Shigella flexneri,False,85.62,
a9f0e428c7e8df3423c6e2b869be061e SECSG-T04G9.1 A-0,Q22173,100.0,100.0,0.0,3341.0,Q1_near_exact,True,downloaded,3Dstructure\afdb_correct_to_wrong_2500_structures\Q22173.pdb,https://alphafold.ebi.ac.uk/files/AF-Q22173-F1-model_v6.pdb,6,Q22173_CAEEL,AT hook Transcription Factor family,Caenorhabditis elegans,False,49.22,
f62b0a884ce847faa0f376be97d533c2 5KEW_1 A-1,A0A0L8RX60,100.0,98.93617021276596,6.76e-58,187.0,Q1_near_exact,False,downloaded,3Dstructure\afdb_correct_to_wrong_2500_structures\A0A0L8RX60.pdb,https://alphafold.ebi.ac.uk/files/AF-A0A0L8RX60-F1-model_v6.pdb,6,A0A0L8RX60_VIBPH,Transcriptional regulator,Vibrio parahaemolyticus,False,86.31,
7e7edb909a4c5a53d93725bb512ed380 SECSG-F53C11.5 A-0,Q93763,100.0,100.0,0.0,1823.0,Q1_near_exact,True,downloaded,3Dstructure\afdb_correct_to_wrong_2500_structures\Q93763.pdb,https://alphafold.ebi.ac.uk/files/AF-Q93763-F1-model_v6.pdb,6,Q93763_CAEEL,Zf-C3H1 domain-containing protein,Caenorhabditis elegans,False,52.22,
c30643775c777faf06aaff85370a375a MCSG-APC80496 A-1,A0A0H2UQI6,100.0,100.0,3.62e-116,335.0,Q1_near_exact,True,downloaded,3Dstructure\afdb_correct_to_wrong_2500_structures\A0A0H2UQI6.pdb,https://alphafold.ebi.ac.uk/files/AF-A0A0H2UQI6-F1-model_v6.pdb,6,A0A0H2UQI6_STRPN,UDP-N-acetylenolpyruvoylglucosamine reductase,Streptococcus pneumoniae serotype 4 (strain ATCC BAA-334 / TIGR4),False,86.94,
b0bd191cbe198b0f92f3ba275a6e9bf6 JCSG-378254 A-1,Q8KC65,100.0,100.0,1.12e-77,233.0,Q1_near_exact,True,downloaded,3Dstructure\afdb_correct_to_wrong_2500_structures\Q8KC65.pdb,https://alphafold.ebi.ac.uk/files/AF-Q8KC65-F1-model_v6.pdb,6,Q8KC65_CHLTE,HTH cro/C1-type domain-containing protein,Chlorobaculum tepidum (strain ATCC 49652 / DSM 12025 / NBRC 103806 / TLS),False,81.62,
2ee432939385e48ad6c7543dac12d70b SECSG-T05H4.14 A-0,A0A261BZE6,93.387,100.0,0.0,1185.0,Q2_high_confidence,False,downloaded,3Dstructure\afdb_correct_to_wrong_2500_structures\A0A261BZE6.pdb,https://alphafold.ebi.ac.uk/files/AF-A0A261BZE6-F1-model_v6.pdb,6,A0A261BZE6_9PELO,Uncharacterized protein,Caenorhabditis latens,False,74.81,
97b9c74973e2098fef7334b225f42948 MCSG-APC23567 A-0,A0A0D6FAT4,100.0,100.0,0.0,884.0,Q1_near_exact,True,downloaded,3Dstructure\afdb_correct_to_wrong_2500_structures\A0A0D6FAT4.pdb,https://alphafold.ebi.ac.uk/files/AF-A0A0D6FAT4-F1-model_v6.pdb,6,A0A0D6FAT4_SALTM,DUF1963 domain-containing protein,Salmonella typhimurium,False,93.12,
8d40753ef38290ae7b7c8ac423196c68 MCSG-APC108129 A-1,A0A2S6F6S2,100.0,100.0,0.0,511.0,Q1_near_exact,True,downloaded,3Dstructure\afdb_correct_to_wrong_2500_structures\A0A2S6F6S2.pdb,https://alphafold.ebi.ac.uk/files/AF-A0A2S6F6S2-F1-model_v6.pdb,6,A0A2S6F6S2_LEGPN,Uncharacterized protein,Legionella pneumophila,False,85.0,
463cba2bc2ba70f31bc9d48be587dbee JCSG-370164 A-0,A0A2Z5PIB0,100.0,100.0,3.4e-153,432.0,Q1_near_exact,True,downloaded,3Dstructure\afdb_correct_to_wrong_2500_structures\A0A2Z5PIB0.pdb,https://alphafold.ebi.ac.uk/files/AF-A0A2Z5PIB0-F1-model_v6.pdb,6,A0A2Z5PIB0_METMI,HTH cro/C1-type domain-containing protein,Methanococcus maripaludis KA1,False,88.69,
d3f2a00000c295cbffc2781dbe067362 MCSG-APC83908 A-0,I4E638,100.0,100.0,1.55e-154,435.0,Q1_near_exact,True,downloaded,3Dstructure\afdb_correct_to_wrong_2500_structures\I4E638.pdb,https://alphafold.ebi.ac.uk/files/AF-I4E638-F1-model_v6.pdb,6,I4E638_NEIME,Uncharacterized protein,Neisseria meningitidis alpha522,False,82.69,
72eb75b3fb558bcfd35ac8d7fe5ea16c JCSG-376472 A-0,Q4FUI6,100.0,100.0,1.08e-75,228.0,Q1_near_exact,True,downloaded,3Dstructure\afdb_correct_to_wrong_2500_structures\Q4FUI6.pdb,https://alphafold.ebi.ac.uk/files/AF-Q4FUI6-F1-model_v6.pdb,6,Q4FUI6_PSYA2,Possible phage head-tail adaptor protein,Psychrobacter arcticus (strain DSM 17307 / VKM B-2377 / 273-4),False,81.44,
578346f6509b7fc7c701451e0e11f0c0 MCSG-APC23236 A-0,A0A389UHA8,100.0,100.0,1.61e-127,364.0,Q1_near_exact,True,downloaded,3Dstructure\afdb_correct_to_wrong_2500_structures\A0A389UHA8.pdb,https://alphafold.ebi.ac.uk/files/AF-A0A389UHA8-F1-model_v6.pdb,6,A0A389UHA8_STAAU,dUTPase,Staphylococcus aureus,False,91.75,
9e65533624f455ff7472c0439b54ca46 SECSG-F48B9.1 A-0,Q20558,90.909,100.0,0.0,976.0,Q2_high_confidence,False,downloaded,3Dstructure\afdb_correct_to_wrong_2500_structures\Q20558.pdb,https://alphafold.ebi.ac.uk/files/AF-Q20558-F1-model_v6.pdb,6,Q20558_CAEEL,C2 domain-containing protein,Caenorhabditis elegans,False,41.31,
4848848c09e65963aa9295be4904047f MCSG-APC103099 A-1,C5C4A4,100.0,100.0,0.0,508.0,Q1_near_exact,True,downloaded,3Dstructure\afdb_correct_to_wrong_2500_structures\C5C4A4.pdb,https://alphafold.ebi.ac.uk/files/AF-C5C4A4-F1-model_v6.pdb,6,C5C4A4_BEUC1,GCN5-related protein N-acetyltransferase,Beutenbergia cavernae (strain ATCC BAA-8 / DSM 12333 / CCUG 43141 / JCM 11478 / NBRC 16432 / NCIMB 13614 / HKI 0122),False,92.31,
cabb83a4d9e2e8cbb804efbb9c1488bf BSGI-Z0258_ECO57 A-1,Q8X7U8,100.0,100.0,0.0,893.0,Q1_near_exact,True,downloaded,3Dstructure\afdb_correct_to_wrong_2500_structures\Q8X7U8.pdb,https://alphafold.ebi.ac.uk/files/AF-Q8X7U8-F1-model_v6.pdb,6,Q8X7U8_ECO57,Type VI secretion system FHA domain protein,Escherichia coli O157:H7,False,69.56,
39104e57c0bed89db1c79be74699f0f5 SECSG-F27D4.2 A-1,A7LPI4,100.0,100.0,0.0,577.0,Q1_near_exact,True,downloaded,3Dstructure\afdb_correct_to_wrong_2500_structures\A7LPI4.pdb,https://alphafold.ebi.ac.uk/files/AF-A7LPI4-F1-model_v6.pdb,6,A7LPI4_CAEEL,STI1 domain-containing protein,Caenorhabditis elegans,False,60.44,
35c0d08a18c8a6c7a92647ab828d9e5b MCSG-APC65209.1 A-0,A0AAE9Y3S5,100.0,100.0,0.0,536.0,Q1_near_exact,True,downloaded,3Dstructure\afdb_correct_to_wrong_2500_structures\A0AAE9Y3S5.pdb,https://alphafold.ebi.ac.uk/files/AF-A0AAE9Y3S5-F1-model_v6.pdb,6,A0AAE9Y3S5_RHOPA,Class I SAM-dependent methyltransferase,Rhodopseudomonas palustris (strain ATCC BAA-98 / CGA009),False,91.56,
5924da529ccab5c1fafba7b869fe04b8 MCSG-APC40599 A-1,A0AAN5T2L5,100.0,100.0,0.0,1095.0,Q1_near_exact,True,downloaded,3Dstructure\afdb_correct_to_wrong_2500_structures\A0AAN5T2L5.pdb,https://alphafold.ebi.ac.uk/files/AF-A0AAN5T2L5-F1-model_v6.pdb,6,A0AAN5T2L5_LEGPN,Dot/Icm T4SS effector CegC1,Legionella pneumophila,False,85.25,
5b154099ca3d617613fafa59c4f50cfa MCSG-APC100561 A-1,D5SW31,100.0,100.0,1.38e-147,417.0,Q1_near_exact,True,downloaded,3Dstructure\afdb_correct_to_wrong_2500_structures\D5SW31.pdb,https://alphafold.ebi.ac.uk/files/AF-D5SW31-F1-model_v6.pdb,6,D5SW31_PLAL2,Uncharacterized protein,Planctopirus limnophila (strain ATCC 43296 / DSM 3776 / IFAM 1008 / Mu 290),False,73.25,
8e475094c1a0613d967dd421cb092fa3 SECSG-T05F1.2 A-0,Q9XUR4,100.0,100.0,0.0,1209.0,Q1_near_exact,True,downloaded,3Dstructure\afdb_correct_to_wrong_2500_structures\Q9XUR4.pdb,https://alphafold.ebi.ac.uk/files/AF-Q9XUR4-F1-model_v6.pdb,6,Q9XUR4_CAEEL,F-box associated domain-containing protein,Caenorhabditis elegans,False,57.72,
86c0281c5cbd3bef5b1f4011bd4e8f29 MCSG-APC65895.0 A-1,A0A060CUJ3,99.099,100.0,1.95e-161,462.0,Q1_near_exact,False,downloaded,3Dstructure\afdb_correct_to_wrong_2500_structures\A0A060CUJ3.pdb,https://alphafold.ebi.ac.uk/files/AF-A0A060CUJ3-F1-model_v6.pdb,6,A0A060CUJ3_HELPX,Uncharacterized protein,Helicobacter pylori,False,57.94,
2b2be9f8de327aba5e7bda5847bc831f MCSG-APC20554 A-1,A0A6N4SUV2,100.0,100.0,1.09e-75,228.0,Q1_near_exact,True,downloaded,3Dstructure\afdb_correct_to_wrong_2500_structures\A0A6N4SUV2.pdb,https://alphafold.ebi.ac.uk/files/AF-A0A6N4SUV2-F1-model_v6.pdb,6,A0A6N4SUV2_CYTH3,DNA-directed RNA polymerase,Cytophaga hutchinsonii (strain ATCC 33406 / DSM 1761 / CIP 103989 / NBRC 15051 / NCIMB 9469 / D465),False,81.94,
f61e962e37c4c3ff04f97afb07e8cdd8 SECSG-F08G5.1 A-0,D4PH99,100.0,100.0,0.0,725.0,Q1_near_exact,True,downloaded,3Dstructure\afdb_correct_to_wrong_2500_structures\D4PH99.pdb,https://alphafold.ebi.ac.uk/files/AF-D4PH99-F1-model_v6.pdb,6,D4PH99_CAEEL,Double-Strand Break factor,Caenorhabditis elegans,False,49.78,
ba437453f32159aaeeb39fc6dc422ca5 6GW6_2 A-1,A0A179RFM7,100.0,100.0,1.45e-104,304.0,Q1_near_exact,True,downloaded,3Dstructure\afdb_correct_to_wrong_2500_structures\A0A179RFM7.pdb,https://alphafold.ebi.ac.uk/files/AF-A0A179RFM7-F1-model_v6.pdb,6,A0A179RFM7_PSEPU,Antitoxin,Pseudomonas putida,False,94.94,
6e32ea813b5923c37e6cec5e690d6606 MCSG-APC108065 A-1,A0AAN5T076,100.0,100.0,0.0,507.0,Q1_near_exact,True,downloaded,3Dstructure\afdb_correct_to_wrong_2500_structures\A0AAN5T076.pdb,https://alphafold.ebi.ac.uk/files/AF-A0AAN5T076-F1-model_v6.pdb,6,A0AAN5T076_LEGPN,Dot/Icm T4SS effector RavK,Legionella pneumophila,False,76.0,
d37a4b4898c2a659d579856b823ff972 JCSG-419667 A-1,C4ZHY1,100.0,84.15841584158416,2.41e-53,174.0,Q2_high_confidence,False,downloaded,3Dstructure\afdb_correct_to_wrong_2500_structures\C4ZHY1.pdb,https://alphafold.ebi.ac.uk/files/AF-C4ZHY1-F1-model_v6.pdb,6,C4ZHY1_AGARV,Uncharacterized protein,Agathobacter rectalis (strain ATCC 33656 / DSM 3377 / JCM 17463 / KCTC 5835 / VPI 0990),False,86.94,
38d7c84b5aa0d4d4a983bd5975def2db MCSG-APC84405 A-1,A0A0H3LVS7,100.0,100.0,1.31e-140,399.0,Q1_near_exact,True,downloaded,3Dstructure\afdb_correct_to_wrong_2500_structures\A0A0H3LVS7.pdb,https://alphafold.ebi.ac.uk/files/AF-A0A0H3LVS7-F1-model_v6.pdb,6,A0A0H3LVS7_BARHE,Phage protein gp13,Bartonella henselae (strain ATCC 49882 / DSM 28221 / CCUG 30454 / Houston 1),False,75.56,
b8cb8b11b53cac4690a1691542310446 SGPP-Pkno004674AAA A-1,A0A1Y3DP62,100.0,100.0,4.07e-144,409.0,Q1_near_exact,True,downloaded,3Dstructure\afdb_correct_to_wrong_2500_structures\A0A1Y3DP62.pdb,https://alphafold.ebi.ac.uk/files/AF-A0A1Y3DP62-F1-model_v6.pdb,6,A0A1Y3DP62_PLAKN,Uncharacterized protein,Plasmodium knowlesi,False,78.06,
ee04da70c6d698902b2437cd3ab83695 JCSG-353976 A-1,Q9RS46,100.0,100.0,2.8e-113,327.0,Q1_near_exact,True,downloaded,3Dstructure\afdb_correct_to_wrong_2500_structures\Q9RS46.pdb,https://alphafold.ebi.ac.uk/files/AF-Q9RS46-F1-model_v6.pdb,6,Q9RS46_DEIRA,DRBM domain-containing protein,Deinococcus radiodurans (strain ATCC 13939 / DSM 20539 / JCM 16871 / CCUG 27074 / LMG 4051 / NBRC 15346 / NCIMB 9279 / VKM B-1422 / R1),False,75.62,
e22b39c0867612d0348186fc45d48070 MCSG-APC6381 A-1,A0A6C1DY88,100.0,100.0,1.54e-80,241.0,Q1_near_exact,True,downloaded,3Dstructure\afdb_correct_to_wrong_2500_structures\A0A6C1DY88.pdb,https://alphafold.ebi.ac.uk/files/AF-A0A6C1DY88-F1-model_v6.pdb,6,A0A6C1DY88_SACPS,Stationary phase protein 4,Saccharomyces pastorianus,False,64.69,
bd2f892a552d712b3941cf9d12d098d4 MCSG-APC108192 A-1,A0AAN5PGQ9,100.0,100.0,0.0,579.0,Q1_near_exact,True,downloaded,3Dstructure\afdb_correct_to_wrong_2500_structures\A0AAN5PGQ9.pdb,https://alphafold.ebi.ac.uk/files/AF-A0AAN5PGQ9-F1-model_v6.pdb,6,A0AAN5PGQ9_LEGPN,Lpg2541 family Dot/Icm T4SS effector,Legionella pneumophila,False,81.44,
727434eeddf36ecf76e9262fb7b644ee NESG-FR588 A-0,A0A6P8JGX8,97.377,100.0,0.0,1218.0,Q1_near_exact,False,downloaded,3Dstructure\afdb_correct_to_wrong_2500_structures\A0A6P8JGX8.pdb,https://alphafold.ebi.ac.uk/files/AF-A0A6P8JGX8-F1-model_v6.pdb,6,A0A6P8JGX8_DROMA,Probable nucleoporin Nup54,Drosophila mauritiana,False,65.12,
1a03d58bfe12349ca29ee7eb06fdf79c SGPP-Lmaj008311AAA A-0,Q4QFS7,100.0,100.0,1.2e-88,262.0,Q1_near_exact,True,downloaded,3Dstructure\afdb_correct_to_wrong_2500_structures\Q4QFS7.pdb,https://alphafold.ebi.ac.uk/files/AF-Q4QFS7-F1-model_v6.pdb,6,Q4QFS7_LEIMA,Uncharacterized protein,Leishmania major,False,84.62,
94a26ef300723c26a6d464d7df5a5a0f MCSG-APC107270 A-1,C7NBD0,100.0,100.0,0.0,733.0,Q1_near_exact,True,downloaded,3Dstructure\afdb_correct_to_wrong_2500_structures\C7NBD0.pdb,https://alphafold.ebi.ac.uk/files/AF-C7NBD0-F1-model_v6.pdb,6,C7NBD0_LEPBD,TPR repeat-containing protein,Leptotrichia buccalis (strain ATCC 14201 / DSM 1135 / JCM 12969 / NCTC 10249 / C-1013-b),False,88.88,
88805a8be0f60c4cd0bddb9035ce5c5d 7LQT_1 A-1,A4QN30,100.0,85.0574712643678,4.51e-94,301.0,Q2_high_confidence,False,downloaded,3Dstructure\afdb_correct_to_wrong_2500_structures\A4QN30.pdb,https://alphafold.ebi.ac.uk/files/AF-A4QN30-F1-model_v6.pdb,6,A4QN30_RAT,Serine/threonine-protein phosphatase 1 regulatory subunit 10,Rattus norvegicus,False,52.84,
27a02d83e51e9e4306c2c77ce53d2c1e MPP-GO.111739 A-0,E5KNU5,100.0,100.0,0.0,2559.0,Q1_near_exact,True,downloaded,3Dstructure\afdb_correct_to_wrong_2500_structures\E5KNU5.pdb,https://alphafold.ebi.ac.uk/files/AF-E5KNU5-F1-model_v6.pdb,6,E5KNU5_HUMAN,DNA polymerase subunit gamma-1,Homo sapiens,False,74.69,
794b26b3d97429ed4c02b3cb763920f0 MCSG-APC111100 A-1,D2QVE6,100.0,100.0,9.97e-170,476.0,Q1_near_exact,True,downloaded,3Dstructure\afdb_correct_to_wrong_2500_structures\D2QVE6.pdb,https://alphafold.ebi.ac.uk/files/AF-D2QVE6-F1-model_v6.pdb,6,D2QVE6_SPILD,Multi-ubiquitin domain-containing protein,Spirosoma linguale (strain ATCC 33905 / DSM 74 / LMG 10896 / Claus 1),False,87.62,
423c9d1a62f93fe6404cb374b60d7537 MCSG-APC80683 A-1,A0A0H2URY0,100.0,100.0,6.94e-105,305.0,Q1_near_exact,True,downloaded,3Dstructure\afdb_correct_to_wrong_2500_structures\A0A0H2URY0.pdb,https://alphafold.ebi.ac.uk/files/AF-A0A0H2URY0-F1-model_v6.pdb,6,A0A0H2URY0_STRPN,Cytidine/deoxycytidylate deaminase family protein,Streptococcus pneumoniae serotype 4 (strain ATCC BAA-334 / TIGR4),False,95.94,
