name,label,prob,pred
test_protein_1,0.0,0.003975980449467897,0
test_protein_2,0.0,0.002401790115982294,0
test_protein_3,0.0,0.009563431143760681,0
test_protein_4,0.0,0.002426736056804657,0
test_protein_5,0.0,0.07615161687135696,0
test_protein_6,0.0,0.0015401572454720736,0
test_protein_7,0.0,0.2645806670188904,0
test_protein_8,0.0,0.08304311335086823,0
test_protein_9,0.0,0.03197101503610611,0
test_protein_10,0.0,0.03278328478336334,0
test_protein_11,0.0,0.3415299952030182,0
test_protein_12,0.0,0.534257173538208,1
test_protein_13,0.0,0.36702024936676025,0
test_protein_14,0.0,0.3310092091560364,0
test_protein_15,0.0,0.053314078599214554,0
test_protein_16,0.0,0.1041894257068634,0
test_protein_17,0.0,0.12543313205242157,0
test_protein_18,0.0,0.2863621413707733,0
test_protein_19,0.0,0.11194032430648804,0
test_protein_20,0.0,0.054329801350831985,0
test_protein_21,0.0,0.19226883351802826,0
test_protein_22,0.0,0.16955354809761047,0
test_protein_23,0.0,0.1892690509557724,0
test_protein_24,0.0,0.092304527759552,0
test_protein_25,0.0,0.11503497511148453,0
test_protein_26,0.0,0.06791812181472778,0
test_protein_27,0.0,0.14837078750133514,0
test_protein_28,0.0,0.2843250632286072,0
test_protein_29,0.0,0.9806517958641052,1
test_protein_30,0.0,0.7922028303146362,1
test_protein_31,0.0,0.7051706910133362,1
test_protein_32,0.0,0.062050119042396545,0
test_protein_33,0.0,0.06632807105779648,0
test_protein_34,0.0,0.026973001658916473,0
test_protein_35,0.0,0.143617182970047,0
test_protein_36,0.0,0.11960627138614655,0
test_protein_37,0.0,0.20646269619464874,0
test_protein_38,0.0,0.9913479685783386,1
test_protein_39,0.0,0.23424062132835388,0
test_protein_40,0.0,0.24279674887657166,0
test_protein_41,0.0,0.5542135834693909,1
test_protein_42,0.0,0.5373958349227905,1
test_protein_43,0.0,0.40641337633132935,0
test_protein_44,0.0,0.08156874775886536,0
test_protein_45,0.0,0.06805680692195892,0
test_protein_46,0.0,0.05567842721939087,0
test_protein_47,0.0,0.3325766324996948,0
test_protein_48,0.0,0.2604658603668213,0
test_protein_49,0.0,0.1021469458937645,0
test_protein_50,0.0,0.06687433272600174,0
test_protein_51,0.0,0.3446239233016968,0
test_protein_52,0.0,0.3224776089191437,0
test_protein_53,0.0,0.01471798773854971,0
test_protein_54,0.0,0.021463824436068535,0
test_protein_55,0.0,0.017333731055259705,0
test_protein_56,0.0,0.0011065033031627536,0
test_protein_57,0.0,0.029986178502440453,0
test_protein_58,0.0,0.024728594347834587,0
test_protein_59,0.0,0.02745894156396389,0
test_protein_60,0.0,0.22775256633758545,0
test_protein_61,0.0,0.4274975061416626,0
test_protein_62,0.0,0.06873608380556107,0
test_protein_63,0.0,0.050500884652137756,0
test_protein_64,0.0,0.12056104838848114,0
test_protein_65,0.0,0.12012988328933716,0
test_protein_66,0.0,0.17251940071582794,0
test_protein_67,0.0,0.07929135859012604,0
test_protein_68,0.0,0.143121138215065,0
test_protein_69,0.0,0.02240055426955223,0
test_protein_70,0.0,0.03488687425851822,0
test_protein_71,0.0,0.024144360795617104,0
test_protein_72,0.0,0.0677982047200203,0
test_protein_73,0.0,0.14941945672035217,0
test_protein_74,0.0,0.06482549011707306,0
test_protein_75,0.0,0.010140195488929749,0
test_protein_76,0.0,0.3655080795288086,0
test_protein_77,0.0,0.03757797181606293,0
test_protein_78,0.0,0.5573415756225586,1
test_protein_79,0.0,0.12167423218488693,0
test_protein_80,0.0,0.6298764944076538,1
test_protein_81,0.0,0.995627760887146,1
test_protein_82,0.0,0.992361307144165,1
test_protein_83,0.0,0.13598652184009552,0
test_protein_84,0.0,0.0010057914769276977,0
test_protein_85,0.0,0.31347495317459106,0
test_protein_86,0.0,0.0005434779450297356,0
test_protein_87,0.0,0.013059440068900585,0
test_protein_88,0.0,0.038552138954401016,0
test_protein_89,0.0,0.09325123578310013,0
test_protein_90,0.0,0.09097152203321457,0
test_protein_91,0.0,0.09924802929162979,0
test_protein_92,0.0,0.9023032784461975,1
test_protein_93,0.0,0.26996150612831116,0
test_protein_94,0.0,0.937822163105011,1
test_protein_95,0.0,0.6946558952331543,1
test_protein_96,0.0,0.001481476123444736,0
test_protein_97,0.0,0.715559720993042,1
test_protein_98,0.0,0.1320996880531311,0
test_protein_99,0.0,0.061068374663591385,0
test_protein_100,0.0,0.0019334639655426145,0
test_protein_101,0.0,0.014361503534018993,0
test_protein_102,0.0,0.015741880983114243,0
test_protein_103,0.0,0.017739539965987206,0
test_protein_104,0.0,0.02197141945362091,0
test_protein_105,0.0,0.043006472289562225,0
test_protein_106,0.0,0.03452320396900177,0
test_protein_107,0.0,0.032451216131448746,0
test_protein_108,0.0,0.026227671653032303,0
test_protein_109,0.0,0.04801402986049652,0
test_protein_110,0.0,0.04951860010623932,0
test_protein_111,0.0,0.035228531807661057,0
test_protein_112,0.0,0.3782362639904022,0
test_protein_113,0.0,0.027235426008701324,0
test_protein_114,0.0,0.021978983655571938,0
test_protein_115,0.0,0.38437333703041077,0
test_protein_116,0.0,0.012146643362939358,0
test_protein_117,0.0,0.004728588741272688,0
test_protein_118,0.0,0.42288777232170105,0
test_protein_119,0.0,0.10189864039421082,0
test_protein_120,0.0,0.046812593936920166,0
test_protein_121,0.0,0.05993441119790077,0
test_protein_122,0.0,0.014887149445712566,0
test_protein_123,0.0,0.485126256942749,0
test_protein_124,0.0,0.3482227325439453,0
test_protein_125,0.0,0.0007642577402293682,0
test_protein_126,0.0,0.0009083663462661207,0
test_protein_127,0.0,0.047973282635211945,0
test_protein_128,0.0,0.18252061307430267,0
test_protein_129,0.0,0.17437559366226196,0
test_protein_130,0.0,0.03575480356812477,0
test_protein_131,0.0,0.015880318358540535,0
test_protein_132,0.0,0.09309926629066467,0
test_protein_133,0.0,0.06370041519403458,0
test_protein_134,0.0,0.21661217510700226,0
test_protein_135,0.0,0.046864017844200134,0
test_protein_136,0.0,0.012349987402558327,0
test_protein_137,0.0,0.011066731996834278,0
test_protein_138,0.0,0.019036125391721725,0
test_protein_139,0.0,0.02092970535159111,0
test_protein_140,0.0,0.03232670575380325,0
test_protein_141,0.0,0.038911931216716766,0
test_protein_142,0.0,0.050298839807510376,0
test_protein_143,0.0,0.2021559476852417,0
test_protein_144,0.0,0.14493082463741302,0
test_protein_145,0.0,0.13614647090435028,0
test_protein_146,0.0,0.2187667191028595,0
test_protein_147,0.0,0.027137966826558113,0
test_protein_148,0.0,0.08246498554944992,0
test_protein_149,0.0,0.015712473541498184,0
test_protein_150,0.0,0.15365348756313324,0
test_protein_151,0.0,0.05766787379980087,0
test_protein_152,0.0,0.16583943367004395,0
test_protein_153,0.0,0.032302480190992355,0
test_protein_154,0.0,0.17493821680545807,0
test_protein_155,0.0,0.00720940250903368,0
test_protein_156,0.0,0.00439024344086647,0
test_protein_157,0.0,0.005139886401593685,0
test_protein_158,0.0,0.27080413699150085,0
test_protein_159,0.0,0.5689196586608887,1
test_protein_160,0.0,0.9863719344139099,1
test_protein_161,0.0,0.17392483353614807,0
test_protein_162,0.0,0.1920471340417862,0
test_protein_163,0.0,0.020881250500679016,0
test_protein_164,0.0,0.14451630413532257,0
test_protein_165,0.0,0.03574838861823082,0
test_protein_166,0.0,0.0069109913893043995,0
test_protein_167,0.0,0.0031079649925231934,0
test_protein_168,0.0,0.004864353686571121,0
test_protein_169,0.0,0.05929619446396828,0
test_protein_170,0.0,0.058801040053367615,0
test_protein_171,0.0,0.3186609148979187,0
test_protein_172,0.0,0.21062727272510529,0
test_protein_173,0.0,0.01938043348491192,0
test_protein_174,0.0,0.057094983756542206,0
test_protein_175,0.0,0.12603165209293365,0
test_protein_176,0.0,0.1299152970314026,0
test_protein_177,0.0,0.025412552058696747,0
test_protein_178,0.0,0.9345195293426514,1
test_protein_179,0.0,0.001902865362353623,0
test_protein_180,0.0,0.33625754714012146,0
test_protein_181,0.0,0.26490315794944763,0
test_protein_182,0.0,0.012626880779862404,0
test_protein_183,0.0,0.04385879635810852,0
test_protein_184,0.0,0.048306360840797424,0
test_protein_185,0.0,0.04576117545366287,0
test_protein_186,0.0,0.06035984307527542,0
test_protein_187,0.0,0.022604046389460564,0
test_protein_188,0.0,0.14161837100982666,0
test_protein_189,0.0,0.013792154379189014,0
test_protein_190,0.0,0.14648404717445374,0
test_protein_191,0.0,0.35690170526504517,0
test_protein_192,0.0,0.3376680910587311,0
test_protein_193,0.0,0.2707180082798004,0
test_protein_194,0.0,0.07296765595674515,0
test_protein_195,0.0,0.5600588321685791,1
test_protein_196,0.0,0.2664605379104614,0
test_protein_197,0.0,0.17942124605178833,0
test_protein_198,0.0,0.09072811156511307,0
test_protein_199,0.0,0.10861707478761673,0
test_protein_200,0.0,0.608441174030304,1
test_protein_201,0.0,0.22912944853305817,0
test_protein_202,0.0,0.17713484168052673,0
test_protein_203,0.0,0.6517032384872437,1
test_protein_204,0.0,0.12212073057889938,0
test_protein_205,0.0,0.37005913257598877,0
test_protein_206,0.0,0.04778525233268738,0
test_protein_207,0.0,0.07695919275283813,0
test_protein_208,0.0,0.05435704439878464,0
test_protein_209,0.0,0.28606510162353516,0
test_protein_210,0.0,0.017151424661278725,0
test_protein_211,0.0,0.41023486852645874,0
test_protein_212,0.0,0.14661911129951477,0
test_protein_213,0.0,0.3842312693595886,0
test_protein_214,0.0,0.8079827427864075,1
test_protein_215,0.0,0.4286879301071167,0
test_protein_216,0.0,0.032793886959552765,0
test_protein_217,0.0,0.10141923278570175,0
test_protein_218,0.0,0.3158530592918396,0
test_protein_219,0.0,0.022515615448355675,0
test_protein_220,0.0,0.02889908477663994,0
test_protein_221,0.0,0.05408649519085884,0
test_protein_222,0.0,0.02871614880859852,0
test_protein_223,0.0,0.014696203172206879,0
test_protein_224,0.0,0.016170227900147438,0
test_protein_225,0.0,0.03450397029519081,0
test_protein_226,0.0,0.0489494614303112,0
test_protein_227,0.0,0.5929979085922241,1
test_protein_228,0.0,0.2518487870693207,0
test_protein_229,0.0,0.09882238507270813,0
test_protein_230,0.0,0.046197447925806046,0
test_protein_231,0.0,0.25970351696014404,0
test_protein_232,0.0,0.24032340943813324,0
test_protein_233,0.0,0.11588224023580551,0
test_protein_234,0.0,0.9379730224609375,1
test_protein_235,0.0,0.3726111054420471,0
test_protein_236,0.0,0.5678979754447937,1
test_protein_237,0.0,0.07195736467838287,0
test_protein_238,0.0,0.2975187599658966,0
test_protein_239,0.0,0.026915574446320534,0
test_protein_240,0.0,0.03178362548351288,0
test_protein_241,0.0,0.23709921538829803,0
test_protein_242,0.0,0.5061181783676147,1
test_protein_243,0.0,0.07781404256820679,0
test_protein_244,0.0,0.0732891783118248,0
test_protein_245,0.0,0.18781431019306183,0
test_protein_246,0.0,0.1287795901298523,0
test_protein_247,0.0,0.0167246013879776,0
test_protein_248,0.0,0.015600284561514854,0
test_protein_249,0.0,0.06134052202105522,0
test_protein_250,0.0,0.09558115154504776,0
test_protein_251,0.0,0.09231655299663544,0
test_protein_252,0.0,0.23172210156917572,0
test_protein_253,0.0,0.3869083523750305,0
test_protein_254,0.0,0.11044427752494812,0
test_protein_255,0.0,0.3949761688709259,0
test_protein_256,0.0,0.8770542144775391,1
test_protein_257,0.0,0.03038238361477852,0
test_protein_258,0.0,0.3679823577404022,0
test_protein_259,0.0,0.1222938522696495,0
test_protein_260,0.0,0.0014124270528554916,0
test_protein_261,0.0,0.22790761291980743,0
test_protein_262,0.0,0.055506061762571335,0
test_protein_263,0.0,0.2327072024345398,0
test_protein_264,0.0,0.07898692786693573,0
test_protein_265,0.0,0.07151919603347778,0
test_protein_266,0.0,0.024241475388407707,0
test_protein_267,0.0,0.2178197056055069,0
test_protein_268,0.0,0.051154736429452896,0
test_protein_269,0.0,0.20006796717643738,0
test_protein_270,0.0,0.19985024631023407,0
test_protein_271,0.0,0.10307972133159637,0
test_protein_272,0.0,0.23626618087291718,0
test_protein_273,0.0,0.11021418869495392,0
test_protein_274,0.0,0.05881677195429802,0
test_protein_275,0.0,0.18120288848876953,0
test_protein_276,0.0,0.07886189967393875,0
test_protein_277,0.0,0.04801680147647858,0
test_protein_278,0.0,0.12614838778972626,0
test_protein_279,0.0,0.04261477664113045,0
test_protein_280,0.0,0.001889289473183453,0
test_protein_281,0.0,0.013016391545534134,0
test_protein_282,0.0,0.1843864768743515,0
test_protein_283,0.0,0.40587344765663147,0
test_protein_284,0.0,0.17782852053642273,0
test_protein_285,0.0,0.020320314913988113,0
test_protein_286,0.0,0.2623838782310486,0
test_protein_287,0.0,0.24217349290847778,0
test_protein_288,0.0,0.2961827516555786,0
test_protein_289,0.0,0.060008276253938675,0
test_protein_290,0.0,0.015449954196810722,0
test_protein_291,0.0,0.03360430523753166,0
test_protein_292,0.0,0.0774192363023758,0
test_protein_293,0.0,0.037282705307006836,0
test_protein_294,0.0,0.02838759496808052,0
test_protein_295,0.0,0.0776558369398117,0
test_protein_296,0.0,0.08653382956981659,0
test_protein_297,0.0,0.012315214611589909,0
test_protein_298,0.0,0.019988907501101494,0
test_protein_299,0.0,0.024006471037864685,0
test_protein_300,0.0,0.06254824995994568,0
test_protein_301,0.0,0.048820510506629944,0
test_protein_302,0.0,0.034163761883974075,0
test_protein_303,0.0,0.02453109808266163,0
test_protein_304,0.0,0.42454198002815247,0
test_protein_305,0.0,0.43147164583206177,0
test_protein_306,0.0,0.013011283241212368,0
test_protein_307,0.0,0.0191328227519989,0
test_protein_308,0.0,0.138083815574646,0
test_protein_309,0.0,0.940807580947876,1
test_protein_310,0.0,0.015488211996853352,0
test_protein_311,0.0,0.01583494059741497,0
test_protein_312,0.0,0.3067649006843567,0
test_protein_313,0.0,0.5043097138404846,1
test_protein_314,0.0,0.7772877812385559,1
test_protein_315,0.0,0.023904763162136078,0
test_protein_316,0.0,0.45139551162719727,0
test_protein_317,0.0,0.009879562072455883,0
test_protein_318,0.0,0.05021661892533302,0
test_protein_319,0.0,0.055333737283945084,0
test_protein_320,0.0,0.08194297552108765,0
test_protein_321,0.0,0.22348633408546448,0
test_protein_322,0.0,0.1304236650466919,0
test_protein_323,0.0,0.09124108403921127,0
test_protein_324,0.0,0.027908511459827423,0
test_protein_325,0.0,0.1856464296579361,0
test_protein_326,0.0,0.14294147491455078,0
test_protein_327,0.0,0.06209803372621536,0
test_protein_328,0.0,0.04701992869377136,0
test_protein_329,0.0,0.08406306058168411,0
test_protein_330,0.0,0.05436175316572189,0
test_protein_331,0.0,0.20039254426956177,0
test_protein_332,0.0,0.03861845284700394,0
test_protein_333,0.0,0.12450474500656128,0
test_protein_334,0.0,0.26651284098625183,0
test_protein_335,0.0,0.033105816692113876,0
test_protein_336,0.0,0.10181884467601776,0
test_protein_337,0.0,0.08350103348493576,0
test_protein_338,0.0,0.48995065689086914,0
test_protein_339,0.0,0.14470632374286652,0
test_protein_340,0.0,0.25807079672813416,0
test_protein_341,0.0,0.051169250160455704,0
test_protein_342,0.0,0.3962288498878479,0
test_protein_343,0.0,0.2249426543712616,0
test_protein_344,0.0,0.01139208022505045,0
test_protein_345,0.0,0.07292129844427109,0
test_protein_346,0.0,0.27556174993515015,0
test_protein_347,0.0,0.027988983318209648,0
test_protein_348,0.0,0.22446440160274506,0
test_protein_349,0.0,0.11713773757219315,0
test_protein_350,0.0,0.6410401463508606,1
test_protein_351,0.0,0.05959221348166466,0
test_protein_352,0.0,0.2706632912158966,0
test_protein_353,0.0,0.04911739379167557,0
test_protein_354,0.0,0.028806377202272415,0
test_protein_355,0.0,0.2546117305755615,0
test_protein_356,0.0,0.20896592736244202,0
test_protein_357,0.0,0.5726400017738342,1
test_protein_358,0.0,0.3850101828575134,0
test_protein_359,0.0,0.04843265190720558,0
test_protein_360,0.0,0.015379638411104679,0
test_protein_361,0.0,0.07240290939807892,0
test_protein_362,0.0,0.05823664739727974,0
test_protein_363,0.0,0.5757575631141663,1
test_protein_364,0.0,0.19706876575946808,0
test_protein_365,0.0,0.26527121663093567,0
test_protein_366,0.0,0.06763071566820145,0
test_protein_367,0.0,0.07654400914907455,0
test_protein_368,0.0,0.07515991479158401,0
test_protein_369,0.0,0.15685896575450897,0
test_protein_370,0.0,0.01691547781229019,0
test_protein_371,0.0,0.03233231231570244,0
test_protein_372,0.0,0.5802842974662781,1
test_protein_373,0.0,0.1386004537343979,0
test_protein_374,0.0,0.3840552270412445,0
test_protein_375,0.0,0.07218057662248611,0
test_protein_376,0.0,0.3651805520057678,0
test_protein_377,0.0,0.34529784321784973,0
test_protein_378,0.0,0.24534429609775543,0
test_protein_379,0.0,0.02243330515921116,0
test_protein_380,0.0,0.02355317957699299,0
test_protein_381,0.0,0.46758803725242615,0
test_protein_382,0.0,0.4028877019882202,0
test_protein_383,0.0,0.16620498895645142,0
test_protein_384,0.0,0.04774129390716553,0
test_protein_385,0.0,0.0011871414026245475,0
test_protein_386,0.0,0.0071705919690430164,0
test_protein_387,0.0,0.03775584325194359,0
test_protein_388,0.0,0.3046758770942688,0
test_protein_389,0.0,0.3723478317260742,0
test_protein_390,0.0,0.3769344985485077,0
test_protein_391,0.0,0.11290793865919113,0
test_protein_392,0.0,0.555427610874176,1
test_protein_393,0.0,0.026804380118846893,0
test_protein_394,0.0,0.017787961289286613,0
test_protein_395,0.0,0.607955276966095,1
test_protein_396,0.0,0.08008669316768646,0
test_protein_397,0.0,0.12298589199781418,0
test_protein_398,0.0,0.012890004552900791,0
test_protein_399,0.0,0.5936219096183777,1
test_protein_400,0.0,0.15086579322814941,0
test_protein_401,0.0,0.06415873020887375,0
test_protein_402,0.0,0.02991996333003044,0
test_protein_403,0.0,0.03422078117728233,0
test_protein_404,0.0,0.04079066216945648,0
test_protein_405,0.0,0.029634341597557068,0
test_protein_406,0.0,0.0010542464442551136,0
test_protein_407,0.0,0.7986505031585693,1
test_protein_408,0.0,0.5056840777397156,1
test_protein_409,0.0,0.0692315325140953,0
test_protein_410,0.0,0.34352177381515503,0
test_protein_411,0.0,0.35039812326431274,0
test_protein_412,0.0,0.1841680258512497,0
test_protein_413,0.0,0.8216577768325806,1
test_protein_414,0.0,0.06134471297264099,0
test_protein_415,0.0,0.23897364735603333,0
test_protein_416,0.0,0.011491876095533371,0
test_protein_417,0.0,0.010341189801692963,0
test_protein_418,0.0,0.49667179584503174,0
test_protein_419,0.0,0.028525259345769882,0
test_protein_420,0.0,0.28650978207588196,0
test_protein_421,0.0,0.04653434455394745,0
test_protein_422,0.0,0.037000127136707306,0
test_protein_423,0.0,0.8086386322975159,1
test_protein_424,0.0,0.9182826280593872,1
test_protein_425,0.0,0.8050628304481506,1
test_protein_426,0.0,0.026995226740837097,0
test_protein_427,0.0,0.08142069727182388,0
test_protein_428,0.0,0.12908779084682465,0
test_protein_429,0.0,0.05827038362622261,0
test_protein_430,0.0,0.026145733892917633,0
test_protein_431,0.0,0.04091086983680725,0
test_protein_432,0.0,0.06776302307844162,0
test_protein_433,0.0,0.09960965812206268,0
test_protein_434,0.0,0.042548563331365585,0
test_protein_435,0.0,0.014572338201105595,0
test_protein_436,0.0,0.07047881931066513,0
test_protein_437,0.0,0.025341708213090897,0
test_protein_438,0.0,0.01672603003680706,0
test_protein_439,0.0,0.05232546105980873,0
test_protein_440,0.0,0.15493787825107574,0
test_protein_441,0.0,0.0009716001222841442,0
test_protein_442,0.0,0.6284120082855225,1
test_protein_443,0.0,0.6760827898979187,1
test_protein_444,0.0,0.0396496057510376,0
test_protein_445,0.0,0.014818388968706131,0
test_protein_446,0.0,0.5853961110115051,1
test_protein_447,0.0,0.19349567592144012,0
test_protein_448,0.0,0.0033853771165013313,0
test_protein_449,0.0,0.011504205875098705,0
test_protein_450,0.0,0.19763456284999847,0
test_protein_451,0.0,0.024080879986286163,0
test_protein_452,0.0,0.110804982483387,0
test_protein_453,0.0,0.09799835830926895,0
test_protein_454,0.0,0.06776692718267441,0
test_protein_455,0.0,0.2836979627609253,0
test_protein_456,0.0,0.47986069321632385,0
test_protein_457,0.0,0.10847886651754379,0
test_protein_458,0.0,0.667698323726654,1
test_protein_459,0.0,0.16243137419223785,0
test_protein_460,0.0,0.172640860080719,0
test_protein_461,0.0,0.20766481757164001,0
test_protein_462,0.0,0.024060918018221855,0
test_protein_463,0.0,0.3167951703071594,0
test_protein_464,0.0,0.27136653661727905,0
test_protein_465,0.0,0.022183498367667198,0
test_protein_466,0.0,0.013599627651274204,0
test_protein_467,0.0,0.0010996708879247308,0
test_protein_468,0.0,0.39970308542251587,0
test_protein_469,0.0,0.04482252150774002,0
test_protein_470,0.0,0.019428249448537827,0
test_protein_471,0.0,0.19411863386631012,0
test_protein_472,0.0,0.0009252213058061898,0
test_protein_473,0.0,0.3121452331542969,0
test_protein_474,0.0,0.3336048722267151,0
test_protein_475,0.0,0.011792226694524288,0
test_protein_476,0.0,0.06709622591733932,0
test_protein_477,0.0,0.3227164149284363,0
test_protein_478,0.0,0.05449811369180679,0
test_protein_479,0.0,0.08651223033666611,0
test_protein_480,0.0,0.028481511399149895,0
test_protein_481,0.0,0.05601256340742111,0
test_protein_482,0.0,0.02989577129483223,0
test_protein_483,0.0,0.015751326456665993,0
test_protein_484,0.0,0.38781818747520447,0
test_protein_485,0.0,0.4560078978538513,0
test_protein_486,0.0,0.07483843713998795,0
test_protein_487,0.0,0.855645477771759,1
test_protein_488,0.0,0.533669650554657,1
test_protein_489,0.0,0.019458981230854988,0
test_protein_490,0.0,0.15101155638694763,0
test_protein_491,0.0,0.0790107473731041,0
test_protein_492,0.0,0.3375544846057892,0
test_protein_493,0.0,0.1989232748746872,0
test_protein_494,0.0,0.21839527785778046,0
test_protein_495,0.0,0.5768634080886841,1
test_protein_496,0.0,0.06364975869655609,0
test_protein_497,0.0,0.20692799985408783,0
test_protein_498,0.0,0.5682411789894104,1
test_protein_499,0.0,0.003963977564126253,0
test_protein_500,0.0,0.04569605365395546,0
test_protein_501,0.0,0.01592065580189228,0
test_protein_502,0.0,0.017754625529050827,0
test_protein_503,0.0,0.017159393057227135,0
test_protein_504,0.0,0.05042043700814247,0
test_protein_505,0.0,0.5014451146125793,1
test_protein_506,0.0,0.03141627088189125,0
test_protein_507,0.0,0.30104196071624756,0
test_protein_508,0.0,0.007673121523112059,0
test_protein_509,0.0,0.0470164529979229,0
test_protein_510,0.0,0.01893858052790165,0
test_protein_511,0.0,0.2558292746543884,0
test_protein_512,0.0,0.7742815613746643,1
test_protein_513,0.0,0.3179928958415985,0
test_protein_514,0.0,0.9732253551483154,1
test_protein_515,0.0,0.03204836696386337,0
test_protein_516,0.0,0.39364150166511536,0
test_protein_517,0.0,0.9370483756065369,1
test_protein_518,0.0,0.9875997304916382,1
test_protein_519,0.0,0.9762429594993591,1
test_protein_520,0.0,0.5580750107765198,1
test_protein_521,0.0,0.6635685563087463,1
test_protein_522,0.0,0.515800952911377,1
test_protein_523,0.0,0.0008417651988565922,0
test_protein_524,0.0,0.002521347254514694,0
test_protein_525,0.0,0.0017833325546234846,0
test_protein_526,0.0,0.002984964055940509,0
test_protein_527,0.0,0.004294261336326599,0
test_protein_528,0.0,0.9818227291107178,1
test_protein_529,0.0,0.018025588244199753,0
test_protein_530,0.0,0.2044277936220169,0
test_protein_531,0.0,0.7874786257743835,1
test_protein_532,0.0,0.23531417548656464,0
test_protein_533,0.0,0.006869526579976082,0
test_protein_534,0.0,0.14215879142284393,0
test_protein_535,0.0,0.3308313190937042,0
test_protein_536,0.0,0.04994954913854599,0
test_protein_537,0.0,0.4080602824687958,0
test_protein_538,0.0,0.681297779083252,1
test_protein_539,0.0,0.4185394048690796,0
test_protein_540,0.0,0.3465890884399414,0
test_protein_541,0.0,0.01291639357805252,0
test_protein_542,0.0,0.011987725272774696,0
test_protein_543,0.0,0.013480541296303272,0
test_protein_544,0.0,0.12163351476192474,0
test_protein_545,0.0,0.3316985070705414,0
test_protein_546,0.0,0.006938740145415068,0
test_protein_547,0.0,0.09752637892961502,0
test_protein_548,0.0,0.04760850593447685,0
test_protein_549,0.0,0.057506006211042404,0
test_protein_550,0.0,0.4040576219558716,0
test_protein_551,0.0,0.04564815014600754,0
test_protein_552,0.0,0.1474868655204773,0
test_protein_553,0.0,0.09986739605665207,0
test_protein_554,0.0,0.08040378242731094,0
test_protein_555,0.0,0.0010220351396128535,0
test_protein_556,0.0,0.16757245361804962,0
test_protein_557,0.0,0.2135215699672699,0
test_protein_558,0.0,0.546882152557373,1
test_protein_559,0.0,0.7097883224487305,1
test_protein_560,0.0,0.028255844488739967,0
test_protein_561,0.0,0.04064696282148361,0
test_protein_562,0.0,0.009577497839927673,0
test_protein_563,0.0,0.008976868353784084,0
test_protein_564,0.0,0.11452469974756241,0
test_protein_565,0.0,0.0988629087805748,0
test_protein_566,0.0,0.3467130959033966,0
test_protein_567,0.0,0.858679473400116,1
test_protein_568,0.0,0.46337810158729553,0
test_protein_569,0.0,0.05889829620718956,0
test_protein_570,0.0,0.06314852088689804,0
test_protein_571,0.0,0.22068965435028076,0
test_protein_572,0.0,0.9828472137451172,1
test_protein_573,0.0,0.5249435305595398,1
test_protein_574,0.0,0.6009724736213684,1
test_protein_575,0.0,0.05255298316478729,0
test_protein_576,0.0,0.8548054695129395,1
test_protein_577,0.0,0.704565703868866,1
test_protein_578,0.0,0.034878041595220566,0
test_protein_579,0.0,0.004561014473438263,0
test_protein_580,0.0,0.38634592294692993,0
test_protein_581,0.0,0.26691776514053345,0
test_protein_582,0.0,0.15109123289585114,0
test_protein_583,0.0,0.15513429045677185,0
test_protein_584,0.0,0.3958277106285095,0
test_protein_585,0.0,0.05305036902427673,0
test_protein_586,0.0,0.9033471345901489,1
test_protein_587,0.0,0.14865773916244507,0
test_protein_588,0.0,0.5992177724838257,1
test_protein_589,0.0,0.0711510106921196,0
test_protein_590,0.0,0.41677188873291016,0
test_protein_591,0.0,0.6413353085517883,1
test_protein_592,0.0,0.49650153517723083,0
test_protein_593,0.0,0.014982004649937153,0
test_protein_594,0.0,0.21998271346092224,0
test_protein_595,0.0,0.2561093270778656,0
test_protein_596,0.0,0.05720953270792961,0
test_protein_597,0.0,0.019937735050916672,0
test_protein_598,0.0,0.08107397705316544,0
test_protein_599,0.0,0.013903509825468063,0
test_protein_600,0.0,0.6466018557548523,1
test_protein_601,0.0,0.3774593770503998,0
test_protein_602,0.0,0.14472037553787231,0
test_protein_603,0.0,0.6613555550575256,1
test_protein_604,0.0,0.6451013684272766,1
test_protein_605,0.0,0.028946589678525925,0
test_protein_606,0.0,0.0833306610584259,0
test_protein_607,0.0,0.015106976963579655,0
test_protein_608,0.0,0.019085898995399475,0
test_protein_609,0.0,0.12752613425254822,0
test_protein_610,0.0,0.02258952334523201,0
test_protein_611,0.0,0.052090078592300415,0
test_protein_612,0.0,0.34442904591560364,0
test_protein_613,0.0,0.9205746054649353,1
test_protein_614,0.0,0.48863282799720764,0
test_protein_615,0.0,0.9767019748687744,1
test_protein_616,0.0,0.06697642058134079,0
test_protein_617,0.0,0.0037024638149887323,0
test_protein_618,0.0,0.08738426119089127,0
test_protein_619,0.0,0.02987711690366268,0
test_protein_620,0.0,0.45683783292770386,0
test_protein_621,0.0,0.07724979519844055,0
test_protein_622,0.0,0.5151865482330322,1
test_protein_623,0.0,0.011611608788371086,0
test_protein_624,0.0,0.2198539823293686,0
test_protein_625,0.0,0.0321979783475399,0
test_protein_626,0.0,0.5522591471672058,1
test_protein_627,0.0,0.363753080368042,0
test_protein_628,0.0,0.2619052529335022,0
test_protein_629,0.0,0.2909758388996124,0
test_protein_630,0.0,0.9876036643981934,1
test_protein_631,0.0,0.10234413295984268,0
test_protein_632,0.0,0.19752243161201477,0
test_protein_633,0.0,0.5351672768592834,1
test_protein_634,0.0,0.033979445695877075,0
test_protein_635,0.0,0.19068442285060883,0
test_protein_636,0.0,0.017646776512265205,0
test_protein_637,0.0,0.06031939759850502,0
test_protein_638,0.0,0.5792481899261475,1
test_protein_639,0.0,0.004962760955095291,0
test_protein_640,0.0,0.03238888084888458,0
test_protein_641,0.0,0.029124418273568153,0
test_protein_642,0.0,0.1638970524072647,0
test_protein_643,0.0,0.006143202073872089,0
test_protein_644,0.0,0.010999695397913456,0
test_protein_645,0.0,0.00951188150793314,0
test_protein_646,0.0,0.09466657787561417,0
test_protein_647,0.0,0.004308830946683884,0
test_protein_648,0.0,0.011810727417469025,0
test_protein_649,0.0,0.01930047571659088,0
test_protein_650,0.0,0.019464900717139244,0
test_protein_651,0.0,0.04175868630409241,0
test_protein_652,0.0,0.010849655605852604,0
test_protein_653,0.0,0.00511195370927453,0
test_protein_654,0.0,0.05130408704280853,0
test_protein_655,0.0,0.028476886451244354,0
test_protein_656,0.0,0.005821612663567066,0
test_protein_657,0.0,0.09021531790494919,0
test_protein_658,0.0,0.06285058706998825,0
test_protein_659,0.0,0.04427846521139145,0
test_protein_660,0.0,0.04030248150229454,0
test_protein_661,0.0,0.04084794595837593,0
test_protein_662,0.0,0.009912152774631977,0
test_protein_663,0.0,0.419269323348999,0
test_protein_664,0.0,0.5878345370292664,1
test_protein_665,0.0,0.4901736378669739,0
test_protein_666,0.0,0.013330195099115372,0
test_protein_667,0.0,0.05812227725982666,0
test_protein_668,0.0,0.029732493683695793,0
test_protein_669,0.0,0.029932675883173943,0
test_protein_670,0.0,0.05574476718902588,0
test_protein_671,0.0,0.33864015340805054,0
test_protein_672,0.0,0.5921942591667175,1
test_protein_673,0.0,0.02496742643415928,0
test_protein_674,0.0,0.9093226790428162,1
test_protein_675,0.0,0.02278086356818676,0
test_protein_676,0.0,0.009141786023974419,0
test_protein_677,0.0,0.25137579441070557,0
test_protein_678,0.0,0.19875577092170715,0
test_protein_679,0.0,0.017589328810572624,0
test_protein_680,0.0,0.1668708324432373,0
test_protein_681,0.0,0.02182609960436821,0
test_protein_682,0.0,0.10902000218629837,0
test_protein_683,0.0,0.012225515209138393,0
test_protein_684,0.0,0.004349655006080866,0
test_protein_685,0.0,0.03389085829257965,0
test_protein_686,0.0,0.0116853853687644,0
test_protein_687,0.0,0.0032061967067420483,0
test_protein_688,0.0,0.039691440761089325,0
test_protein_689,0.0,0.28702691197395325,0
test_protein_690,0.0,0.37466269731521606,0
test_protein_691,0.0,0.4068717360496521,0
test_protein_692,0.0,0.825242817401886,1
test_protein_693,0.0,0.005564592313021421,0
test_protein_694,0.0,0.03155135363340378,0
test_protein_695,0.0,0.1664005070924759,0
test_protein_696,0.0,0.07594097405672073,0
test_protein_697,0.0,0.007973883301019669,0
test_protein_698,0.0,0.004511233884841204,0
test_protein_699,0.0,0.049949754029512405,0
test_protein_700,0.0,0.01659894548356533,0
test_protein_701,0.0,0.010229306295514107,0
test_protein_702,0.0,0.007456015795469284,0
test_protein_703,0.0,0.11690162122249603,0
test_protein_704,0.0,0.9801357984542847,1
test_protein_705,0.0,0.24827827513217926,0
test_protein_706,0.0,0.05353696644306183,0
test_protein_707,0.0,0.10314791649580002,0
test_protein_708,0.0,0.013624071143567562,0
test_protein_709,0.0,0.2164880931377411,0
test_protein_710,0.0,0.27028438448905945,0
test_protein_711,0.0,0.06538081914186478,0
test_protein_712,0.0,0.02317636087536812,0
test_protein_713,0.0,0.014276623725891113,0
test_protein_714,0.0,0.007083394099026918,0
test_protein_715,0.0,0.009031279012560844,0
test_protein_716,0.0,0.03314874693751335,0
test_protein_717,0.0,0.03637844696640968,0
test_protein_718,0.0,0.6104215383529663,1
test_protein_719,0.0,0.9445565938949585,1
test_protein_720,0.0,0.0026134965009987354,0
test_protein_721,0.0,0.28241202235221863,0
test_protein_722,0.0,0.29923275113105774,0
test_protein_723,0.0,0.06962651759386063,0
test_protein_724,0.0,0.5740244388580322,1
test_protein_725,0.0,0.07562169432640076,0
test_protein_726,0.0,0.06632751226425171,0
test_protein_727,0.0,0.09076260775327682,0
test_protein_728,0.0,0.9921385645866394,1
test_protein_729,0.0,0.13172996044158936,0
test_protein_730,0.0,0.030180994421243668,0
test_protein_731,0.0,0.5755561590194702,1
test_protein_732,0.0,0.09023068100214005,0
test_protein_733,0.0,0.9666410684585571,1
test_protein_734,0.0,0.07694481313228607,0
test_protein_735,0.0,0.00983258057385683,0
test_protein_736,0.0,0.010885228402912617,0
test_protein_737,0.0,0.6665912866592407,1
test_protein_738,0.0,0.05653330311179161,0
test_protein_739,0.0,0.0721580982208252,0
test_protein_740,0.0,0.7893247008323669,1
test_protein_741,0.0,0.3471662700176239,0
test_protein_742,0.0,0.02849598228931427,0
test_protein_743,0.0,0.03264440596103668,0
test_protein_744,0.0,0.2717028260231018,0
test_protein_745,0.0,0.13170640170574188,0
test_protein_746,0.0,0.010040555149316788,0
test_protein_747,0.0,0.39531242847442627,0
test_protein_748,0.0,0.3043897747993469,0
test_protein_749,0.0,0.34350258111953735,0
test_protein_750,0.0,0.3461385667324066,0
test_protein_751,0.0,0.19644682109355927,0
test_protein_752,0.0,0.5231724977493286,1
test_protein_753,0.0,0.9992384910583496,1
test_protein_754,0.0,0.38872402906417847,0
test_protein_755,0.0,0.02087651565670967,0
test_protein_756,0.0,0.4606512188911438,0
test_protein_757,0.0,0.646477222442627,1
test_protein_758,0.0,0.35537809133529663,0
test_protein_759,0.0,0.7526607513427734,1
test_protein_760,0.0,0.005127305630594492,0
test_protein_761,0.0,0.01269436813890934,0
test_protein_762,0.0,0.013525397516787052,0
test_protein_763,0.0,0.7324209809303284,1
test_protein_764,0.0,0.20210103690624237,0
test_protein_765,0.0,0.9310068488121033,1
test_protein_766,0.0,0.010010938160121441,0
test_protein_767,0.0,0.4456588625907898,0
test_protein_768,0.0,0.05079803615808487,0
test_protein_769,0.0,0.0808754563331604,0
test_protein_770,0.0,0.3927043676376343,0
test_protein_771,0.0,0.8279072642326355,1
test_protein_772,0.0,0.0687476247549057,0
test_protein_773,0.0,0.005906993523240089,0
test_protein_774,0.0,0.04007784649729729,0
test_protein_775,0.0,0.932876467704773,1
test_protein_776,0.0,0.7496954202651978,1
test_protein_777,0.0,0.015810709446668625,0
test_protein_778,0.0,0.7606578469276428,1
test_protein_779,0.0,0.9844224452972412,1
test_protein_780,0.0,0.8064379692077637,1
test_protein_781,0.0,0.5241895318031311,1
test_protein_782,0.0,0.4444059133529663,0
test_protein_783,0.0,0.9088640809059143,1
test_protein_784,0.0,0.9292685985565186,1
test_protein_785,0.0,0.075783871114254,0
test_protein_786,0.0,0.1985234171152115,0
test_protein_787,0.0,0.23609307408332825,0
test_protein_788,0.0,0.14866383373737335,0
test_protein_789,0.0,0.17020532488822937,0
test_protein_790,0.0,0.24248886108398438,0
test_protein_791,0.0,0.06673407554626465,0
test_protein_792,0.0,0.03143402561545372,0
test_protein_793,0.0,0.1382201462984085,0
test_protein_794,0.0,0.0026988135650753975,0
test_protein_795,0.0,0.013997405767440796,0
test_protein_796,0.0,0.43483099341392517,0
test_protein_797,0.0,0.01704327203333378,0
test_protein_798,0.0,0.02854239195585251,0
test_protein_799,0.0,0.5672793388366699,1
test_protein_800,0.0,0.07732272148132324,0
test_protein_801,0.0,0.1011730208992958,0
test_protein_802,0.0,0.07778391987085342,0
test_protein_803,0.0,0.2624759376049042,0
test_protein_804,0.0,0.028850149363279343,0
test_protein_805,0.0,0.2051694244146347,0
test_protein_806,0.0,0.0005304915830492973,0
test_protein_807,0.0,0.32687872648239136,0
test_protein_808,0.0,0.01142597384750843,0
test_protein_809,0.0,0.019103964790701866,0
test_protein_810,0.0,0.01678316853940487,0
test_protein_811,0.0,0.015455178916454315,0
test_protein_812,0.0,0.8219962120056152,1
test_protein_813,0.0,0.018552130088210106,0
test_protein_814,0.0,0.015836916863918304,0
test_protein_815,0.0,0.014767559245228767,0
test_protein_816,0.0,0.0014819417847320437,0
test_protein_817,0.0,0.14449213445186615,0
test_protein_818,0.0,0.3297325372695923,0
test_protein_819,0.0,0.10237094014883041,0
test_protein_820,0.0,0.4882734417915344,0
test_protein_821,0.0,0.03215176239609718,0
test_protein_822,0.0,0.2791065275669098,0
test_protein_823,0.0,0.2266583889722824,0
test_protein_824,0.0,0.001401960151270032,0
test_protein_825,0.0,0.15514664351940155,0
test_protein_826,0.0,0.10344228893518448,0
test_protein_827,0.0,0.00733528146520257,0
test_protein_828,0.0,0.37433767318725586,0
test_protein_829,0.0,0.0049482532776892185,0
test_protein_830,0.0,0.015206840820610523,0
test_protein_831,0.0,0.0728890597820282,0
test_protein_832,0.0,0.05347120016813278,0
test_protein_833,0.0,0.050732459872961044,0
test_protein_834,0.0,0.5700276494026184,1
test_protein_835,0.0,0.17475274205207825,0
test_protein_836,0.0,0.4385383129119873,0
test_protein_837,0.0,0.2881661057472229,0
test_protein_838,0.0,0.016070963814854622,0
test_protein_839,0.0,0.016719121485948563,0
test_protein_840,0.0,0.04374123364686966,0
test_protein_841,0.0,0.0166684091091156,0
test_protein_842,0.0,0.39420297741889954,0
test_protein_843,0.0,0.011333020403981209,0
test_protein_844,0.0,0.013825368136167526,0
test_protein_845,0.0,0.01732015423476696,0
test_protein_846,0.0,0.2549247443675995,0
test_protein_847,0.0,0.08656366914510727,0
test_protein_848,0.0,0.003232128219678998,0
test_protein_849,0.0,0.0016385877970606089,0
test_protein_850,0.0,0.08522219210863113,0
test_protein_851,0.0,0.1906745880842209,0
test_protein_852,0.0,0.04693838581442833,0
test_protein_853,0.0,0.028337685391306877,0
test_protein_854,0.0,0.029093168675899506,0
test_protein_855,0.0,0.7727475762367249,1
test_protein_856,0.0,0.47308579087257385,0
test_protein_857,0.0,0.12810355424880981,0
test_protein_858,0.0,0.10172209143638611,0
test_protein_859,0.0,0.1529119312763214,0
test_protein_860,0.0,0.3856007158756256,0
test_protein_861,0.0,0.6325743198394775,1
test_protein_862,0.0,0.6308122873306274,1
test_protein_863,0.0,0.6145243048667908,1
test_protein_864,0.0,0.35615697503089905,0
test_protein_865,0.0,0.4458102285861969,0
test_protein_866,0.0,0.12109881639480591,0
test_protein_867,0.0,0.5908617377281189,1
test_protein_868,0.0,0.04608406871557236,0
test_protein_869,0.0,0.15222729742527008,0
test_protein_870,0.0,0.014401787891983986,0
test_protein_871,0.0,0.023814599961042404,0
test_protein_872,0.0,0.27671244740486145,0
test_protein_873,0.0,0.024834059178829193,0
test_protein_874,0.0,0.04094259440898895,0
test_protein_875,0.0,0.06245157867670059,0
test_protein_876,0.0,0.09861698746681213,0
test_protein_877,0.0,0.37379616498947144,0
test_protein_878,0.0,0.11462495476007462,0
test_protein_879,0.0,0.40240243077278137,0
test_protein_880,0.0,0.09450646489858627,0
test_protein_881,0.0,0.5728614926338196,1
test_protein_882,0.0,0.5621787905693054,1
test_protein_883,0.0,0.014684765599668026,0
test_protein_884,0.0,0.0080169178545475,0
test_protein_885,0.0,0.011285493150353432,0
test_protein_886,0.0,0.6268852353096008,1
test_protein_887,0.0,0.6629065275192261,1
test_protein_888,0.0,0.8830739259719849,1
test_protein_889,0.0,0.3249776065349579,0
test_protein_890,0.0,0.1724945455789566,0
test_protein_891,0.0,0.4945141077041626,0
test_protein_892,0.0,0.5653327703475952,1
test_protein_893,0.0,0.018181907013058662,0
test_protein_894,0.0,0.7557088136672974,1
test_protein_895,0.0,0.1638144999742508,0
test_protein_896,0.0,0.18692459166049957,0
test_protein_897,0.0,0.7001044154167175,1
test_protein_898,0.0,0.9743766188621521,1
test_protein_899,0.0,0.1921893209218979,0
test_protein_900,0.0,0.2970699965953827,0
test_protein_901,0.0,0.34307661652565,0
test_protein_902,0.0,0.31754425168037415,0
test_protein_903,0.0,0.5962188839912415,1
test_protein_904,0.0,0.19979707896709442,0
test_protein_905,0.0,0.5559431314468384,1
test_protein_906,0.0,0.21657298505306244,0
test_protein_907,0.0,0.6089843511581421,1
test_protein_908,0.0,0.3793182969093323,0
test_protein_909,0.0,0.3837902545928955,0
test_protein_910,0.0,0.1316291093826294,0
test_protein_911,0.0,0.7722275257110596,1
test_protein_912,0.0,0.8633298277854919,1
test_protein_913,0.0,0.33201488852500916,0
test_protein_914,0.0,0.6525229811668396,1
test_protein_915,0.0,0.03116835467517376,0
test_protein_916,0.0,0.0033669339027255774,0
test_protein_917,0.0,0.08161194622516632,0
test_protein_918,0.0,0.3289920687675476,0
test_protein_919,0.0,0.15424509346485138,0
test_protein_920,0.0,0.03575241193175316,0
test_protein_921,0.0,0.358450710773468,0
test_protein_922,0.0,0.1469067931175232,0
test_protein_923,0.0,0.11680174618959427,0
test_protein_924,0.0,0.18864305317401886,0
test_protein_925,0.0,0.04226051643490791,0
test_protein_926,0.0,0.06767591834068298,0
test_protein_927,0.0,0.07532864063978195,0
test_protein_928,0.0,0.20473867654800415,0
test_protein_929,0.0,0.4856566786766052,0
test_protein_930,0.0,0.16617265343666077,0
test_protein_931,0.0,0.3373768925666809,0
test_protein_932,0.0,0.27303314208984375,0
test_protein_933,0.0,0.10664781928062439,0
test_protein_934,0.0,0.23941856622695923,0
test_protein_935,0.0,0.12174654752016068,0
test_protein_936,0.0,0.44845080375671387,0
test_protein_937,0.0,0.30301573872566223,0
test_protein_938,0.0,0.02477998286485672,0
test_protein_939,0.0,0.007430155295878649,0
test_protein_940,0.0,0.07574326545000076,0
test_protein_941,0.0,0.9362048506736755,1
test_protein_942,0.0,0.5977157950401306,1
test_protein_943,0.0,0.549128532409668,1
test_protein_944,0.0,0.03049088642001152,0
test_protein_945,0.0,0.03343930095434189,0
test_protein_946,0.0,0.000960838922765106,0
test_protein_947,0.0,0.45772674679756165,0
test_protein_948,0.0,0.007920046336948872,0
test_protein_949,0.0,0.17792537808418274,0
test_protein_950,0.0,0.29896000027656555,0
test_protein_951,0.0,0.7674567699432373,1
test_protein_952,0.0,0.2005356401205063,0
test_protein_953,0.0,0.22774934768676758,0
test_protein_954,0.0,0.26845091581344604,0
test_protein_955,0.0,0.20485015213489532,0
test_protein_956,0.0,0.13789761066436768,0
test_protein_957,0.0,0.2044323831796646,0
test_protein_958,0.0,0.029418515041470528,0
test_protein_959,0.0,0.373877614736557,0
test_protein_960,0.0,0.0008633424295112491,0
test_protein_961,0.0,0.09988711774349213,0
test_protein_962,0.0,0.04267805069684982,0
test_protein_963,0.0,0.042283326387405396,0
test_protein_964,0.0,0.04726479575037956,0
test_protein_965,0.0,0.03404107317328453,0
test_protein_966,0.0,0.01919437013566494,0
test_protein_967,0.0,0.02088785357773304,0
test_protein_968,0.0,0.09141978621482849,0
test_protein_969,0.0,0.12382235378026962,0
test_protein_970,0.0,0.12006113678216934,0
test_protein_971,0.0,0.3209425210952759,0
test_protein_972,0.0,0.9032340049743652,1
test_protein_973,0.0,0.0021237218752503395,0
test_protein_974,0.0,0.12977972626686096,0
test_protein_975,0.0,0.009633934125304222,0
test_protein_976,0.0,0.2691921293735504,0
test_protein_977,0.0,0.2389748990535736,0
test_protein_978,0.0,0.022510122507810593,0
test_protein_979,0.0,0.008783599361777306,0
test_protein_980,0.0,0.02540890872478485,0
test_protein_981,0.0,0.015915649011731148,0
test_protein_982,0.0,0.14584313333034515,0
test_protein_983,0.0,0.6779334545135498,1
test_protein_984,0.0,0.07353008538484573,0
test_protein_985,0.0,0.07797735184431076,0
test_protein_986,0.0,0.02608020231127739,0
test_protein_987,0.0,0.06245821714401245,0
test_protein_988,0.0,0.032666850835084915,0
test_protein_989,0.0,0.024341512471437454,0
test_protein_990,0.0,0.005611236207187176,0
test_protein_991,0.0,0.905376672744751,1
test_protein_992,0.0,0.8703618049621582,1
test_protein_993,0.0,0.9589902758598328,1
test_protein_994,0.0,0.7282102108001709,1
test_protein_995,0.0,0.03542545810341835,0
test_protein_996,0.0,0.22253423929214478,0
test_protein_997,0.0,0.0054656751453876495,0
test_protein_998,0.0,0.09432212263345718,0
test_protein_999,0.0,0.11035391688346863,0
test_protein_1000,0.0,0.15639163553714752,0
test_protein_1001,0.0,0.03912796452641487,0
test_protein_1002,0.0,0.013443955220282078,0
test_protein_1003,0.0,0.21369893848896027,0
test_protein_1004,0.0,0.5096835494041443,1
test_protein_1005,0.0,0.5989336371421814,1
test_protein_1006,0.0,0.06055370345711708,0
test_protein_1007,0.0,0.0401897057890892,0
test_protein_1008,0.0,0.017247116193175316,0
test_protein_1009,0.0,0.015041222795844078,0
test_protein_1010,0.0,0.0524277500808239,0
test_protein_1011,0.0,0.008992208167910576,0
test_protein_1012,0.0,0.017143255099654198,0
test_protein_1013,0.0,0.4666491448879242,0
test_protein_1014,0.0,0.0014682511100545526,0
test_protein_1015,0.0,0.04063127189874649,0
test_protein_1016,0.0,0.08668206632137299,0
test_protein_1017,0.0,0.053160373121500015,0
test_protein_1018,0.0,0.337002158164978,0
test_protein_1019,0.0,0.10529917478561401,0
test_protein_1020,0.0,0.13428665697574615,0
test_protein_1021,0.0,0.1095280647277832,0
test_protein_1022,0.0,0.03397542983293533,0
test_protein_1023,0.0,0.2822001576423645,0
test_protein_1024,0.0,0.000543240224942565,0
test_protein_1025,0.0,0.3194449543952942,0
test_protein_1026,0.0,0.8152084946632385,1
test_protein_1027,0.0,0.3236369788646698,0
test_protein_1028,0.0,0.1917874813079834,0
test_protein_1029,0.0,0.3328802287578583,0
test_protein_1030,0.0,0.36478984355926514,0
test_protein_1031,0.0,0.15873464941978455,0
test_protein_1032,0.0,0.37675854563713074,0
test_protein_1033,0.0,0.10841768234968185,0
test_protein_1034,0.0,0.08620233833789825,0
test_protein_1035,0.0,0.5272371172904968,1
test_protein_1036,0.0,0.2959667146205902,0
test_protein_1037,0.0,0.14328478276729584,0
test_protein_1038,0.0,0.26744455099105835,0
test_protein_1039,0.0,0.8309679627418518,1
test_protein_1040,0.0,0.58101487159729,1
test_protein_1041,0.0,0.44725489616394043,0
test_protein_1042,0.0,0.7903826236724854,1
test_protein_1043,0.0,0.9835980534553528,1
test_protein_1044,0.0,0.6681208610534668,1
test_protein_1045,0.0,0.6274070739746094,1
test_protein_1046,0.0,0.8675356507301331,1
test_protein_1047,0.0,0.4802302420139313,0
test_protein_1048,0.0,0.07538741827011108,0
test_protein_1049,0.0,0.019677715376019478,0
test_protein_1050,0.0,0.01808382198214531,0
test_protein_1051,0.0,0.03398151323199272,0
test_protein_1052,0.0,0.025041570886969566,0
test_protein_1053,0.0,0.02248198166489601,0
test_protein_1054,0.0,0.06536325067281723,0
test_protein_1055,0.0,0.1893061250448227,0
test_protein_1056,0.0,0.28679248690605164,0
test_protein_1057,0.0,0.013226686045527458,0
test_protein_1058,0.0,0.02455761469900608,0
test_protein_1059,0.0,0.8878716826438904,1
test_protein_1060,0.0,0.03968263790011406,0
test_protein_1061,0.0,0.021452851593494415,0
test_protein_1062,0.0,0.02430061623454094,0
test_protein_1063,0.0,0.02857108972966671,0
test_protein_1064,0.0,0.07579357177019119,0
test_protein_1065,0.0,0.09470847994089127,0
test_protein_1066,0.0,0.03269198536872864,0
test_protein_1067,0.0,0.06494477391242981,0
test_protein_1068,0.0,0.06377474218606949,0
test_protein_1069,0.0,0.14566540718078613,0
test_protein_1070,0.0,0.01924474537372589,0
test_protein_1071,0.0,0.5034509301185608,1
test_protein_1072,0.0,0.09493542462587357,0
test_protein_1073,0.0,0.012627006508409977,0
test_protein_1074,0.0,0.0164050105959177,0
test_protein_1075,0.0,0.0010718752164393663,0
test_protein_1076,0.0,0.12493313103914261,0
test_protein_1077,0.0,0.055519238114356995,0
test_protein_1078,0.0,0.09645647555589676,0
test_protein_1079,0.0,0.4641982316970825,0
test_protein_1080,0.0,0.3169838786125183,0
test_protein_1081,0.0,0.3410502076148987,0
test_protein_1082,0.0,0.06699404120445251,0
test_protein_1083,0.0,0.15590398013591766,0
test_protein_1084,0.0,0.1614491045475006,0
test_protein_1085,0.0,0.17775335907936096,0
test_protein_1086,0.0,0.4303210377693176,0
test_protein_1087,0.0,0.15877124667167664,0
test_protein_1088,0.0,0.35934361815452576,0
test_protein_1089,0.0,0.4744091033935547,0
test_protein_1090,0.0,0.3772430717945099,0
test_protein_1091,0.0,0.36814746260643005,0
test_protein_1092,0.0,0.3145000636577606,0
test_protein_1093,0.0,0.16964565217494965,0
test_protein_1094,0.0,0.16442449390888214,0
test_protein_1095,0.0,0.5618414282798767,1
test_protein_1096,0.0,0.6139025092124939,1
test_protein_1097,0.0,0.4833236634731293,0
test_protein_1098,0.0,0.5397850275039673,1
test_protein_1099,0.0,0.13268035650253296,0
test_protein_1100,0.0,0.4541049003601074,0
test_protein_1101,0.0,0.7534995675086975,1
test_protein_1102,0.0,0.5137056112289429,1
test_protein_1103,0.0,0.4973093271255493,0
test_protein_1104,0.0,0.021083444356918335,0
test_protein_1105,0.0,0.020498432219028473,0
test_protein_1106,0.0,0.024896400049328804,0
test_protein_1107,0.0,0.021488666534423828,0
test_protein_1108,0.0,0.0236506424844265,0
test_protein_1109,0.0,0.023382756859064102,0
test_protein_1110,0.0,0.03277990221977234,0
test_protein_1111,0.0,0.013293806463479996,0
test_protein_1112,0.0,0.062009621411561966,0
test_protein_1113,0.0,0.04985323175787926,0
test_protein_1114,0.0,0.013848069123923779,0
test_protein_1115,0.0,0.015901248902082443,0
test_protein_1116,0.0,0.058929938822984695,0
test_protein_1117,0.0,0.029090918600559235,0
test_protein_1118,0.0,0.04885349050164223,0
test_protein_1119,0.0,0.005961662158370018,0
test_protein_1120,0.0,0.1408243328332901,0
test_protein_1121,0.0,0.6226041913032532,1
test_protein_1122,0.0,0.0006499112932942808,0
test_protein_1123,0.0,0.33305081725120544,0
test_protein_1124,0.0,0.0009892069501802325,0
test_protein_1125,0.0,0.009358312003314495,0
test_protein_1126,0.0,0.07104792445898056,0
test_protein_1127,0.0,0.02419940009713173,0
test_protein_1128,0.0,0.0033875256776809692,0
test_protein_1129,0.0,0.0007894596201367676,0
test_protein_1130,0.0,0.11735669523477554,0
test_protein_1131,0.0,0.12415942549705505,0
test_protein_1132,0.0,0.025370940566062927,0
test_protein_1133,0.0,0.018414394930005074,0
test_protein_1134,0.0,0.025381045415997505,0
test_protein_1135,0.0,0.033991288393735886,0
test_protein_1136,0.0,0.054413337260484695,0
test_protein_1137,0.0,0.009644499979913235,0
test_protein_1138,0.0,0.02524193935096264,0
test_protein_1139,0.0,0.5965935587882996,1
test_protein_1140,0.0,0.04297211766242981,0
test_protein_1141,0.0,0.10174941271543503,0
test_protein_1142,0.0,0.03133959695696831,0
test_protein_1143,0.0,0.08262849599123001,0
test_protein_1144,0.0,0.06832205504179001,0
test_protein_1145,0.0,0.018963949754834175,0
test_protein_1146,0.0,0.9942455887794495,1
test_protein_1147,0.0,0.20481616258621216,0
test_protein_1148,0.0,0.21386028826236725,0
test_protein_1149,0.0,0.04820942506194115,0
test_protein_1150,0.0,0.13470719754695892,0
test_protein_1151,0.0,0.37582460045814514,0
test_protein_1152,0.0,0.9738031625747681,1
test_protein_1153,0.0,0.9615914225578308,1
test_protein_1154,0.0,0.9051582217216492,1
test_protein_1155,0.0,0.03055080957710743,0
test_protein_1156,0.0,0.09406567364931107,0
test_protein_1157,0.0,0.5799338221549988,1
test_protein_1158,0.0,0.3966882526874542,0
test_protein_1159,0.0,0.08027103543281555,0
test_protein_1160,0.0,0.06559816747903824,0
test_protein_1161,0.0,0.3127169907093048,0
test_protein_1162,0.0,0.1062185987830162,0
test_protein_1163,0.0,0.030030494555830956,0
test_protein_1164,0.0,0.26203733682632446,0
test_protein_1165,0.0,0.162021666765213,0
test_protein_1166,0.0,0.0835086777806282,0
test_protein_1167,0.0,0.09760310500860214,0
test_protein_1168,0.0,0.07998619973659515,0
test_protein_1169,0.0,0.35977089405059814,0
test_protein_1170,0.0,0.3428986072540283,0
test_protein_1171,0.0,0.2968903183937073,0
test_protein_1172,0.0,0.5262007117271423,1
test_protein_1173,0.0,0.0013912890572100878,0
test_protein_1174,0.0,0.0017734329449012876,0
test_protein_1175,0.0,0.2753606140613556,0
test_protein_1176,0.0,0.00039810320595279336,0
test_protein_1177,0.0,0.021277567371726036,0
test_protein_1178,0.0,0.007119800895452499,0
test_protein_1179,0.0,0.010410922579467297,0
test_protein_1180,0.0,0.008226937614381313,0
test_protein_1181,0.0,0.020569000393152237,0
test_protein_1182,0.0,0.1271163672208786,0
test_protein_1183,0.0,0.12649133801460266,0
test_protein_1184,0.0,0.013195548206567764,0
test_protein_1185,0.0,0.22125336527824402,0
test_protein_1186,0.0,0.8045430779457092,1
test_protein_1187,0.0,0.9790753722190857,1
test_protein_1188,0.0,0.9144372940063477,1
test_protein_1189,0.0,0.42965295910835266,0
test_protein_1190,0.0,0.012775378301739693,0
test_protein_1191,0.0,0.3501747250556946,0
test_protein_1192,0.0,0.2026159167289734,0
test_protein_1193,0.0,0.7257761359214783,1
test_protein_1194,0.0,0.03739544376730919,0
test_protein_1195,0.0,0.6631335616111755,1
test_protein_1196,0.0,0.7824669480323792,1
test_protein_1197,0.0,0.17601080238819122,0
test_protein_1198,0.0,0.009526988491415977,0
test_protein_1199,0.0,0.49773406982421875,0
test_protein_1200,0.0,0.11827513575553894,0
test_protein_1201,0.0,0.056092649698257446,0
test_protein_1202,0.0,0.06238464638590813,0
test_protein_1203,0.0,0.6179584264755249,1
test_protein_1204,0.0,0.5752648115158081,1
test_protein_1205,0.0,0.650300145149231,1
test_protein_1206,0.0,0.040344227105379105,0
test_protein_1207,0.0,0.24715644121170044,0
test_protein_1208,0.0,0.5066438317298889,1
test_protein_1209,0.0,0.017973758280277252,0
test_protein_1210,0.0,0.5898433327674866,1
test_protein_1211,0.0,0.10991860181093216,0
test_protein_1212,0.0,0.922667920589447,1
test_protein_1213,0.0,0.883653998374939,1
test_protein_1214,0.0,0.07671946287155151,0
test_protein_1215,0.0,0.33821508288383484,0
test_protein_1216,0.0,0.566706120967865,1
test_protein_1217,0.0,0.7425044775009155,1
test_protein_1218,0.0,0.31714507937431335,0
test_protein_1219,0.0,0.6870419383049011,1
test_protein_1220,0.0,0.28504419326782227,0
test_protein_1221,0.0,0.9725334644317627,1
test_protein_1222,0.0,0.11879425495862961,0
test_protein_1223,0.0,0.6591872572898865,1
test_protein_1224,0.0,0.04729427397251129,0
test_protein_1225,0.0,0.5439391136169434,1
test_protein_1226,0.0,0.6048290729522705,1
test_protein_1227,0.0,0.9800659418106079,1
test_protein_1228,0.0,0.9894607663154602,1
test_protein_1229,0.0,0.8583337068557739,1
test_protein_1230,0.0,0.7977694272994995,1
test_protein_1231,0.0,0.6837916970252991,1
test_protein_1232,0.0,0.5824097394943237,1
test_protein_1233,0.0,0.8063485026359558,1
test_protein_1234,0.0,0.04270322620868683,0
test_protein_1235,0.0,0.6199300289154053,1
test_protein_1236,0.0,0.9695343375205994,1
test_protein_1237,0.0,0.713687539100647,1
test_protein_1238,0.0,0.6975083947181702,1
test_protein_1239,0.0,0.016946356743574142,0
test_protein_1240,0.0,0.4215873181819916,0
test_protein_1241,0.0,0.1832675188779831,0
test_protein_1242,0.0,0.6438487768173218,1
test_protein_1243,0.0,0.3456898033618927,0
test_protein_1244,0.0,0.7780668139457703,1
test_protein_1245,0.0,0.21496856212615967,0
test_protein_1246,0.0,0.6735810041427612,1
test_protein_1247,0.0,0.5294502973556519,1
test_protein_1248,0.0,0.7289730906486511,1
test_protein_1249,0.0,0.9064615368843079,1
test_protein_1250,0.0,0.5421637892723083,1
test_protein_1251,0.0,0.204804927110672,0
test_protein_1252,0.0,0.0045846691355109215,0
test_protein_1253,0.0,0.09867610782384872,0
test_protein_1254,0.0,0.02281474694609642,0
test_protein_1255,0.0,0.19682075083255768,0
test_protein_1256,0.0,0.01982785575091839,0
test_protein_1257,0.0,0.6782272458076477,1
test_protein_1258,0.0,0.23693419992923737,0
test_protein_1259,0.0,0.037340786308050156,0
test_protein_1260,0.0,0.7416583895683289,1
test_protein_1261,0.0,0.053470682352781296,0
test_protein_1262,0.0,0.020575517788529396,0
test_protein_1263,0.0,0.06776599586009979,0
test_protein_1264,0.0,0.10974013805389404,0
test_protein_1265,0.0,0.011376405134797096,0
test_protein_1266,0.0,0.38661912083625793,0
test_protein_1267,0.0,0.47107362747192383,0
test_protein_1268,0.0,0.0018971521640196443,0
test_protein_1269,0.0,0.002713346155360341,0
test_protein_1270,0.0,0.26408612728118896,0
test_protein_1271,0.0,0.44980528950691223,0
test_protein_1272,0.0,0.20042262971401215,0
test_protein_1273,0.0,0.04541280120611191,0
test_protein_1274,0.0,0.013419469818472862,0
test_protein_1275,0.0,0.25128626823425293,0
test_protein_1276,0.0,0.5916879177093506,1
test_protein_1277,0.0,0.4411289095878601,0
test_protein_1278,0.0,0.10570061206817627,0
test_protein_1279,0.0,0.3237461745738983,0
test_protein_1280,0.0,0.4210333228111267,0
test_protein_1281,0.0,0.07418952137231827,0
test_protein_1282,0.0,0.01815382018685341,0
test_protein_1283,0.0,0.06776884198188782,0
test_protein_1284,0.0,0.2728690803050995,0
test_protein_1285,0.0,0.1857677400112152,0
test_protein_1286,0.0,0.0466986708343029,0
test_protein_1287,0.0,0.7872002124786377,1
test_protein_1288,0.0,0.12971757352352142,0
test_protein_1289,0.0,0.09966767579317093,0
test_protein_1290,0.0,0.06561743468046188,0
test_protein_1291,0.0,0.3760116696357727,0
test_protein_1292,0.0,0.001061852090060711,0
test_protein_1293,0.0,0.0008094469667412341,0
test_protein_1294,0.0,0.0013248235918581486,0
test_protein_1295,0.0,0.25062063336372375,0
test_protein_1296,0.0,0.3891947269439697,0
test_protein_1297,0.0,0.0021191826090216637,0
test_protein_1298,0.0,0.0660083144903183,0
test_protein_1299,0.0,0.5790737867355347,1
test_protein_1300,0.0,0.23493358492851257,0
test_protein_1301,0.0,0.2272455096244812,0
test_protein_1302,0.0,0.09617232531309128,0
test_protein_1303,0.0,0.6347290873527527,1
test_protein_1304,0.0,0.23411057889461517,0
test_protein_1305,0.0,0.478348046541214,0
test_protein_1306,0.0,0.3005349040031433,0
test_protein_1307,0.0,0.006614812649786472,0
test_protein_1308,0.0,0.4408302307128906,0
test_protein_1309,0.0,0.39351949095726013,0
test_protein_1310,0.0,0.01276077888906002,0
test_protein_1311,0.0,0.021775197237730026,0
test_protein_1312,0.0,0.2774791717529297,0
test_protein_1313,0.0,0.02254597283899784,0
test_protein_1314,0.0,0.06309891492128372,0
test_protein_1315,0.0,0.29653266072273254,0
test_protein_1316,0.0,0.042440224438905716,0
test_protein_1317,0.0,0.050857916474342346,0
test_protein_1318,0.0,0.0362219475209713,0
test_protein_1319,0.0,0.21426978707313538,0
test_protein_1320,0.0,0.08429080992937088,0
test_protein_1321,0.0,0.07756097614765167,0
test_protein_1322,0.0,0.0795634463429451,0
test_protein_1323,0.0,0.3895030915737152,0
test_protein_1324,0.0,0.2804276645183563,0
test_protein_1325,0.0,0.1916641741991043,0
test_protein_1326,0.0,0.10889303684234619,0
test_protein_1327,0.0,0.06323082745075226,0
test_protein_1328,0.0,0.24950848519802094,0
test_protein_1329,0.0,0.05646594613790512,0
test_protein_1330,0.0,0.37899208068847656,0
test_protein_1331,0.0,0.6797831654548645,1
test_protein_1332,0.0,0.08483482152223587,0
test_protein_1333,0.0,0.9809412956237793,1
test_protein_1334,0.0,0.6460676193237305,1
test_protein_1335,0.0,0.2362567037343979,0
test_protein_1336,0.0,0.7747282385826111,1
test_protein_1337,0.0,0.5597215294837952,1
test_protein_1338,0.0,0.4022725820541382,0
test_protein_1339,0.0,0.8937953114509583,1
test_protein_1340,0.0,0.18168221414089203,0
test_protein_1341,0.0,0.006801624782383442,0
test_protein_1342,0.0,0.30313339829444885,0
test_protein_1343,0.0,0.12877324223518372,0
test_protein_1344,0.0,0.8255593180656433,1
test_protein_1345,0.0,0.8259461522102356,1
test_protein_1346,0.0,0.4161863625049591,0
test_protein_1347,0.0,0.5269677042961121,1
test_protein_1348,0.0,0.07491879910230637,0
test_protein_1349,0.0,0.08027072995901108,0
test_protein_1350,0.0,0.05040059983730316,0
test_protein_1351,0.0,0.22763919830322266,0
test_protein_1352,0.0,0.3047066628932953,0
test_protein_1353,0.0,0.10991600155830383,0
test_protein_1354,0.0,0.05178944021463394,0
test_protein_1355,0.0,0.08975029736757278,0
test_protein_1356,0.0,0.08702009916305542,0
test_protein_1357,0.0,0.05822873115539551,0
test_protein_1358,0.0,0.10412021726369858,0
test_protein_1359,0.0,0.12067411839962006,0
test_protein_1360,0.0,0.0904848650097847,0
test_protein_1361,0.0,0.018537383526563644,0
test_protein_1362,0.0,0.11304310709238052,0
test_protein_1363,0.0,0.027757791802287102,0
test_protein_1364,0.0,0.13304109871387482,0
test_protein_1365,0.0,0.26801562309265137,0
test_protein_1366,0.0,0.3415098488330841,0
test_protein_1367,0.0,0.04451218619942665,0
test_protein_1368,0.0,0.08821197599172592,0
test_protein_1369,0.0,0.17564953863620758,0
test_protein_1370,0.0,0.30720022320747375,0
test_protein_1371,0.0,0.10982125997543335,0
test_protein_1372,0.0,0.4070141017436981,0
test_protein_1373,0.0,0.199817955493927,0
test_protein_1374,0.0,0.33327698707580566,0
test_protein_1375,0.0,0.3107905089855194,0
test_protein_1376,0.0,0.010842994786798954,0
test_protein_1377,0.0,0.035097453743219376,0
test_protein_1378,0.0,0.3916821777820587,0
test_protein_1379,0.0,0.19317831099033356,0
test_protein_1380,0.0,0.002816511318087578,0
test_protein_1381,0.0,0.3486560881137848,0
test_protein_1382,0.0,0.15952207148075104,0
test_protein_1383,0.0,0.046969152987003326,0
test_protein_1384,0.0,0.0021877894178032875,0
test_protein_1385,0.0,0.10296393930912018,0
test_protein_1386,0.0,0.12730173766613007,0
test_protein_1387,0.0,0.2475273311138153,0
test_protein_1388,0.0,0.05520378798246384,0
test_protein_1389,0.0,0.01669503189623356,0
test_protein_1390,0.0,0.026916589587926865,0
test_protein_1391,0.0,0.07149584591388702,0
test_protein_1392,0.0,0.35657885670661926,0
test_protein_1393,0.0,0.4840255379676819,0
test_protein_1394,0.0,0.017989402636885643,0
test_protein_1395,0.0,0.15015338361263275,0
test_protein_1396,0.0,0.02465072274208069,0
test_protein_1397,0.0,0.7185688018798828,1
test_protein_1398,0.0,0.32430532574653625,0
test_protein_1399,0.0,0.11509358882904053,0
test_protein_1400,0.0,0.20485851168632507,0
test_protein_1401,0.0,0.013351572677493095,0
test_protein_1402,0.0,0.20559906959533691,0
test_protein_1403,0.0,0.699286699295044,1
test_protein_1404,0.0,0.05065590515732765,0
test_protein_1405,0.0,0.04786036163568497,0
test_protein_1406,0.0,0.06713484227657318,0
test_protein_1407,0.0,0.6203666925430298,1
test_protein_1408,0.0,0.03531848266720772,0
test_protein_1409,0.0,0.018830733373761177,0
test_protein_1410,0.0,0.009497368708252907,0
test_protein_1411,0.0,0.009374726563692093,0
test_protein_1412,0.0,0.06360483169555664,0
test_protein_1413,0.0,0.13534946739673615,0
test_protein_1414,0.0,0.1472434401512146,0
test_protein_1415,0.0,0.20369099080562592,0
test_protein_1416,0.0,0.07663008570671082,0
test_protein_1417,0.0,0.035263434052467346,0
test_protein_1418,0.0,0.12133156508207321,0
test_protein_1419,0.0,0.08152060955762863,0
test_protein_1420,0.0,0.22652161121368408,0
test_protein_1421,0.0,0.014078768901526928,0
test_protein_1422,0.0,0.03158167004585266,0
test_protein_1423,0.0,0.01869460754096508,0
test_protein_1424,0.0,0.2511947751045227,0
test_protein_1425,0.0,0.37334853410720825,0
test_protein_1426,0.0,0.163380429148674,0
test_protein_1427,0.0,0.006195881403982639,0
test_protein_1428,0.0,0.005034379195421934,0
test_protein_1429,0.0,0.006183157674968243,0
test_protein_1430,0.0,0.005142569541931152,0
test_protein_1431,0.0,0.04791926592588425,0
test_protein_1432,0.0,0.5588220953941345,1
test_protein_1433,0.0,0.228232279419899,0
test_protein_1434,0.0,0.158364400267601,0
test_protein_1435,0.0,0.3943317234516144,0
test_protein_1436,0.0,0.47261202335357666,0
test_protein_1437,0.0,0.6606001853942871,1
test_protein_1438,0.0,0.7606420516967773,1
test_protein_1439,0.0,0.086601622402668,0
test_protein_1440,0.0,0.18551002442836761,0
test_protein_1441,0.0,0.14970068633556366,0
test_protein_1442,0.0,0.1388484537601471,0
test_protein_1443,0.0,0.0011280745966359973,0
test_protein_1444,0.0,0.2195201814174652,0
test_protein_1445,0.0,0.02998855896294117,0
test_protein_1446,0.0,0.010752646252512932,0
test_protein_1447,0.0,0.22144514322280884,0
test_protein_1448,0.0,0.02376846969127655,0
test_protein_1449,0.0,0.5936106443405151,1
test_protein_1450,0.0,0.14832310378551483,0
test_protein_1451,0.0,0.26364120841026306,0
test_protein_1452,0.0,0.02254485711455345,0
test_protein_1453,0.0,0.05270662531256676,0
test_protein_1454,0.0,0.15623006224632263,0
test_protein_1455,0.0,0.3085116744041443,0
test_protein_1456,0.0,0.11370337009429932,0
test_protein_1457,0.0,0.005005952436476946,0
test_protein_1458,0.0,0.014930959790945053,0
test_protein_1459,0.0,0.02435315027832985,0
test_protein_1460,0.0,0.27118927240371704,0
test_protein_1461,0.0,0.12199266254901886,0
test_protein_1462,0.0,0.2152414172887802,0
test_protein_1463,0.0,0.22719533741474152,0
test_protein_1464,0.0,0.5406440496444702,1
test_protein_1465,0.0,0.34670597314834595,0
test_protein_1466,0.0,0.001971188001334667,0
test_protein_1467,0.0,0.8950937390327454,1
test_protein_1468,0.0,0.37209904193878174,0
test_protein_1469,0.0,0.1446775645017624,0
test_protein_1470,0.0,0.10552474856376648,0
test_protein_1471,0.0,0.040769822895526886,0
test_protein_1472,0.0,0.09105046838521957,0
test_protein_1473,0.0,0.012571778148412704,0
test_protein_1474,0.0,0.26078054308891296,0
test_protein_1475,0.0,0.05843786150217056,0
test_protein_1476,0.0,0.04604987055063248,0
test_protein_1477,0.0,0.4425320327281952,0
test_protein_1478,0.0,0.27669256925582886,0
test_protein_1479,0.0,0.06268071383237839,0
test_protein_1480,0.0,0.48208823800086975,0
test_protein_1481,0.0,0.03853045776486397,0
test_protein_1482,0.0,0.45902368426322937,0
test_protein_1483,0.0,0.17875616252422333,0
test_protein_1484,0.0,0.013082440011203289,0
test_protein_1485,0.0,0.29700616002082825,0
test_protein_1486,0.0,0.21191024780273438,0
test_protein_1487,0.0,0.5384320020675659,1
test_protein_1488,0.0,0.7051187753677368,1
test_protein_1489,0.0,0.7519753575325012,1
test_protein_1490,0.0,0.8491259813308716,1
test_protein_1491,0.0,0.1622372418642044,0
test_protein_1492,0.0,0.05232362076640129,0
test_protein_1493,0.0,0.14381179213523865,0
test_protein_1494,0.0,0.8817548155784607,1
test_protein_1495,0.0,0.4852471947669983,0
test_protein_1496,0.0,0.030048301443457603,0
test_protein_1497,0.0,0.00039941331488080323,0
test_protein_1498,0.0,0.00045508547918871045,0
test_protein_1499,0.0,0.4661584496498108,0
test_protein_1500,0.0,0.0011519151739776134,0
test_protein_1501,0.0,0.0015832334756851196,0
test_protein_1502,0.0,0.13827207684516907,0
test_protein_1503,0.0,0.03960173577070236,0
test_protein_1504,0.0,0.03666267171502113,0
test_protein_1505,0.0,0.5619292259216309,1
test_protein_1506,0.0,0.9897484183311462,1
test_protein_1507,0.0,0.9928674697875977,1
test_protein_1508,0.0,0.000997078255750239,0
test_protein_1509,0.0,0.4870871901512146,0
test_protein_1510,0.0,0.054987333714962006,0
test_protein_1511,0.0,0.3722679913043976,0
test_protein_1512,0.0,0.2791668772697449,0
test_protein_1513,0.0,0.017323369160294533,0
test_protein_1514,0.0,0.20437118411064148,0
test_protein_1515,0.0,0.22903628647327423,0
test_protein_1516,0.0,0.3276398181915283,0
test_protein_1517,0.0,0.36584967374801636,0
test_protein_1518,0.0,0.029725167900323868,0
test_protein_1519,0.0,0.015544610098004341,0
test_protein_1520,0.0,0.02193569764494896,0
test_protein_1521,0.0,0.21093393862247467,0
test_protein_1522,0.0,0.0010217956732958555,0
test_protein_1523,0.0,0.46549534797668457,0
test_protein_1524,0.0,0.12627099454402924,0
test_protein_1525,0.0,0.18498393893241882,0
test_protein_1526,0.0,0.07346735894680023,0
test_protein_1527,0.0,0.024584505707025528,0
test_protein_1528,0.0,0.9942262768745422,1
test_protein_1529,0.0,0.9824835062026978,1
test_protein_1530,0.0,0.021589022129774094,0
test_protein_1531,0.0,0.010445722378790379,0
test_protein_1532,0.0,0.9643809795379639,1
test_protein_1533,0.0,0.0020474917255342007,0
test_protein_1534,0.0,0.7331609129905701,1
test_protein_1535,0.0,0.5189232230186462,1
test_protein_1536,0.0,0.09059450775384903,0
test_protein_1537,0.0,0.27450722455978394,0
test_protein_1538,0.0,0.09675590693950653,0
test_protein_1539,0.0,0.1316925436258316,0
test_protein_1540,0.0,0.04569068178534508,0
test_protein_1541,0.0,0.025544969365000725,0
test_protein_1542,0.0,0.38573846220970154,0
test_protein_1543,0.0,0.8234790563583374,1
test_protein_1544,0.0,0.17893652617931366,0
test_protein_1545,0.0,0.07734797894954681,0
test_protein_1546,0.0,0.2891111671924591,0
test_protein_1547,0.0,0.3664216995239258,0
test_protein_1548,0.0,0.0012698294594883919,0
test_protein_1549,0.0,0.2306903749704361,0
test_protein_1550,0.0,0.11987221986055374,0
test_protein_1551,0.0,0.5590042471885681,1
test_protein_1552,0.0,0.019309228286147118,0
test_protein_1553,0.0,0.4935934543609619,0
test_protein_1554,0.0,0.6158074736595154,1
test_protein_1555,0.0,0.07052639126777649,0
test_protein_1556,0.0,0.2819451689720154,0
test_protein_1557,0.0,0.1906486451625824,0
test_protein_1558,0.0,0.03036835975944996,0
test_protein_1559,0.0,0.5133578777313232,1
test_protein_1560,0.0,0.30538463592529297,0
test_protein_1561,0.0,0.013272169977426529,0
test_protein_1562,0.0,0.03289739415049553,0
test_protein_1563,0.0,0.0650622621178627,0
test_protein_1564,0.0,0.033881813287734985,0
test_protein_1565,0.0,0.030935613438487053,0
test_protein_1566,0.0,0.005016375798732042,0
test_protein_1567,0.0,0.017877809703350067,0
test_protein_1568,0.0,0.04333359748125076,0
test_protein_1569,0.0,0.05344327539205551,0
test_protein_1570,0.0,0.01477906759828329,0
test_protein_1571,0.0,0.010162810795009136,0
test_protein_1572,0.0,0.01369087491184473,0
test_protein_1573,0.0,0.013412779197096825,0
test_protein_1574,0.0,0.050083644688129425,0
test_protein_1575,0.0,0.2715156078338623,0
test_protein_1576,0.0,0.64305180311203,1
test_protein_1577,0.0,0.49014121294021606,0
test_protein_1578,0.0,0.2258409857749939,0
test_protein_1579,0.0,0.7770525813102722,1
test_protein_1580,0.0,0.03352934494614601,0
test_protein_1581,0.0,0.007771401200443506,0
test_protein_1582,0.0,0.11074218153953552,0
test_protein_1583,0.0,0.03710450977087021,0
test_protein_1584,0.0,0.004789927043020725,0
test_protein_1585,0.0,0.3860834538936615,0
test_protein_1586,0.0,0.060553841292858124,0
test_protein_1587,0.0,0.46779122948646545,0
test_protein_1588,0.0,0.34345027804374695,0
test_protein_1589,0.0,0.6791250109672546,1
test_protein_1590,0.0,0.06006048247218132,0
test_protein_1591,0.0,0.06466082483530045,0
test_protein_1592,0.0,0.5648900866508484,1
test_protein_1593,0.0,0.002610034542158246,0
test_protein_1594,0.0,0.011144470423460007,0
test_protein_1595,0.0,0.7103428244590759,1
test_protein_1596,0.0,0.18219681084156036,0
test_protein_1597,0.0,0.06218047812581062,0
test_protein_1598,0.0,0.5647146701812744,1
test_protein_1599,0.0,0.053770534694194794,0
test_protein_1600,0.0,0.8015978336334229,1
test_protein_1601,0.0,0.7587500810623169,1
test_protein_1602,0.0,0.013485658913850784,0
test_protein_1603,0.0,0.01609506458044052,0
test_protein_1604,0.0,0.11965087801218033,0
test_protein_1605,0.0,0.3249669075012207,0
test_protein_1606,0.0,0.6630584001541138,1
test_protein_1607,0.0,0.0017740095499902964,0
test_protein_1608,0.0,0.3379402756690979,0
test_protein_1609,0.0,0.09581976383924484,0
test_protein_1610,0.0,0.9741604924201965,1
test_protein_1611,0.0,0.2706948518753052,0
test_protein_1612,0.0,0.5489511489868164,1
test_protein_1613,0.0,0.09839078783988953,0
test_protein_1614,0.0,0.28367677330970764,0
test_protein_1615,0.0,0.13730420172214508,0
test_protein_1616,0.0,0.25616705417633057,0
test_protein_1617,0.0,0.8219514489173889,1
test_protein_1618,0.0,0.06941615045070648,0
test_protein_1619,0.0,0.1695244163274765,0
test_protein_1620,0.0,0.47188711166381836,0
test_protein_1621,0.0,0.09708967804908752,0
test_protein_1622,0.0,0.0005736190942116082,0
test_protein_1623,0.0,0.03902631625533104,0
test_protein_1624,0.0,0.017291869968175888,0
test_protein_1625,0.0,0.029880233108997345,0
test_protein_1626,0.0,0.3406994044780731,0
test_protein_1627,0.0,0.017887022346258163,0
test_protein_1628,0.0,0.015633350238204002,0
test_protein_1629,0.0,0.3281272351741791,0
test_protein_1630,0.0,0.011083167977631092,0
test_protein_1631,0.0,0.013204580172896385,0
test_protein_1632,0.0,0.00116085191257298,0
test_protein_1633,0.0,0.0875270664691925,0
test_protein_1634,0.0,0.18134190142154694,0
test_protein_1635,0.0,0.15987670421600342,0
test_protein_1636,0.0,0.6234066486358643,1
test_protein_1637,0.0,0.1603347510099411,0
test_protein_1638,0.0,0.5069169402122498,1
test_protein_1639,0.0,0.037700384855270386,0
test_protein_1640,0.0,0.11573716998100281,0
test_protein_1641,0.0,0.08192798495292664,0
test_protein_1642,0.0,0.020947540178894997,0
test_protein_1643,0.0,0.09884856641292572,0
test_protein_1644,0.0,0.5878326296806335,1
test_protein_1645,0.0,0.32988351583480835,0
test_protein_1646,0.0,0.12316510826349258,0
test_protein_1647,0.0,0.0011232156539335847,0
test_protein_1648,0.0,0.024291789159178734,0
test_protein_1649,0.0,0.650751531124115,1
test_protein_1650,0.0,0.16201579570770264,0
test_protein_1651,0.0,0.31165578961372375,0
test_protein_1652,0.0,0.18757380545139313,0
test_protein_1653,0.0,0.03104581870138645,0
test_protein_1654,0.0,0.11811414361000061,0
test_protein_1655,0.0,0.1901625692844391,0
test_protein_1656,0.0,0.06067259982228279,0
test_protein_1657,0.0,0.02106844075024128,0
test_protein_1658,0.0,0.3888278007507324,0
test_protein_1659,0.0,0.012832427397370338,0
test_protein_1660,0.0,0.029466969892382622,0
test_protein_1661,0.0,0.1836778223514557,0
test_protein_1662,0.0,0.4313754141330719,0
test_protein_1663,0.0,0.00034348410554230213,0
test_protein_1664,0.0,0.29833218455314636,0
test_protein_1665,0.0,0.03955288603901863,0
test_protein_1666,0.0,0.024431373924016953,0
test_protein_1667,0.0,0.016454657539725304,0
test_protein_1668,0.0,0.057829637080430984,0
test_protein_1669,0.0,0.27721062302589417,0
test_protein_1670,0.0,0.15700271725654602,0
test_protein_1671,0.0,0.2018711268901825,0
test_protein_1672,0.0,0.27291592955589294,0
test_protein_1673,0.0,0.3420602083206177,0
test_protein_1674,0.0,0.03634687513113022,0
test_protein_1675,0.0,0.5653791427612305,1
test_protein_1676,0.0,0.13092339038848877,0
test_protein_1677,0.0,0.011912130750715733,0
test_protein_1678,0.0,0.022568875923752785,0
test_protein_1679,0.0,0.026269452646374702,0
test_protein_1680,0.0,0.03205754607915878,0
test_protein_1681,0.0,0.04067389294505119,0
test_protein_1682,0.0,0.26849061250686646,0
test_protein_1683,0.0,0.03880830854177475,0
test_protein_1684,0.0,0.0491897352039814,0
test_protein_1685,0.0,0.5943427681922913,1
test_protein_1686,0.0,0.6812267899513245,1
test_protein_1687,0.0,0.011841452680528164,0
test_protein_1688,0.0,0.4022206664085388,0
test_protein_1689,0.0,0.1371534913778305,0
test_protein_1690,0.0,0.4142969846725464,0
test_protein_1691,0.0,0.0008271560654975474,0
test_protein_1692,0.0,0.8590105175971985,1
test_protein_1693,0.0,0.0011563545558601618,0
test_protein_1694,0.0,0.5158796310424805,1
test_protein_1695,0.0,0.0009912593523040414,0
test_protein_1696,0.0,0.42176833748817444,0
test_protein_1697,0.0,0.4241601228713989,0
test_protein_1698,0.0,0.5403087139129639,1
test_protein_1699,0.0,0.019112486392259598,0
test_protein_1700,0.0,0.047506846487522125,0
test_protein_1701,0.0,0.016639484092593193,0
test_protein_1702,0.0,0.09698710590600967,0
test_protein_1703,0.0,0.10525859147310257,0
test_protein_1704,0.0,0.1968703418970108,0
test_protein_1705,0.0,0.06887861341238022,0
test_protein_1706,0.0,0.03465912491083145,0
test_protein_1707,0.0,0.25338685512542725,0
test_protein_1708,0.0,0.004802996758371592,0
test_protein_1709,0.0,0.0014976640231907368,0
test_protein_1710,0.0,0.13718456029891968,0
test_protein_1711,0.0,0.7459770441055298,1
test_protein_1712,0.0,0.0024281172081828117,0
test_protein_1713,0.0,0.011179954744875431,0
test_protein_1714,0.0,0.9724355340003967,1
test_protein_1715,0.0,0.7575563192367554,1
test_protein_1716,0.0,0.12397736310958862,0
test_protein_1717,0.0,0.6369752287864685,1
test_protein_1718,0.0,0.04038669168949127,0
test_protein_1719,0.0,0.7743618488311768,1
test_protein_1720,0.0,0.06458956003189087,0
test_protein_1721,0.0,0.1364518404006958,0
test_protein_1722,0.0,0.8271234035491943,1
test_protein_1723,0.0,0.8034897446632385,1
test_protein_1724,0.0,0.7386237978935242,1
test_protein_1725,0.0,0.2769624888896942,0
test_protein_1726,0.0,0.16637785732746124,0
test_protein_1727,0.0,0.08223401010036469,0
test_protein_1728,0.0,0.617954671382904,1
test_protein_1729,0.0,0.5872331261634827,1
test_protein_1730,0.0,0.06823427975177765,0
test_protein_1731,0.0,0.04503808915615082,0
test_protein_1732,0.0,0.011326273903250694,0
test_protein_1733,0.0,0.9177767634391785,1
test_protein_1734,0.0,0.5325945615768433,1
test_protein_1735,0.0,0.15915395319461823,0
test_protein_1736,0.0,0.629798173904419,1
test_protein_1737,0.0,0.45644494891166687,0
test_protein_1738,0.0,0.4952867329120636,0
test_protein_1739,0.0,0.48904407024383545,0
test_protein_1740,0.0,0.6755098104476929,1
test_protein_1741,0.0,0.9747884273529053,1
test_protein_1742,0.0,0.7481627464294434,1
test_protein_1743,0.0,0.0542219802737236,0
test_protein_1744,0.0,0.4451683461666107,0
test_protein_1745,0.0,0.007293598260730505,0
test_protein_1746,0.0,0.23921950161457062,0
test_protein_1747,0.0,0.37550291419029236,0
test_protein_1748,0.0,0.042400848120450974,0
test_protein_1749,0.0,0.8995463848114014,1
test_protein_1750,0.0,0.22203344106674194,0
test_protein_1751,0.0,0.0698760524392128,0
test_protein_1752,0.0,0.03297606110572815,0
test_protein_1753,0.0,0.013005607761442661,0
test_protein_1754,0.0,0.5632227659225464,1
test_protein_1755,0.0,0.9893612265586853,1
test_protein_1756,0.0,0.042836982756853104,0
test_protein_1757,0.0,0.33613264560699463,0
test_protein_1758,0.0,0.20049932599067688,0
test_protein_1759,0.0,0.7253521680831909,1
test_protein_1760,0.0,0.0013172839535400271,0
test_protein_1761,0.0,0.3178803324699402,0
test_protein_1762,0.0,0.617604672908783,1
test_protein_1763,0.0,0.16026830673217773,0
test_protein_1764,0.0,0.5001425743103027,1
test_protein_1765,0.0,0.17234504222869873,0
test_protein_1766,0.0,0.039271704852581024,0
test_protein_1767,0.0,0.14969728887081146,0
test_protein_1768,0.0,0.13788734376430511,0
test_protein_1769,0.0,0.22286008298397064,0
test_protein_1770,0.0,0.049973972141742706,0
test_protein_1771,0.0,0.02727300487458706,0
test_protein_1772,0.0,0.7442551255226135,1
test_protein_1773,0.0,0.10258586704730988,0
test_protein_1774,0.0,0.7139236927032471,1
test_protein_1775,0.0,0.12324365228414536,0
test_protein_1776,0.0,0.15715070068836212,0
test_protein_1777,0.0,0.10029146820306778,0
test_protein_1778,0.0,0.21975597739219666,0
test_protein_1779,0.0,0.09971373528242111,0
test_protein_1780,0.0,0.16724315285682678,0
test_protein_1781,0.0,0.17654451727867126,0
test_protein_1782,0.0,0.3173828423023224,0
test_protein_1783,0.0,0.12176072597503662,0
test_protein_1784,0.0,0.08205514401197433,0
test_protein_1785,0.0,0.6912868022918701,1
test_protein_1786,0.0,0.06055188179016113,0
test_protein_1787,0.0,0.2864549458026886,0
test_protein_1788,0.0,0.0642632395029068,0
test_protein_1789,0.0,0.05468795448541641,0
test_protein_1790,0.0,0.05010566487908363,0
test_protein_1791,0.0,0.020147353410720825,0
test_protein_1792,0.0,0.05145035684108734,0
test_protein_1793,0.0,0.08661461621522903,0
test_protein_1794,0.0,0.0516652949154377,0
test_protein_1795,0.0,0.025498325005173683,0
test_protein_1796,0.0,0.02781430073082447,0
test_protein_1797,0.0,0.026791943237185478,0
test_protein_1798,0.0,0.017299802973866463,0
test_protein_1799,0.0,0.020248696208000183,0
test_protein_1800,0.0,0.20428550243377686,0
test_protein_1801,0.0,0.04515458270907402,0
test_protein_1802,0.0,0.15305858850479126,0
test_protein_1803,0.0,0.19613972306251526,0
test_protein_1804,0.0,0.17517317831516266,0
test_protein_1805,0.0,0.1345495730638504,0
test_protein_1806,0.0,0.37255859375,0
test_protein_1807,0.0,0.0013437970774248242,0
test_protein_1808,0.0,0.06774196028709412,0
test_protein_1809,0.0,0.017281994223594666,0
test_protein_1810,0.0,0.02197352424263954,0
test_protein_1811,0.0,0.28622499108314514,0
test_protein_1812,0.0,0.9051767587661743,1
test_protein_1813,0.0,0.07120176404714584,0
test_protein_1814,0.0,0.15346898138523102,0
test_protein_1815,0.0,0.28813034296035767,0
test_protein_1816,0.0,0.022171074524521828,0
test_protein_1817,0.0,0.028489844873547554,0
test_protein_1818,0.0,0.05375276878476143,0
test_protein_1819,0.0,0.03046676516532898,0
test_protein_1820,0.0,0.6178577542304993,1
test_protein_1821,0.0,0.05625513941049576,0
test_protein_1822,0.0,0.36300915479660034,0
test_protein_1823,0.0,0.058486614376306534,0
test_protein_1824,1.0,0.0023590042255818844,0
test_protein_1825,1.0,0.0021850084885954857,0
test_protein_1826,1.0,0.002258571330457926,0
test_protein_1827,1.0,0.02627633512020111,0
test_protein_1828,1.0,0.0263369083404541,0
test_protein_1829,1.0,0.4386882781982422,0
test_protein_1830,1.0,0.013975461944937706,0
test_protein_1831,1.0,0.003059776732698083,0
test_protein_1832,1.0,0.309760719537735,0
test_protein_1833,1.0,0.7068397998809814,1
test_protein_1834,1.0,0.8141161203384399,1
test_protein_1835,1.0,0.07810816913843155,0
test_protein_1836,1.0,0.43703222274780273,0
test_protein_1837,1.0,0.2620321214199066,0
test_protein_1838,1.0,0.6023645997047424,1
test_protein_1839,1.0,0.17602971196174622,0
test_protein_1840,1.0,0.028694795444607735,0
test_protein_1841,1.0,0.3940318524837494,0
test_protein_1842,1.0,0.006294303108006716,0
test_protein_1843,1.0,0.030754756182432175,0
test_protein_1844,1.0,0.06938852369785309,0
test_protein_1845,1.0,0.00262208073399961,0
test_protein_1846,1.0,0.0016304502496495843,0
test_protein_1847,1.0,0.012836292386054993,0
test_protein_1848,1.0,0.055151671171188354,0
test_protein_1849,1.0,0.02676968090236187,0
test_protein_1850,1.0,0.46044212579727173,0
test_protein_1851,1.0,0.5957052111625671,1
test_protein_1852,1.0,0.810044527053833,1
test_protein_1853,1.0,0.13474737107753754,0
test_protein_1854,1.0,0.4021184742450714,0
test_protein_1855,1.0,0.6402801275253296,1
test_protein_1856,1.0,0.1402357816696167,0
test_protein_1857,1.0,0.35793739557266235,0
test_protein_1858,1.0,0.0005944867734797299,0
test_protein_1859,1.0,0.06133925914764404,0
test_protein_1860,1.0,0.01848302222788334,0
test_protein_1861,1.0,0.017642702907323837,0
test_protein_1862,1.0,0.476277232170105,0
test_protein_1863,1.0,0.3445369601249695,0
test_protein_1864,1.0,0.06832782179117203,0
test_protein_1865,1.0,0.27022331953048706,0
test_protein_1866,1.0,0.16351599991321564,0
test_protein_1867,1.0,0.2513691782951355,0
test_protein_1868,1.0,0.43869921565055847,0
test_protein_1869,1.0,0.033023539930582047,0
test_protein_1870,1.0,0.19669681787490845,0
test_protein_1871,1.0,0.05865853652358055,0
test_protein_1872,1.0,0.31463658809661865,0
test_protein_1873,1.0,0.5045869946479797,1
test_protein_1874,1.0,0.04459154233336449,0
test_protein_1875,1.0,0.034497786313295364,0
test_protein_1876,1.0,0.16616500914096832,0
test_protein_1877,1.0,0.19387347996234894,0
test_protein_1878,1.0,0.16312509775161743,0
test_protein_1879,1.0,0.332281231880188,0
test_protein_1880,1.0,0.07015461474657059,0
test_protein_1881,1.0,0.3854689598083496,0
test_protein_1882,1.0,0.787136435508728,1
test_protein_1883,1.0,0.2084726244211197,0
test_protein_1884,1.0,0.06234225258231163,0
test_protein_1885,1.0,0.6090843677520752,1
test_protein_1886,1.0,0.8919637799263,1
test_protein_1887,1.0,0.02271674945950508,0
test_protein_1888,1.0,0.16225212812423706,0
test_protein_1889,1.0,0.022708481177687645,0
test_protein_1890,1.0,0.3915587365627289,0
test_protein_1891,1.0,0.03220627084374428,0
test_protein_1892,1.0,0.0614299513399601,0
test_protein_1893,1.0,0.9398370981216431,1
test_protein_1894,1.0,0.2965223789215088,0
test_protein_1895,1.0,0.527086615562439,1
test_protein_1896,1.0,0.9782142639160156,1
test_protein_1897,1.0,0.3163979947566986,0
test_protein_1898,1.0,0.6780062317848206,1
test_protein_1899,1.0,0.3041004538536072,0
test_protein_1900,1.0,0.19553351402282715,0
test_protein_1901,1.0,0.7423605918884277,1
test_protein_1902,1.0,0.2970544993877411,0
test_protein_1903,1.0,0.150144562125206,0
test_protein_1904,1.0,0.011440206319093704,0
test_protein_1905,1.0,0.03649263456463814,0
test_protein_1906,1.0,0.3924064636230469,0
test_protein_1907,1.0,0.0317436158657074,0
test_protein_1908,1.0,0.002508342731744051,0
test_protein_1909,1.0,0.9119734168052673,1
test_protein_1910,1.0,0.4455983340740204,0
test_protein_1911,1.0,0.10894005000591278,0
test_protein_1912,1.0,0.29529261589050293,0
test_protein_1913,1.0,0.2355278730392456,0
test_protein_1914,1.0,0.0019989858847111464,0
test_protein_1915,1.0,0.024951156228780746,0
test_protein_1916,1.0,0.11078215390443802,0
test_protein_1917,1.0,0.09977465867996216,0
test_protein_1918,1.0,0.45593804121017456,0
test_protein_1919,1.0,0.015791326761245728,0
test_protein_1920,1.0,0.396016925573349,0
test_protein_1921,1.0,0.046601735055446625,0
test_protein_1922,1.0,0.2371015101671219,0
test_protein_1923,1.0,0.04916742071509361,0
test_protein_1924,1.0,0.18754132091999054,0
test_protein_1925,1.0,0.3398658037185669,0
test_protein_1926,1.0,0.04992257058620453,0
test_protein_1927,1.0,0.4043760597705841,0
test_protein_1928,1.0,0.7063394784927368,1
test_protein_1929,1.0,0.27293071150779724,0
test_protein_1930,1.0,0.9906147718429565,1
test_protein_1931,1.0,0.9600487947463989,1
test_protein_1932,1.0,0.615723192691803,1
test_protein_1933,1.0,0.010523424483835697,0
test_protein_1934,1.0,0.6255220174789429,1
test_protein_1935,1.0,0.018867995589971542,0
test_protein_1936,1.0,0.011802520602941513,0
test_protein_1937,1.0,0.01210108119994402,0
test_protein_1938,1.0,0.0861375704407692,0
test_protein_1939,1.0,0.24217581748962402,0
test_protein_1940,1.0,0.1015179455280304,0
test_protein_1941,1.0,0.2071642279624939,0
test_protein_1942,1.0,0.4499330222606659,0
test_protein_1943,1.0,0.22611115872859955,0
test_protein_1944,1.0,0.06122306361794472,0
test_protein_1945,1.0,0.5667021870613098,1
test_protein_1946,1.0,0.33903056383132935,0
test_protein_1947,1.0,0.20846246182918549,0
test_protein_1948,1.0,0.06939243525266647,0
test_protein_1949,1.0,0.3947538733482361,0
test_protein_1950,1.0,0.03755234554409981,0
test_protein_1951,1.0,0.15340274572372437,0
test_protein_1952,1.0,0.42686668038368225,0
test_protein_1953,1.0,0.25108903646469116,0
test_protein_1954,1.0,0.33972451090812683,0
test_protein_1955,1.0,0.1695837378501892,0
test_protein_1956,1.0,0.19363515079021454,0
test_protein_1957,1.0,0.4332871735095978,0
test_protein_1958,1.0,0.6513572335243225,1
test_protein_1959,1.0,0.052544672042131424,0
test_protein_1960,1.0,0.08603732287883759,0
test_protein_1961,1.0,0.032515134662389755,0
test_protein_1962,1.0,0.9572904706001282,1
test_protein_1963,1.0,0.8316997289657593,1
test_protein_1964,1.0,0.29279911518096924,0
test_protein_1965,1.0,0.5677464604377747,1
test_protein_1966,1.0,0.2280578911304474,0
test_protein_1967,1.0,0.17356903851032257,0
test_protein_1968,1.0,0.5455880165100098,1
test_protein_1969,1.0,0.20153795182704926,0
test_protein_1970,1.0,0.13366028666496277,0
test_protein_1971,1.0,0.3834021985530853,0
test_protein_1972,1.0,0.016653111204504967,0
test_protein_1973,1.0,0.18232543766498566,0
test_protein_1974,1.0,0.319017618894577,0
test_protein_1975,1.0,0.5734312534332275,1
test_protein_1976,1.0,0.3394683599472046,0
test_protein_1977,1.0,0.2327163815498352,0
test_protein_1978,1.0,0.1258241832256317,0
test_protein_1979,1.0,0.27776864171028137,0
test_protein_1980,1.0,0.3870134651660919,0
test_protein_1981,1.0,0.09565901756286621,0
test_protein_1982,1.0,0.3450556993484497,0
test_protein_1983,1.0,0.3857113718986511,0
test_protein_1984,1.0,0.419854074716568,0
test_protein_1985,1.0,0.23867414891719818,0
test_protein_1986,1.0,0.7973112463951111,1
test_protein_1987,1.0,0.20919910073280334,0
test_protein_1988,1.0,0.5717708468437195,1
test_protein_1989,1.0,0.45086202025413513,0
test_protein_1990,1.0,0.2780662477016449,0
test_protein_1991,1.0,0.9432878494262695,1
test_protein_1992,1.0,0.5291842222213745,1
test_protein_1993,1.0,0.863675594329834,1
test_protein_1994,1.0,0.5051925778388977,1
test_protein_1995,1.0,0.9780048727989197,1
test_protein_1996,1.0,0.5240688323974609,1
test_protein_1997,1.0,0.08732089400291443,0
test_protein_1998,1.0,0.023059990257024765,0
test_protein_1999,1.0,0.11380890756845474,0
test_protein_2000,1.0,0.27865415811538696,0
test_protein_2001,1.0,0.011161498725414276,0
test_protein_2002,1.0,0.03695148229598999,0
test_protein_2003,1.0,0.025857076048851013,0
test_protein_2004,1.0,0.04976208135485649,0
test_protein_2005,1.0,0.037555910646915436,0
test_protein_2006,1.0,0.3070997893810272,0
test_protein_2007,1.0,0.00037462185719050467,0
test_protein_2008,1.0,0.24294820427894592,0
test_protein_2009,1.0,0.23204991221427917,0
test_protein_2010,1.0,0.13204726576805115,0
test_protein_2011,1.0,0.31757301092147827,0
test_protein_2012,1.0,0.06072654947638512,0
test_protein_2013,1.0,0.44265323877334595,0
test_protein_2014,1.0,0.16933105885982513,0
test_protein_2015,1.0,0.833860456943512,1
test_protein_2016,1.0,0.33036312460899353,0
test_protein_2017,1.0,0.23776483535766602,0
test_protein_2018,1.0,0.454672634601593,0
test_protein_2019,1.0,0.2441752701997757,0
test_protein_2020,1.0,0.2931709885597229,0
test_protein_2021,1.0,0.023206006735563278,0
test_protein_2022,1.0,0.8703024983406067,1
test_protein_2023,1.0,0.6926856637001038,1
test_protein_2024,1.0,0.30409422516822815,0
test_protein_2025,1.0,0.4885275959968567,0
test_protein_2026,1.0,0.3458271026611328,0
test_protein_2027,1.0,0.47319814562797546,0
test_protein_2028,1.0,0.6921026706695557,1
test_protein_2029,1.0,0.6533843278884888,1
test_protein_2030,1.0,0.049967437982559204,0
test_protein_2031,1.0,0.21682079136371613,0
test_protein_2032,1.0,0.3680908679962158,0
test_protein_2033,1.0,0.45537105202674866,0
test_protein_2034,1.0,0.4325753152370453,0
test_protein_2035,1.0,0.020379887893795967,0
test_protein_2036,1.0,0.033940814435482025,0
test_protein_2037,1.0,0.20814205706119537,0
test_protein_2038,1.0,0.2768537402153015,0
test_protein_2039,1.0,0.37151026725769043,0
test_protein_2040,1.0,0.8935285806655884,1
test_protein_2041,1.0,0.5409332513809204,1
test_protein_2042,1.0,0.5415971279144287,1
test_protein_2043,1.0,0.8565739989280701,1
test_protein_2044,1.0,0.4821680784225464,0
test_protein_2045,1.0,0.16985546052455902,0
test_protein_2046,1.0,0.13656729459762573,0
test_protein_2047,1.0,0.8712807893753052,1
test_protein_2048,1.0,0.20065821707248688,0
test_protein_2049,1.0,0.06945215165615082,0
test_protein_2050,1.0,0.15851908922195435,0
test_protein_2051,1.0,0.42020219564437866,0
test_protein_2052,1.0,0.9076903462409973,1
test_protein_2053,1.0,0.6376237273216248,1
test_protein_2054,1.0,0.5017901659011841,1
test_protein_2055,1.0,0.4714467227458954,0
test_protein_2056,1.0,0.576084315776825,1
test_protein_2057,1.0,0.45593780279159546,0
test_protein_2058,1.0,0.26973778009414673,0
test_protein_2059,1.0,0.45879465341567993,0
test_protein_2060,1.0,0.17168563604354858,0
test_protein_2061,1.0,0.19415469467639923,0
test_protein_2062,1.0,0.17796334624290466,0
test_protein_2063,1.0,0.03540939837694168,0
test_protein_2064,1.0,0.3048577606678009,0
test_protein_2065,1.0,0.20177848637104034,0
test_protein_2066,1.0,0.16577719151973724,0
test_protein_2067,1.0,0.23019374907016754,0
test_protein_2068,1.0,0.3358592689037323,0
test_protein_2069,1.0,0.25704723596572876,0
test_protein_2070,1.0,0.37861666083335876,0
test_protein_2071,1.0,0.046295102685689926,0
test_protein_2072,1.0,0.051013533025979996,0
test_protein_2073,1.0,0.40171360969543457,0
test_protein_2074,1.0,0.14964552223682404,0
test_protein_2075,1.0,0.2497970312833786,0
test_protein_2076,1.0,0.0215437188744545,0
test_protein_2077,1.0,0.014299243688583374,0
test_protein_2078,1.0,0.017617926001548767,0
test_protein_2079,1.0,0.21637751162052155,0
test_protein_2080,1.0,0.12588614225387573,0
test_protein_2081,1.0,0.09704270958900452,0
test_protein_2082,1.0,0.09916745126247406,0
test_protein_2083,1.0,0.22798942029476166,0
test_protein_2084,1.0,0.11365005373954773,0
test_protein_2085,1.0,0.09780030697584152,0
test_protein_2086,1.0,0.029912639409303665,0
test_protein_2087,1.0,0.08088552206754684,0
test_protein_2088,1.0,0.5039755702018738,1
test_protein_2089,1.0,0.11208445578813553,0
test_protein_2090,1.0,0.10368440300226212,0
test_protein_2091,1.0,0.021657327190041542,0
test_protein_2092,1.0,0.7048681974411011,1
test_protein_2093,1.0,0.15601499378681183,0
test_protein_2094,1.0,0.08176445960998535,0
test_protein_2095,1.0,0.5963714718818665,1
test_protein_2096,1.0,0.11983558535575867,0
test_protein_2097,1.0,0.13819345831871033,0
test_protein_2098,1.0,0.6731913089752197,1
test_protein_2099,1.0,0.2845539152622223,0
test_protein_2100,1.0,0.0698169395327568,0
test_protein_2101,1.0,0.08202799409627914,0
test_protein_2102,1.0,0.14928987622261047,0
test_protein_2103,1.0,0.5693016648292542,1
test_protein_2104,1.0,0.4150881767272949,0
test_protein_2105,1.0,0.5751416087150574,1
test_protein_2106,1.0,0.25747618079185486,0
test_protein_2107,1.0,0.6271284222602844,1
test_protein_2108,1.0,0.04248220846056938,0
test_protein_2109,1.0,0.02788546495139599,0
test_protein_2110,1.0,0.08262983709573746,0
test_protein_2111,1.0,0.10526926815509796,0
test_protein_2112,1.0,0.5792729258537292,1
test_protein_2113,1.0,0.5657824277877808,1
test_protein_2114,1.0,0.6097908020019531,1
test_protein_2115,1.0,0.02607305720448494,0
test_protein_2116,1.0,0.035403523594141006,0
test_protein_2117,1.0,0.057465601712465286,0
test_protein_2118,1.0,0.458038866519928,0
test_protein_2119,1.0,0.1431574672460556,0
test_protein_2120,1.0,0.009517597034573555,0
test_protein_2121,1.0,0.013053782284259796,0
test_protein_2122,1.0,0.1920827329158783,0
test_protein_2123,1.0,0.2949748635292053,0
test_protein_2124,1.0,0.2719346582889557,0
test_protein_2125,1.0,0.2123960256576538,0
test_protein_2126,1.0,0.39276808500289917,0
test_protein_2127,1.0,0.402288556098938,0
test_protein_2128,1.0,0.2767561376094818,0
test_protein_2129,1.0,0.5442276000976562,1
test_protein_2130,1.0,0.11299793422222137,0
test_protein_2131,1.0,0.6038873791694641,1
test_protein_2132,1.0,0.17442646622657776,0
test_protein_2133,1.0,0.004144796635955572,0
test_protein_2134,1.0,0.335332989692688,0
test_protein_2135,1.0,0.13877816498279572,0
test_protein_2136,1.0,0.017650671303272247,0
test_protein_2137,1.0,0.404483824968338,0
test_protein_2138,1.0,0.35947245359420776,0
test_protein_2139,1.0,0.13745301961898804,0
test_protein_2140,1.0,0.04380571097135544,0
test_protein_2141,1.0,0.046314895153045654,0
test_protein_2142,1.0,0.34926414489746094,0
test_protein_2143,1.0,0.4676703214645386,0
test_protein_2144,1.0,0.46945202350616455,0
test_protein_2145,1.0,0.2577984929084778,0
test_protein_2146,1.0,0.10085856169462204,0
test_protein_2147,1.0,0.06266544759273529,0
test_protein_2148,1.0,0.17163127660751343,0
test_protein_2149,1.0,0.28181713819503784,0
test_protein_2150,1.0,0.7381256818771362,1
test_protein_2151,1.0,0.16068913042545319,0
test_protein_2152,1.0,0.11563340574502945,0
test_protein_2153,1.0,0.032412339001894,0
test_protein_2154,1.0,0.2820155620574951,0
test_protein_2155,1.0,0.1431952267885208,0
test_protein_2156,1.0,0.09588392078876495,0
test_protein_2157,1.0,0.540422260761261,1
test_protein_2158,1.0,0.9523144960403442,1
test_protein_2159,1.0,0.11919960379600525,0
test_protein_2160,1.0,0.8311657309532166,1
test_protein_2161,1.0,0.07470808178186417,0
test_protein_2162,1.0,0.0033089008647948503,0
test_protein_2163,1.0,0.04025685787200928,0
test_protein_2164,1.0,0.10701223462820053,0
test_protein_2165,1.0,0.5444743037223816,1
test_protein_2166,1.0,0.17125923931598663,0
test_protein_2167,1.0,0.42694517970085144,0
test_protein_2168,1.0,0.6986672282218933,1
test_protein_2169,1.0,0.6075422763824463,1
test_protein_2170,1.0,0.01148219034075737,0
test_protein_2171,1.0,0.017087256535887718,0
test_protein_2172,1.0,0.5660937428474426,1
test_protein_2173,1.0,0.020824842154979706,0
test_protein_2174,1.0,0.8559982180595398,1
test_protein_2175,1.0,0.012294508516788483,0
test_protein_2176,1.0,0.7997938394546509,1
test_protein_2177,1.0,0.5705187916755676,1
test_protein_2178,1.0,0.30142712593078613,0
test_protein_2179,1.0,0.13634349405765533,0
test_protein_2180,1.0,0.053969960659742355,0
test_protein_2181,1.0,0.22314028441905975,0
test_protein_2182,1.0,0.22596901655197144,0
test_protein_2183,1.0,0.05786788463592529,0
test_protein_2184,1.0,0.22918742895126343,0
test_protein_2185,1.0,0.38745611906051636,0
test_protein_2186,1.0,0.036790862679481506,0
test_protein_2187,1.0,0.020923852920532227,0
test_protein_2188,1.0,0.21074220538139343,0
test_protein_2189,1.0,0.08025969564914703,0
test_protein_2190,1.0,0.5662395358085632,1
test_protein_2191,1.0,0.1172301396727562,0
test_protein_2192,1.0,0.8220297694206238,1
test_protein_2193,1.0,0.20680290460586548,0
test_protein_2194,1.0,0.2049470692873001,0
test_protein_2195,1.0,0.46017271280288696,0
test_protein_2196,1.0,0.2665938138961792,0
test_protein_2197,1.0,0.6979107856750488,1
test_protein_2198,1.0,0.31597182154655457,0
test_protein_2199,1.0,0.38131237030029297,0
test_protein_2200,1.0,0.2834135890007019,0
test_protein_2201,1.0,0.2852109372615814,0
test_protein_2202,1.0,0.6221570372581482,1
test_protein_2203,1.0,0.0125504145398736,0
test_protein_2204,1.0,0.2707379460334778,0
test_protein_2205,1.0,0.02993600443005562,0
test_protein_2206,1.0,0.5402769446372986,1
test_protein_2207,1.0,0.04196882247924805,0
test_protein_2208,1.0,0.4144110679626465,0
test_protein_2209,1.0,0.5156585574150085,1
test_protein_2210,1.0,0.5155321359634399,1
test_protein_2211,1.0,0.3102841377258301,0
test_protein_2212,1.0,0.2435213178396225,0
test_protein_2213,1.0,0.3228594660758972,0
test_protein_2214,1.0,0.02125220187008381,0
test_protein_2215,1.0,0.018681958317756653,0
test_protein_2216,1.0,0.0362028069794178,0
test_protein_2217,1.0,0.02619575336575508,0
test_protein_2218,1.0,0.02508729137480259,0
test_protein_2219,1.0,0.0185311958193779,0
test_protein_2220,1.0,0.048271119594573975,0
test_protein_2221,1.0,0.08892054110765457,0
test_protein_2222,1.0,0.019692502915859222,0
test_protein_2223,1.0,0.0402117557823658,0
test_protein_2224,1.0,0.09427844732999802,0
test_protein_2225,1.0,0.13934023678302765,0
test_protein_2226,1.0,0.7198098301887512,1
test_protein_2227,1.0,0.22203122079372406,0
test_protein_2228,1.0,0.30617040395736694,0
test_protein_2229,1.0,0.19510085880756378,0
test_protein_2230,1.0,0.17183978855609894,0
test_protein_2231,1.0,0.20472098886966705,0
test_protein_2232,1.0,0.3310536742210388,0
test_protein_2233,1.0,0.31896618008613586,0
test_protein_2234,1.0,0.24780313670635223,0
test_protein_2235,1.0,0.08176314830780029,0
test_protein_2236,1.0,0.28165721893310547,0
test_protein_2237,1.0,0.5117746591567993,1
test_protein_2238,1.0,0.45494362711906433,0
test_protein_2239,1.0,0.25720423460006714,0
test_protein_2240,1.0,0.3435916304588318,0
test_protein_2241,1.0,0.6659571528434753,1
test_protein_2242,1.0,0.6212100386619568,1
test_protein_2243,1.0,0.5718724727630615,1
test_protein_2244,1.0,0.3623538911342621,0
test_protein_2245,1.0,0.8216938972473145,1
test_protein_2246,1.0,0.258985310792923,0
test_protein_2247,1.0,0.20992238819599152,0
test_protein_2248,1.0,0.40284788608551025,0
test_protein_2249,1.0,0.33319762349128723,0
test_protein_2250,1.0,0.06399557739496231,0
test_protein_2251,1.0,0.6118237972259521,1
test_protein_2252,1.0,0.021875660866498947,0
test_protein_2253,1.0,0.03393520787358284,0
test_protein_2254,1.0,0.7552264332771301,1
test_protein_2255,1.0,0.3925447463989258,0
test_protein_2256,1.0,0.44409942626953125,0
test_protein_2257,1.0,0.4732496738433838,0
test_protein_2258,1.0,0.47043338418006897,0
test_protein_2259,1.0,0.35661283135414124,0
test_protein_2260,1.0,0.24351763725280762,0
test_protein_2261,1.0,0.25775206089019775,0
test_protein_2262,1.0,0.31368282437324524,0
test_protein_2263,1.0,0.3022628724575043,0
test_protein_2264,1.0,0.13042835891246796,0
test_protein_2265,1.0,0.3356661796569824,0
test_protein_2266,1.0,0.4713332951068878,0
test_protein_2267,1.0,0.4184349477291107,0
test_protein_2268,1.0,0.28061023354530334,0
test_protein_2269,1.0,0.6031960248947144,1
test_protein_2270,1.0,0.2891574501991272,0
test_protein_2271,1.0,0.27234360575675964,0
test_protein_2272,1.0,0.08610007911920547,0
test_protein_2273,1.0,0.008006474003195763,0
test_protein_2274,1.0,0.10245086252689362,0
test_protein_2275,1.0,0.15124619007110596,0
test_protein_2276,1.0,0.040134184062480927,0
test_protein_2277,1.0,0.044437482953071594,0
test_protein_2278,1.0,0.24767053127288818,0
test_protein_2279,1.0,0.31367337703704834,0
test_protein_2280,1.0,0.700336217880249,1
test_protein_2281,1.0,0.3908155858516693,0
test_protein_2282,1.0,0.9767165184020996,1
test_protein_2283,1.0,0.38717299699783325,0
test_protein_2284,1.0,0.38497236371040344,0
test_protein_2285,1.0,0.6726682782173157,1
test_protein_2286,1.0,0.6023610830307007,1
test_protein_2287,1.0,0.054690610617399216,0
test_protein_2288,1.0,0.5448763370513916,1
test_protein_2289,1.0,0.07313138991594315,0
test_protein_2290,1.0,0.01802697405219078,0
test_protein_2291,1.0,0.05132808908820152,0
test_protein_2292,1.0,0.2791012227535248,0
test_protein_2293,1.0,0.11959080398082733,0
test_protein_2294,1.0,0.2504284977912903,0
test_protein_2295,1.0,0.07041637599468231,0
test_protein_2296,1.0,0.24749691784381866,0
test_protein_2297,1.0,0.41513246297836304,0
test_protein_2298,1.0,0.0955856591463089,0
test_protein_2299,1.0,0.5816513895988464,1
test_protein_2300,1.0,0.11201078444719315,0
test_protein_2301,1.0,0.016469256952404976,0
test_protein_2302,1.0,0.16747233271598816,0
test_protein_2303,1.0,0.8265197277069092,1
test_protein_2304,1.0,0.07827451080083847,0
test_protein_2305,1.0,0.523585855960846,1
test_protein_2306,1.0,0.24360448122024536,0
test_protein_2307,1.0,0.23307964205741882,0
test_protein_2308,1.0,0.1465516835451126,0
test_protein_2309,1.0,0.09942431002855301,0
test_protein_2310,1.0,0.05885256826877594,0
test_protein_2311,1.0,0.030740732327103615,0
test_protein_2312,1.0,0.41086500883102417,0
test_protein_2313,1.0,0.04840301349759102,0
test_protein_2314,1.0,0.4304637014865875,0
test_protein_2315,1.0,0.8378827571868896,1
test_protein_2316,1.0,0.506748616695404,1
test_protein_2317,1.0,0.43432798981666565,0
test_protein_2318,1.0,0.2090120166540146,0
test_protein_2319,1.0,0.5353822112083435,1
test_protein_2320,1.0,0.15985718369483948,0
test_protein_2321,1.0,0.22516092658042908,0
test_protein_2322,1.0,0.32915323972702026,0
test_protein_2323,1.0,0.3643393814563751,0
test_protein_2324,1.0,0.2961607575416565,0
test_protein_2325,1.0,0.025128843262791634,0
test_protein_2326,1.0,0.5957344770431519,1
test_protein_2327,1.0,0.24334852397441864,0
test_protein_2328,1.0,0.4130730926990509,0
test_protein_2329,1.0,0.06138555333018303,0
test_protein_2330,1.0,0.7126606106758118,1
test_protein_2331,1.0,0.29280948638916016,0
test_protein_2332,1.0,0.14600729942321777,0
test_protein_2333,1.0,0.024042818695306778,0
test_protein_2334,1.0,0.24063298106193542,0
test_protein_2335,1.0,0.06857561320066452,0
test_protein_2336,1.0,0.30557188391685486,0
test_protein_2337,1.0,0.5598957538604736,1
test_protein_2338,1.0,0.01060925330966711,0
test_protein_2339,1.0,0.025807464495301247,0
test_protein_2340,1.0,0.3394432067871094,0
test_protein_2341,1.0,0.4498036503791809,0
test_protein_2342,1.0,0.15676195919513702,0
test_protein_2343,1.0,0.13003389537334442,0
test_protein_2344,1.0,0.7557874917984009,1
test_protein_2345,1.0,0.3461375832557678,0
test_protein_2346,1.0,0.6881319880485535,1
test_protein_2347,1.0,0.30704885721206665,0
test_protein_2348,1.0,0.8020052909851074,1
test_protein_2349,1.0,0.2169795036315918,0
test_protein_2350,1.0,0.8534412384033203,1
test_protein_2351,1.0,0.5537014603614807,1
test_protein_2352,1.0,0.39833179116249084,0
test_protein_2353,1.0,0.44691723585128784,0
test_protein_2354,1.0,0.25014418363571167,0
test_protein_2355,1.0,0.23645052313804626,0
test_protein_2356,1.0,0.3563283085823059,0
test_protein_2357,1.0,0.541864275932312,1
test_protein_2358,1.0,0.5661038160324097,1
test_protein_2359,1.0,0.49377650022506714,0
test_protein_2360,1.0,0.522478461265564,1
test_protein_2361,1.0,0.5054937601089478,1
test_protein_2362,1.0,0.14969106018543243,0
test_protein_2363,1.0,0.40838488936424255,0
test_protein_2364,1.0,0.46373894810676575,0
test_protein_2365,1.0,0.040075212717056274,0
test_protein_2366,1.0,0.007169927004724741,0
test_protein_2367,1.0,0.10774698853492737,0
test_protein_2368,1.0,0.4599825143814087,0
test_protein_2369,1.0,0.4058886468410492,0
test_protein_2370,1.0,0.618570864200592,1
test_protein_2371,1.0,0.0228451918810606,0
test_protein_2372,1.0,0.20808328688144684,0
test_protein_2373,1.0,0.8598728179931641,1
test_protein_2374,1.0,0.4915893077850342,0
test_protein_2375,1.0,0.008029201999306679,0
test_protein_2376,1.0,0.18602176010608673,0
test_protein_2377,1.0,0.12022753804922104,0
test_protein_2378,1.0,0.5712101459503174,1
test_protein_2379,1.0,0.5868422985076904,1
test_protein_2380,1.0,0.23442505300045013,0
test_protein_2381,1.0,0.2944260835647583,0
test_protein_2382,1.0,0.7294549942016602,1
test_protein_2383,1.0,0.31286096572875977,0
test_protein_2384,1.0,0.43654268980026245,0
test_protein_2385,1.0,0.18841956555843353,0
test_protein_2386,1.0,0.02455415576696396,0
test_protein_2387,1.0,0.019463766366243362,0
test_protein_2388,1.0,0.4907778203487396,0
test_protein_2389,1.0,0.14861375093460083,0
test_protein_2390,1.0,0.07131461799144745,0
test_protein_2391,1.0,0.07170845568180084,0
test_protein_2392,1.0,0.17168891429901123,0
test_protein_2393,1.0,0.04101435840129852,0
test_protein_2394,1.0,0.0754731222987175,0
test_protein_2395,1.0,0.39195674657821655,0
test_protein_2396,1.0,0.5941184163093567,1
test_protein_2397,1.0,0.6082105040550232,1
test_protein_2398,1.0,0.012011226266622543,0
test_protein_2399,1.0,0.1273079216480255,0
test_protein_2400,1.0,0.014586436562240124,0
test_protein_2401,1.0,0.9965521097183228,1
test_protein_2402,1.0,0.4960625469684601,0
test_protein_2403,1.0,0.028311319649219513,0
test_protein_2404,1.0,0.006197167560458183,0
test_protein_2405,1.0,0.10785003006458282,0
test_protein_2406,1.0,0.04336182028055191,0
test_protein_2407,1.0,0.5325489044189453,1
test_protein_2408,1.0,0.467912495136261,0
test_protein_2409,1.0,0.016614489257335663,0
test_protein_2410,1.0,0.14342357218265533,0
test_protein_2411,1.0,0.2727619707584381,0
test_protein_2412,1.0,0.3389613628387451,0
test_protein_2413,1.0,0.45835551619529724,0
test_protein_2414,1.0,0.023463482037186623,0
test_protein_2415,1.0,0.07173093408346176,0
test_protein_2416,1.0,0.05503958463668823,0
test_protein_2417,1.0,0.26183292269706726,0
test_protein_2418,1.0,0.17895615100860596,0
test_protein_2419,1.0,0.10284190624952316,0
test_protein_2420,1.0,0.32722970843315125,0
test_protein_2421,1.0,0.3829200863838196,0
test_protein_2422,1.0,0.0036932758521288633,0
test_protein_2423,1.0,0.33417078852653503,0
test_protein_2424,1.0,0.8002339601516724,1
test_protein_2425,1.0,0.9896324872970581,1
test_protein_2426,1.0,0.4908481240272522,0
test_protein_2427,1.0,0.4913025498390198,0
test_protein_2428,1.0,0.2720184326171875,0
test_protein_2429,1.0,0.2829228341579437,0
test_protein_2430,1.0,0.4669951796531677,0
test_protein_2431,1.0,0.12351131439208984,0
test_protein_2432,1.0,0.6242702603340149,1
test_protein_2433,1.0,0.3943893611431122,0
test_protein_2434,1.0,0.5177133679389954,1
test_protein_2435,1.0,0.43224290013313293,0
test_protein_2436,1.0,0.825430154800415,1
test_protein_2437,1.0,0.5901765823364258,1
test_protein_2438,1.0,0.6880679726600647,1
test_protein_2439,1.0,0.4506863057613373,0
test_protein_2440,1.0,0.2959199845790863,0
test_protein_2441,1.0,0.24536524713039398,0
test_protein_2442,1.0,0.34966030716896057,0
test_protein_2443,1.0,0.12063876539468765,0
test_protein_2444,1.0,0.01057257317006588,0
test_protein_2445,1.0,0.23123198747634888,0
test_protein_2446,1.0,0.07551784813404083,0
test_protein_2447,1.0,0.30426159501075745,0
test_protein_2448,1.0,0.38235849142074585,0
test_protein_2449,1.0,0.29145416617393494,0
test_protein_2450,1.0,0.08130857348442078,0
test_protein_2451,1.0,0.05037728697061539,0
test_protein_2452,1.0,0.013045601546764374,0
test_protein_2453,1.0,0.9950237274169922,1
test_protein_2454,1.0,0.04641246795654297,0
test_protein_2455,1.0,0.40212056040763855,0
test_protein_2456,1.0,0.03368869423866272,0
test_protein_2457,1.0,0.04224291071295738,0
test_protein_2458,1.0,0.1251254826784134,0
test_protein_2459,1.0,0.2637227475643158,0
test_protein_2460,1.0,0.010665660724043846,0
test_protein_2461,1.0,0.6490161418914795,1
test_protein_2462,1.0,0.4825122654438019,0
test_protein_2463,1.0,0.4779537320137024,0
test_protein_2464,1.0,0.4593718647956848,0
test_protein_2465,1.0,0.5375001430511475,1
test_protein_2466,1.0,0.2714453935623169,0
test_protein_2467,1.0,0.45331433415412903,0
test_protein_2468,1.0,0.3343867063522339,0
test_protein_2469,1.0,0.08915629237890244,0
test_protein_2470,1.0,0.3545537292957306,0
test_protein_2471,1.0,0.06345464289188385,0
test_protein_2472,1.0,0.02002432942390442,0
test_protein_2473,1.0,0.8558046817779541,1
test_protein_2474,1.0,0.4093776047229767,0
test_protein_2475,1.0,0.2662777006626129,0
test_protein_2476,1.0,0.41651058197021484,0
test_protein_2477,1.0,0.05777990072965622,0
test_protein_2478,1.0,0.6943901777267456,1
test_protein_2479,1.0,0.5090116858482361,1
test_protein_2480,1.0,0.20453667640686035,0
test_protein_2481,1.0,0.3769908547401428,0
test_protein_2482,1.0,0.4779495894908905,0
test_protein_2483,1.0,0.43001019954681396,0
test_protein_2484,1.0,0.15759633481502533,0
test_protein_2485,1.0,0.5139163732528687,1
test_protein_2486,1.0,0.0241540540009737,0
test_protein_2487,1.0,0.694723904132843,1
test_protein_2488,1.0,0.3122309446334839,0
test_protein_2489,1.0,0.053857650607824326,0
test_protein_2490,1.0,0.6460136771202087,1
test_protein_2491,1.0,0.5237739086151123,1
test_protein_2492,1.0,0.605110228061676,1
test_protein_2493,1.0,0.581165611743927,1
test_protein_2494,1.0,0.48606517910957336,0
test_protein_2495,1.0,0.8023028373718262,1
test_protein_2496,1.0,0.05195964500308037,0
test_protein_2497,1.0,0.2235836237668991,0
test_protein_2498,1.0,0.10400718450546265,0
test_protein_2499,1.0,0.2825579345226288,0
test_protein_2500,1.0,0.12595148384571075,0
test_protein_2501,1.0,0.6481583714485168,1
test_protein_2502,1.0,0.16281720995903015,0
test_protein_2503,1.0,0.5019351840019226,1
test_protein_2504,1.0,0.5378684401512146,1
test_protein_2505,1.0,0.5280643701553345,1
test_protein_2506,1.0,0.5048043131828308,1
test_protein_2507,1.0,0.18444298207759857,0
test_protein_2508,1.0,0.28525468707084656,0
test_protein_2509,1.0,0.5605224370956421,1
test_protein_2510,1.0,0.11322984844446182,0
test_protein_2511,1.0,0.0894000455737114,0
test_protein_2512,1.0,0.10532402992248535,0
test_protein_2513,1.0,0.23137126863002777,0
test_protein_2514,1.0,0.1445615291595459,0
test_protein_2515,1.0,0.5485314726829529,1
test_protein_2516,1.0,0.34245187044143677,0
test_protein_2517,1.0,0.5139036178588867,1
test_protein_2518,1.0,0.4001525640487671,0
test_protein_2519,1.0,0.06340798735618591,0
test_protein_2520,1.0,0.03977636992931366,0
test_protein_2521,1.0,0.04375959932804108,0
test_protein_2522,1.0,0.7920246720314026,1
test_protein_2523,1.0,0.7806488871574402,1
test_protein_2524,1.0,0.5564717650413513,1
test_protein_2525,1.0,0.12731751799583435,0
test_protein_2526,1.0,0.52763831615448,1
test_protein_2527,1.0,0.37912967801094055,0
test_protein_2528,1.0,0.10557108372449875,0
test_protein_2529,1.0,0.2937939763069153,0
test_protein_2530,1.0,0.44654980301856995,0
test_protein_2531,1.0,0.26676589250564575,0
test_protein_2532,1.0,0.004885493777692318,0
test_protein_2533,1.0,0.0013002526247873902,0
test_protein_2534,1.0,0.001195896533317864,0
test_protein_2535,1.0,0.0700346902012825,0
test_protein_2536,1.0,0.29136791825294495,0
test_protein_2537,1.0,0.143567755818367,0
test_protein_2538,1.0,0.3627498745918274,0
test_protein_2539,1.0,0.3013834059238434,0
test_protein_2540,1.0,0.022883180528879166,0
test_protein_2541,1.0,0.1566901057958603,0
test_protein_2542,1.0,0.24447377026081085,0
test_protein_2543,1.0,0.14012186229228973,0
test_protein_2544,1.0,0.8573792576789856,1
test_protein_2545,1.0,0.01731792278587818,0
test_protein_2546,1.0,0.9863471388816833,1
test_protein_2547,1.0,0.7787580490112305,1
test_protein_2548,1.0,0.0012105354107916355,0
test_protein_2549,1.0,0.5918774604797363,1
test_protein_2550,1.0,0.6340782642364502,1
test_protein_2551,1.0,0.4046752154827118,0
test_protein_2552,1.0,0.7519710063934326,1
test_protein_2553,1.0,0.6886377930641174,1
test_protein_2554,1.0,0.550178050994873,1
test_protein_2555,1.0,0.03673605993390083,0
test_protein_2556,1.0,0.24462628364562988,0
test_protein_2557,1.0,0.9865505695343018,1
test_protein_2558,1.0,0.028356779366731644,0
test_protein_2559,1.0,0.5285844206809998,1
test_protein_2560,1.0,0.16967903077602386,0
test_protein_2561,1.0,0.034308165311813354,0
test_protein_2562,1.0,0.018683284521102905,0
test_protein_2563,1.0,0.966776430606842,1
test_protein_2564,1.0,0.9654183387756348,1
test_protein_2565,1.0,0.5381107330322266,1
test_protein_2566,1.0,0.1862703114748001,0
test_protein_2567,1.0,0.1935352236032486,0
test_protein_2568,1.0,0.9907761216163635,1
test_protein_2569,1.0,0.6633538007736206,1
test_protein_2570,1.0,0.49343591928482056,0
test_protein_2571,1.0,0.4248848259449005,0
test_protein_2572,1.0,0.9918869137763977,1
test_protein_2573,1.0,0.5330889225006104,1
test_protein_2574,1.0,0.551666796207428,1
test_protein_2575,1.0,0.17043650150299072,0
test_protein_2576,1.0,0.7778434753417969,1
test_protein_2577,1.0,0.053302157670259476,0
test_protein_2578,1.0,0.46318942308425903,0
test_protein_2579,1.0,0.20874343812465668,0
test_protein_2580,1.0,0.044519003480672836,0
test_protein_2581,1.0,0.0020902177784591913,0
test_protein_2582,1.0,0.0009904579492285848,0
test_protein_2583,1.0,0.689080536365509,1
test_protein_2584,1.0,0.01991933211684227,0
test_protein_2585,1.0,0.5567278861999512,1
test_protein_2586,1.0,0.2159721702337265,0
test_protein_2587,1.0,0.417888879776001,0
test_protein_2588,1.0,0.015580883249640465,0
test_protein_2589,1.0,0.13924828171730042,0
test_protein_2590,1.0,0.8560689687728882,1
test_protein_2591,1.0,0.5644727945327759,1
test_protein_2592,1.0,0.007191813085228205,0
test_protein_2593,1.0,0.4956623911857605,0
test_protein_2594,1.0,0.42673298716545105,0
test_protein_2595,1.0,0.03991203382611275,0
test_protein_2596,1.0,0.4980952739715576,0
test_protein_2597,1.0,0.9907341003417969,1
test_protein_2598,1.0,0.0017841706285253167,0
test_protein_2599,1.0,0.05940726399421692,0
test_protein_2600,1.0,0.5142847895622253,1
test_protein_2601,1.0,0.9538998603820801,1
test_protein_2602,1.0,0.5777139663696289,1
test_protein_2603,1.0,0.6823675036430359,1
test_protein_2604,1.0,0.9122386574745178,1
test_protein_2605,1.0,0.8744851350784302,1
test_protein_2606,1.0,0.930168867111206,1
test_protein_2607,1.0,0.5013792514801025,1
test_protein_2608,1.0,0.9529980421066284,1
test_protein_2609,1.0,0.11938260495662689,0
test_protein_2610,1.0,0.7158519625663757,1
test_protein_2611,1.0,0.9804943799972534,1
test_protein_2612,1.0,0.8713687658309937,1
test_protein_2613,1.0,0.7525088787078857,1
test_protein_2614,1.0,0.21140170097351074,0
test_protein_2615,1.0,0.9642103910446167,1
test_protein_2616,1.0,0.6442083120346069,1
test_protein_2617,1.0,0.661135733127594,1
test_protein_2618,1.0,0.28712132573127747,0
test_protein_2619,1.0,0.12334856390953064,0
test_protein_2620,1.0,0.03224286064505577,0
test_protein_2621,1.0,0.06486685574054718,0
test_protein_2622,1.0,0.40566709637641907,0
test_protein_2623,1.0,0.4126521646976471,0
test_protein_2624,1.0,0.21843041479587555,0
test_protein_2625,1.0,0.22476083040237427,0
test_protein_2626,1.0,0.2178657352924347,0
test_protein_2627,1.0,0.5351423025131226,1
test_protein_2628,1.0,0.5984060168266296,1
test_protein_2629,1.0,0.007751299999654293,0
test_protein_2630,1.0,0.29317522048950195,0
test_protein_2631,1.0,0.06477386504411697,0
test_protein_2632,1.0,0.07729203999042511,0
test_protein_2633,1.0,0.013190029188990593,0
test_protein_2634,1.0,0.10918152332305908,0
test_protein_2635,1.0,0.06726585328578949,0
test_protein_2636,1.0,0.007329449988901615,0
test_protein_2637,1.0,0.17198705673217773,0
test_protein_2638,1.0,0.04166131466627121,0
test_protein_2639,1.0,0.04368387907743454,0
test_protein_2640,1.0,0.10125413537025452,0
test_protein_2641,1.0,0.5523905158042908,1
test_protein_2642,1.0,0.6675347685813904,1
test_protein_2643,1.0,0.07148993760347366,0
test_protein_2644,1.0,0.8335440158843994,1
test_protein_2645,1.0,0.2362302541732788,0
test_protein_2646,1.0,0.3415822386741638,0
test_protein_2647,1.0,0.37730804085731506,0
test_protein_2648,1.0,0.3899924159049988,0
test_protein_2649,1.0,0.2824101150035858,0
test_protein_2650,1.0,0.2773092985153198,0
test_protein_2651,1.0,0.015424154698848724,0
test_protein_2652,1.0,0.04721087962388992,0
test_protein_2653,1.0,0.2003973424434662,0
test_protein_2654,1.0,0.020153651013970375,0
test_protein_2655,1.0,0.015677418559789658,0
test_protein_2656,1.0,0.493754118680954,0
test_protein_2657,1.0,0.04215671867132187,0
test_protein_2658,1.0,0.46796929836273193,0
test_protein_2659,1.0,0.26542800664901733,0
test_protein_2660,1.0,0.5210260152816772,1
test_protein_2661,1.0,0.44358423352241516,0
test_protein_2662,1.0,0.25043541193008423,0
test_protein_2663,1.0,0.5007859468460083,1
test_protein_2664,1.0,0.41941335797309875,0
test_protein_2665,1.0,0.43172478675842285,0
test_protein_2666,1.0,0.28043967485427856,0
test_protein_2667,1.0,0.20014284551143646,0
test_protein_2668,1.0,0.5330180525779724,1
test_protein_2669,1.0,0.6168702840805054,1
test_protein_2670,1.0,0.42900410294532776,0
test_protein_2671,1.0,0.45250439643859863,0
test_protein_2672,1.0,0.5056791305541992,1
test_protein_2673,1.0,0.4467122256755829,0
test_protein_2674,1.0,0.17605464160442352,0
test_protein_2675,1.0,0.7720990777015686,1
test_protein_2676,1.0,0.41388213634490967,0
test_protein_2677,1.0,0.5621805191040039,1
test_protein_2678,1.0,0.5584486126899719,1
test_protein_2679,1.0,0.9899640679359436,1
test_protein_2680,1.0,0.47200194001197815,0
test_protein_2681,1.0,0.2572857141494751,0
test_protein_2682,1.0,0.407789945602417,0
test_protein_2683,1.0,0.7451399564743042,1
test_protein_2684,1.0,0.8272596597671509,1
test_protein_2685,1.0,0.6325517892837524,1
test_protein_2686,1.0,0.01927359774708748,0
test_protein_2687,1.0,0.4544314444065094,0
test_protein_2688,1.0,0.28008610010147095,0
test_protein_2689,1.0,0.46772831678390503,0
test_protein_2690,1.0,0.5026348233222961,1
test_protein_2691,1.0,0.01973007246851921,0
test_protein_2692,1.0,0.5689968466758728,1
test_protein_2693,1.0,0.3920632004737854,0
test_protein_2694,1.0,0.6429831981658936,1
test_protein_2695,1.0,0.2332414984703064,0
test_protein_2696,1.0,0.21799065172672272,0
test_protein_2697,1.0,0.18298932909965515,0
test_protein_2698,1.0,0.006905094254761934,0
test_protein_2699,1.0,0.12325979769229889,0
test_protein_2700,1.0,0.48849111795425415,0
test_protein_2701,1.0,0.001009471481665969,0
test_protein_2702,1.0,0.30907636880874634,0
test_protein_2703,1.0,0.44575878977775574,0
test_protein_2704,1.0,0.3464372456073761,0
test_protein_2705,1.0,0.04183176904916763,0
test_protein_2706,1.0,0.49383941292762756,0
test_protein_2707,1.0,0.5860793590545654,1
test_protein_2708,1.0,0.0065575516782701015,0
test_protein_2709,1.0,0.2429942935705185,0
test_protein_2710,1.0,0.06961848586797714,0
test_protein_2711,1.0,0.3174039125442505,0
test_protein_2712,1.0,0.28538817167282104,0
test_protein_2713,1.0,0.46631449460983276,0
test_protein_2714,1.0,0.09607173502445221,0
test_protein_2715,1.0,0.1417781114578247,0
test_protein_2716,1.0,0.5087441205978394,1
test_protein_2717,1.0,0.5227578282356262,1
test_protein_2718,1.0,0.7617793679237366,1
test_protein_2719,1.0,0.04588109254837036,0
test_protein_2720,1.0,0.7002580165863037,1
test_protein_2721,1.0,0.6615931391716003,1
test_protein_2722,1.0,0.3044752776622772,0
test_protein_2723,1.0,0.10605917870998383,0
test_protein_2724,1.0,0.17408525943756104,0
test_protein_2725,1.0,0.1519443541765213,0
test_protein_2726,1.0,0.11121008545160294,0
test_protein_2727,1.0,0.1581803560256958,0
test_protein_2728,1.0,0.9955321550369263,1
test_protein_2729,1.0,0.7311481833457947,1
test_protein_2730,1.0,0.5091004967689514,1
test_protein_2731,1.0,0.05694456771016121,0
test_protein_2732,1.0,0.7901430130004883,1
test_protein_2733,1.0,0.5483048558235168,1
test_protein_2734,1.0,0.11178048700094223,0
test_protein_2735,1.0,0.5939059257507324,1
test_protein_2736,1.0,0.3622003197669983,0
test_protein_2737,1.0,0.1674322932958603,0
test_protein_2738,1.0,0.18135346472263336,0
test_protein_2739,1.0,0.5008691549301147,1
test_protein_2740,1.0,0.0027770267333835363,0
test_protein_2741,1.0,0.0010662423446774483,0
test_protein_2742,1.0,0.8632534742355347,1
test_protein_2743,1.0,0.28682011365890503,0
test_protein_2744,1.0,0.7162788510322571,1
test_protein_2745,1.0,0.6419194340705872,1
test_protein_2746,1.0,0.39690056443214417,0
test_protein_2747,1.0,0.48129716515541077,0
test_protein_2748,1.0,0.33664408326148987,0
test_protein_2749,1.0,0.039499830454587936,0
test_protein_2750,1.0,0.06059517711400986,0
test_protein_2751,1.0,0.004321387503296137,0
test_protein_2752,1.0,0.7663826942443848,1
test_protein_2753,1.0,0.42612504959106445,0
test_protein_2754,1.0,0.5949164628982544,1
test_protein_2755,1.0,0.6293249130249023,1
test_protein_2756,1.0,0.5301403403282166,1
test_protein_2757,1.0,0.656367838382721,1
test_protein_2758,1.0,0.9466871619224548,1
test_protein_2759,1.0,0.6049606204032898,1
test_protein_2760,1.0,0.5150850415229797,1
test_protein_2761,1.0,0.07066043466329575,0
test_protein_2762,1.0,0.05277441442012787,0
test_protein_2763,1.0,0.38012298941612244,0
test_protein_2764,1.0,0.2903502285480499,0
test_protein_2765,1.0,0.6260421276092529,1
test_protein_2766,1.0,0.4596252739429474,0
test_protein_2767,1.0,0.14241482317447662,0
test_protein_2768,1.0,0.8101048469543457,1
test_protein_2769,1.0,0.08004830032587051,0
test_protein_2770,1.0,0.0669785737991333,0
test_protein_2771,1.0,0.9260514974594116,1
test_protein_2772,1.0,0.566638708114624,1
test_protein_2773,1.0,0.09726229310035706,0
test_protein_2774,1.0,0.28358930349349976,0
test_protein_2775,1.0,0.0669746845960617,0
test_protein_2776,1.0,0.8018019795417786,1
test_protein_2777,1.0,0.4244503676891327,0
test_protein_2778,1.0,0.5879038572311401,1
test_protein_2779,1.0,0.021569840610027313,0
test_protein_2780,1.0,0.5718694925308228,1
test_protein_2781,1.0,0.0673179104924202,0
test_protein_2782,1.0,0.02103574573993683,0
test_protein_2783,1.0,0.6550545692443848,1
test_protein_2784,1.0,0.8606082797050476,1
test_protein_2785,1.0,0.06691134721040726,0
test_protein_2786,1.0,0.44794511795043945,0
test_protein_2787,1.0,0.13244737684726715,0
test_protein_2788,1.0,0.8159686923027039,1
test_protein_2789,1.0,0.6799461245536804,1
test_protein_2790,1.0,0.294070303440094,0
test_protein_2791,1.0,0.9332373142242432,1
test_protein_2792,1.0,0.23237743973731995,0
test_protein_2793,1.0,0.025231515988707542,0
test_protein_2794,1.0,0.03042270615696907,0
test_protein_2795,1.0,0.23629224300384521,0
test_protein_2796,1.0,0.023520521819591522,0
test_protein_2797,1.0,0.009173452854156494,0
test_protein_2798,1.0,0.61676424741745,1
test_protein_2799,1.0,0.0284253116697073,0
test_protein_2800,1.0,0.47363176941871643,0
test_protein_2801,1.0,0.330859512090683,0
test_protein_2802,1.0,0.008739338256418705,0
test_protein_2803,1.0,0.6750907301902771,1
test_protein_2804,1.0,0.28547611832618713,0
test_protein_2805,1.0,0.7026177644729614,1
test_protein_2806,1.0,0.04009993001818657,0
test_protein_2807,1.0,0.15934833884239197,0
test_protein_2808,1.0,0.7418408989906311,1
test_protein_2809,1.0,0.4579896032810211,0
test_protein_2810,1.0,0.2422650009393692,0
test_protein_2811,1.0,0.3335397243499756,0
test_protein_2812,1.0,0.4104793965816498,0
test_protein_2813,1.0,0.00416793767362833,0
test_protein_2814,1.0,0.6783158183097839,1
test_protein_2815,1.0,0.0009047497878782451,0
test_protein_2816,1.0,0.6248208284378052,1
test_protein_2817,1.0,0.2987652122974396,0
test_protein_2818,1.0,0.09894055128097534,0
test_protein_2819,1.0,0.002117273397743702,0
test_protein_2820,1.0,0.6467544436454773,1
test_protein_2821,1.0,0.3564186990261078,0
test_protein_2822,1.0,0.39681166410446167,0
test_protein_2823,1.0,0.08929674327373505,0
test_protein_2824,1.0,0.0230008102953434,0
test_protein_2825,1.0,0.5452338457107544,1
test_protein_2826,1.0,0.023060664534568787,0
test_protein_2827,1.0,0.026636485010385513,0
test_protein_2828,1.0,0.979097843170166,1
test_protein_2829,1.0,0.3462924659252167,0
test_protein_2830,1.0,0.6375365257263184,1
test_protein_2831,1.0,0.7777431607246399,1
test_protein_2832,1.0,0.19309411942958832,0
test_protein_2833,1.0,0.04710209369659424,0
test_protein_2834,1.0,0.3113589882850647,0
test_protein_2835,1.0,0.0966280922293663,0
test_protein_2836,1.0,0.38416486978530884,0
test_protein_2837,1.0,0.9734266996383667,1
test_protein_2838,1.0,0.5726674199104309,1
test_protein_2839,1.0,0.12903334200382233,0
test_protein_2840,1.0,0.08450984954833984,0
test_protein_2841,1.0,0.1050630733370781,0
test_protein_2842,1.0,0.04596457630395889,0
test_protein_2843,1.0,0.7105035781860352,1
test_protein_2844,1.0,0.0020732039120048285,0
test_protein_2845,1.0,0.13755564391613007,0
test_protein_2846,1.0,0.007861250080168247,0
test_protein_2847,1.0,0.5357421636581421,1
test_protein_2848,1.0,0.0077771651558578014,0
test_protein_2849,1.0,0.6249366998672485,1
test_protein_2850,1.0,0.2536100447177887,0
test_protein_2851,1.0,0.011342287994921207,0
test_protein_2852,1.0,0.13240443170070648,0
test_protein_2853,1.0,0.06602925062179565,0
test_protein_2854,1.0,0.011388907209038734,0
test_protein_2855,1.0,0.003422640496864915,0
test_protein_2856,1.0,0.29404693841934204,0
test_protein_2857,1.0,0.5989110469818115,1
test_protein_2858,1.0,0.004636931233108044,0
test_protein_2859,1.0,0.10424298048019409,0
test_protein_2860,1.0,0.06988244503736496,0
test_protein_2861,1.0,0.6625727415084839,1
test_protein_2862,1.0,0.00978725403547287,0
test_protein_2863,1.0,0.04820641875267029,0
test_protein_2864,1.0,0.2217426598072052,0
test_protein_2865,1.0,0.31554871797561646,0
test_protein_2866,1.0,0.11819425970315933,0
test_protein_2867,1.0,0.021126819774508476,0
test_protein_2868,1.0,0.8957947492599487,1
test_protein_2869,1.0,0.036040306091308594,0
test_protein_2870,1.0,0.033038631081581116,0
test_protein_2871,1.0,0.12480251491069794,0
test_protein_2872,1.0,0.034293413162231445,0
test_protein_2873,1.0,0.005314183421432972,0
test_protein_2874,1.0,0.5626652836799622,1
test_protein_2875,1.0,0.09879443049430847,0
test_protein_2876,1.0,0.17414595186710358,0
test_protein_2877,1.0,0.15689386427402496,0
test_protein_2878,1.0,0.03273535519838333,0
test_protein_2879,1.0,0.9966219663619995,1
test_protein_2880,1.0,0.01768629252910614,0
test_protein_2881,1.0,0.08282149583101273,0
test_protein_2882,1.0,0.07041124999523163,0
test_protein_2883,1.0,0.003337075235322118,0
test_protein_2884,1.0,0.005354182329028845,0
test_protein_2885,1.0,0.14184483885765076,0
test_protein_2886,1.0,0.02115001156926155,0
test_protein_2887,1.0,0.48378458619117737,0
test_protein_2888,1.0,0.015191545709967613,0
test_protein_2889,1.0,0.4016008973121643,0
test_protein_2890,1.0,0.011254224926233292,0
test_protein_2891,1.0,0.16567693650722504,0
test_protein_2892,1.0,0.05998779088258743,0
test_protein_2893,1.0,0.013960856013000011,0
test_protein_2894,1.0,0.05315684154629707,0
test_protein_2895,1.0,0.1904066503047943,0
test_protein_2896,1.0,0.06612367182970047,0
test_protein_2897,1.0,0.2186480611562729,0
test_protein_2898,1.0,0.019820882007479668,0
test_protein_2899,1.0,0.4736900329589844,0
test_protein_2900,1.0,0.001816502190195024,0
test_protein_2901,1.0,0.010350094176828861,0
test_protein_2902,1.0,0.7224131226539612,1
test_protein_2903,1.0,0.02652129717171192,0
test_protein_2904,1.0,0.49762335419654846,0
test_protein_2905,1.0,0.0360272154211998,0
test_protein_2906,1.0,0.2681223750114441,0
test_protein_2907,1.0,0.06602519005537033,0
test_protein_2908,1.0,0.04771909862756729,0
test_protein_2909,1.0,0.10400814563035965,0
test_protein_2910,1.0,0.009150009602308273,0
test_protein_2911,1.0,0.2935987412929535,0
test_protein_2912,1.0,0.049764182418584824,0
test_protein_2913,1.0,0.8321166634559631,1
test_protein_2914,1.0,0.8363882899284363,1
test_protein_2915,1.0,0.03964013606309891,0
test_protein_2916,1.0,0.012079182080924511,0
test_protein_2917,1.0,0.22574032843112946,0
test_protein_2918,1.0,0.21085962653160095,0
test_protein_2919,1.0,0.5234837532043457,1
test_protein_2920,1.0,0.010419469326734543,0
test_protein_2921,1.0,0.04981229826807976,0
test_protein_2922,1.0,0.6985670924186707,1
test_protein_2923,1.0,0.3147065341472626,0
test_protein_2924,1.0,0.07106564193964005,0
test_protein_2925,1.0,0.010642831213772297,0
test_protein_2926,1.0,0.08630003035068512,0
test_protein_2927,1.0,0.49517568945884705,0
test_protein_2928,1.0,0.02371693216264248,0
test_protein_2929,1.0,0.04986025393009186,0
test_protein_2930,1.0,0.08127304911613464,0
test_protein_2931,1.0,0.23699021339416504,0
test_protein_2932,1.0,0.27599412202835083,0
test_protein_2933,1.0,0.23671768605709076,0
test_protein_2934,1.0,0.07572874426841736,0
test_protein_2935,1.0,0.006294493563473225,0
test_protein_2936,1.0,0.2001940906047821,0
test_protein_2937,1.0,0.5314598083496094,1
test_protein_2938,1.0,0.5041490197181702,1
test_protein_2939,1.0,0.03765427693724632,0
test_protein_2940,1.0,0.16969814896583557,0
test_protein_2941,1.0,0.06764646619558334,0
test_protein_2942,1.0,0.7578227519989014,1
test_protein_2943,1.0,0.9871057271957397,1
test_protein_2944,1.0,0.5963072180747986,1
test_protein_2945,1.0,0.19542987644672394,0
test_protein_2946,1.0,0.4606136977672577,0
test_protein_2947,1.0,0.332222044467926,0
test_protein_2948,1.0,0.7517435550689697,1
test_protein_2949,1.0,0.4038648009300232,0
test_protein_2950,1.0,0.37830477952957153,0
test_protein_2951,1.0,0.6835706830024719,1
test_protein_2952,1.0,0.4376460015773773,0
test_protein_2953,1.0,0.7359882593154907,1
test_protein_2954,1.0,0.1271028220653534,0
test_protein_2955,1.0,0.016067374497652054,0
test_protein_2956,1.0,0.41739070415496826,0
test_protein_2957,1.0,0.016604743897914886,0
test_protein_2958,1.0,0.4967988133430481,0
test_protein_2959,1.0,0.0749618411064148,0
test_protein_2960,1.0,0.04361782222986221,0
test_protein_2961,1.0,0.00045356235932558775,0
test_protein_2962,1.0,0.10989119112491608,0
test_protein_2963,1.0,0.056867219507694244,0
test_protein_2964,1.0,0.03331590071320534,0
test_protein_2965,1.0,0.008891653269529343,0
test_protein_2966,1.0,0.17206446826457977,0
test_protein_2967,1.0,0.3590271770954132,0
test_protein_2968,1.0,0.0007957045454531908,0
test_protein_2969,1.0,0.46885260939598083,0
test_protein_2970,1.0,0.011023277416825294,0
test_protein_2971,1.0,0.7388594746589661,1
test_protein_2972,1.0,0.15666531026363373,0
test_protein_2973,1.0,0.05390940606594086,0
test_protein_2974,1.0,0.021788300946354866,0
test_protein_2975,1.0,0.35590624809265137,0
test_protein_2976,1.0,0.009950275532901287,0
test_protein_2977,1.0,0.004514539148658514,0
test_protein_2978,1.0,0.14658500254154205,0
test_protein_2979,1.0,0.7372356057167053,1
test_protein_2980,1.0,0.5127254128456116,1
test_protein_2981,1.0,0.4832029342651367,0
test_protein_2982,1.0,0.09953664243221283,0
test_protein_2983,1.0,0.5965380072593689,1
test_protein_2984,1.0,0.07330025732517242,0
test_protein_2985,1.0,0.9917791485786438,1
test_protein_2986,1.0,0.7174343466758728,1
test_protein_2987,1.0,0.030131954699754715,0
test_protein_2988,1.0,0.8482995629310608,1
test_protein_2989,1.0,0.3133375942707062,0
test_protein_2990,1.0,0.9920250177383423,1
test_protein_2991,1.0,0.002148856408894062,0
test_protein_2992,1.0,0.19627238810062408,0
test_protein_2993,1.0,0.8304764032363892,1
test_protein_2994,1.0,0.3272535800933838,0
test_protein_2995,1.0,0.06879495829343796,0
test_protein_2996,1.0,0.3324270248413086,0
test_protein_2997,1.0,0.11491693556308746,0
test_protein_2998,1.0,0.10518480837345123,0
test_protein_2999,1.0,0.7547616362571716,1
test_protein_3000,1.0,0.5992503762245178,1
test_protein_3001,1.0,0.9945539236068726,1
test_protein_3002,1.0,0.23004622757434845,0
test_protein_3003,1.0,0.2448660135269165,0
test_protein_3004,1.0,0.8163855671882629,1
test_protein_3005,1.0,0.997602641582489,1
test_protein_3006,1.0,0.28355658054351807,0
test_protein_3007,1.0,0.0731203630566597,0
test_protein_3008,1.0,0.8834061026573181,1
test_protein_3009,1.0,0.8963748812675476,1
test_protein_3010,1.0,0.6411441564559937,1
test_protein_3011,1.0,0.03245774656534195,0
test_protein_3012,1.0,0.10269176959991455,0
test_protein_3013,1.0,0.22752568125724792,0
test_protein_3014,1.0,0.01015034131705761,0
test_protein_3015,1.0,0.6111286282539368,1
test_protein_3016,1.0,0.01827797293663025,0
test_protein_3017,1.0,0.7644585967063904,1
test_protein_3018,1.0,0.9934297204017639,1
test_protein_3019,1.0,0.8153812289237976,1
test_protein_3020,1.0,0.17370446026325226,0
test_protein_3021,1.0,0.7391803860664368,1
test_protein_3022,1.0,0.7895428538322449,1
test_protein_3023,1.0,0.9168897867202759,1
test_protein_3024,1.0,0.9537685513496399,1
test_protein_3025,1.0,0.8577343225479126,1
test_protein_3026,1.0,0.10422536730766296,0
test_protein_3027,1.0,0.9878107905387878,1
test_protein_3028,1.0,0.9901444911956787,1
test_protein_3029,1.0,0.7963308691978455,1
test_protein_3030,1.0,0.9973390698432922,1
test_protein_3031,1.0,0.4928116202354431,0
test_protein_3032,1.0,0.0794127956032753,0
test_protein_3033,1.0,0.777412474155426,1
test_protein_3034,1.0,0.9877908229827881,1
test_protein_3035,1.0,0.9993932247161865,1
test_protein_3036,1.0,0.9649269580841064,1
test_protein_3037,1.0,0.4511514902114868,0
test_protein_3038,1.0,0.06385116279125214,0
test_protein_3039,1.0,0.9968892931938171,1
test_protein_3040,1.0,0.7014429569244385,1
test_protein_3041,1.0,0.5450107455253601,1
test_protein_3042,1.0,0.08973662555217743,0
test_protein_3043,1.0,0.8811312913894653,1
test_protein_3044,1.0,0.9836105108261108,1
test_protein_3045,1.0,0.21190544962882996,0
test_protein_3046,1.0,0.28933006525039673,0
test_protein_3047,1.0,0.7475385069847107,1
test_protein_3048,1.0,0.8072961568832397,1
test_protein_3049,1.0,0.0957772359251976,0
test_protein_3050,1.0,0.2119775265455246,0
test_protein_3051,1.0,0.7765222787857056,1
test_protein_3052,1.0,0.43552452325820923,0
test_protein_3053,1.0,0.9910829067230225,1
test_protein_3054,1.0,0.9993101358413696,1
test_protein_3055,1.0,0.9090117812156677,1
test_protein_3056,1.0,0.997403085231781,1
test_protein_3057,1.0,0.9955624341964722,1
test_protein_3058,1.0,0.2531072795391083,0
test_protein_3059,1.0,0.2485518753528595,0
test_protein_3060,1.0,0.9875121712684631,1
test_protein_3061,1.0,0.6528586745262146,1
test_protein_3062,1.0,0.9861578941345215,1
test_protein_3063,1.0,0.99910968542099,1
test_protein_3064,1.0,0.8106443881988525,1
test_protein_3065,1.0,0.05598016455769539,0
test_protein_3066,1.0,0.4059506356716156,0
test_protein_3067,1.0,0.8053644895553589,1
test_protein_3068,1.0,0.6463838219642639,1
test_protein_3069,1.0,0.14562469720840454,0
test_protein_3070,1.0,0.6507554650306702,1
test_protein_3071,1.0,0.583858072757721,1
test_protein_3072,1.0,0.694503664970398,1
test_protein_3073,1.0,0.9988744854927063,1
test_protein_3074,1.0,0.9898573160171509,1
test_protein_3075,1.0,0.8504776358604431,1
test_protein_3076,1.0,0.944217324256897,1
test_protein_3077,1.0,0.9403963088989258,1
test_protein_3078,1.0,0.6281158924102783,1
test_protein_3079,1.0,0.9686230421066284,1
test_protein_3080,1.0,0.593967080116272,1
test_protein_3081,1.0,0.3186400830745697,0
test_protein_3082,1.0,0.966617226600647,1
test_protein_3083,1.0,0.9974117875099182,1
test_protein_3084,1.0,0.8206131458282471,1
test_protein_3085,1.0,0.9689120650291443,1
test_protein_3086,1.0,0.34426558017730713,0
test_protein_3087,1.0,0.03823832422494888,0
test_protein_3088,1.0,0.9953820109367371,1
test_protein_3089,1.0,0.8109528422355652,1
test_protein_3090,1.0,0.9902411699295044,1
test_protein_3091,1.0,0.9874452352523804,1
test_protein_3092,1.0,0.9948192238807678,1
test_protein_3093,1.0,0.9826902151107788,1
test_protein_3094,1.0,0.9758580923080444,1
test_protein_3095,1.0,0.7502874135971069,1
test_protein_3096,1.0,0.3725244998931885,0
test_protein_3097,1.0,0.005042489618062973,0
test_protein_3098,1.0,0.05929512158036232,0
test_protein_3099,1.0,0.16838438808918,0
test_protein_3100,1.0,0.87904292345047,1
test_protein_3101,1.0,0.011956404894590378,0
test_protein_3102,1.0,0.3643871545791626,0
test_protein_3103,1.0,0.9524902105331421,1
test_protein_3104,1.0,0.020778244361281395,0
test_protein_3105,1.0,0.4417601525783539,0
test_protein_3106,1.0,0.035855382680892944,0
test_protein_3107,1.0,0.007090340368449688,0
test_protein_3108,1.0,0.030546419322490692,0
test_protein_3109,1.0,0.10671068727970123,0
test_protein_3110,1.0,0.004759792238473892,0
test_protein_3111,1.0,0.023907555267214775,0
test_protein_3112,1.0,0.047118160873651505,0
test_protein_3113,1.0,0.011454155668616295,0
test_protein_3114,1.0,0.22470197081565857,0
test_protein_3115,1.0,0.06018749997019768,0
test_protein_3116,1.0,0.11010377109050751,0
test_protein_3117,1.0,0.14290857315063477,0
test_protein_3118,1.0,0.01602865941822529,0
test_protein_3119,1.0,0.029428141191601753,0
test_protein_3120,1.0,0.013922035694122314,0
test_protein_3121,1.0,0.048597902059555054,0
test_protein_3122,1.0,0.02171812765300274,0
test_protein_3123,1.0,0.07033383846282959,0
test_protein_3124,1.0,0.27889129519462585,0
test_protein_3125,1.0,0.018810415640473366,0
test_protein_3126,1.0,0.007773368153721094,0
test_protein_3127,1.0,0.32619017362594604,0
test_protein_3128,1.0,0.118130162358284,0
test_protein_3129,1.0,0.11975568532943726,0
test_protein_3130,1.0,0.007047402206808329,0
test_protein_3131,1.0,0.021196620538830757,0
test_protein_3132,1.0,0.466128408908844,0
test_protein_3133,1.0,0.7015054225921631,1
test_protein_3134,1.0,0.06351111829280853,0
test_protein_3135,1.0,0.04676076024770737,0
test_protein_3136,1.0,0.07786459475755692,0
test_protein_3137,1.0,0.011586680077016354,0
test_protein_3138,1.0,0.03218134120106697,0
test_protein_3139,1.0,0.011924529448151588,0
test_protein_3140,1.0,0.016281111165881157,0
test_protein_3141,1.0,0.007932381704449654,0
test_protein_3142,1.0,0.027768036350607872,0
test_protein_3143,1.0,0.030019868165254593,0
test_protein_3144,1.0,0.03200140222907066,0
test_protein_3145,1.0,0.008635331876575947,0
test_protein_3146,1.0,0.055209074169397354,0
test_protein_3147,1.0,0.2964140474796295,0
test_protein_3148,1.0,0.5642135143280029,1
test_protein_3149,1.0,0.6319537162780762,1
test_protein_3150,1.0,0.9783570170402527,1
test_protein_3151,1.0,0.3887665271759033,0
test_protein_3152,1.0,0.2565709948539734,0
test_protein_3153,1.0,0.7457109093666077,1
test_protein_3154,1.0,0.0021879577543586493,0
test_protein_3155,1.0,0.41909629106521606,0
test_protein_3156,1.0,0.14610284566879272,0
test_protein_3157,1.0,0.04929569736123085,0
test_protein_3158,1.0,0.22287100553512573,0
test_protein_3159,1.0,0.5818535089492798,1
test_protein_3160,1.0,0.0245688296854496,0
test_protein_3161,1.0,0.025830000638961792,0
test_protein_3162,1.0,0.6645222306251526,1
test_protein_3163,1.0,0.7661394476890564,1
test_protein_3164,1.0,0.18061873316764832,0
test_protein_3165,1.0,0.343504399061203,0
test_protein_3166,1.0,0.14318661391735077,0
test_protein_3167,1.0,0.08196371048688889,0
test_protein_3168,1.0,0.03364497050642967,0
test_protein_3169,1.0,0.08794961869716644,0
test_protein_3170,1.0,0.028097599744796753,0
test_protein_3171,1.0,0.45917272567749023,0
test_protein_3172,1.0,0.2520368695259094,0
test_protein_3173,1.0,0.010629313997924328,0
test_protein_3174,1.0,0.2685629725456238,0
test_protein_3175,1.0,0.06546987593173981,0
test_protein_3176,1.0,0.030268285423517227,0
test_protein_3177,1.0,0.015643054619431496,0
test_protein_3178,1.0,0.5528206825256348,1
test_protein_3179,1.0,0.577089786529541,1
test_protein_3180,1.0,0.017031230032444,0
test_protein_3181,1.0,0.4205607771873474,0
test_protein_3182,1.0,0.21404194831848145,0
test_protein_3183,1.0,0.14455243945121765,0
test_protein_3184,1.0,0.6156920194625854,1
test_protein_3185,1.0,0.6615499258041382,1
test_protein_3186,1.0,0.709426760673523,1
test_protein_3187,1.0,0.19305463135242462,0
test_protein_3188,1.0,0.34555932879447937,0
test_protein_3189,1.0,0.9144928455352783,1
test_protein_3190,1.0,0.3687201738357544,0
test_protein_3191,1.0,0.5863009691238403,1
test_protein_3192,1.0,0.1165236309170723,0
test_protein_3193,1.0,0.8162397146224976,1
test_protein_3194,1.0,0.14879532158374786,0
test_protein_3195,1.0,0.49044880270957947,0
test_protein_3196,1.0,0.5289862751960754,1
test_protein_3197,1.0,0.46638718247413635,0
test_protein_3198,1.0,0.9748640656471252,1
test_protein_3199,1.0,0.9742977619171143,1
test_protein_3200,1.0,0.37428998947143555,0
test_protein_3201,1.0,0.43054959177970886,0
test_protein_3202,1.0,0.6309691667556763,1
test_protein_3203,1.0,0.9242342710494995,1
test_protein_3204,1.0,0.06618218123912811,0
test_protein_3205,1.0,0.6943134069442749,1
test_protein_3206,1.0,0.5902796387672424,1
test_protein_3207,1.0,0.5082226395606995,1
test_protein_3208,1.0,0.4343019425868988,0
test_protein_3209,1.0,0.08715541660785675,0
test_protein_3210,1.0,0.5526272058486938,1
test_protein_3211,1.0,0.018920810893177986,0
test_protein_3212,1.0,0.48465681076049805,0
test_protein_3213,1.0,0.024481911212205887,0
test_protein_3214,1.0,0.12474765628576279,0
test_protein_3215,1.0,0.5996428728103638,1
test_protein_3216,1.0,0.12969470024108887,0
test_protein_3217,1.0,0.06886070966720581,0
test_protein_3218,1.0,0.801342248916626,1
test_protein_3219,1.0,0.5321711301803589,1
test_protein_3220,1.0,0.40663498640060425,0
test_protein_3221,1.0,0.6712883114814758,1
test_protein_3222,1.0,0.6473252773284912,1
test_protein_3223,1.0,0.28079310059547424,0
test_protein_3224,1.0,0.1939801126718521,0
test_protein_3225,1.0,0.0014742650091648102,0
test_protein_3226,1.0,0.46137353777885437,0
test_protein_3227,1.0,0.10959000140428543,0
test_protein_3228,1.0,0.0038681102450937033,0
test_protein_3229,1.0,0.09265834838151932,0
test_protein_3230,1.0,0.14326922595500946,0
test_protein_3231,1.0,0.623496949672699,1
test_protein_3232,1.0,0.00695134187117219,0
test_protein_3233,1.0,0.022949596866965294,0
test_protein_3234,1.0,0.02211138606071472,0
test_protein_3235,1.0,0.1656610667705536,0
test_protein_3236,1.0,0.177144393324852,0
test_protein_3237,1.0,0.10731960088014603,0
test_protein_3238,1.0,0.5750653147697449,1
test_protein_3239,1.0,0.9382048845291138,1
test_protein_3240,1.0,0.676135778427124,1
test_protein_3241,1.0,0.7496141791343689,1
test_protein_3242,1.0,0.9284965395927429,1
test_protein_3243,1.0,0.92210453748703,1
test_protein_3244,1.0,0.8572791814804077,1
test_protein_3245,1.0,0.6881486177444458,1
test_protein_3246,1.0,0.08258165419101715,0
test_protein_3247,1.0,0.012711063958704472,0
test_protein_3248,1.0,0.6680726408958435,1
test_protein_3249,1.0,0.6565006971359253,1
test_protein_3250,1.0,0.9867266416549683,1
test_protein_3251,1.0,0.829606294631958,1
test_protein_3252,1.0,0.8047288656234741,1
test_protein_3253,1.0,0.8378410339355469,1
test_protein_3254,1.0,0.44120943546295166,0
test_protein_3255,1.0,0.9307822585105896,1
test_protein_3256,1.0,0.06365522742271423,0
test_protein_3257,1.0,0.6306563019752502,1
test_protein_3258,1.0,0.5365676283836365,1
test_protein_3259,1.0,0.49126747250556946,0
test_protein_3260,1.0,0.6332219839096069,1
test_protein_3261,1.0,0.6722657084465027,1
test_protein_3262,1.0,0.8705534934997559,1
test_protein_3263,1.0,0.047831855714321136,0
test_protein_3264,1.0,0.7551993727684021,1
test_protein_3265,1.0,0.22960571944713593,0
test_protein_3266,1.0,0.6072918772697449,1
test_protein_3267,1.0,0.6417672038078308,1
test_protein_3268,1.0,0.5780234336853027,1
test_protein_3269,1.0,0.6596255302429199,1
test_protein_3270,1.0,0.7583380341529846,1
test_protein_3271,1.0,0.5870568156242371,1
test_protein_3272,1.0,0.7959620356559753,1
test_protein_3273,1.0,0.9936327338218689,1
test_protein_3274,1.0,0.549202561378479,1
test_protein_3275,1.0,0.9397129416465759,1
test_protein_3276,1.0,0.6820418834686279,1
test_protein_3277,1.0,0.786716103553772,1
test_protein_3278,1.0,0.7059805989265442,1
test_protein_3279,1.0,0.43819451332092285,0
test_protein_3280,1.0,0.13902172446250916,0
test_protein_3281,1.0,0.27730217576026917,0
test_protein_3282,1.0,0.2856331467628479,0
test_protein_3283,1.0,0.40074464678764343,0
test_protein_3284,1.0,0.4193408787250519,0
test_protein_3285,1.0,0.23302528262138367,0
test_protein_3286,1.0,0.35210272669792175,0
test_protein_3287,1.0,0.464772492647171,0
test_protein_3288,1.0,0.08405107259750366,0
test_protein_3289,1.0,0.4288771152496338,0
test_protein_3290,1.0,0.37056660652160645,0
test_protein_3291,1.0,0.13759125769138336,0
test_protein_3292,1.0,0.27296850085258484,0
test_protein_3293,1.0,0.19065673649311066,0
test_protein_3294,1.0,0.2822026014328003,0
test_protein_3295,1.0,0.16429933905601501,0
test_protein_3296,1.0,0.15325914323329926,0
test_protein_3297,1.0,0.48314517736434937,0
test_protein_3298,1.0,0.4270365238189697,0
test_protein_3299,1.0,0.5780138969421387,1
test_protein_3300,1.0,0.16800491511821747,0
test_protein_3301,1.0,0.10312418639659882,0
test_protein_3302,1.0,0.1359431892633438,0
test_protein_3303,1.0,0.40294304490089417,0
test_protein_3304,1.0,0.06077065318822861,0
test_protein_3305,1.0,0.20780621469020844,0
test_protein_3306,1.0,0.12783966958522797,0
test_protein_3307,1.0,0.45664912462234497,0
test_protein_3308,1.0,0.1465446949005127,0
test_protein_3309,1.0,0.31827324628829956,0
test_protein_3310,1.0,0.12588797509670258,0
test_protein_3311,1.0,0.0814422219991684,0
test_protein_3312,1.0,0.4857654571533203,0
test_protein_3313,1.0,0.04456957429647446,0
test_protein_3314,1.0,0.14859457314014435,0
test_protein_3315,1.0,0.33703479170799255,0
test_protein_3316,1.0,0.014132250100374222,0
test_protein_3317,1.0,0.02362685464322567,0
test_protein_3318,1.0,0.35912221670150757,0
test_protein_3319,1.0,0.45664742588996887,0
test_protein_3320,1.0,0.11919962614774704,0
test_protein_3321,1.0,0.4102073013782501,0
test_protein_3322,1.0,0.47109702229499817,0
test_protein_3323,1.0,0.23411786556243896,0
test_protein_3324,1.0,0.6711223125457764,1
test_protein_3325,1.0,0.0006189048290252686,0
test_protein_3326,1.0,0.5361707806587219,1
test_protein_3327,1.0,0.11350052803754807,0
test_protein_3328,1.0,0.2853434681892395,0
test_protein_3329,1.0,0.38069894909858704,0
test_protein_3330,1.0,0.17665249109268188,0
test_protein_3331,1.0,0.35941892862319946,0
test_protein_3332,1.0,0.43131211400032043,0
test_protein_3333,1.0,0.09232672303915024,0
test_protein_3334,1.0,0.1806616485118866,0
test_protein_3335,1.0,0.7471114993095398,1
test_protein_3336,1.0,0.18189136683940887,0
test_protein_3337,1.0,0.05287279561161995,0
test_protein_3338,1.0,0.38769441843032837,0
test_protein_3339,1.0,0.12994880974292755,0
test_protein_3340,1.0,0.3321610987186432,0
test_protein_3341,1.0,0.5037996172904968,1
test_protein_3342,1.0,0.39286714792251587,0
test_protein_3343,1.0,0.69245445728302,1
test_protein_3344,1.0,0.11333861202001572,0
test_protein_3345,1.0,0.14622290432453156,0
test_protein_3346,1.0,0.2802177369594574,0
test_protein_3347,1.0,0.2151012122631073,0
test_protein_3348,1.0,0.2821909487247467,0
test_protein_3349,1.0,0.1471068114042282,0
test_protein_3350,1.0,0.14051532745361328,0
test_protein_3351,1.0,0.23215459287166595,0
test_protein_3352,1.0,0.35989758372306824,0
test_protein_3353,1.0,0.4554843604564667,0
test_protein_3354,1.0,0.2745878994464874,0
test_protein_3355,1.0,0.7351743578910828,1
test_protein_3356,1.0,0.11054999381303787,0
test_protein_3357,1.0,0.43100637197494507,0
test_protein_3358,1.0,0.3663325309753418,0
test_protein_3359,1.0,0.18501928448677063,0
test_protein_3360,1.0,0.5694513320922852,1
test_protein_3361,1.0,0.14951671659946442,0
test_protein_3362,1.0,0.5183859467506409,1
test_protein_3363,1.0,0.4528696537017822,0
test_protein_3364,1.0,0.1957446187734604,0
test_protein_3365,1.0,0.6338241696357727,1
test_protein_3366,1.0,0.37294867634773254,0
test_protein_3367,1.0,0.23533718287944794,0
test_protein_3368,1.0,0.1140563115477562,0
test_protein_3369,1.0,0.761326253414154,1
test_protein_3370,1.0,0.36964499950408936,0
test_protein_3371,1.0,0.28328004479408264,0
test_protein_3372,1.0,0.4321584105491638,0
test_protein_3373,1.0,0.060894329100847244,0
test_protein_3374,1.0,0.14880695939064026,0
test_protein_3375,1.0,0.461405873298645,0
test_protein_3376,1.0,0.6415024399757385,1
test_protein_3377,1.0,0.7974659204483032,1
test_protein_3378,1.0,0.461224228143692,0
test_protein_3379,1.0,0.342990517616272,0
test_protein_3380,1.0,0.848507821559906,1
test_protein_3381,1.0,0.9905683398246765,1
test_protein_3382,1.0,0.5005823969841003,1
test_protein_3383,1.0,0.0075986990705132484,0
test_protein_3384,1.0,0.008413729257881641,0
test_protein_3385,1.0,0.21778373420238495,0
test_protein_3386,1.0,0.235479474067688,0
test_protein_3387,1.0,0.4096224904060364,0
test_protein_3388,1.0,0.3674584627151489,0
test_protein_3389,1.0,0.3735752999782562,0
test_protein_3390,1.0,0.37287330627441406,0
test_protein_3391,1.0,0.13223187625408173,0
test_protein_3392,1.0,0.3554043769836426,0
test_protein_3393,1.0,0.06387058645486832,0
test_protein_3394,1.0,0.027639664709568024,0
test_protein_3395,1.0,0.09227509051561356,0
test_protein_3396,1.0,0.048402089625597,0
test_protein_3397,1.0,0.02917894534766674,0
test_protein_3398,1.0,0.027097051963210106,0
test_protein_3399,1.0,0.26764819025993347,0
test_protein_3400,1.0,0.13677166402339935,0
test_protein_3401,1.0,0.623937726020813,1
test_protein_3402,1.0,0.10583072155714035,0
test_protein_3403,1.0,0.3540496230125427,0
test_protein_3404,1.0,0.7220197916030884,1
test_protein_3405,1.0,0.07696202397346497,0
test_protein_3406,1.0,0.4527879059314728,0
test_protein_3407,1.0,0.1995239406824112,0
test_protein_3408,1.0,0.14932706952095032,0
test_protein_3409,1.0,0.007115757092833519,0
test_protein_3410,1.0,0.29319241642951965,0
test_protein_3411,1.0,0.4581751525402069,0
test_protein_3412,1.0,0.02254081703722477,0
test_protein_3413,1.0,0.0701245591044426,0
test_protein_3414,1.0,0.026304246857762337,0
test_protein_3415,1.0,0.04121977463364601,0
test_protein_3416,1.0,0.5810299515724182,1
test_protein_3417,1.0,0.010719813406467438,0
test_protein_3418,1.0,0.32788148522377014,0
test_protein_3419,1.0,0.893239438533783,1
test_protein_3420,1.0,0.5117185115814209,1
test_protein_3421,1.0,0.6602271199226379,1
test_protein_3422,1.0,0.8228076696395874,1
test_protein_3423,1.0,0.5808414816856384,1
test_protein_3424,1.0,0.918565034866333,1
test_protein_3425,1.0,0.10780815035104752,0
test_protein_3426,1.0,0.4670428931713104,0
test_protein_3427,1.0,0.29285308718681335,0
test_protein_3428,1.0,0.8531345129013062,1
test_protein_3429,1.0,0.6695467829704285,1
test_protein_3430,1.0,0.04764053598046303,0
test_protein_3431,1.0,0.6190537810325623,1
test_protein_3432,1.0,0.2400663048028946,0
test_protein_3433,1.0,0.13583804666996002,0
test_protein_3434,1.0,0.2044481635093689,0
test_protein_3435,1.0,0.3761836290359497,0
test_protein_3436,1.0,0.37240469455718994,0
test_protein_3437,1.0,0.9646226167678833,1
test_protein_3438,1.0,0.6890121102333069,1
test_protein_3439,1.0,0.2391151785850525,0
test_protein_3440,1.0,0.7970620393753052,1
test_protein_3441,1.0,0.2155272364616394,0
test_protein_3442,1.0,0.18847788870334625,0
test_protein_3443,1.0,0.6601107120513916,1
test_protein_3444,1.0,0.1375887393951416,0
test_protein_3445,1.0,0.6879616379737854,1
test_protein_3446,1.0,0.3393653631210327,0
test_protein_3447,1.0,0.6847479939460754,1
test_protein_3448,1.0,0.23766131699085236,0
test_protein_3449,1.0,0.08651826530694962,0
test_protein_3450,1.0,0.5951606035232544,1
test_protein_3451,1.0,0.28900250792503357,0
test_protein_3452,1.0,0.27223026752471924,0
test_protein_3453,1.0,0.8148089647293091,1
test_protein_3454,1.0,0.6770226359367371,1
test_protein_3455,1.0,0.056240711361169815,0
test_protein_3456,1.0,0.07020771503448486,0
test_protein_3457,1.0,0.32461869716644287,0
test_protein_3458,1.0,0.004239488858729601,0
test_protein_3459,1.0,0.7269615530967712,1
test_protein_3460,1.0,0.10505423694849014,0
test_protein_3461,1.0,0.13867396116256714,0
test_protein_3462,1.0,0.11191505193710327,0
test_protein_3463,1.0,0.11462242156267166,0
test_protein_3464,1.0,0.07011237740516663,0
test_protein_3465,1.0,0.03904494643211365,0
test_protein_3466,1.0,0.26855286955833435,0
test_protein_3467,1.0,0.6258219480514526,1
test_protein_3468,1.0,0.9413639307022095,1
test_protein_3469,1.0,0.5311157703399658,1
test_protein_3470,1.0,0.23772677779197693,0
test_protein_3471,1.0,0.3009772002696991,0
test_protein_3472,1.0,0.00875360518693924,0
test_protein_3473,1.0,0.16797778010368347,0
test_protein_3474,1.0,0.21674180030822754,0
test_protein_3475,1.0,0.2079291045665741,0
test_protein_3476,1.0,0.3719201385974884,0
test_protein_3477,1.0,0.3965914249420166,0
test_protein_3478,1.0,0.2873181998729706,0
test_protein_3479,1.0,0.2680542469024658,0
test_protein_3480,1.0,0.37632182240486145,0
test_protein_3481,1.0,0.6474772691726685,1
test_protein_3482,1.0,0.06668279320001602,0
test_protein_3483,1.0,0.7089990973472595,1
test_protein_3484,1.0,0.15625101327896118,0
test_protein_3485,1.0,0.1905687004327774,0
test_protein_3486,1.0,0.011139958165585995,0
test_protein_3487,1.0,0.011208969168365002,0
test_protein_3488,1.0,0.9777463674545288,1
test_protein_3489,1.0,0.5931749939918518,1
test_protein_3490,1.0,0.2962033152580261,0
test_protein_3491,1.0,0.08566819876432419,0
test_protein_3492,1.0,0.18608704209327698,0
test_protein_3493,1.0,0.9890921115875244,1
test_protein_3494,1.0,0.994103729724884,1
test_protein_3495,1.0,0.7724637985229492,1
test_protein_3496,1.0,0.9916679263114929,1
test_protein_3497,1.0,0.9311628937721252,1
test_protein_3498,1.0,0.8332149982452393,1
test_protein_3499,1.0,0.15474501252174377,0
test_protein_3500,1.0,0.7375257611274719,1
test_protein_3501,1.0,0.15207527577877045,0
test_protein_3502,1.0,0.13750916719436646,0
test_protein_3503,1.0,0.6988707184791565,1
test_protein_3504,1.0,0.6052352786064148,1
test_protein_3505,1.0,0.6856594085693359,1
test_protein_3506,1.0,0.6227115988731384,1
test_protein_3507,1.0,0.536417543888092,1
test_protein_3508,1.0,0.35908225178718567,0
test_protein_3509,1.0,0.7145439982414246,1
test_protein_3510,1.0,0.5799886584281921,1
test_protein_3511,1.0,0.9039137363433838,1
test_protein_3512,1.0,0.9506679177284241,1
test_protein_3513,1.0,0.23440304398536682,0
test_protein_3514,1.0,0.5823550820350647,1
test_protein_3515,1.0,0.9664203524589539,1
test_protein_3516,1.0,0.06014179810881615,0
test_protein_3517,1.0,0.10530995577573776,0
test_protein_3518,1.0,0.13283085823059082,0
test_protein_3519,1.0,0.27746790647506714,0
test_protein_3520,1.0,0.24129286408424377,0
test_protein_3521,1.0,0.13916535675525665,0
test_protein_3522,1.0,0.2302912324666977,0
test_protein_3523,1.0,0.16568484902381897,0
test_protein_3524,1.0,0.1265040785074234,0
test_protein_3525,1.0,0.0649123415350914,0
test_protein_3526,1.0,0.03509848564863205,0
test_protein_3527,1.0,0.034933969378471375,0
test_protein_3528,1.0,0.03009677305817604,0
test_protein_3529,1.0,0.768339991569519,1
test_protein_3530,1.0,0.09145394712686539,0
test_protein_3531,1.0,0.6342270970344543,1
test_protein_3532,1.0,0.15039196610450745,0
test_protein_3533,1.0,0.3828931152820587,0
test_protein_3534,1.0,0.24025419354438782,0
test_protein_3535,1.0,0.03580854833126068,0
test_protein_3536,1.0,0.54755038022995,1
test_protein_3537,1.0,0.06086760014295578,0
test_protein_3538,1.0,0.00807107612490654,0
test_protein_3539,1.0,0.17457135021686554,0
test_protein_3540,1.0,0.4991881847381592,0
test_protein_3541,1.0,0.2541867792606354,0
test_protein_3542,1.0,0.18983612954616547,0
test_protein_3543,1.0,0.32476797699928284,0
test_protein_3544,1.0,0.3547550141811371,0
test_protein_3545,1.0,0.34595099091529846,0
test_protein_3546,1.0,0.3569627106189728,0
test_protein_3547,1.0,0.17418770492076874,0
test_protein_3548,1.0,0.22543156147003174,0
test_protein_3549,1.0,0.06594917923212051,0
test_protein_3550,1.0,0.30752041935920715,0
test_protein_3551,1.0,0.17276322841644287,0
test_protein_3552,1.0,0.1590975672006607,0
test_protein_3553,1.0,0.5895625352859497,1
test_protein_3554,1.0,0.23203343152999878,0
test_protein_3555,1.0,0.03166142851114273,0
test_protein_3556,1.0,0.06927724927663803,0
test_protein_3557,1.0,0.02984195202589035,0
test_protein_3558,1.0,0.3543812334537506,0
test_protein_3559,1.0,0.1599169671535492,0
test_protein_3560,1.0,0.5638441443443298,1
test_protein_3561,1.0,0.6244255900382996,1
test_protein_3562,1.0,0.5911484360694885,1
test_protein_3563,1.0,0.7190272808074951,1
test_protein_3564,1.0,0.4250826835632324,0
test_protein_3565,1.0,0.9787406325340271,1
test_protein_3566,1.0,0.7824659943580627,1
test_protein_3567,1.0,0.8612928986549377,1
test_protein_3568,1.0,0.8744823932647705,1
test_protein_3569,1.0,0.4671121835708618,0
test_protein_3570,1.0,0.5496139526367188,1
test_protein_3571,1.0,0.7180752158164978,1
test_protein_3572,1.0,0.36049017310142517,0
test_protein_3573,1.0,0.7111080884933472,1
test_protein_3574,1.0,0.5592269897460938,1
test_protein_3575,1.0,0.3747098743915558,0
test_protein_3576,1.0,0.8402790427207947,1
test_protein_3577,1.0,0.503985583782196,1
test_protein_3578,1.0,0.9927703738212585,1
test_protein_3579,1.0,0.5296631455421448,1
test_protein_3580,1.0,0.4418180286884308,0
test_protein_3581,1.0,0.9758591055870056,1
test_protein_3582,1.0,0.9464680552482605,1
test_protein_3583,1.0,0.29777342081069946,0
test_protein_3584,1.0,0.45277610421180725,0
test_protein_3585,1.0,0.549156904220581,1
test_protein_3586,1.0,0.5540540218353271,1
test_protein_3587,1.0,0.4876750707626343,0
test_protein_3588,1.0,0.46650245785713196,0
test_protein_3589,1.0,0.4183504581451416,0
test_protein_3590,1.0,0.5628111362457275,1
test_protein_3591,1.0,0.5456054210662842,1
test_protein_3592,1.0,0.744718611240387,1
test_protein_3593,1.0,0.3339122533798218,0
test_protein_3594,1.0,0.938051700592041,1
test_protein_3595,1.0,0.41393548250198364,0
test_protein_3596,1.0,0.34102243185043335,0
test_protein_3597,1.0,0.7291837334632874,1
test_protein_3598,1.0,0.034124888479709625,0
test_protein_3599,1.0,0.07944520562887192,0
test_protein_3600,1.0,0.022601131349802017,0
test_protein_3601,1.0,0.057135969400405884,0
test_protein_3602,1.0,0.041383977979421616,0
test_protein_3603,1.0,0.013521402142941952,0
test_protein_3604,1.0,0.01302886288613081,0
test_protein_3605,1.0,0.01777205616235733,0
test_protein_3606,1.0,0.01897258684039116,0
test_protein_3607,1.0,0.38606417179107666,0
test_protein_3608,1.0,0.015122722834348679,0
test_protein_3609,1.0,0.29229024052619934,0
test_protein_3610,1.0,0.005915427580475807,0
test_protein_3611,1.0,0.6418101787567139,1
test_protein_3612,1.0,0.5415639877319336,1
test_protein_3613,1.0,0.5376193523406982,1
test_protein_3614,1.0,0.41917872428894043,0
test_protein_3615,1.0,0.9020847678184509,1
test_protein_3616,1.0,0.5936825275421143,1
test_protein_3617,1.0,0.2593388259410858,0
test_protein_3618,1.0,0.22917790710926056,0
test_protein_3619,1.0,0.01503690704703331,0
test_protein_3620,1.0,0.11838952451944351,0
test_protein_3621,1.0,0.4646196961402893,0
test_protein_3622,1.0,0.2945103049278259,0
test_protein_3623,1.0,0.08199170231819153,0
test_protein_3624,1.0,0.5657721757888794,1
test_protein_3625,1.0,0.35003727674484253,0
test_protein_3626,1.0,0.4606143832206726,0
test_protein_3627,1.0,0.1467161774635315,0
test_protein_3628,1.0,0.4080576002597809,0
test_protein_3629,1.0,0.006447149906307459,0
test_protein_3630,1.0,0.3133147060871124,0
test_protein_3631,1.0,0.06235291436314583,0
test_protein_3632,1.0,0.44736912846565247,0
test_protein_3633,1.0,0.031265851110219955,0
test_protein_3634,1.0,0.030360644683241844,0
test_protein_3635,1.0,0.01008580531924963,0
test_protein_3636,1.0,0.4335612952709198,0
test_protein_3637,1.0,0.030519669875502586,0
test_protein_3638,1.0,0.03304137662053108,0
test_protein_3639,1.0,0.027881981804966927,0
test_protein_3640,1.0,0.024840423837304115,0
test_protein_3641,0.0,0.07650774717330933,0
test_protein_3642,0.0,0.1807413399219513,0
test_protein_3643,0.0,0.7547266483306885,1
test_protein_3644,0.0,0.47430509328842163,0
test_protein_3645,1.0,0.6071114540100098,1
test_protein_3646,0.0,0.3478206694126129,0
test_protein_3647,0.0,0.6091882586479187,1
test_protein_3648,1.0,0.563317060470581,1
test_protein_3649,0.0,0.5358441472053528,1
test_protein_3650,1.0,0.5996736288070679,1
test_protein_3651,1.0,0.5023871660232544,1
test_protein_3652,1.0,0.7173861861228943,1
test_protein_3653,0.0,0.5887885093688965,1
test_protein_3654,1.0,0.08339691162109375,0
test_protein_3655,0.0,0.47840118408203125,0
test_protein_3656,1.0,0.40172216296195984,0
test_protein_3657,0.0,0.08184313029050827,0
test_protein_3658,1.0,0.5874142646789551,1
test_protein_3659,0.0,0.10026804357767105,0
test_protein_3660,1.0,0.3872043192386627,0
test_protein_3661,0.0,0.0005573918460868299,0
test_protein_3662,0.0,0.0010623346315696836,0
test_protein_3663,1.0,0.1573696732521057,0
test_protein_3664,1.0,0.6742774248123169,1
test_protein_3665,1.0,0.5998363494873047,1
test_protein_3666,1.0,0.4876829981803894,0
test_protein_3667,1.0,0.6473875641822815,1
test_protein_3668,1.0,0.4077414572238922,0
test_protein_3669,0.0,0.29677334427833557,0
test_protein_3670,0.0,0.1445060521364212,0
test_protein_3671,0.0,0.6513038277626038,1
test_protein_3672,1.0,0.534564197063446,1
test_protein_3673,1.0,0.40877974033355713,0
test_protein_3674,0.0,0.5610225796699524,1
test_protein_3675,0.0,0.3234301507472992,0
test_protein_3676,0.0,0.1092027798295021,0
test_protein_3677,0.0,0.21364690363407135,0
test_protein_3678,1.0,0.5438061952590942,1
test_protein_3679,0.0,0.5971636772155762,1
test_protein_3680,0.0,0.0006194929010234773,0
test_protein_3681,1.0,0.4370918869972229,0
test_protein_3682,0.0,0.27084508538246155,0
test_protein_3683,1.0,0.6645349264144897,1
test_protein_3684,0.0,0.571584165096283,1
test_protein_3685,0.0,0.44123154878616333,0
test_protein_3686,0.0,0.08989927917718887,0
test_protein_3687,1.0,0.5994046330451965,1
test_protein_3688,1.0,0.29959818720817566,0
test_protein_3689,1.0,0.3380149006843567,0
test_protein_3690,1.0,0.5255579352378845,1
test_protein_3691,0.0,0.6204673647880554,1
test_protein_3692,0.0,0.557267427444458,1
test_protein_3693,0.0,0.585403561592102,1
test_protein_3694,0.0,0.2922818064689636,0
test_protein_3695,0.0,0.0005616460111923516,0
test_protein_3696,0.0,0.49677616357803345,0
test_protein_3697,1.0,0.42674779891967773,0
test_protein_3698,0.0,0.535536527633667,1
test_protein_3699,0.0,0.41628363728523254,0
test_protein_3700,1.0,0.45319417119026184,0
test_protein_3701,1.0,0.30604279041290283,0
test_protein_3702,0.0,0.26491084694862366,0
test_protein_3703,1.0,0.24746458232402802,0
test_protein_3704,1.0,0.29522472620010376,0
test_protein_3705,1.0,0.3538638651371002,0
test_protein_3706,0.0,0.07973985373973846,0
test_protein_3707,1.0,0.2974380552768707,0
test_protein_3708,1.0,0.29536816477775574,0
test_protein_3709,0.0,0.10433007776737213,0
test_protein_3710,0.0,0.0004487160185817629,0
test_protein_3711,0.0,0.34217679500579834,0
test_protein_3712,0.0,0.0006960156606510282,0
test_protein_3713,0.0,0.33478355407714844,0
test_protein_3714,0.0,0.4433062672615051,0
test_protein_3715,0.0,0.509350597858429,1
test_protein_3716,0.0,0.09168476611375809,0
test_protein_3717,1.0,0.001069560763426125,0
test_protein_3718,1.0,0.52840256690979,1
test_protein_3719,1.0,0.41117289662361145,0
test_protein_3720,1.0,0.6347798109054565,1
test_protein_3721,1.0,0.5391109585762024,1
test_protein_3722,1.0,0.4246032238006592,0
test_protein_3723,0.0,0.37296974658966064,0
test_protein_3724,0.0,0.5669642686843872,1
test_protein_3725,0.0,0.6531499624252319,1
test_protein_3726,0.0,0.8687956929206848,1
test_protein_3727,0.0,0.4723826050758362,0
test_protein_3728,0.0,0.001175197190605104,0
test_protein_3729,0.0,0.000793174491263926,0
test_protein_3730,1.0,0.9121735692024231,1
test_protein_3731,1.0,0.3378927707672119,0
test_protein_3732,0.0,0.015790563076734543,0
test_protein_3733,1.0,0.5484035611152649,1
test_protein_3734,1.0,0.27244171500205994,0
test_protein_3735,1.0,0.42124998569488525,0
test_protein_3736,1.0,0.2356002777814865,0
test_protein_3737,0.0,0.0007760943844914436,0
test_protein_3738,1.0,0.05855598673224449,0
test_protein_3739,0.0,0.55717933177948,1
test_protein_3740,0.0,0.002516060834750533,0
test_protein_3741,0.0,0.2754803001880646,0
test_protein_3742,0.0,0.16748656332492828,0
test_protein_3743,0.0,0.34982094168663025,0
test_protein_3744,1.0,0.6887994408607483,1
test_protein_3745,1.0,0.44131386280059814,0
test_protein_3746,0.0,0.29295843839645386,0
test_protein_3747,0.0,0.024896899238228798,0
test_protein_3748,0.0,0.7112858891487122,1
test_protein_3749,0.0,0.04160558059811592,0
test_protein_3750,0.0,0.29260849952697754,0
test_protein_3751,0.0,0.19673582911491394,0
test_protein_3752,1.0,0.5404961705207825,1
test_protein_3753,0.0,0.045215386897325516,0
test_protein_3754,1.0,0.8895977735519409,1
test_protein_3755,1.0,0.43412870168685913,0
test_protein_3756,0.0,0.5411847233772278,1
test_protein_3757,0.0,0.19430963695049286,0
test_protein_3758,0.0,0.43472740054130554,0
test_protein_3759,0.0,0.4808697998523712,0
test_protein_3760,1.0,0.6471388339996338,1
test_protein_3761,1.0,0.430660218000412,0
test_protein_3762,0.0,0.001088169403374195,0
test_protein_3763,0.0,0.5198452472686768,1
test_protein_3764,1.0,0.4950184226036072,0
test_protein_3765,0.0,0.21453669667243958,0
test_protein_3766,1.0,0.9390543103218079,1
test_protein_3767,0.0,0.052250392735004425,0
test_protein_3768,1.0,0.29136359691619873,0
test_protein_3769,1.0,0.25465792417526245,0
test_protein_3770,0.0,0.0006198672926984727,0
test_protein_3771,0.0,0.5154914855957031,1
test_protein_3772,0.0,0.49428653717041016,0
test_protein_3773,1.0,0.23408818244934082,0
test_protein_3774,0.0,0.5234741568565369,1
test_protein_3775,0.0,0.29252514243125916,0
test_protein_3776,1.0,0.19733361899852753,0
test_protein_3777,1.0,0.8149033784866333,1
test_protein_3778,1.0,0.8413429260253906,1
test_protein_3779,1.0,0.804902195930481,1
test_protein_3780,1.0,0.4914191961288452,0
test_protein_3781,1.0,0.22116856276988983,0
test_protein_3782,1.0,0.524709939956665,1
test_protein_3783,0.0,0.3516935408115387,0
test_protein_3784,0.0,0.41171973943710327,0
test_protein_3785,1.0,0.3177791237831116,0
test_protein_3786,1.0,0.26388001441955566,0
test_protein_3787,1.0,0.4013538360595703,0
test_protein_3788,1.0,0.19060583412647247,0
test_protein_3789,1.0,0.39598140120506287,0
test_protein_3790,0.0,0.0007792309042997658,0
test_protein_3791,0.0,0.4084361493587494,0
test_protein_3792,0.0,0.0018944201292470098,0
test_protein_3793,1.0,0.5869697332382202,1
test_protein_3794,0.0,0.001456684316508472,0
test_protein_3795,1.0,0.488311231136322,0
test_protein_3796,1.0,0.4364039897918701,0
test_protein_3797,0.0,0.0016929672565311193,0
test_protein_3798,0.0,0.0006175840389914811,0
test_protein_3799,1.0,0.4743949770927429,0
test_protein_3800,0.0,0.13938936591148376,0
test_protein_3801,0.0,0.4101913273334503,0
test_protein_3802,0.0,0.130366712808609,0
test_protein_3803,0.0,0.19417352974414825,0
test_protein_3804,0.0,0.545218288898468,1
test_protein_3805,0.0,0.3077998459339142,0
test_protein_3806,1.0,0.9391372799873352,1
test_protein_3807,1.0,0.7839455604553223,1
test_protein_3808,1.0,0.6599207520484924,1
test_protein_3809,0.0,0.0970240980386734,0
test_protein_3810,1.0,0.253151535987854,0
test_protein_3811,0.0,0.514403223991394,1
test_protein_3812,0.0,0.25131848454475403,0
test_protein_3813,1.0,0.43625563383102417,0
test_protein_3814,0.0,0.003427360439673066,0
test_protein_3815,0.0,0.6413347125053406,1
test_protein_3816,1.0,0.5408971905708313,1
test_protein_3817,0.0,0.0013209267053753138,0
test_protein_3818,0.0,0.005692985374480486,0
test_protein_3819,0.0,0.07283956557512283,0
test_protein_3820,0.0,0.4884805381298065,0
test_protein_3821,1.0,0.26810240745544434,0
test_protein_3822,0.0,0.41649097204208374,0
test_protein_3823,1.0,0.1761189103126526,0
test_protein_3824,0.0,0.34539487957954407,0
test_protein_3825,0.0,0.4442901313304901,0
test_protein_3826,1.0,0.5325573682785034,1
test_protein_3827,1.0,0.4479074478149414,0
test_protein_3828,1.0,0.0006235172622837126,0
test_protein_3829,0.0,0.0003282010438852012,0
test_protein_3830,0.0,0.14873765408992767,0
test_protein_3831,0.0,0.11112069338560104,0
test_protein_3832,0.0,0.0716828778386116,0
test_protein_3833,0.0,0.05224478989839554,0
test_protein_3834,0.0,0.16247838735580444,0
test_protein_3835,1.0,0.47432637214660645,0
test_protein_3836,0.0,0.33556774258613586,0
test_protein_3837,0.0,0.2821638882160187,0
test_protein_3838,0.0,0.12897653877735138,0
test_protein_3839,1.0,0.39172905683517456,0
test_protein_3840,1.0,0.3172277808189392,0
test_protein_3841,0.0,0.0008377534104511142,0
test_protein_3842,1.0,0.29147863388061523,0
test_protein_3843,1.0,0.35008904337882996,0
test_protein_3844,0.0,0.0006404145970009267,0
test_protein_3845,0.0,0.10723211616277695,0
test_protein_3846,0.0,0.06834143400192261,0
test_protein_3847,1.0,0.006939844693988562,0
test_protein_3848,0.0,0.5163248181343079,1
test_protein_3849,1.0,0.5046466588973999,1
test_protein_3850,1.0,0.6161330938339233,1
test_protein_3851,1.0,0.5773239135742188,1
test_protein_3852,0.0,0.4145820438861847,0
test_protein_3853,0.0,0.6325448751449585,1
test_protein_3854,1.0,0.5495680570602417,1
test_protein_3855,0.0,0.6551821827888489,1
test_protein_3856,1.0,0.3923162519931793,0
test_protein_3857,1.0,0.6176408529281616,1
test_protein_3858,0.0,0.17687152326107025,0
test_protein_3859,1.0,0.4208027720451355,0
test_protein_3860,0.0,0.8450834155082703,1
test_protein_3861,0.0,0.000759642745833844,0
test_protein_3862,0.0,0.1708049476146698,0
test_protein_3863,0.0,0.022531311959028244,0
test_protein_3864,0.0,0.6717985272407532,1
test_protein_3865,1.0,0.8022491335868835,1
test_protein_3866,1.0,0.38558435440063477,0
test_protein_3867,1.0,0.5358558297157288,1
test_protein_3868,0.0,0.8307803869247437,1
test_protein_3869,0.0,0.39242926239967346,0
test_protein_3870,1.0,0.27866148948669434,0
test_protein_3871,1.0,0.3750511109828949,0
test_protein_3872,0.0,0.7179784774780273,1
test_protein_3873,0.0,0.1491551250219345,0
test_protein_3874,1.0,0.5169892311096191,1
test_protein_3875,0.0,0.0008581352885812521,0
test_protein_3876,0.0,0.10700364410877228,0
test_protein_3877,0.0,0.10604817420244217,0
test_protein_3878,1.0,0.31073611974716187,0
test_protein_3879,0.0,0.0006362973363138735,0
test_protein_3880,1.0,0.18767505884170532,0
test_protein_3881,0.0,0.31983575224876404,0
test_protein_3882,0.0,0.0005931032937951386,0
test_protein_3883,0.0,0.3574007749557495,0
test_protein_3884,0.0,0.1635165512561798,0
test_protein_3885,1.0,0.5371339321136475,1
test_protein_3886,0.0,0.3647976517677307,0
test_protein_3887,0.0,0.000663700804580003,0
test_protein_3888,0.0,0.28076985478401184,0
test_protein_3889,0.0,0.5892927050590515,1
test_protein_3890,1.0,0.3293713629245758,0
test_protein_3891,1.0,0.2254249006509781,0
test_protein_3892,1.0,0.6112252473831177,1
test_protein_3893,1.0,0.390932559967041,0
test_protein_3894,1.0,0.17826874554157257,0
test_protein_3895,1.0,0.23161259293556213,0
test_protein_3896,1.0,0.2801918685436249,0
test_protein_3897,0.0,0.009518159553408623,0
test_protein_3898,0.0,0.0006820197449997067,0
test_protein_3899,0.0,0.017929935827851295,0
test_protein_3900,1.0,0.19513314962387085,0
test_protein_3901,1.0,0.7637695074081421,1
test_protein_3902,1.0,0.4935457706451416,0
test_protein_3903,0.0,0.3498852550983429,0
test_protein_3904,0.0,0.4892094135284424,0
test_protein_3905,0.0,0.06511061638593674,0
test_protein_3906,1.0,0.12112458050251007,0
test_protein_3907,0.0,0.00047338727745227516,0
test_protein_3908,0.0,0.0004156829381827265,0
test_protein_3909,0.0,0.11593662202358246,0
test_protein_3910,0.0,0.5750960111618042,1
test_protein_3911,0.0,0.498907208442688,0
test_protein_3912,1.0,0.6238860487937927,1
test_protein_3913,0.0,0.21965472400188446,0
test_protein_3914,1.0,0.213188037276268,0
test_protein_3915,0.0,0.6610563397407532,1
test_protein_3916,1.0,0.24051107466220856,0
test_protein_3917,1.0,0.42264559864997864,0
test_protein_3918,1.0,0.3306346833705902,0
test_protein_3919,1.0,0.40571558475494385,0
test_protein_3920,0.0,0.0007006149389781058,0
test_protein_3921,0.0,0.44684848189353943,0
test_protein_3922,0.0,0.3099651634693146,0
test_protein_3923,0.0,0.3740302622318268,0
test_protein_3924,1.0,0.43079066276550293,0
test_protein_3925,0.0,0.530475914478302,1
test_protein_3926,1.0,0.347918301820755,0
test_protein_3927,1.0,0.5266823768615723,1
test_protein_3928,0.0,0.6720370054244995,1
test_protein_3929,0.0,0.7507436275482178,1
test_protein_3930,0.0,0.4070144593715668,0
test_protein_3931,0.0,0.4380147457122803,0
test_protein_3932,0.0,0.12189657241106033,0
test_protein_3933,0.0,0.005721719935536385,0
test_protein_3934,1.0,0.6585710048675537,1
test_protein_3935,1.0,0.7875040173530579,1
test_protein_3936,0.0,0.842722475528717,1
test_protein_3937,0.0,0.1729312688112259,0
test_protein_3938,1.0,0.28101545572280884,0
test_protein_3939,1.0,0.2182816118001938,0
test_protein_3940,1.0,0.21859031915664673,0
test_protein_3941,0.0,0.0009063338511623442,0
test_protein_3942,1.0,0.5781408548355103,1
test_protein_3943,0.0,0.38136038184165955,0
test_protein_3944,0.0,0.005766230169683695,0
test_protein_3945,0.0,0.04487117379903793,0
test_protein_3946,0.0,0.00046570130507461727,0
test_protein_3947,0.0,0.08604756742715836,0
test_protein_3948,0.0,0.9915464520454407,1
test_protein_3949,0.0,0.0011283165076747537,0
test_protein_3950,0.0,0.006448979489505291,0
test_protein_3951,0.0,0.5870756506919861,1
test_protein_3952,0.0,0.12824957072734833,0
test_protein_3953,0.0,0.05139319226145744,0
test_protein_3954,1.0,0.21197178959846497,0
test_protein_3955,0.0,0.11240603774785995,0
test_protein_3956,0.0,0.016499469056725502,0
test_protein_3957,0.0,0.008887611329555511,0
test_protein_3958,0.0,0.19085414707660675,0
test_protein_3959,0.0,0.21841628849506378,0
test_protein_3960,0.0,0.01737062633037567,0
test_protein_3961,1.0,0.060977064073085785,0
test_protein_3962,0.0,0.17222291231155396,0
test_protein_3963,1.0,0.2119942158460617,0
test_protein_3964,0.0,0.005570780951529741,0
test_protein_3965,1.0,0.33663928508758545,0
test_protein_3966,1.0,0.3685678541660309,0
test_protein_3967,1.0,0.9160178899765015,1
test_protein_3968,1.0,0.482182115316391,0
test_protein_3969,1.0,0.4402739405632019,0
test_protein_3970,0.0,0.1381598263978958,0
test_protein_3971,1.0,0.3304535150527954,0
test_protein_3972,1.0,0.34344902634620667,0
test_protein_3973,1.0,0.4505596458911896,0
test_protein_3974,1.0,0.4422024190425873,0
test_protein_3975,0.0,0.32421034574508667,0
test_protein_3976,0.0,0.0006453247624449432,0
test_protein_3977,0.0,0.40900078415870667,0
test_protein_3978,1.0,0.3790764808654785,0
test_protein_3979,1.0,0.42685115337371826,0
test_protein_3980,1.0,0.5085746049880981,1
test_protein_3981,1.0,0.706969678401947,1
test_protein_3982,1.0,0.4796338379383087,0
test_protein_3983,0.0,0.22491350769996643,0
test_protein_3984,1.0,0.6589624881744385,1
test_protein_3985,1.0,0.35902753472328186,0
test_protein_3986,1.0,0.17533263564109802,0
test_protein_3987,1.0,0.1988881230354309,0
test_protein_3988,0.0,0.0375976599752903,0
test_protein_3989,1.0,0.11684980243444443,0
test_protein_3990,1.0,0.47717615962028503,0
test_protein_3991,1.0,0.8859832286834717,1
test_protein_3992,1.0,0.001625423552468419,0
test_protein_3993,1.0,0.567266583442688,1
test_protein_3994,1.0,0.18561750650405884,0
test_protein_3995,1.0,0.3373017907142639,0
test_protein_3996,0.0,0.2706491947174072,0
test_protein_3997,0.0,0.4825529158115387,0
test_protein_3998,1.0,0.5864412188529968,1
test_protein_3999,0.0,0.5044469833374023,1
test_protein_4000,1.0,0.604157567024231,1
test_protein_4001,1.0,0.6702598929405212,1
test_protein_4002,0.0,0.00046323370770551264,0
test_protein_4003,0.0,0.0004003507492598146,0
test_protein_4004,1.0,0.22231388092041016,0
test_protein_4005,1.0,0.6444322466850281,1
test_protein_4006,1.0,0.4201726019382477,0
test_protein_4007,0.0,0.3428455591201782,0
test_protein_4008,1.0,0.8023810982704163,1
test_protein_4009,1.0,0.22053103148937225,0
test_protein_4010,0.0,0.4402388036251068,0
test_protein_4011,0.0,0.0014046871801838279,0
test_protein_4012,1.0,0.37333062291145325,0
test_protein_4013,1.0,0.2642674446105957,0
test_protein_4014,1.0,0.49178218841552734,0
test_protein_4015,0.0,0.465596467256546,0
test_protein_4016,1.0,0.19702808558940887,0
test_protein_4017,0.0,0.0972532406449318,0
test_protein_4018,0.0,0.038261495530605316,0
test_protein_4019,0.0,0.022252796217799187,0
test_protein_4020,0.0,0.000923146668355912,0
test_protein_4021,0.0,0.001828182372264564,0
test_protein_4022,0.0,0.0053473603911697865,0
test_protein_4023,0.0,0.0006514162523671985,0
test_protein_4024,1.0,0.3212740123271942,0
test_protein_4025,0.0,0.4481240510940552,0
test_protein_4026,1.0,0.5250151753425598,1
test_protein_4027,1.0,0.2069515436887741,0
test_protein_4028,1.0,0.7348229885101318,1
test_protein_4029,1.0,0.5698172450065613,1
test_protein_4030,0.0,0.00032059336081147194,0
test_protein_4031,1.0,0.556007444858551,1
test_protein_4032,0.0,0.5571486949920654,1
test_protein_4033,0.0,0.09009772539138794,0
test_protein_4034,0.0,0.1427319198846817,0
test_protein_4035,1.0,0.5480378270149231,1
test_protein_4036,1.0,0.3445844054222107,0
test_protein_4037,0.0,0.3298483192920685,0
test_protein_4038,1.0,0.4282075762748718,0
test_protein_4039,1.0,0.6336421966552734,1
test_protein_4040,1.0,0.33069995045661926,0
test_protein_4041,1.0,0.653184175491333,1
test_protein_4042,1.0,0.34615129232406616,0
test_protein_4043,0.0,0.6507065296173096,1
test_protein_4044,0.0,0.1395629346370697,0
test_protein_4045,0.0,0.020527832210063934,0
test_protein_4046,0.0,0.6819847822189331,1
test_protein_4047,0.0,0.15032370388507843,0
test_protein_4048,0.0,0.5232737064361572,1
test_protein_4049,1.0,0.18421947956085205,0
test_protein_4050,1.0,0.6381385326385498,1
test_protein_4051,0.0,0.6443300843238831,1
test_protein_4052,0.0,0.11583004146814346,0
test_protein_4053,0.0,0.65208500623703,1
test_protein_4054,0.0,0.03352908417582512,0
test_protein_4055,1.0,0.4351784586906433,0
test_protein_4056,0.0,0.3692581057548523,0
test_protein_4057,0.0,0.08221691101789474,0
test_protein_4058,0.0,0.2556067109107971,0
test_protein_4059,0.0,0.47238194942474365,0
test_protein_4060,0.0,0.4399312734603882,0
test_protein_4061,1.0,0.5671178102493286,1
test_protein_4062,0.0,0.0531376451253891,0
test_protein_4063,1.0,0.3848888576030731,0
test_protein_4064,1.0,0.34391090273857117,0
test_protein_4065,1.0,0.2654538154602051,0
test_protein_4066,1.0,0.6266001462936401,1
test_protein_4067,1.0,0.3332311809062958,0
test_protein_4068,1.0,0.31942978501319885,0
test_protein_4069,1.0,0.35910144448280334,0
test_protein_4070,0.0,0.5399770736694336,1
test_protein_4071,1.0,0.699202835559845,1
test_protein_4072,1.0,0.11190254986286163,0
test_protein_4073,0.0,0.10638371855020523,0
test_protein_4074,0.0,0.25071781873703003,0
test_protein_4075,0.0,0.04948117211461067,0
test_protein_4076,0.0,0.3176734745502472,0
test_protein_4077,0.0,0.719066321849823,1
test_protein_4078,0.0,0.24558241665363312,0
test_protein_4079,1.0,0.2706190347671509,0
test_protein_4080,1.0,0.37576502561569214,0
test_protein_4081,0.0,0.0006699366495013237,0
test_protein_4082,1.0,0.38707494735717773,0
test_protein_4083,1.0,0.2641564607620239,0
test_protein_4084,1.0,0.5196658372879028,1
test_protein_4085,1.0,0.4689391255378723,0
test_protein_4086,0.0,0.3873988091945648,0
test_protein_4087,1.0,0.22884969413280487,0
test_protein_4088,1.0,0.1489787995815277,0
test_protein_4089,1.0,0.5173395276069641,1
test_protein_4090,0.0,0.0005191645468585193,0
test_protein_4091,1.0,0.08742731809616089,0
test_protein_4092,1.0,0.14356796443462372,0
test_protein_4093,1.0,0.43641507625579834,0
test_protein_4094,1.0,0.1969679892063141,0
test_protein_4095,1.0,0.7143231630325317,1
test_protein_4096,1.0,0.6142366528511047,1
test_protein_4097,1.0,0.8316296935081482,1
test_protein_4098,1.0,0.5219482183456421,1
test_protein_4099,1.0,0.275973379611969,0
test_protein_4100,0.0,0.591575026512146,1
test_protein_4101,1.0,0.37772610783576965,0
test_protein_4102,1.0,0.1361859142780304,0
test_protein_4103,1.0,0.0035539085511118174,0
test_protein_4104,0.0,0.005927176680415869,0
test_protein_4105,0.0,0.2553195655345917,0
test_protein_4106,0.0,0.0008086228044703603,0
test_protein_4107,1.0,0.0022882726043462753,0
test_protein_4108,0.0,0.001658062799833715,0
test_protein_4109,0.0,0.6593431830406189,1
test_protein_4110,0.0,0.6177217960357666,1
test_protein_4111,0.0,0.21551485359668732,0
test_protein_4112,1.0,0.6068194508552551,1
test_protein_4113,0.0,0.6232832074165344,1
test_protein_4114,0.0,0.8099974989891052,1
test_protein_4115,0.0,0.47861579060554504,0
test_protein_4116,1.0,0.6719703078269958,1
test_protein_4117,1.0,0.41636157035827637,0
test_protein_4118,1.0,0.26425668597221375,0
test_protein_4119,0.0,0.41648197174072266,0
test_protein_4120,0.0,0.3059826195240021,0
test_protein_4121,0.0,0.4535265266895294,0
test_protein_4122,0.0,0.35412827134132385,0
test_protein_4123,0.0,0.4933760166168213,0
test_protein_4124,1.0,0.5601162314414978,1
test_protein_4125,1.0,0.04369598999619484,0
test_protein_4126,0.0,0.21368499100208282,0
test_protein_4127,1.0,0.19380657374858856,0
test_protein_4128,0.0,0.0009964790660887957,0
test_protein_4129,0.0,0.05645347386598587,0
test_protein_4130,0.0,0.004909201059490442,0
test_protein_4131,1.0,0.18476974964141846,0
test_protein_4132,1.0,0.4922697842121124,0
test_protein_4133,1.0,0.7776854038238525,1
test_protein_4134,0.0,0.43268299102783203,0
test_protein_4135,1.0,0.6293745636940002,1
test_protein_4136,0.0,0.2678249776363373,0
test_protein_4137,1.0,0.4764274060726166,0
test_protein_4138,0.0,0.00046869070501998067,0
test_protein_4139,1.0,0.6072096228599548,1
test_protein_4140,1.0,0.6926724314689636,1
test_protein_4141,0.0,0.1869056671857834,0
test_protein_4142,1.0,0.044792722910642624,0
test_protein_4143,1.0,0.36824196577072144,0
test_protein_4144,1.0,0.35892295837402344,0
test_protein_4145,0.0,0.41366881132125854,0
test_protein_4146,1.0,0.2885322570800781,0
test_protein_4147,1.0,0.21823450922966003,0
test_protein_4148,1.0,0.8876697421073914,1
test_protein_4149,1.0,0.3559202253818512,0
test_protein_4150,1.0,0.5968045592308044,1
test_protein_4151,1.0,0.8085092306137085,1
test_protein_4152,1.0,0.6538280248641968,1
test_protein_4153,0.0,0.0006337853264994919,0
test_protein_4154,0.0,0.012866842560470104,0
test_protein_4155,1.0,0.8343355059623718,1
test_protein_4156,0.0,0.5239956974983215,1
test_protein_4157,1.0,0.1600532978773117,0
test_protein_4158,1.0,0.38435348868370056,0
test_protein_4159,0.0,0.5958442091941833,1
test_protein_4160,1.0,0.22042997181415558,0
test_protein_4161,1.0,0.5171805024147034,1
test_protein_4162,1.0,0.5724883079528809,1
test_protein_4163,0.0,0.4399350583553314,0
test_protein_4164,1.0,0.44129103422164917,0
test_protein_4165,1.0,0.3659683167934418,0
test_protein_4166,1.0,0.3259158134460449,0
test_protein_4167,1.0,0.2389986515045166,0
test_protein_4168,0.0,0.1066596657037735,0
test_protein_4169,1.0,0.18492811918258667,0
test_protein_4170,0.0,0.13790208101272583,0
test_protein_4171,0.0,0.6442217826843262,1
test_protein_4172,1.0,0.4139406383037567,0
test_protein_4173,1.0,0.19475188851356506,0
test_protein_4174,0.0,0.24250172078609467,0
test_protein_4175,0.0,0.33122512698173523,0
test_protein_4176,1.0,0.25135231018066406,0
test_protein_4177,0.0,0.26266002655029297,0
test_protein_4178,0.0,0.13518403470516205,0
test_protein_4179,1.0,0.6189278960227966,1
test_protein_4180,1.0,0.7884039878845215,1
test_protein_4181,0.0,0.10584484785795212,0
test_protein_4182,0.0,0.29874086380004883,0
test_protein_4183,1.0,0.18398968875408173,0
test_protein_4184,0.0,0.364347904920578,0
test_protein_4185,0.0,0.6609997749328613,1
test_protein_4186,0.0,0.4536592662334442,0
test_protein_4187,1.0,0.6268917918205261,1
test_protein_4188,0.0,0.6382442712783813,1
test_protein_4189,0.0,0.3255349397659302,0
test_protein_4190,0.0,0.416275292634964,0
test_protein_4191,1.0,0.12724146246910095,0
test_protein_4192,0.0,0.13133767247200012,0
test_protein_4193,0.0,0.15452978014945984,0
test_protein_4194,1.0,0.40599119663238525,0
test_protein_4195,1.0,0.35750970244407654,0
test_protein_4196,0.0,0.04987308010458946,0
test_protein_4197,0.0,0.07791373878717422,0
test_protein_4198,0.0,0.37613627314567566,0
test_protein_4199,1.0,0.4049593508243561,0
test_protein_4200,1.0,0.10361865162849426,0
test_protein_4201,1.0,0.40080806612968445,0
test_protein_4202,1.0,0.11547022312879562,0
test_protein_4203,1.0,0.10564696043729782,0
test_protein_4204,1.0,0.4951370656490326,0
test_protein_4205,1.0,0.4507720470428467,0
test_protein_4206,0.0,0.07193378359079361,0
test_protein_4207,1.0,0.9655513763427734,1
test_protein_4208,0.0,0.5993587970733643,1
test_protein_4209,0.0,0.001855947426520288,0
test_protein_4210,0.0,0.008829617872834206,0
test_protein_4211,0.0,0.03321453928947449,0
test_protein_4212,0.0,0.004039268475025892,0
test_protein_4213,1.0,0.2299746870994568,0
test_protein_4214,0.0,0.6379671096801758,1
test_protein_4215,1.0,0.2931775748729706,0
test_protein_4216,1.0,0.10066063702106476,0
test_protein_4217,1.0,0.7676582932472229,1
test_protein_4218,1.0,0.794865071773529,1
test_protein_4219,0.0,0.2057648003101349,0
test_protein_4220,0.0,0.4258784055709839,0
test_protein_4221,1.0,0.41887813806533813,0
test_protein_4222,0.0,0.025710895657539368,0
test_protein_4223,0.0,0.5663436651229858,1
test_protein_4224,1.0,0.4069229066371918,0
test_protein_4225,1.0,0.37601178884506226,0
test_protein_4226,0.0,0.646414577960968,1
test_protein_4227,1.0,0.49978509545326233,0
test_protein_4228,1.0,0.39073508977890015,0
test_protein_4229,0.0,0.0011611887020990252,0
test_protein_4230,0.0,0.2499927282333374,0
test_protein_4231,1.0,0.04054828733205795,0
test_protein_4232,0.0,0.12502659857273102,0
test_protein_4233,0.0,0.17237448692321777,0
test_protein_4234,0.0,0.3041500747203827,0
test_protein_4235,1.0,0.23839573562145233,0
test_protein_4236,1.0,0.27145102620124817,0
test_protein_4237,0.0,0.12772011756896973,0
test_protein_4238,0.0,0.2285047322511673,0
test_protein_4239,0.0,0.0023678927682340145,0
test_protein_4240,1.0,0.25816768407821655,0
test_protein_4241,1.0,0.21212583780288696,0
test_protein_4242,0.0,0.0018476686673238873,0
test_protein_4243,0.0,0.10162445902824402,0
test_protein_4244,0.0,0.0016527583356946707,0
test_protein_4245,1.0,0.20116905868053436,0
test_protein_4246,1.0,0.28253233432769775,0
test_protein_4247,0.0,0.7255411148071289,1
test_protein_4248,0.0,0.2355552315711975,0
test_protein_4249,0.0,0.05613196641206741,0
test_protein_4250,0.0,0.018939396366477013,0
test_protein_4251,0.0,0.03081192448735237,0
test_protein_4252,0.0,0.48386305570602417,0
test_protein_4253,0.0,0.0007097458001226187,0
test_protein_4254,1.0,0.4315352141857147,0
test_protein_4255,1.0,0.7964027523994446,1
test_protein_4256,0.0,0.5624768733978271,1
test_protein_4257,1.0,0.7320531606674194,1
test_protein_4258,0.0,0.6205157041549683,1
test_protein_4259,0.0,0.465952068567276,0
test_protein_4260,0.0,0.6869014501571655,1
test_protein_4261,0.0,0.001586941652931273,0
test_protein_4262,1.0,0.4987500011920929,0
test_protein_4263,0.0,0.12263312190771103,0
test_protein_4264,1.0,0.49943119287490845,0
test_protein_4265,0.0,0.25637829303741455,0
test_protein_4266,0.0,0.10939424484968185,0
test_protein_4267,0.0,0.19853584468364716,0
test_protein_4268,0.0,0.027598006650805473,0
test_protein_4269,0.0,0.0009656514739617705,0
test_protein_4270,0.0,0.26777184009552,0
test_protein_4271,0.0,0.04690217971801758,0
test_protein_4272,1.0,0.449899822473526,0
test_protein_4273,0.0,0.0019952680449932814,0
test_protein_4274,0.0,0.04016878828406334,0
test_protein_4275,0.0,0.0007063678349368274,0
test_protein_4276,1.0,0.4841821491718292,0
test_protein_4277,1.0,0.533327579498291,1
test_protein_4278,0.0,0.6092983484268188,1
test_protein_4279,1.0,0.2717253863811493,0
test_protein_4280,0.0,0.0016395130660384893,0
test_protein_4281,0.0,0.0010856339940801263,0
test_protein_4282,1.0,0.11810930073261261,0
test_protein_4283,0.0,0.0010994289768859744,0
test_protein_4284,0.0,0.8416159152984619,1
test_protein_4285,0.0,0.18458347022533417,0
test_protein_4286,0.0,0.0009777420200407505,0
test_protein_4287,1.0,0.15625756978988647,0
test_protein_4288,0.0,0.2332843393087387,0
test_protein_4289,0.0,0.4283601641654968,0
test_protein_4290,0.0,0.49571463465690613,0
test_protein_4291,0.0,0.07615065574645996,0
test_protein_4292,1.0,0.7206168174743652,1
test_protein_4293,0.0,0.16977167129516602,0
test_protein_4294,1.0,0.2735656201839447,0
test_protein_4295,0.0,0.24165202677249908,0
test_protein_4296,1.0,0.32690873742103577,0
test_protein_4297,1.0,0.6255650520324707,1
test_protein_4298,0.0,0.07988625019788742,0
test_protein_4299,0.0,0.20940065383911133,0
test_protein_4300,0.0,0.3173739016056061,0
test_protein_4301,1.0,0.6580608487129211,1
test_protein_4302,0.0,0.5985563397407532,1
test_protein_4303,0.0,0.3216000497341156,0
test_protein_4304,0.0,0.28955888748168945,0
test_protein_4305,1.0,0.2616696357727051,0
test_protein_4306,1.0,0.42759838700294495,0
test_protein_4307,1.0,0.34203633666038513,0
test_protein_4308,1.0,0.9064201712608337,1
test_protein_4309,0.0,0.00414241012185812,0
test_protein_4310,1.0,0.4825113117694855,0
test_protein_4311,0.0,0.12106692045927048,0
test_protein_4312,0.0,0.03291183337569237,0
test_protein_4313,0.0,0.02228357642889023,0
test_protein_4314,1.0,0.25508707761764526,0
test_protein_4315,0.0,0.4772574305534363,0
test_protein_4316,0.0,0.05030445381999016,0
test_protein_4317,1.0,0.5162104964256287,1
test_protein_4318,1.0,0.5694177746772766,1
test_protein_4319,1.0,0.47239601612091064,0
test_protein_4320,1.0,0.4888053238391876,0
test_protein_4321,1.0,0.13328255712985992,0
test_protein_4322,0.0,0.0010686686728149652,0
test_protein_4323,1.0,0.31374046206474304,0
test_protein_4324,1.0,0.10824012756347656,0
test_protein_4325,1.0,0.20307675004005432,0
test_protein_4326,0.0,0.008912807330489159,0
test_protein_4327,1.0,0.5941319465637207,1
test_protein_4328,0.0,0.20114925503730774,0
test_protein_4329,1.0,0.31753283739089966,0
test_protein_4330,0.0,0.008830360136926174,0
test_protein_4331,0.0,0.0069130538031458855,0
test_protein_4332,1.0,0.3376229703426361,0
test_protein_4333,0.0,0.5875719785690308,1
test_protein_4334,0.0,0.002332185162231326,0
test_protein_4335,1.0,0.18632112443447113,0
test_protein_4336,1.0,0.614161491394043,1
test_protein_4337,0.0,0.004689941648393869,0
test_protein_4338,0.0,0.0024518496356904507,0
test_protein_4339,1.0,0.6645793914794922,1
test_protein_4340,1.0,0.6036105155944824,1
test_protein_4341,1.0,0.26529568433761597,0
test_protein_4342,1.0,0.6406455636024475,1
test_protein_4343,1.0,0.2823035418987274,0
test_protein_4344,0.0,0.27424636483192444,0
test_protein_4345,1.0,0.2915000915527344,0
test_protein_4346,1.0,0.4540913701057434,0
test_protein_4347,0.0,0.6680029034614563,1
test_protein_4348,0.0,0.0049386643804609776,0
test_protein_4349,0.0,0.09517665207386017,0
test_protein_4350,0.0,0.5197818279266357,1
test_protein_4351,1.0,0.6242187023162842,1
test_protein_4352,1.0,0.3755359947681427,0
test_protein_4353,0.0,0.012879501096904278,0
test_protein_4354,1.0,0.5416609048843384,1
test_protein_4355,0.0,0.18472015857696533,0
test_protein_4356,0.0,0.03188876807689667,0
test_protein_4357,0.0,0.0009683591779321432,0
test_protein_4358,0.0,0.6668818593025208,1
test_protein_4359,0.0,0.40319588780403137,0
test_protein_4360,1.0,0.35959070920944214,0
test_protein_4361,1.0,0.6748342514038086,1
test_protein_4362,1.0,0.6060189604759216,1
test_protein_4363,0.0,0.002357007469981909,0
test_protein_4364,1.0,0.3665190637111664,0
test_protein_4365,0.0,0.2952364683151245,0
test_protein_4366,1.0,0.7350279688835144,1
test_protein_4367,1.0,0.4074655771255493,0
test_protein_4368,0.0,0.39743852615356445,0
test_protein_4369,0.0,0.43354877829551697,0
test_protein_4370,0.0,0.009312238544225693,0
test_protein_4371,0.0,0.003514067269861698,0
test_protein_4372,1.0,0.5892478227615356,1
test_protein_4373,0.0,0.6805322766304016,1
test_protein_4374,1.0,0.39515337347984314,0
test_protein_4375,1.0,0.45925772190093994,0
test_protein_4376,0.0,0.11240332573652267,0
test_protein_4377,1.0,0.4018344283103943,0
test_protein_4378,1.0,0.13175533711910248,0
test_protein_4379,1.0,0.13283641636371613,0
test_protein_4380,0.0,0.2579602003097534,0
test_protein_4381,1.0,0.42641207575798035,0
test_protein_4382,0.0,0.4512886106967926,0
test_protein_4383,1.0,0.2949926555156708,0
test_protein_4384,1.0,0.27010294795036316,0
test_protein_4385,0.0,0.6441907286643982,1
test_protein_4386,0.0,0.5619853734970093,1
test_protein_4387,0.0,0.09693530946969986,0
test_protein_4388,0.0,0.0013033454306423664,0
test_protein_4389,1.0,0.7448028922080994,1
test_protein_4390,1.0,0.22994855046272278,0
test_protein_4391,0.0,0.27149349451065063,0
test_protein_4392,0.0,0.1166524589061737,0
test_protein_4393,0.0,0.2962113618850708,0
test_protein_4394,1.0,0.1627313196659088,0
test_protein_4395,1.0,0.0004927710397168994,0
test_protein_4396,1.0,0.5176401138305664,1
test_protein_4397,1.0,0.2319781482219696,0
test_protein_4398,1.0,0.6181809306144714,1
test_protein_4399,1.0,0.3573012948036194,0
test_protein_4400,0.0,0.1618298441171646,0
test_protein_4401,0.0,0.014084634371101856,0
test_protein_4402,0.0,0.008163564838469028,0
test_protein_4403,0.0,0.011314255185425282,0
test_protein_4404,0.0,0.008664682507514954,0
test_protein_4405,0.0,0.009388628415763378,0
test_protein_4406,1.0,0.4335883557796478,0
test_protein_4407,0.0,0.0077599408105015755,0
test_protein_4408,0.0,0.004994038958102465,0
test_protein_4409,1.0,0.4272281229496002,0
test_protein_4410,0.0,0.2874017357826233,0
test_protein_4411,0.0,0.17719019949436188,0
test_protein_4412,1.0,0.3612854778766632,0
test_protein_4413,1.0,0.8582512736320496,1
test_protein_4414,1.0,0.17647218704223633,0
test_protein_4415,0.0,0.2110610455274582,0
test_protein_4416,0.0,0.7867828011512756,1
test_protein_4417,0.0,0.22945408523082733,0
test_protein_4418,1.0,0.4667663872241974,0
test_protein_4419,1.0,0.3174082934856415,0
test_protein_4420,0.0,0.2211618721485138,0
test_protein_4421,1.0,0.09366857260465622,0
test_protein_4422,1.0,0.4498485326766968,0
test_protein_4423,0.0,0.201947420835495,0
test_protein_4424,1.0,0.05084012821316719,0
test_protein_4425,0.0,0.37935084104537964,0
test_protein_4426,0.0,0.48843857645988464,0
test_protein_4427,1.0,0.296019583940506,0
test_protein_4428,0.0,0.29299870133399963,0
test_protein_4429,1.0,0.09346922487020493,0
test_protein_4430,1.0,0.6537834405899048,1
test_protein_4431,0.0,0.8235580325126648,1
test_protein_4432,1.0,0.8648527264595032,1
test_protein_4433,0.0,0.01464075781404972,0
test_protein_4434,1.0,0.3737354576587677,0
test_protein_4435,0.0,0.5819871425628662,1
test_protein_4436,0.0,0.062446944415569305,0
test_protein_4437,0.0,0.45691806077957153,0
test_protein_4438,1.0,0.2466929703950882,0
test_protein_4439,0.0,0.20794810354709625,0
test_protein_4440,0.0,0.47809866070747375,0
test_protein_4441,1.0,0.31413504481315613,0
test_protein_4442,1.0,0.37521636486053467,0
test_protein_4443,1.0,0.5290084481239319,1
test_protein_4444,0.0,0.7045326828956604,1
test_protein_4445,1.0,0.3807266354560852,0
test_protein_4446,0.0,0.45045921206474304,0
test_protein_4447,1.0,0.5412160754203796,1
test_protein_4448,1.0,0.4143589437007904,0
test_protein_4449,1.0,0.322282999753952,0
test_protein_4450,0.0,0.06927818804979324,0
test_protein_4451,0.0,0.4873516261577606,0
test_protein_4452,1.0,0.6532145738601685,1
test_protein_4453,1.0,0.47379109263420105,0
test_protein_4454,1.0,0.5594207644462585,1
test_protein_4455,0.0,0.0012615943560376763,0
test_protein_4456,0.0,0.0008043752750381827,0
test_protein_4457,0.0,0.5458822250366211,1
test_protein_4458,1.0,0.2483915537595749,0
test_protein_4459,0.0,0.03390064090490341,0
test_protein_4460,0.0,0.19613607227802277,0
test_protein_4461,0.0,0.188786581158638,0
test_protein_4462,0.0,0.4333623945713043,0
test_protein_4463,0.0,0.515449583530426,1
test_protein_4464,0.0,0.11183550953865051,0
test_protein_4465,0.0,0.07820946723222733,0
test_protein_4466,0.0,0.3273252248764038,0
test_protein_4467,0.0,0.21098998188972473,0
test_protein_4468,1.0,0.5292273163795471,1
test_protein_4469,0.0,0.011206939816474915,0
test_protein_4470,0.0,0.04088041931390762,0
test_protein_4471,1.0,0.26102399826049805,0
test_protein_4472,0.0,0.000950647983700037,0
test_protein_4473,0.0,0.0030330040026456118,0
test_protein_4474,1.0,0.5520340800285339,1
test_protein_4475,0.0,0.4418519139289856,0
test_protein_4476,0.0,0.5330862998962402,1
test_protein_4477,1.0,0.541322648525238,1
test_protein_4478,0.0,0.00523230480030179,0
test_protein_4479,0.0,0.018993951380252838,0
test_protein_4480,0.0,0.01266985759139061,0
test_protein_4481,0.0,0.05125059559941292,0
test_protein_4482,0.0,0.6735774278640747,1
test_protein_4483,1.0,0.2571193277835846,0
test_protein_4484,1.0,0.5474953055381775,1
test_protein_4485,1.0,0.0798376053571701,0
test_protein_4486,1.0,0.4348545968532562,0
test_protein_4487,1.0,0.13162334263324738,0
test_protein_4488,0.0,0.11764977872371674,0
test_protein_4489,0.0,0.46032407879829407,0
test_protein_4490,1.0,0.5270353555679321,1
test_protein_4491,0.0,0.0017096421215683222,0
test_protein_4492,0.0,0.04277106374502182,0
test_protein_4493,0.0,0.18652421236038208,0
test_protein_4494,0.0,0.08834834396839142,0
test_protein_4495,0.0,0.13860030472278595,0
test_protein_4496,1.0,0.36057522892951965,0
test_protein_4497,1.0,0.7344515323638916,1
test_protein_4498,0.0,0.2154110074043274,0
test_protein_4499,1.0,0.2892104387283325,0
test_protein_4500,0.0,0.4986244738101959,0
test_protein_4501,1.0,0.03608274832367897,0
test_protein_4502,1.0,0.5858743190765381,1
test_protein_4503,1.0,0.6404116153717041,1
test_protein_4504,1.0,0.07597783952951431,0
test_protein_4505,1.0,0.31853196024894714,0
test_protein_4506,1.0,0.40706929564476013,0
test_protein_4507,1.0,0.1229281798005104,0
test_protein_4508,1.0,0.31308239698410034,0
test_protein_4509,1.0,0.24225173890590668,0
test_protein_4510,0.0,0.37357601523399353,0
test_protein_4511,1.0,0.16988970339298248,0
test_protein_4512,0.0,0.0010016150772571564,0
test_protein_4513,1.0,0.5499414801597595,1
test_protein_4514,0.0,0.6815562844276428,1
test_protein_4515,0.0,0.528266191482544,1
test_protein_4516,0.0,0.14109458029270172,0
test_protein_4517,0.0,0.0007288948982022703,0
test_protein_4518,0.0,0.4589620530605316,0
test_protein_4519,1.0,0.337357759475708,0
test_protein_4520,1.0,0.22618059813976288,0
test_protein_4521,0.0,0.28940361738204956,0
test_protein_4522,0.0,0.0037682573311030865,0
test_protein_4523,1.0,0.3285486400127411,0
test_protein_4524,1.0,0.5462328195571899,1
test_protein_4525,1.0,0.1675885021686554,0
test_protein_4526,0.0,0.19399945437908173,0
test_protein_4527,1.0,0.514137864112854,1
test_protein_4528,1.0,0.4567347466945648,0
test_protein_4529,1.0,0.30538544058799744,0
test_protein_4530,0.0,0.2986651659011841,0
test_protein_4531,1.0,0.6257661581039429,1
test_protein_4532,1.0,0.2957916557788849,0
test_protein_4533,1.0,0.37408432364463806,0
test_protein_4534,0.0,0.06044299155473709,0
test_protein_4535,0.0,0.38217875361442566,0
test_protein_4536,1.0,0.49033188819885254,0
test_protein_4537,1.0,0.4862648844718933,0
test_protein_4538,0.0,0.4985061287879944,0
test_protein_4539,0.0,0.2345248907804489,0
test_protein_4540,1.0,0.6992799043655396,1
test_protein_4541,1.0,0.4862098693847656,0
test_protein_4542,1.0,0.5739468336105347,1
test_protein_4543,1.0,0.25911664962768555,0
test_protein_4544,0.0,0.0020899611990898848,0
test_protein_4545,1.0,0.42841607332229614,0
test_protein_4546,1.0,0.5314528346061707,1
test_protein_4547,1.0,0.7508704662322998,1
test_protein_4548,0.0,0.1527552604675293,0
test_protein_4549,0.0,0.19714996218681335,0
test_protein_4550,0.0,0.005832579452544451,0
test_protein_4551,1.0,0.3901523947715759,0
test_protein_4552,0.0,0.000446321937488392,0
test_protein_4553,1.0,0.09814084321260452,0
test_protein_4554,1.0,0.687650203704834,1
test_protein_4555,1.0,0.5069097876548767,1
test_protein_4556,0.0,0.002091097179800272,0
test_protein_4557,1.0,0.45573699474334717,0
test_protein_4558,1.0,0.518565833568573,1
test_protein_4559,0.0,0.1783611923456192,0
test_protein_4560,0.0,0.24797068536281586,0
test_protein_4561,0.0,0.2824440598487854,0
test_protein_4562,0.0,0.25053179264068604,0
test_protein_4563,1.0,0.2631196677684784,0
test_protein_4564,1.0,0.19238777458667755,0
test_protein_4565,1.0,0.1760055273771286,0
test_protein_4566,0.0,0.20618969202041626,0
test_protein_4567,0.0,0.24041780829429626,0
test_protein_4568,0.0,0.2716488838195801,0
test_protein_4569,0.0,0.42354342341423035,0
test_protein_4570,0.0,0.2315155416727066,0
test_protein_4571,1.0,0.4285874664783478,0
test_protein_4572,1.0,0.5622438788414001,1
test_protein_4573,1.0,0.08900689333677292,0
test_protein_4574,1.0,0.5904215574264526,1
test_protein_4575,1.0,0.040900953114032745,0
test_protein_4576,0.0,0.3681333065032959,0
test_protein_4577,1.0,0.14766789972782135,0
test_protein_4578,1.0,0.042104292660951614,0
test_protein_4579,1.0,0.15178337693214417,0
test_protein_4580,0.0,0.004244215786457062,0
test_protein_4581,1.0,0.8904088139533997,1
test_protein_4582,0.0,0.354266494512558,0
test_protein_4583,1.0,0.5155147314071655,1
test_protein_4584,1.0,0.744750440120697,1
test_protein_4585,1.0,0.5571960210800171,1
test_protein_4586,1.0,0.12525729835033417,0
test_protein_4587,0.0,0.1274353712797165,0
test_protein_4588,1.0,0.36618033051490784,0
test_protein_4589,1.0,0.566292941570282,1
test_protein_4590,1.0,0.9279555678367615,1
test_protein_4591,1.0,0.5867447257041931,1
test_protein_4592,1.0,0.6252461671829224,1
test_protein_4593,1.0,0.8102560639381409,1
test_protein_4594,1.0,0.8143444657325745,1
test_protein_4595,1.0,0.9225167632102966,1
test_protein_4596,1.0,0.9921947717666626,1
test_protein_4597,1.0,0.9386070370674133,1
test_protein_4598,1.0,0.7521693706512451,1
test_protein_4599,1.0,0.8408817648887634,1
test_protein_4600,1.0,0.9899335503578186,1
test_protein_4601,1.0,0.8387885093688965,1
test_protein_4602,1.0,0.9947072267532349,1
test_protein_4603,1.0,0.8930798768997192,1
test_protein_4604,1.0,0.9805192351341248,1
test_protein_4605,1.0,0.8264250159263611,1
test_protein_4606,1.0,0.9964559674263,1
test_protein_4607,1.0,0.8405541777610779,1
test_protein_4608,1.0,0.43172186613082886,0
test_protein_4609,1.0,0.39606261253356934,0
test_protein_4610,1.0,0.26575222611427307,0
test_protein_4611,1.0,0.39271023869514465,0
test_protein_4612,1.0,0.4982669949531555,0
test_protein_4613,1.0,0.33971869945526123,0
test_protein_4614,1.0,0.5064945816993713,1
test_protein_4615,1.0,0.5111491084098816,1
test_protein_4616,1.0,0.1931774765253067,0
test_protein_4617,1.0,0.3460429906845093,0
test_protein_4618,1.0,0.5259988903999329,1
test_protein_4619,1.0,0.9076306819915771,1
test_protein_4620,1.0,0.7882681488990784,1
test_protein_4621,1.0,0.9907914400100708,1
test_protein_4622,1.0,0.8045540452003479,1
test_protein_4623,1.0,0.8228651285171509,1
test_protein_4624,1.0,0.8976930975914001,1
test_protein_4625,1.0,0.29295796155929565,0
test_protein_4626,1.0,0.7615175843238831,1
test_protein_4627,1.0,0.6240770816802979,1
test_protein_4628,1.0,0.9603539109230042,1
test_protein_4629,1.0,0.38869690895080566,0
test_protein_4630,0.0,0.19345436990261078,0
test_protein_4631,0.0,0.0008012822363525629,0
test_protein_4632,0.0,0.47002270817756653,0
test_protein_4633,1.0,0.3000524044036865,0
test_protein_4634,0.0,0.025884708389639854,0
test_protein_4635,1.0,0.12985101342201233,0
test_protein_4636,1.0,0.48479390144348145,0
test_protein_4637,1.0,0.3277124762535095,0
test_protein_4638,0.0,0.2509118318557739,0
test_protein_4639,0.0,0.0008448021253570914,0
test_protein_4640,0.0,0.38392767310142517,0
test_protein_4641,0.0,0.3363656997680664,0
test_protein_4642,1.0,0.0012792173074558377,0
test_protein_4643,1.0,0.6293080449104309,1
test_protein_4644,1.0,0.2863716185092926,0
test_protein_4645,0.0,0.3705229163169861,0
test_protein_4646,0.0,0.0008825882687233388,0
test_protein_4647,0.0,0.0006869244971312582,0
test_protein_4648,0.0,0.0005607235943898559,0
test_protein_4649,0.0,0.06240781024098396,0
test_protein_4650,0.0,0.07171657681465149,0
test_protein_4651,0.0,0.4421725273132324,0
test_protein_4652,0.0,0.46085551381111145,0
test_protein_4653,1.0,0.3150636851787567,0
test_protein_4654,1.0,0.4203639030456543,0
test_protein_4655,1.0,0.10636237263679504,0
test_protein_4656,1.0,0.09463779628276825,0
test_protein_4657,0.0,0.43095362186431885,0
test_protein_4658,1.0,0.7767263650894165,1
test_protein_4659,0.0,0.0003286221472080797,0
test_protein_4660,0.0,0.5231784582138062,1
test_protein_4661,0.0,0.5797176957130432,1
test_protein_4662,0.0,0.5244919657707214,1
test_protein_4663,1.0,0.38923072814941406,0
test_protein_4664,0.0,0.1976809799671173,0
test_protein_4665,0.0,0.19249895215034485,0
test_protein_4666,0.0,0.3236357569694519,0
test_protein_4667,0.0,0.28992944955825806,0
test_protein_4668,0.0,0.5771770477294922,1
test_protein_4669,0.0,0.4544379711151123,0
test_protein_4670,0.0,0.4055550694465637,0
test_protein_4671,0.0,0.5061821341514587,1
test_protein_4672,0.0,0.0008484929567202926,0
test_protein_4673,0.0,0.0007463962538167834,0
test_protein_4674,1.0,0.17040929198265076,0
test_protein_4675,0.0,0.22065946459770203,0
test_protein_4676,1.0,0.6681536436080933,1
test_protein_4677,1.0,0.601449728012085,1
test_protein_4678,1.0,0.41853198409080505,0
test_protein_4679,1.0,0.7946999073028564,1
test_protein_4680,0.0,0.00294454931281507,0
test_protein_4681,1.0,0.23814889788627625,0
test_protein_4682,1.0,0.07776310294866562,0
test_protein_4683,0.0,0.5348948240280151,1
test_protein_4684,0.0,0.4691613018512726,0
test_protein_4685,0.0,0.5307748913764954,1
test_protein_4686,0.0,0.06682165712118149,0
test_protein_4687,0.0,0.016492241993546486,0
test_protein_4688,0.0,0.0010386992944404483,0
test_protein_4689,1.0,0.506201446056366,1
test_protein_4690,0.0,0.01424972154200077,0
test_protein_4691,1.0,0.0799986943602562,0
test_protein_4692,1.0,0.6100888252258301,1
test_protein_4693,0.0,0.4887963831424713,0
test_protein_4694,0.0,0.00048345763934776187,0
test_protein_4695,1.0,0.44413885474205017,0
test_protein_4696,0.0,0.045734137296676636,0
test_protein_4697,0.0,0.0007336769485846162,0
test_protein_4698,0.0,0.9464775919914246,1
test_protein_4699,0.0,0.07644319534301758,0
test_protein_4700,0.0,0.8210340738296509,1
test_protein_4701,0.0,0.519525945186615,1
test_protein_4702,1.0,0.8849714398384094,1
test_protein_4703,1.0,0.6577101945877075,1
test_protein_4704,1.0,0.6693686246871948,1
test_protein_4705,1.0,0.4842015504837036,0
test_protein_4706,0.0,0.31684330105781555,0
test_protein_4707,1.0,0.17413967847824097,0
test_protein_4708,1.0,0.142482191324234,0
test_protein_4709,0.0,0.46339166164398193,0
test_protein_4710,0.0,0.6508833169937134,1
test_protein_4711,1.0,0.7351119518280029,1
test_protein_4712,1.0,0.2722870111465454,0
test_protein_4713,0.0,0.0020216393750160933,0
test_protein_4714,1.0,0.0022834320552647114,0
test_protein_4715,0.0,0.15809038281440735,0
test_protein_4716,1.0,0.01712949573993683,0
test_protein_4717,0.0,0.12849582731723785,0
test_protein_4718,0.0,0.0005728345131501555,0
test_protein_4719,1.0,0.3554670512676239,0
test_protein_4720,0.0,0.7461269497871399,1
test_protein_4721,0.0,0.06429910659790039,0
test_protein_4722,1.0,0.07909005135297775,0
test_protein_4723,0.0,0.1546952873468399,0
test_protein_4724,1.0,0.8251601457595825,1
test_protein_4725,1.0,0.47270190715789795,0
test_protein_4726,1.0,0.4627930819988251,0
test_protein_4727,0.0,0.5001423358917236,1
test_protein_4728,0.0,0.2608100473880768,0
test_protein_4729,0.0,0.2611268162727356,0
test_protein_4730,0.0,0.48326006531715393,0
test_protein_4731,0.0,0.8057882785797119,1
test_protein_4732,1.0,0.6302044987678528,1
test_protein_4733,0.0,0.0006226645200513303,0
test_protein_4734,0.0,0.17983633279800415,0
test_protein_4735,0.0,0.48754316568374634,0
test_protein_4736,0.0,0.43619921803474426,0
test_protein_4737,0.0,0.4984271228313446,0
test_protein_4738,1.0,0.4862646460533142,0
test_protein_4739,0.0,0.9227352142333984,1
test_protein_4740,1.0,0.6695960760116577,1
test_protein_4741,1.0,0.5105445981025696,1
test_protein_4742,0.0,0.621070146560669,1
test_protein_4743,0.0,0.0011008316650986671,0
test_protein_4744,0.0,0.2613801658153534,0
test_protein_4745,0.0,0.0011629110667854548,0
test_protein_4746,0.0,0.03061055950820446,0
test_protein_4747,0.0,0.6367331743240356,1
test_protein_4748,1.0,0.5646524429321289,1
test_protein_4749,1.0,0.2831133306026459,0
test_protein_4750,0.0,0.0008683631895110011,0
test_protein_4751,0.0,0.05600270628929138,0
test_protein_4752,1.0,0.4664350152015686,0
test_protein_4753,1.0,0.20476987957954407,0
test_protein_4754,0.0,0.0009202789515256882,0
test_protein_4755,0.0,0.1686631143093109,0
test_protein_4756,0.0,0.4269561469554901,0
test_protein_4757,0.0,0.06070404872298241,0
test_protein_4758,1.0,0.5050769448280334,1
test_protein_4759,0.0,0.8968780636787415,1
test_protein_4760,0.0,0.38359391689300537,0
test_protein_4761,1.0,0.5854486227035522,1
test_protein_4762,1.0,0.1500188410282135,0
test_protein_4763,1.0,0.668532133102417,1
test_protein_4764,1.0,0.22136230766773224,0
test_protein_4765,1.0,0.18396256864070892,0
test_protein_4766,1.0,0.5283088684082031,1
test_protein_4767,0.0,0.06820686906576157,0
test_protein_4768,1.0,0.8247668743133545,1
test_protein_4769,1.0,0.5246143341064453,1
test_protein_4770,1.0,0.5139594078063965,1
test_protein_4771,0.0,0.4464031457901001,0
test_protein_4772,1.0,0.7134454846382141,1
test_protein_4773,1.0,0.4086400866508484,0
test_protein_4774,0.0,0.019429881125688553,0
test_protein_4775,0.0,0.09515552222728729,0
test_protein_4776,1.0,0.08790575712919235,0
test_protein_4777,0.0,0.10067544877529144,0
test_protein_4778,0.0,0.09985274076461792,0
test_protein_4779,1.0,0.3240049183368683,0
test_protein_4780,1.0,0.5285534262657166,1
test_protein_4781,0.0,0.4941304624080658,0
test_protein_4782,0.0,0.11532703787088394,0
test_protein_4783,0.0,0.0008881149697117507,0
test_protein_4784,1.0,0.4593072831630707,0
test_protein_4785,0.0,0.0007156022475101054,0
test_protein_4786,0.0,0.008944482542574406,0
test_protein_4787,1.0,0.8468704223632812,1
test_protein_4788,1.0,0.24498026072978973,0
test_protein_4789,0.0,0.6396350264549255,1
test_protein_4790,0.0,0.6147140264511108,1
test_protein_4791,0.0,0.3302779495716095,0
test_protein_4792,1.0,0.44760000705718994,0
test_protein_4793,1.0,0.42329081892967224,0
test_protein_4794,1.0,0.364454984664917,0
test_protein_4795,1.0,0.13204102218151093,0
test_protein_4796,1.0,0.31009677052497864,0
test_protein_4797,1.0,0.06360235810279846,0
test_protein_4798,1.0,0.017035260796546936,0
test_protein_4799,0.0,0.14316001534461975,0
test_protein_4800,0.0,0.17246125638484955,0
test_protein_4801,0.0,0.428910493850708,0
test_protein_4802,1.0,0.5242176055908203,1
test_protein_4803,1.0,0.27798712253570557,0
test_protein_4804,1.0,0.37074920535087585,0
test_protein_4805,0.0,0.4297877550125122,0
test_protein_4806,1.0,0.403878778219223,0
test_protein_4807,0.0,0.04334180802106857,0
test_protein_4808,0.0,0.021973391994833946,0
test_protein_4809,0.0,0.03666996955871582,0
test_protein_4810,0.0,0.03961210697889328,0
test_protein_4811,0.0,0.054616622626781464,0
test_protein_4812,0.0,0.028376957401633263,0
test_protein_4813,0.0,0.5177732706069946,1
test_protein_4814,0.0,0.035703469067811966,0
test_protein_4815,1.0,0.3470192849636078,0
test_protein_4816,0.0,0.03415440022945404,0
test_protein_4817,0.0,0.0087033212184906,0
test_protein_4818,0.0,0.001134693156927824,0
test_protein_4819,0.0,0.5205991268157959,1
test_protein_4820,0.0,0.4653604030609131,0
test_protein_4821,0.0,0.13609649240970612,0
test_protein_4822,1.0,0.25414037704467773,0
test_protein_4823,1.0,0.010540612041950226,0
test_protein_4824,1.0,0.012025782838463783,0
test_protein_4825,0.0,0.2736964225769043,0
test_protein_4826,0.0,0.4144447147846222,0
test_protein_4827,0.0,0.14228348433971405,0
test_protein_4828,0.0,0.462596595287323,0
test_protein_4829,1.0,0.1333918273448944,0
test_protein_4830,0.0,0.000741757801733911,0
test_protein_4831,0.0,0.1999831199645996,0
test_protein_4832,1.0,0.8037804365158081,1
test_protein_4833,0.0,0.013392766937613487,0
test_protein_4834,1.0,0.297941118478775,0
test_protein_4835,0.0,0.17166589200496674,0
test_protein_4836,0.0,0.6227777004241943,1
test_protein_4837,0.0,0.07722373306751251,0
test_protein_4838,0.0,0.27663302421569824,0
test_protein_4839,0.0,0.0009626371902413666,0
test_protein_4840,0.0,0.0907934159040451,0
test_protein_4841,0.0,0.18670962750911713,0
test_protein_4842,0.0,0.15426641702651978,0
test_protein_4843,1.0,0.4279198944568634,0
test_protein_4844,0.0,0.05699802562594414,0
test_protein_4845,1.0,0.41824015974998474,0
test_protein_4846,1.0,0.6253567934036255,1
test_protein_4847,1.0,0.6129985451698303,1
test_protein_4848,0.0,0.1743137389421463,0
test_protein_4849,0.0,0.035927481949329376,0
test_protein_4850,0.0,0.23491021990776062,0
test_protein_4851,1.0,0.033174339681863785,0
test_protein_4852,1.0,0.5499094724655151,1
test_protein_4853,1.0,0.6029283404350281,1
test_protein_4854,0.0,0.2706734240055084,0
test_protein_4855,0.0,0.4918804466724396,0
test_protein_4856,0.0,0.18879659473896027,0
test_protein_4857,1.0,0.5411329865455627,1
test_protein_4858,0.0,0.03831515833735466,0
test_protein_4859,0.0,0.30168086290359497,0
test_protein_4860,0.0,0.052920494228601456,0
test_protein_4861,0.0,0.5926083922386169,1
test_protein_4862,0.0,0.11174413561820984,0
test_protein_4863,1.0,0.38826239109039307,0
test_protein_4864,0.0,0.5662757754325867,1
test_protein_4865,1.0,0.17192697525024414,0
test_protein_4866,0.0,0.08839985728263855,0
test_protein_4867,0.0,0.0009973191190510988,0
test_protein_4868,1.0,0.9292681813240051,1
test_protein_4869,1.0,0.20246702432632446,0
test_protein_4870,1.0,0.5227615237236023,1
test_protein_4871,0.0,0.0031007505021989346,0
test_protein_4872,1.0,0.0915505439043045,0
test_protein_4873,0.0,0.22106675803661346,0
test_protein_4874,1.0,0.0006920412415638566,0
test_protein_4875,1.0,0.3771805167198181,0
test_protein_4876,1.0,0.15496478974819183,0
test_protein_4877,0.0,0.1701499968767166,0
test_protein_4878,1.0,0.4348333775997162,0
test_protein_4879,1.0,0.8040320873260498,1
test_protein_4880,1.0,0.3364851772785187,0
test_protein_4881,0.0,0.45703133940696716,0
test_protein_4882,1.0,0.18649286031723022,0
test_protein_4883,0.0,0.00040168740088120103,0
test_protein_4884,0.0,0.6359382271766663,1
test_protein_4885,1.0,0.43262967467308044,0
test_protein_4886,1.0,0.0274506825953722,0
test_protein_4887,1.0,0.14932125806808472,0
test_protein_4888,0.0,0.0006156149902381003,0
test_protein_4889,1.0,0.2949996292591095,0
test_protein_4890,1.0,0.0013033126015216112,0
test_protein_4891,0.0,0.465177446603775,0
test_protein_4892,0.0,0.4825064539909363,0
test_protein_4893,0.0,0.000795312225818634,0
test_protein_4894,0.0,0.6767894625663757,1
test_protein_4895,1.0,0.5441855192184448,1
test_protein_4896,1.0,0.5298519730567932,1
test_protein_4897,0.0,0.0007505914545617998,0
test_protein_4898,0.0,0.272058367729187,0
test_protein_4899,0.0,0.5578269362449646,1
test_protein_4900,0.0,0.32405585050582886,0
test_protein_4901,1.0,0.5870092511177063,1
test_protein_4902,0.0,0.3489778935909271,0
test_protein_4903,0.0,0.6415320038795471,1
test_protein_4904,0.0,0.17009299993515015,0
test_protein_4905,1.0,0.7987381815910339,1
test_protein_4906,0.0,0.5982334613800049,1
test_protein_4907,1.0,0.42926397919654846,0
test_protein_4908,0.0,0.03333763778209686,0
test_protein_4909,0.0,0.23355427384376526,0
test_protein_4910,0.0,0.41975370049476624,0
test_protein_4911,1.0,0.13453546166419983,0
test_protein_4912,1.0,0.4845643937587738,0
test_protein_4913,0.0,0.020655984058976173,0
test_protein_4914,0.0,0.036039918661117554,0
test_protein_4915,1.0,0.387536883354187,0
test_protein_4916,0.0,0.2734524607658386,0
test_protein_4917,1.0,0.5252810716629028,1
test_protein_4918,0.0,0.0027079361025243998,0
test_protein_4919,0.0,0.1412598192691803,0
test_protein_4920,0.0,0.17960579693317413,0
test_protein_4921,0.0,0.4885762631893158,0
test_protein_4922,0.0,0.1253538727760315,0
test_protein_4923,0.0,0.3983091711997986,0
test_protein_4924,0.0,0.30092817544937134,0
test_protein_4925,0.0,0.00718557508662343,0
test_protein_4926,0.0,0.47219082713127136,0
test_protein_4927,1.0,0.6010822653770447,1
test_protein_4928,1.0,0.38397216796875,0
test_protein_4929,1.0,0.3340107500553131,0
test_protein_4930,0.0,0.559431791305542,1
test_protein_4931,0.0,0.4188593327999115,0
test_protein_4932,0.0,0.04065680131316185,0
test_protein_4933,0.0,0.001035141060128808,0
test_protein_4934,1.0,0.2957232594490051,0
test_protein_4935,0.0,0.5181697010993958,1
test_protein_4936,0.0,0.5553878545761108,1
test_protein_4937,1.0,0.7917491793632507,1
test_protein_4938,1.0,0.22190991044044495,0
test_protein_4939,0.0,0.00035931539605371654,0
test_protein_4940,0.0,0.6389838457107544,1
test_protein_4941,1.0,0.29689136147499084,0
test_protein_4942,0.0,0.5436630845069885,1
test_protein_4943,0.0,0.06769733875989914,0
test_protein_4944,0.0,0.0006847538752481341,0
test_protein_4945,0.0,0.07683303207159042,0
test_protein_4946,1.0,0.4412252604961395,0
test_protein_4947,1.0,0.2681191861629486,0
test_protein_4948,0.0,0.02842128649353981,0
test_protein_4949,0.0,0.03322085738182068,0
test_protein_4950,0.0,0.06607946753501892,0
test_protein_4951,1.0,0.24269671738147736,0
test_protein_4952,0.0,0.05465302988886833,0
test_protein_4953,0.0,0.5421323776245117,1
test_protein_4954,0.0,0.0028908823151141405,0
test_protein_4955,0.0,0.517879068851471,1
test_protein_4956,0.0,0.09261269867420197,0
test_protein_4957,0.0,0.23790773749351501,0
test_protein_4958,0.0,0.19252218306064606,0
test_protein_4959,0.0,0.0007161398534663022,0
test_protein_4960,1.0,0.6306658983230591,1
test_protein_4961,1.0,0.6000374555587769,1
test_protein_4962,1.0,0.31548091769218445,0
test_protein_4963,1.0,0.5997703671455383,1
test_protein_4964,1.0,0.29941245913505554,0
test_protein_4965,1.0,0.47354674339294434,0
test_protein_4966,0.0,0.02940228022634983,0
test_protein_4967,1.0,0.45283713936805725,0
test_protein_4968,0.0,0.0003743428678717464,0
test_protein_4969,0.0,0.027634134516119957,0
test_protein_4970,0.0,0.08541399985551834,0
test_protein_4971,1.0,0.47956621646881104,0
test_protein_4972,0.0,0.5519055128097534,1
test_protein_4973,1.0,0.058984436094760895,0
test_protein_4974,1.0,0.5733082294464111,1
test_protein_4975,0.0,0.3540462553501129,0
test_protein_4976,1.0,0.47035714983940125,0
test_protein_4977,0.0,0.015930496156215668,0
test_protein_4978,1.0,0.3920912742614746,0
test_protein_4979,1.0,0.49576935172080994,0
test_protein_4980,0.0,0.0007508729468099773,0
test_protein_4981,1.0,0.0032747189980000257,0
test_protein_4982,1.0,0.24455967545509338,0
test_protein_4983,0.0,0.0003317827358841896,0
test_protein_4984,1.0,0.8572835922241211,1
test_protein_4985,1.0,0.23241396248340607,0
test_protein_4986,1.0,0.8869419097900391,1
test_protein_4987,1.0,0.09071739763021469,0
test_protein_4988,1.0,0.29588526487350464,0
test_protein_4989,0.0,0.010630963370203972,0
test_protein_4990,1.0,0.5736014246940613,1
test_protein_4991,0.0,0.5406766533851624,1
test_protein_4992,0.0,0.2875550091266632,0
test_protein_4993,0.0,0.0013638183008879423,0
test_protein_4994,0.0,0.5148217082023621,1
test_protein_4995,0.0,0.3654033839702606,0
test_protein_4996,0.0,0.1418379247188568,0
test_protein_4997,0.0,0.5354934930801392,1
test_protein_4998,1.0,0.33009031414985657,0
test_protein_4999,0.0,0.16460594534873962,0
test_protein_5000,0.0,0.768488347530365,1
test_protein_5001,1.0,0.5615492463111877,1
test_protein_5002,1.0,0.6951949000358582,1
test_protein_5003,0.0,0.015621100552380085,0
test_protein_5004,1.0,0.001285924343392253,0
test_protein_5005,1.0,0.673664927482605,1
test_protein_5006,0.0,0.3083595335483551,0
test_protein_5007,0.0,0.1036539152264595,0
test_protein_5008,0.0,0.029227782040834427,0
test_protein_5009,0.0,0.08509158343076706,0
test_protein_5010,0.0,0.1784069538116455,0
test_protein_5011,0.0,0.02709910087287426,0
test_protein_5012,0.0,0.15848630666732788,0
test_protein_5013,1.0,0.6619958281517029,1
test_protein_5014,0.0,0.45160242915153503,0
test_protein_5015,0.0,0.380428671836853,0
test_protein_5016,0.0,0.347023069858551,0
test_protein_5017,1.0,0.5300664305686951,1
test_protein_5018,0.0,0.3357536792755127,0
test_protein_5019,0.0,0.3556162714958191,0
test_protein_5020,0.0,0.27601155638694763,0
test_protein_5021,0.0,0.09134038537740707,0
test_protein_5022,1.0,0.6517512202262878,1
test_protein_5023,0.0,0.00040319663821719587,0
test_protein_5024,0.0,0.005818651989102364,0
test_protein_5025,1.0,0.4375767409801483,0
test_protein_5026,1.0,0.0004791373503394425,0
test_protein_5027,1.0,0.16014881432056427,0
test_protein_5028,1.0,0.17070648074150085,0
test_protein_5029,0.0,0.08641555160284042,0
test_protein_5030,0.0,0.2514757215976715,0
test_protein_5031,1.0,0.09443312883377075,0
test_protein_5032,0.0,0.24231864511966705,0
test_protein_5033,0.0,0.5037495493888855,1
test_protein_5034,1.0,0.4993075132369995,0
test_protein_5035,1.0,0.6902800798416138,1
test_protein_5036,0.0,0.1899411827325821,0
test_protein_5037,0.0,0.000991158769465983,0
test_protein_5038,0.0,0.036942269653081894,0
test_protein_5039,0.0,0.8385318517684937,1
test_protein_5040,0.0,0.5185204148292542,1
test_protein_5041,0.0,0.2138575315475464,0
test_protein_5042,0.0,0.005438085645437241,0
test_protein_5043,1.0,0.11236893385648727,0
test_protein_5044,0.0,0.08944249153137207,0
test_protein_5045,0.0,0.0006855749525129795,0
test_protein_5046,0.0,0.5384653806686401,1
test_protein_5047,1.0,0.545318603515625,1
test_protein_5048,1.0,0.49585890769958496,0
test_protein_5049,1.0,0.33974188566207886,0
test_protein_5050,0.0,0.41919732093811035,0
test_protein_5051,0.0,0.1900673359632492,0
test_protein_5052,1.0,0.39583343267440796,0
test_protein_5053,0.0,0.4369814991950989,0
test_protein_5054,0.0,0.39061421155929565,0
test_protein_5055,0.0,0.002505249809473753,0
test_protein_5056,1.0,0.6491284966468811,1
test_protein_5057,0.0,0.21213571727275848,0
test_protein_5058,0.0,0.794346272945404,1
test_protein_5059,1.0,0.4094049632549286,0
test_protein_5060,0.0,0.0007216160302050412,0
test_protein_5061,0.0,0.0009351540356874466,0
test_protein_5062,0.0,0.4576147794723511,0
test_protein_5063,1.0,0.32650238275527954,0
test_protein_5064,1.0,0.1517481803894043,0
test_protein_5065,0.0,0.23150715231895447,0
test_protein_5066,0.0,0.001200429629534483,0
test_protein_5067,1.0,0.5218935608863831,1
test_protein_5068,0.0,0.042319104075431824,0
test_protein_5069,1.0,0.2981286644935608,0
test_protein_5070,1.0,0.21567301452159882,0
test_protein_5071,1.0,0.4191689193248749,0
test_protein_5072,0.0,0.0552593395113945,0
test_protein_5073,1.0,0.4830285608768463,0
test_protein_5074,1.0,0.1522093266248703,0
test_protein_5075,1.0,0.5892115235328674,1
test_protein_5076,0.0,0.4493474066257477,0
test_protein_5077,1.0,0.6039636135101318,1
test_protein_5078,1.0,0.5990325808525085,1
test_protein_5079,1.0,0.5119374990463257,1
test_protein_5080,0.0,0.21029624342918396,0
test_protein_5081,1.0,0.7128844261169434,1
test_protein_5082,1.0,0.7778536677360535,1
test_protein_5083,1.0,0.6900326609611511,1
test_protein_5084,1.0,0.408764511346817,0
test_protein_5085,0.0,0.28507429361343384,0
test_protein_5086,0.0,0.000527497730217874,0
test_protein_5087,1.0,0.4510488212108612,0
test_protein_5088,0.0,0.0008175015682354569,0
test_protein_5089,1.0,0.13319405913352966,0
test_protein_5090,0.0,0.21745778620243073,0
test_protein_5091,0.0,0.07145830988883972,0
test_protein_5092,1.0,0.12022972851991653,0
test_protein_5093,0.0,0.0007716931868344545,0
test_protein_5094,0.0,0.0017593337688595057,0
test_protein_5095,1.0,0.23302799463272095,0
test_protein_5096,0.0,0.09043478965759277,0
test_protein_5097,0.0,0.00692334771156311,0
test_protein_5098,1.0,0.31953856348991394,0
test_protein_5099,0.0,0.6089086532592773,1
test_protein_5100,0.0,0.0015471744118258357,0
test_protein_5101,1.0,0.0981845110654831,0
test_protein_5102,1.0,0.3789563477039337,0
test_protein_5103,1.0,0.028994131833314896,0
test_protein_5104,0.0,0.21300673484802246,0
test_protein_5105,0.0,0.2875286936759949,0
test_protein_5106,0.0,0.012270558625459671,0
test_protein_5107,1.0,0.42116111516952515,0
test_protein_5108,0.0,0.3197104036808014,0
test_protein_5109,1.0,0.45661354064941406,0
test_protein_5110,0.0,0.5614396333694458,1
test_protein_5111,0.0,0.412697434425354,0
test_protein_5112,0.0,0.29643678665161133,0
test_protein_5113,1.0,0.33766844868659973,0
test_protein_5114,1.0,0.15826267004013062,0
test_protein_5115,0.0,0.0008467318257316947,0
test_protein_5116,0.0,0.000814019120298326,0
test_protein_5117,0.0,0.04420599341392517,0
test_protein_5118,0.0,0.18148520588874817,0
test_protein_5119,0.0,0.1206703633069992,0
test_protein_5120,0.0,0.9266804456710815,1
test_protein_5121,1.0,0.4669325649738312,0
test_protein_5122,1.0,0.19863732159137726,0
test_protein_5123,0.0,0.5663078427314758,1
test_protein_5124,0.0,0.24665632843971252,0
test_protein_5125,1.0,0.7231127619743347,1
test_protein_5126,0.0,0.0013645211001858115,0
test_protein_5127,1.0,0.06260398030281067,0
test_protein_5128,1.0,0.24529235064983368,0
test_protein_5129,0.0,0.27349627017974854,0
test_protein_5130,0.0,0.14438866078853607,0
test_protein_5131,1.0,0.0042978571727871895,0
test_protein_5132,1.0,0.6286280155181885,1
test_protein_5133,0.0,0.31943416595458984,0
test_protein_5134,0.0,0.07302449643611908,0
test_protein_5135,1.0,0.14670875668525696,0
test_protein_5136,1.0,0.17196869850158691,0
test_protein_5137,1.0,0.46095821261405945,0
test_protein_5138,1.0,0.42055800557136536,0
test_protein_5139,1.0,0.8175080418586731,1
test_protein_5140,1.0,0.24558581411838531,0
test_protein_5141,1.0,0.5064841508865356,1
test_protein_5142,1.0,0.48524877429008484,0
test_protein_5143,0.0,0.49109673500061035,0
test_protein_5144,1.0,0.8646091222763062,1
test_protein_5145,0.0,0.41899242997169495,0
test_protein_5146,0.0,0.4631180465221405,0
test_protein_5147,1.0,0.20318503677845,0
test_protein_5148,0.0,0.014937265776097775,0
test_protein_5149,0.0,0.2959596812725067,0
test_protein_5150,0.0,0.6398324370384216,1
test_protein_5151,1.0,0.234532430768013,0
test_protein_5152,1.0,0.7028554677963257,1
test_protein_5153,1.0,0.041545186191797256,0
test_protein_5154,0.0,0.3750654458999634,0
test_protein_5155,0.0,0.00038485281402245164,0
test_protein_5156,1.0,0.4620014429092407,0
test_protein_5157,0.0,0.010339022614061832,0
test_protein_5158,1.0,0.19850145280361176,0
test_protein_5159,0.0,0.0916210263967514,0
test_protein_5160,1.0,0.061127230525016785,0
test_protein_5161,0.0,0.18614177405834198,0
test_protein_5162,0.0,0.006069586146622896,0
test_protein_5163,0.0,0.34401556849479675,0
test_protein_5164,0.0,0.002124565653502941,0
test_protein_5165,0.0,0.18132323026657104,0
test_protein_5166,0.0,0.7162446975708008,1
test_protein_5167,0.0,0.8224256038665771,1
test_protein_5168,0.0,0.46936896443367004,0
test_protein_5169,0.0,0.043013330549001694,0
test_protein_5170,0.0,0.2576778531074524,0
test_protein_5171,1.0,0.7472290992736816,1
test_protein_5172,0.0,0.003989315591752529,0
test_protein_5173,1.0,0.43637901544570923,0
test_protein_5174,0.0,0.14808028936386108,0
test_protein_5175,0.0,0.09510723501443863,0
test_protein_5176,0.0,0.5613740682601929,1
test_protein_5177,0.0,0.021258942782878876,0
test_protein_5178,0.0,0.20301735401153564,0
test_protein_5179,0.0,0.823444128036499,1
test_protein_5180,0.0,0.0008768626721575856,0
test_protein_5181,0.0,0.5356648564338684,1
test_protein_5182,0.0,0.0015850812196731567,0
test_protein_5183,0.0,0.06710045039653778,0
test_protein_5184,0.0,0.21145452558994293,0
test_protein_5185,0.0,0.12395523488521576,0
test_protein_5186,1.0,0.2667902112007141,0
test_protein_5187,1.0,0.5840092897415161,1
test_protein_5188,1.0,0.4809240400791168,0
test_protein_5189,0.0,0.24034534394741058,0
test_protein_5190,0.0,0.6180270910263062,1
test_protein_5191,1.0,0.035897910594940186,0
test_protein_5192,0.0,0.07978012412786484,0
test_protein_5193,1.0,0.5646395683288574,1
test_protein_5194,0.0,0.35273638367652893,0
test_protein_5195,1.0,0.5426219701766968,1
test_protein_5196,1.0,0.5825327634811401,1
test_protein_5197,1.0,0.2724543809890747,0
test_protein_5198,0.0,0.2848431169986725,0
test_protein_5199,1.0,0.328116238117218,0
test_protein_5200,0.0,0.00020793938892893493,0
test_protein_5201,1.0,0.43972015380859375,0
test_protein_5202,0.0,0.13471876084804535,0
test_protein_5203,1.0,0.5847369432449341,1
test_protein_5204,1.0,0.9728088974952698,1
test_protein_5205,0.0,0.000694591086357832,0
test_protein_5206,0.0,0.000666106934659183,0
test_protein_5207,1.0,0.5309629440307617,1
test_protein_5208,1.0,0.33107855916023254,0
test_protein_5209,1.0,0.2592090666294098,0
test_protein_5210,1.0,0.9637917280197144,1
test_protein_5211,0.0,0.06100161373615265,0
test_protein_5212,0.0,0.3403574824333191,0
test_protein_5213,0.0,0.16006195545196533,0
test_protein_5214,0.0,0.2455223798751831,0
test_protein_5215,0.0,0.001147330505773425,0
test_protein_5216,1.0,0.2940709888935089,0
test_protein_5217,0.0,0.4623347818851471,0
test_protein_5218,0.0,0.06734270602464676,0
test_protein_5219,0.0,0.0005155152757652104,0
test_protein_5220,0.0,0.000514693558216095,0
test_protein_5221,0.0,0.5688098669052124,1
test_protein_5222,1.0,0.4261082112789154,0
test_protein_5223,1.0,0.5269958972930908,1
test_protein_5224,1.0,0.47845467925071716,0
test_protein_5225,1.0,0.7830660343170166,1
test_protein_5226,1.0,0.4426534175872803,0
test_protein_5227,1.0,0.5648351311683655,1
test_protein_5228,1.0,0.20556965470314026,0
test_protein_5229,1.0,0.11831708997488022,0
test_protein_5230,0.0,0.2049972265958786,0
test_protein_5231,0.0,0.40187951922416687,0
test_protein_5232,0.0,0.5991091132164001,1
test_protein_5233,1.0,0.3404412567615509,0
test_protein_5234,0.0,0.2785835564136505,0
test_protein_5235,1.0,0.004673148971050978,0
test_protein_5236,0.0,0.075621597468853,0
test_protein_5237,0.0,0.29127630591392517,0
test_protein_5238,0.0,0.3992609977722168,0
test_protein_5239,1.0,0.650253415107727,1
test_protein_5240,1.0,0.4829321503639221,0
test_protein_5241,0.0,0.2245202511548996,0
test_protein_5242,1.0,0.014945288188755512,0
test_protein_5243,0.0,0.061852335929870605,0
test_protein_5244,0.0,0.36447104811668396,0
test_protein_5245,0.0,0.26003581285476685,0
test_protein_5246,1.0,0.6710447669029236,1
test_protein_5247,0.0,0.0006276742205955088,0
test_protein_5248,0.0,0.47124236822128296,0
test_protein_5249,1.0,0.7027393579483032,1
test_protein_5250,1.0,0.4732603132724762,0
test_protein_5251,0.0,0.42310890555381775,0
test_protein_5252,1.0,0.3621845841407776,0
test_protein_5253,1.0,0.09790728241205215,0
test_protein_5254,0.0,0.0016235039802268147,0
test_protein_5255,0.0,0.0004475807072594762,0
test_protein_5256,1.0,0.587087869644165,1
test_protein_5257,0.0,0.7181494235992432,1
test_protein_5258,0.0,0.0006875728722661734,0
test_protein_5259,0.0,0.23055309057235718,0
test_protein_5260,0.0,0.22873355448246002,0
test_protein_5261,0.0,0.3606884479522705,0
test_protein_5262,0.0,0.470721960067749,0
test_protein_5263,0.0,0.3559081256389618,0
test_protein_5264,0.0,0.00047516243648715317,0
test_protein_5265,0.0,0.004152846522629261,0
test_protein_5266,0.0,0.22163188457489014,0
test_protein_5267,1.0,0.403502881526947,0
test_protein_5268,0.0,0.015917913988232613,0
test_protein_5269,0.0,0.0362996980547905,0
test_protein_5270,1.0,0.4618493318557739,0
test_protein_5271,1.0,0.20486333966255188,0
test_protein_5272,0.0,0.5921710729598999,1
test_protein_5273,0.0,0.00037677542422898114,0
test_protein_5274,0.0,0.22427552938461304,0
test_protein_5275,0.0,0.003603055141866207,0
test_protein_5276,0.0,0.0019274785881862044,0
test_protein_5277,0.0,0.0010767662897706032,0
test_protein_5278,1.0,0.6355029344558716,1
test_protein_5279,1.0,0.22262823581695557,0
test_protein_5280,0.0,0.012885073199868202,0
test_protein_5281,0.0,0.0045854500494897366,0
test_protein_5282,0.0,0.03335274010896683,0
test_protein_5283,1.0,0.4302912950515747,0
test_protein_5284,0.0,0.008627737872302532,0
test_protein_5285,0.0,0.07871707528829575,0
test_protein_5286,0.0,0.28858134150505066,0
test_protein_5287,1.0,0.6691051721572876,1
test_protein_5288,0.0,0.003506971290335059,0
test_protein_5289,0.0,0.03905913978815079,0
test_protein_5290,0.0,0.0006340719992294908,0
test_protein_5291,0.0,0.0002664966741576791,0
test_protein_5292,0.0,0.0007645906880497932,0
test_protein_5293,0.0,0.18428342044353485,0
test_protein_5294,0.0,0.2447298765182495,0
test_protein_5295,0.0,0.1953825056552887,0
test_protein_5296,1.0,0.013791350647807121,0
test_protein_5297,0.0,0.5699891448020935,1
test_protein_5298,0.0,0.5148259997367859,1
test_protein_5299,0.0,0.3315444588661194,0
test_protein_5300,0.0,0.4599364399909973,0
test_protein_5301,0.0,0.20763832330703735,0
test_protein_5302,0.0,0.45751476287841797,0
test_protein_5303,0.0,0.019464809447526932,0
test_protein_5304,0.0,0.0007090390427038074,0
test_protein_5305,0.0,0.14852122962474823,0
test_protein_5306,1.0,0.06306563317775726,0
test_protein_5307,0.0,0.003201227867975831,0
test_protein_5308,1.0,0.22459228336811066,0
test_protein_5309,1.0,0.5278195142745972,1
test_protein_5310,0.0,0.117374487221241,0
test_protein_5311,0.0,0.41746583580970764,0
test_protein_5312,1.0,0.5450488924980164,1
test_protein_5313,0.0,0.4339229166507721,0
test_protein_5314,1.0,0.47080448269844055,0
test_protein_5315,1.0,0.07210344821214676,0
test_protein_5316,0.0,0.2108965963125229,0
test_protein_5317,0.0,0.0016700959531590343,0
test_protein_5318,0.0,0.17271916568279266,0
test_protein_5319,0.0,0.1154409646987915,0
test_protein_5320,1.0,0.09169893711805344,0
test_protein_5321,1.0,0.038965266197919846,0
test_protein_5322,1.0,0.6074307560920715,1
test_protein_5323,0.0,0.11795563250780106,0
test_protein_5324,0.0,0.0006856258842162788,0
test_protein_5325,1.0,0.32417741417884827,0
test_protein_5326,1.0,0.026115652173757553,0
test_protein_5327,0.0,0.44454821944236755,0
test_protein_5328,0.0,0.4716355502605438,0
test_protein_5329,1.0,0.5450765490531921,1
test_protein_5330,0.0,0.0011534267105162144,0
test_protein_5331,1.0,0.31172826886177063,0
test_protein_5332,1.0,0.15880951285362244,0
test_protein_5333,1.0,0.09659305959939957,0
test_protein_5334,1.0,0.48136481642723083,0
test_protein_5335,0.0,0.0005036943475715816,0
test_protein_5336,0.0,0.547289252281189,1
test_protein_5337,1.0,0.5853446125984192,1
test_protein_5338,0.0,0.0003301486431155354,0
test_protein_5339,1.0,0.021008258685469627,0
test_protein_5340,0.0,0.4341464340686798,0
test_protein_5341,1.0,0.40647420287132263,0
test_protein_5342,1.0,0.953482449054718,1
test_protein_5343,1.0,0.07928500324487686,0
test_protein_5344,1.0,0.36420518159866333,0
test_protein_5345,1.0,0.3052743971347809,0
test_protein_5346,0.0,0.160690039396286,0
test_protein_5347,0.0,0.6028664112091064,1
test_protein_5348,0.0,0.27144619822502136,0
test_protein_5349,0.0,0.3034082353115082,0
test_protein_5350,1.0,0.3112960159778595,0
test_protein_5351,0.0,0.6404287815093994,1
test_protein_5352,0.0,0.000680943951010704,0
test_protein_5353,0.0,0.001118547865189612,0
test_protein_5354,0.0,0.3188474476337433,0
test_protein_5355,0.0,0.7057459354400635,1
test_protein_5356,1.0,0.09205964207649231,0
test_protein_5357,0.0,0.0007625416037626565,0
test_protein_5358,0.0,0.49206051230430603,0
test_protein_5359,0.0,0.0019904938526451588,0
test_protein_5360,0.0,0.1504700630903244,0
test_protein_5361,0.0,0.15062357485294342,0
test_protein_5362,0.0,0.05896483361721039,0
test_protein_5363,1.0,0.1410847157239914,0
test_protein_5364,0.0,0.0021216128952801228,0
test_protein_5365,0.0,0.04486652463674545,0
test_protein_5366,0.0,0.3677484095096588,0
test_protein_5367,0.0,0.12244503945112228,0
test_protein_5368,1.0,0.40690213441848755,0
test_protein_5369,0.0,0.0008735424489714205,0
test_protein_5370,1.0,0.5573574304580688,1
test_protein_5371,0.0,0.001187118818052113,0
test_protein_5372,0.0,0.2548695206642151,0
test_protein_5373,0.0,0.004426868632435799,0
test_protein_5374,0.0,0.0033917410764843225,0
test_protein_5375,0.0,0.19158890843391418,0
test_protein_5376,1.0,0.03630179911851883,0
test_protein_5377,1.0,0.09552638977766037,0
test_protein_5378,0.0,0.2556980848312378,0
test_protein_5379,0.0,0.001149261137470603,0
test_protein_5380,0.0,0.5395609736442566,1
test_protein_5381,1.0,0.12038223445415497,0
test_protein_5382,0.0,0.9000275731086731,1
test_protein_5383,0.0,0.0005612408858723938,0
test_protein_5384,1.0,0.15297211706638336,0
test_protein_5385,1.0,0.23826740682125092,0
test_protein_5386,0.0,0.00018075367552228272,0
test_protein_5387,0.0,0.0017902367981150746,0
test_protein_5388,1.0,0.04678688943386078,0
test_protein_5389,1.0,0.5054816603660583,1
test_protein_5390,0.0,0.0009195071761496365,0
test_protein_5391,0.0,0.0019706629682332277,0
test_protein_5392,1.0,0.18388327956199646,0
test_protein_5393,0.0,0.0009941435419023037,0
test_protein_5394,0.0,0.016405371949076653,0
test_protein_5395,0.0,0.00678222207352519,0
test_protein_5396,0.0,0.0957750529050827,0
test_protein_5397,0.0,0.13319863379001617,0
test_protein_5398,0.0,0.19211259484291077,0
test_protein_5399,1.0,0.29796215891838074,0
test_protein_5400,0.0,0.7278995513916016,1
test_protein_5401,0.0,0.7638617753982544,1
test_protein_5402,1.0,0.11426056176424026,0
test_protein_5403,1.0,0.25935840606689453,0
test_protein_5404,1.0,0.5505020618438721,1
test_protein_5405,0.0,0.0580957867205143,0
test_protein_5406,0.0,0.004688795655965805,0
test_protein_5407,0.0,0.18920260667800903,0
test_protein_5408,1.0,0.9422571063041687,1
test_protein_5409,1.0,0.660260021686554,1
test_protein_5410,0.0,0.001616857829503715,0
test_protein_5411,0.0,0.002114260336384177,0
test_protein_5412,0.0,0.11195508390665054,0
test_protein_5413,0.0,0.0003732091572601348,0
test_protein_5414,0.0,0.0006630416610278189,0
test_protein_5415,0.0,0.0005641778698191047,0
test_protein_5416,0.0,0.002325131557881832,0
test_protein_5417,1.0,0.1923380047082901,0
test_protein_5418,0.0,0.29305997490882874,0
test_protein_5419,1.0,0.4099165201187134,0
test_protein_5420,0.0,0.04510467126965523,0
test_protein_5421,1.0,0.02476591058075428,0
test_protein_5422,0.0,0.09061863273382187,0
test_protein_5423,1.0,0.18307910859584808,0
test_protein_5424,1.0,0.006786671932786703,0
test_protein_5425,0.0,0.21758787333965302,0
test_protein_5426,0.0,0.21976162493228912,0
test_protein_5427,0.0,0.0881870910525322,0
test_protein_5428,0.0,0.20814375579357147,0
test_protein_5429,0.0,0.0008485381840728223,0
test_protein_5430,0.0,0.1336817741394043,0
test_protein_5431,1.0,0.27888813614845276,0
test_protein_5432,1.0,0.560655951499939,1
test_protein_5433,0.0,0.30415692925453186,0
test_protein_5434,0.0,0.1005844697356224,0
test_protein_5435,0.0,0.08563192188739777,0
test_protein_5436,0.0,0.004639206919819117,0
test_protein_5437,0.0,0.07040514796972275,0
test_protein_5438,1.0,0.46828576922416687,0
test_protein_5439,1.0,0.3737069368362427,0
test_protein_5440,0.0,0.00033673588768579066,0
test_protein_5441,0.0,0.030469445511698723,0
test_protein_5442,1.0,0.5532121062278748,1
test_protein_5443,1.0,0.17482461035251617,0
test_protein_5444,0.0,0.09632790833711624,0
test_protein_5445,0.0,0.15355835855007172,0
test_protein_5446,1.0,0.1249212995171547,0
test_protein_5447,0.0,0.17777055501937866,0
test_protein_5448,1.0,0.21991263329982758,0
test_protein_5449,0.0,0.001025222591124475,0
test_protein_5450,1.0,0.006944324355572462,0
test_protein_5451,0.0,0.0006035899859853089,0
test_protein_5452,0.0,0.14356525242328644,0
test_protein_5453,0.0,0.3399096429347992,0
test_protein_5454,0.0,0.009290410205721855,0
test_protein_5455,1.0,0.20525546371936798,0
test_protein_5456,1.0,0.0295289047062397,0
test_protein_5457,1.0,0.19213387370109558,0
test_protein_5458,0.0,0.026977138593792915,0
test_protein_5459,1.0,0.7697266936302185,1
test_protein_5460,0.0,0.0007760940352454782,0
test_protein_5461,1.0,0.5987335443496704,1
test_protein_5462,1.0,0.8961572647094727,1
test_protein_5463,1.0,0.5290123820304871,1
test_protein_5464,0.0,0.3193998634815216,0
test_protein_5465,0.0,0.1919170618057251,0
test_protein_5466,1.0,0.13319775462150574,0
test_protein_5467,1.0,0.4070621430873871,0
test_protein_5468,0.0,0.19015739858150482,0
test_protein_5469,1.0,0.715208888053894,1
test_protein_5470,1.0,0.0018504743929952383,0
test_protein_5471,0.0,0.004456478636711836,0
test_protein_5472,1.0,0.6503427624702454,1
test_protein_5473,1.0,0.8123508095741272,1
test_protein_5474,0.0,0.0352942980825901,0
test_protein_5475,1.0,0.5600728988647461,1
test_protein_5476,0.0,0.01714349538087845,0
test_protein_5477,0.0,0.0026437253691256046,0
test_protein_5478,0.0,0.28535714745521545,0
test_protein_5479,1.0,0.3279617428779602,0
test_protein_5480,1.0,0.2358558028936386,0
test_protein_5481,0.0,0.0013300235150381923,0
test_protein_5482,0.0,0.0022942207287997007,0
test_protein_5483,0.0,0.017784444615244865,0
test_protein_5484,0.0,0.0008557115215808153,0
test_protein_5485,1.0,0.5463820695877075,1
test_protein_5486,1.0,0.10710959881544113,0
test_protein_5487,0.0,0.011569376103579998,0
test_protein_5488,0.0,0.5172182321548462,1
test_protein_5489,1.0,0.4388312101364136,0
test_protein_5490,0.0,0.04744405671954155,0
test_protein_5491,0.0,0.0067714666947722435,0
test_protein_5492,0.0,0.11080164462327957,0
test_protein_5493,0.0,0.18712131679058075,0
test_protein_5494,0.0,0.05968446657061577,0
test_protein_5495,1.0,0.287598580121994,0
test_protein_5496,0.0,0.3036310374736786,0
test_protein_5497,0.0,0.0029181630816310644,0
test_protein_5498,1.0,0.9169617295265198,1
test_protein_5499,0.0,0.30149340629577637,0
test_protein_5500,0.0,0.024762697517871857,0
test_protein_5501,1.0,0.4917525351047516,0
test_protein_5502,1.0,0.147371307015419,0
test_protein_5503,0.0,0.004732436966150999,0
test_protein_5504,0.0,0.014924613758921623,0
test_protein_5505,0.0,0.07631886005401611,0
test_protein_5506,0.0,0.5897977352142334,1
test_protein_5507,0.0,0.02374514751136303,0
test_protein_5508,0.0,0.5980659127235413,1
test_protein_5509,1.0,0.6943474411964417,1
test_protein_5510,0.0,0.5794020295143127,1
test_protein_5511,1.0,0.3979308307170868,0
test_protein_5512,0.0,0.005491776391863823,0
test_protein_5513,0.0,0.300350546836853,0
test_protein_5514,0.0,0.0014994742814451456,0
test_protein_5515,0.0,0.1414700448513031,0
test_protein_5516,0.0,0.2205987274646759,0
test_protein_5517,1.0,0.7739455103874207,1
test_protein_5518,1.0,0.7378396391868591,1
test_protein_5519,0.0,0.014307997189462185,0
test_protein_5520,1.0,0.40410861372947693,0
test_protein_5521,1.0,0.4658792018890381,0
test_protein_5522,0.0,0.03659684211015701,0
test_protein_5523,1.0,0.1402241736650467,0
test_protein_5524,1.0,0.25305119156837463,0
test_protein_5525,0.0,0.5596051216125488,1
test_protein_5526,0.0,0.47963500022888184,0
test_protein_5527,0.0,0.18483799695968628,0
test_protein_5528,1.0,0.3566826581954956,0
test_protein_5529,0.0,0.05304601043462753,0
test_protein_5530,0.0,0.03595789149403572,0
test_protein_5531,0.0,0.05686584860086441,0
test_protein_5532,0.0,0.7073558568954468,1
test_protein_5533,0.0,0.16553077101707458,0
test_protein_5534,1.0,0.6091039180755615,1
test_protein_5535,1.0,0.5009013414382935,1
test_protein_5536,0.0,0.3773133158683777,0
test_protein_5537,0.0,0.2628818452358246,0
test_protein_5538,0.0,0.24772422015666962,0
test_protein_5539,1.0,0.18995268642902374,0
test_protein_5540,0.0,0.4204676151275635,0
test_protein_5541,1.0,0.7152287364006042,1
test_protein_5542,0.0,0.2561594843864441,0
test_protein_5543,1.0,0.5982240438461304,1
test_protein_5544,1.0,0.020263569429516792,0
test_protein_5545,1.0,0.158237025141716,0
test_protein_5546,1.0,0.7155826687812805,1
test_protein_5547,0.0,0.0031899043824523687,0
test_protein_5548,1.0,0.44252750277519226,0
test_protein_5549,1.0,0.5235520601272583,1
test_protein_5550,1.0,0.20070721209049225,0
test_protein_5551,0.0,0.0021167162340134382,0
test_protein_5552,1.0,0.007037802133709192,0
test_protein_5553,0.0,0.2270331084728241,0
test_protein_5554,0.0,0.16878731548786163,0
test_protein_5555,0.0,0.6581704616546631,1
test_protein_5556,0.0,0.12196950614452362,0
test_protein_5557,0.0,0.16147346794605255,0
test_protein_5558,0.0,0.349679559469223,0
test_protein_5559,1.0,0.5471729636192322,1
test_protein_5560,1.0,0.12972252070903778,0
test_protein_5561,0.0,0.11528648436069489,0
test_protein_5562,1.0,0.44346973299980164,0
test_protein_5563,1.0,0.3788694143295288,0
test_protein_5564,0.0,0.25052353739738464,0
test_protein_5565,0.0,0.009311745874583721,0
test_protein_5566,0.0,0.00054444361012429,0
test_protein_5567,0.0,0.5357006192207336,1
test_protein_5568,0.0,0.06670059263706207,0
test_protein_5569,1.0,0.1720718890428543,0
test_protein_5570,0.0,0.025891138240695,0
test_protein_5571,1.0,0.0914570763707161,0
test_protein_5572,0.0,0.16051281988620758,0
test_protein_5573,1.0,0.35581907629966736,0
test_protein_5574,0.0,0.14705660939216614,0
test_protein_5575,0.0,0.00858935434371233,0
test_protein_5576,0.0,0.09011860191822052,0
test_protein_5577,1.0,0.3204163908958435,0
test_protein_5578,0.0,0.014634361490607262,0
test_protein_5579,0.0,0.022662438452243805,0
test_protein_5580,0.0,0.005274197086691856,0
test_protein_5581,0.0,0.39994505047798157,0
test_protein_5582,0.0,0.0012306002900004387,0
test_protein_5583,1.0,0.2487405240535736,0
test_protein_5584,0.0,0.1508050560951233,0
test_protein_5585,0.0,0.017898542806506157,0
test_protein_5586,0.0,0.13354063034057617,0
test_protein_5587,1.0,0.500122606754303,1
test_protein_5588,1.0,0.6465122103691101,1
test_protein_5589,0.0,0.5266470909118652,1
test_protein_5590,0.0,0.9563764333724976,1
test_protein_5591,0.0,0.18595248460769653,0
test_protein_5592,0.0,0.0004903567605651915,0
test_protein_5593,0.0,0.004303699359297752,0
test_protein_5594,0.0,0.12899456918239594,0
test_protein_5595,0.0,0.0070389690808951855,0
test_protein_5596,1.0,0.5521464347839355,1
test_protein_5597,1.0,0.5612115859985352,1
test_protein_5598,0.0,0.9714543223381042,1
test_protein_5599,1.0,0.1719348430633545,0
test_protein_5600,0.0,0.04374432563781738,0
test_protein_5601,0.0,0.11755506694316864,0
test_protein_5602,0.0,0.48088589310646057,0
test_protein_5603,1.0,0.3302712142467499,0
test_protein_5604,0.0,0.012118474580347538,0
test_protein_5605,0.0,0.011226343922317028,0
test_protein_5606,0.0,0.25315093994140625,0
test_protein_5607,1.0,0.37716349959373474,0
test_protein_5608,1.0,0.12394635379314423,0
test_protein_5609,0.0,0.11715799570083618,0
test_protein_5610,0.0,0.35776829719543457,0
test_protein_5611,1.0,0.4866739511489868,0
test_protein_5612,0.0,0.42088988423347473,0
test_protein_5613,0.0,0.03915870189666748,0
test_protein_5614,0.0,0.11492332071065903,0
test_protein_5615,0.0,0.0204143226146698,0
test_protein_5616,0.0,0.3224140703678131,0
test_protein_5617,0.0,0.3456391394138336,0
test_protein_5618,0.0,0.13862216472625732,0
test_protein_5619,0.0,0.0016941732028499246,0
test_protein_5620,1.0,0.16513672471046448,0
test_protein_5621,1.0,0.4978436529636383,0
test_protein_5622,1.0,0.42342814803123474,0
test_protein_5623,0.0,0.31415677070617676,0
test_protein_5624,0.0,0.26675280928611755,0
test_protein_5625,1.0,0.0977587029337883,0
test_protein_5626,0.0,0.1458112597465515,0
test_protein_5627,0.0,0.2759334146976471,0
test_protein_5628,1.0,0.28884974122047424,0
test_protein_5629,0.0,0.3797950744628906,0
test_protein_5630,0.0,0.5197930335998535,1
test_protein_5631,0.0,0.41748616099357605,0
test_protein_5632,1.0,0.23785658180713654,0
test_protein_5633,1.0,0.02153416909277439,0
test_protein_5634,1.0,0.9580297470092773,1
test_protein_5635,0.0,0.13231216371059418,0
test_protein_5636,0.0,0.4296416938304901,0
test_protein_5637,0.0,0.14221282303333282,0
test_protein_5638,1.0,0.33021998405456543,0
test_protein_5639,1.0,0.30044952034950256,0
test_protein_5640,0.0,0.04484454169869423,0
test_protein_5641,0.0,0.009727856144309044,0
test_protein_5642,1.0,0.3934880495071411,0
test_protein_5643,0.0,0.20792295038700104,0
test_protein_5644,1.0,0.34922850131988525,0
test_protein_5645,0.0,0.2491166591644287,0
test_protein_5646,1.0,0.34333890676498413,0
test_protein_5647,0.0,0.22394801676273346,0
test_protein_5648,0.0,0.020065899938344955,0
test_protein_5649,1.0,0.2944090664386749,0
test_protein_5650,1.0,0.44366419315338135,0
test_protein_5651,0.0,0.6964534521102905,1
test_protein_5652,0.0,0.3733412027359009,0
test_protein_5653,0.0,0.6213133931159973,1
test_protein_5654,0.0,0.0025293580256402493,0
test_protein_5655,0.0,0.16479575634002686,0
test_protein_5656,0.0,0.03348249942064285,0
test_protein_5657,0.0,0.0005258216406218708,0
test_protein_5658,0.0,0.6944394707679749,1
test_protein_5659,1.0,0.0008025518618524075,0
test_protein_5660,1.0,0.6450428366661072,1
test_protein_5661,1.0,0.009580207988619804,0
test_protein_5662,0.0,0.22694848477840424,0
test_protein_5663,0.0,0.5422927737236023,1
test_protein_5664,0.0,0.6417463421821594,1
test_protein_5665,1.0,0.5498726963996887,1
test_protein_5666,0.0,0.28320789337158203,0
test_protein_5667,0.0,0.38091281056404114,0
test_protein_5668,1.0,0.510565459728241,1
test_protein_5669,1.0,0.13541485369205475,0
test_protein_5670,0.0,0.07585934549570084,0
test_protein_5671,0.0,0.0058243065141141415,0
test_protein_5672,0.0,0.0625050961971283,0
test_protein_5673,0.0,0.0008692617411725223,0
test_protein_5674,1.0,0.04407484084367752,0
test_protein_5675,1.0,0.41358616948127747,0
test_protein_5676,0.0,0.26955685019493103,0
test_protein_5677,0.0,0.5457433462142944,1
test_protein_5678,1.0,0.33092567324638367,0
test_protein_5679,0.0,0.8322589993476868,1
test_protein_5680,1.0,0.3897317349910736,0
test_protein_5681,1.0,0.3960994780063629,0
test_protein_5682,0.0,0.06514976918697357,0
test_protein_5683,1.0,0.41738200187683105,0
test_protein_5684,0.0,0.001013812841847539,0
test_protein_5685,0.0,0.0009787569288164377,0
test_protein_5686,0.0,0.2918090224266052,0
test_protein_5687,0.0,0.6565003395080566,1
test_protein_5688,0.0,0.7119038701057434,1
test_protein_5689,0.0,0.43077537417411804,0
test_protein_5690,1.0,0.6374638080596924,1
test_protein_5691,1.0,0.5471356511116028,1
test_protein_5692,0.0,0.3889217674732208,0
test_protein_5693,1.0,0.4190514385700226,0
test_protein_5694,0.0,0.05526106804609299,0
test_protein_5695,1.0,0.047583505511283875,0
test_protein_5696,0.0,0.14982490241527557,0
test_protein_5697,0.0,0.22341646254062653,0
test_protein_5698,1.0,0.6048464179039001,1
test_protein_5699,0.0,0.26416948437690735,0
test_protein_5700,1.0,0.48292654752731323,0
test_protein_5701,0.0,0.08957424759864807,0
test_protein_5702,1.0,0.02443131059408188,0
test_protein_5703,0.0,0.12439774721860886,0
test_protein_5704,0.0,0.0008632729295641184,0
test_protein_5705,0.0,0.0012887947959825397,0
test_protein_5706,0.0,0.506548285484314,1
test_protein_5707,1.0,0.595659077167511,1
test_protein_5708,0.0,0.35872820019721985,0
test_protein_5709,0.0,0.6767128109931946,1
test_protein_5710,0.0,0.6315171718597412,1
test_protein_5711,1.0,0.23123371601104736,0
test_protein_5712,0.0,0.18197624385356903,0
test_protein_5713,1.0,0.3695127069950104,0
test_protein_5714,0.0,0.3108684718608856,0
test_protein_5715,0.0,0.23020632565021515,0
test_protein_5716,0.0,0.001312299515120685,0
test_protein_5717,1.0,0.2958480715751648,0
test_protein_5718,1.0,0.11543373018503189,0
test_protein_5719,1.0,0.25500234961509705,0
test_protein_5720,1.0,0.533595621585846,1
test_protein_5721,1.0,0.25476938486099243,0
test_protein_5722,0.0,0.3195995092391968,0
test_protein_5723,0.0,0.10629889369010925,0
test_protein_5724,0.0,0.020729688927531242,0
test_protein_5725,0.0,0.0006569758406840265,0
test_protein_5726,1.0,0.3259243071079254,0
test_protein_5727,0.0,0.0009708830039016902,0
test_protein_5728,0.0,0.5686946511268616,1
test_protein_5729,0.0,0.9177172183990479,1
test_protein_5730,0.0,0.3375573456287384,0
test_protein_5731,1.0,0.8757354617118835,1
test_protein_5732,1.0,0.018926557153463364,0
test_protein_5733,1.0,0.8813871741294861,1
test_protein_5734,0.0,0.004225846845656633,0
test_protein_5735,0.0,0.056372758001089096,0
test_protein_5736,0.0,0.03136412426829338,0
test_protein_5737,0.0,0.35427430272102356,0
test_protein_5738,1.0,0.39038482308387756,0
test_protein_5739,1.0,0.3878122568130493,0
test_protein_5740,0.0,0.144371896982193,0
test_protein_5741,0.0,0.0007137279608286917,0
test_protein_5742,0.0,0.3160567283630371,0
test_protein_5743,1.0,0.9163405895233154,1
test_protein_5744,1.0,0.2906334400177002,0
test_protein_5745,0.0,0.0004743439785670489,0
test_protein_5746,0.0,0.0007715703686699271,0
test_protein_5747,0.0,0.004156314767897129,0
test_protein_5748,0.0,0.3601943552494049,0
test_protein_5749,0.0,0.0016854744171723723,0
test_protein_5750,0.0,0.5796133279800415,1
test_protein_5751,1.0,0.47749847173690796,0
test_protein_5752,1.0,0.8297789692878723,1
test_protein_5753,0.0,0.5254572033882141,1
test_protein_5754,1.0,0.22021476924419403,0
test_protein_5755,0.0,0.5182374119758606,1
test_protein_5756,1.0,0.1842128038406372,0
test_protein_5757,0.0,0.049125317484140396,0
test_protein_5758,0.0,0.2565847933292389,0
test_protein_5759,0.0,0.03431391343474388,0
test_protein_5760,0.0,0.29230427742004395,0
test_protein_5761,0.0,0.005434337537735701,0
test_protein_5762,1.0,0.11678097397089005,0
test_protein_5763,1.0,0.1913345456123352,0
test_protein_5764,0.0,0.0008197368588298559,0
test_protein_5765,0.0,0.0006348498864099383,0
test_protein_5766,1.0,0.3159860074520111,0
test_protein_5767,0.0,0.027067292481660843,0
test_protein_5768,0.0,0.40510866045951843,0
test_protein_5769,1.0,0.4086979031562805,0
test_protein_5770,1.0,0.022033968940377235,0
test_protein_5771,0.0,0.011807066388428211,0
test_protein_5772,1.0,0.3118072748184204,0
test_protein_5773,1.0,0.08190774917602539,0
test_protein_5774,1.0,0.4964886009693146,0
test_protein_5775,0.0,0.4989587366580963,0
test_protein_5776,0.0,0.0916675254702568,0
test_protein_5777,1.0,0.8897976875305176,1
test_protein_5778,1.0,0.5267053842544556,1
test_protein_5779,0.0,0.19861260056495667,0
test_protein_5780,0.0,0.019492339342832565,0
test_protein_5781,1.0,0.8642538785934448,1
test_protein_5782,1.0,0.3722144663333893,0
test_protein_5783,1.0,0.6184089183807373,1
test_protein_5784,0.0,0.2892839014530182,0
test_protein_5785,1.0,0.2339823991060257,0
test_protein_5786,0.0,0.3167174160480499,0
test_protein_5787,0.0,0.005313896108418703,0
test_protein_5788,1.0,0.16803708672523499,0
test_protein_5789,1.0,0.3374057710170746,0
test_protein_5790,0.0,0.17678163945674896,0
test_protein_5791,1.0,0.3319566249847412,0
test_protein_5792,0.0,0.0009810050250962377,0
test_protein_5793,0.0,0.017612019553780556,0
test_protein_5794,1.0,0.20134921371936798,0
test_protein_5795,0.0,0.01893993280827999,0
test_protein_6060,0.0,0.028311489149928093,0
test_protein_6061,0.0,0.06445673108100891,0
test_protein_6062,0.0,0.48451244831085205,0
test_protein_6063,0.0,0.0036208098754286766,0
test_protein_6064,0.0,0.21111181378364563,0
test_protein_6065,0.0,0.17422956228256226,0
test_protein_6066,0.0,0.9115687012672424,1
test_protein_6067,0.0,0.6075166463851929,1
test_protein_6068,0.0,0.6178207993507385,1
test_protein_6069,0.0,0.010902687907218933,0
test_protein_6070,0.0,0.2781992554664612,0
test_protein_6071,0.0,0.03275161609053612,0
test_protein_6072,0.0,0.15007692575454712,0
test_protein_6073,0.0,0.4712396264076233,0
test_protein_6074,0.0,0.02524259127676487,0
test_protein_6075,0.0,0.6619644165039062,1
test_protein_6076,0.0,0.01615753397345543,0
test_protein_6077,0.0,0.16579633951187134,0
test_protein_6078,0.0,0.4718884527683258,0
test_protein_6079,0.0,0.5833480358123779,1
test_protein_6080,0.0,0.07082430273294449,0
test_protein_6081,0.0,0.014669339172542095,0
test_protein_6082,0.0,0.09019503742456436,0
test_protein_6083,0.0,0.5100437998771667,1
test_protein_6084,0.0,0.21441806852817535,0
test_protein_6085,0.0,0.12893308699131012,0
test_protein_6086,0.0,0.4545338749885559,0
test_protein_6087,0.0,0.16002541780471802,0
test_protein_6088,0.0,0.02177688479423523,0
test_protein_6089,0.0,0.5797454118728638,1
test_protein_6090,0.0,0.28711292147636414,0
test_protein_6091,0.0,0.020813291892409325,0
test_protein_6092,0.0,0.0831516683101654,0
test_protein_6093,0.0,0.25021445751190186,0
test_protein_6094,0.0,0.008102347142994404,0
test_protein_6095,0.0,0.046812333166599274,0
test_protein_6096,0.0,0.01755758561193943,0
test_protein_6097,0.0,0.47702518105506897,0
test_protein_6098,0.0,0.10450823605060577,0
test_protein_6099,0.0,0.19972415268421173,0
test_protein_6100,0.0,0.021903667598962784,0
test_protein_6101,0.0,0.2063845694065094,0
test_protein_6102,0.0,0.027591345831751823,0
test_protein_6103,0.0,0.4122026860713959,0
test_protein_6104,0.0,0.1585034877061844,0
test_protein_6105,0.0,0.3225167989730835,0
test_protein_6106,0.0,0.012280249036848545,0
test_protein_6107,0.0,0.30985134840011597,0
test_protein_6108,0.0,0.5267874598503113,1
test_protein_6109,0.0,0.31515127420425415,0
test_protein_6110,0.0,0.602087676525116,1
test_protein_6111,0.0,0.612321138381958,1
test_protein_6112,0.0,0.23818020522594452,0
test_protein_6113,0.0,0.12682539224624634,0
test_protein_6114,0.0,0.2582048773765564,0
test_protein_6115,0.0,0.5359914302825928,1
test_protein_6116,0.0,0.026622550562024117,0
test_protein_6117,0.0,0.13971421122550964,0
test_protein_6118,0.0,0.4358214735984802,0
test_protein_6119,0.0,0.46165868639945984,0
test_protein_6120,0.0,0.6055317521095276,1
test_protein_6121,0.0,0.008986103348433971,0
test_protein_6122,0.0,0.04654981568455696,0
test_protein_6123,0.0,0.04735122248530388,0
test_protein_6124,0.0,0.36474505066871643,0
test_protein_6125,0.0,0.30175963044166565,0
test_protein_6126,0.0,0.3378228545188904,0
test_protein_6127,0.0,0.525722861289978,1
test_protein_6128,0.0,0.3499780297279358,0
test_protein_6129,0.0,0.006199767347425222,0
test_protein_6130,0.0,0.01419923361390829,0
test_protein_6131,0.0,0.3286058306694031,0
test_protein_6132,0.0,0.012396733276546001,0
test_protein_6133,0.0,0.06995640695095062,0
test_protein_6134,0.0,0.3320525288581848,0
test_protein_6135,0.0,0.17097750306129456,0
test_protein_6136,0.0,0.14602623879909515,0
test_protein_6137,0.0,0.13527168333530426,0
test_protein_6138,0.0,0.1953658014535904,0
test_protein_6139,0.0,0.060052722692489624,0
test_protein_6140,0.0,0.08343996852636337,0
test_protein_6141,0.0,0.602515697479248,1
test_protein_6142,0.0,0.015255997888743877,0
test_protein_6143,0.0,0.3180091977119446,0
test_protein_6144,0.0,0.351193904876709,0
test_protein_6145,0.0,0.028958389535546303,0
test_protein_6146,0.0,0.05946526676416397,0
test_protein_6147,0.0,0.8265482783317566,1
test_protein_6148,0.0,0.019868774339556694,0
test_protein_6149,0.0,0.028058722615242004,0
test_protein_6150,0.0,0.0348803736269474,0
test_protein_6151,0.0,0.02064833790063858,0
test_protein_6152,0.0,0.8908903002738953,1
test_protein_6153,0.0,0.1064763143658638,0
test_protein_6154,0.0,0.24026042222976685,0
test_protein_6155,0.0,0.37271881103515625,0
test_protein_6156,0.0,0.29524654150009155,0
test_protein_6157,0.0,0.20447519421577454,0
test_protein_6158,0.0,0.7939983010292053,1
test_protein_6159,0.0,0.0960414782166481,0
test_protein_6160,0.0,0.7807132005691528,1
test_protein_6161,0.0,0.32755783200263977,0
test_protein_6162,0.0,0.4962135851383209,0
test_protein_6163,0.0,0.27056512236595154,0
test_protein_6164,0.0,0.02673863247036934,0
test_protein_6165,0.0,0.5533638000488281,1
test_protein_6166,0.0,0.1449536830186844,0
test_protein_6167,0.0,0.33013033866882324,0
test_protein_6168,0.0,0.5367082953453064,1
test_protein_6169,0.0,0.24149736762046814,0
test_protein_6170,0.0,0.06270156055688858,0
test_protein_6171,0.0,0.031918615102767944,0
test_protein_6172,0.0,0.18191386759281158,0
test_protein_6173,0.0,0.10706621408462524,0
test_protein_6174,0.0,0.00591455539688468,0
test_protein_6175,0.0,0.04180673509836197,0
test_protein_6176,0.0,0.042833972722291946,0
test_protein_6177,0.0,0.015893423929810524,0
test_protein_6178,0.0,0.13653123378753662,0
test_protein_6179,0.0,0.12166718393564224,0
test_protein_6180,0.0,0.36196255683898926,0
test_protein_6181,0.0,0.6456192135810852,1
test_protein_6182,0.0,0.758376955986023,1
test_protein_6183,0.0,0.13024470210075378,0
test_protein_6184,0.0,0.5213825106620789,1
test_protein_6185,0.0,0.09100749343633652,0
test_protein_6186,0.0,0.08921907097101212,0
test_protein_6187,0.0,0.14597739279270172,0
test_protein_6188,0.0,0.027176164090633392,0
test_protein_6189,0.0,0.06051279604434967,0
test_protein_6190,0.0,0.02559139020740986,0
test_protein_6191,0.0,0.36617565155029297,0
test_protein_6192,0.0,0.12365542352199554,0
test_protein_6193,0.0,0.1423349231481552,0
test_protein_6194,0.0,0.24979530274868011,0
test_protein_6195,0.0,0.4213964641094208,0
test_protein_6196,0.0,0.21674780547618866,0
test_protein_6197,0.0,0.11479248851537704,0
test_protein_6198,0.0,0.01570969447493553,0
test_protein_6199,0.0,0.7908620834350586,1
test_protein_6200,0.0,0.581064760684967,1
test_protein_6201,0.0,0.05889366194605827,0
test_protein_6202,0.0,0.062011923640966415,0
test_protein_6203,0.0,0.7934852838516235,1
test_protein_6204,0.0,0.2035502791404724,0
test_protein_6205,0.0,0.25689804553985596,0
test_protein_6206,0.0,0.08188189566135406,0
test_protein_6207,0.0,0.2092975229024887,0
test_protein_6208,0.0,0.4889180660247803,0
test_protein_6209,0.0,0.06590644270181656,0
test_protein_6210,0.0,0.4911714494228363,0
test_protein_6211,0.0,0.3705292046070099,0
test_protein_6212,0.0,0.07444773614406586,0
test_protein_6213,0.0,0.1378834992647171,0
test_protein_6214,0.0,0.11556535214185715,0
test_protein_6215,0.0,0.026449117809534073,0
test_protein_6216,0.0,0.5228981971740723,1
test_protein_6217,0.0,0.6346567869186401,1
test_protein_6218,0.0,0.028137296438217163,0
test_protein_6219,0.0,0.058179378509521484,0
test_protein_6220,0.0,0.11434587091207504,0
test_protein_6221,0.0,0.162872776389122,0
test_protein_6222,0.0,0.1911114752292633,0
test_protein_6223,0.0,0.017660347744822502,0
test_protein_6224,0.0,0.08726109564304352,0
test_protein_6225,0.0,0.03356030210852623,0
test_protein_6226,0.0,0.3862673342227936,0
test_protein_6227,0.0,0.27478957176208496,0
test_protein_6228,0.0,0.3089366555213928,0
test_protein_6229,0.0,0.04411601275205612,0
test_protein_6230,0.0,0.864712655544281,1
test_protein_6231,0.0,0.033087801188230515,0
test_protein_6232,0.0,0.22877195477485657,0
test_protein_6233,0.0,0.46134334802627563,0
test_protein_6234,0.0,0.07858514785766602,0
test_protein_6235,0.0,0.025364749133586884,0
test_protein_6236,0.0,0.3890850245952606,0
test_protein_6237,0.0,0.28259921073913574,0
test_protein_6238,0.0,0.03169464319944382,0
test_protein_6239,0.0,0.02293330803513527,0
test_protein_6240,0.0,0.6086035966873169,1
test_protein_6241,0.0,0.028768407180905342,0
test_protein_6242,0.0,0.5782182216644287,1
test_protein_6243,0.0,0.014790347777307034,0
test_protein_6244,0.0,0.08512026071548462,0
test_protein_6245,0.0,0.1449090838432312,0
test_protein_6246,0.0,0.05586053803563118,0
test_protein_6247,0.0,0.3374573588371277,0
test_protein_6248,0.0,0.04217557609081268,0
test_protein_6249,0.0,0.07735734432935715,0
test_protein_6250,0.0,0.28942352533340454,0
test_protein_6251,0.0,0.6175328493118286,1
test_protein_6252,0.0,0.01381103415042162,0
test_protein_6253,0.0,0.06687117367982864,0
test_protein_6254,0.0,0.1633809506893158,0
test_protein_6255,0.0,0.16604669392108917,0
test_protein_6256,0.0,0.045535825192928314,0
test_protein_6257,0.0,0.34570980072021484,0
test_protein_6258,0.0,0.08918208628892899,0
test_protein_6259,0.0,0.01994052156805992,0
test_protein_6260,0.0,0.4908447861671448,0
test_protein_6261,0.0,0.5675700306892395,1
test_protein_6262,0.0,0.12072871625423431,0
test_protein_6263,0.0,0.010472005233168602,0
test_protein_6264,0.0,0.5180926322937012,1
test_protein_6265,0.0,0.06258480995893478,0
test_protein_6266,0.0,0.023091107606887817,0
test_protein_6267,0.0,0.07744184881448746,0
test_protein_6268,0.0,0.09390632808208466,0
test_protein_6269,0.0,0.0855899527668953,0
test_protein_6270,0.0,0.1670186072587967,0
test_protein_6271,0.0,0.04176769405603409,0
test_protein_6272,0.0,0.20869500935077667,0
test_protein_6273,0.0,0.21678844094276428,0
test_protein_6274,0.0,0.12232267111539841,0
test_protein_6275,0.0,0.06613822281360626,0
test_protein_6276,0.0,0.06228550523519516,0
test_protein_6277,0.0,0.5653321743011475,1
test_protein_6278,0.0,0.06590396910905838,0
test_protein_6279,0.0,0.7029877305030823,1
test_protein_6280,0.0,0.8168132305145264,1
test_protein_6281,0.0,0.3264787197113037,0
test_protein_6282,0.0,0.2846504747867584,0
test_protein_6283,0.0,0.24241885542869568,0
test_protein_6284,0.0,0.039398372173309326,0
test_protein_6285,0.0,0.29701802134513855,0
test_protein_6286,0.0,0.338853657245636,0
test_protein_6287,0.0,0.032226670533418655,0
test_protein_6288,0.0,0.02028799243271351,0
test_protein_6289,0.0,0.01452019065618515,0
test_protein_6290,0.0,0.0224577859044075,0
test_protein_6291,0.0,0.21816076338291168,0
test_protein_6292,0.0,0.0922626331448555,0
test_protein_6293,0.0,0.4472920298576355,0
test_protein_6294,0.0,0.5407025814056396,1
test_protein_6295,0.0,0.6637012362480164,1
test_protein_6296,0.0,0.10225103795528412,0
test_protein_6297,0.0,0.03045324794948101,0
test_protein_6298,0.0,0.22713057696819305,0
test_protein_6299,0.0,0.005211444105952978,0
test_protein_6300,0.0,0.446554958820343,0
test_protein_6301,0.0,0.3306788206100464,0
test_protein_6302,0.0,0.2474106401205063,0
test_protein_6303,0.0,0.9053317308425903,1
test_protein_6304,0.0,0.25108128786087036,0
test_protein_6305,0.0,0.05466976389288902,0
test_protein_6306,0.0,0.03125577047467232,0
test_protein_6307,0.0,0.12418153882026672,0
test_protein_6308,0.0,0.05452005937695503,0
test_protein_6309,0.0,0.10119875520467758,0
test_protein_6310,0.0,0.29721298813819885,0
test_protein_6311,0.0,0.23903368413448334,0
test_protein_6312,0.0,0.07676642388105392,0
test_protein_6313,0.0,0.09754122793674469,0
test_protein_6314,0.0,0.6395407319068909,1
test_protein_6315,0.0,0.3273625671863556,0
test_protein_6316,0.0,0.060637492686510086,0
test_protein_6317,0.0,0.19453810155391693,0
test_protein_6318,0.0,0.5041325688362122,1
test_protein_6319,0.0,0.08679648488759995,0
test_protein_6320,0.0,0.5000470876693726,1
test_protein_6321,0.0,0.14094310998916626,0
test_protein_6322,0.0,0.5485675930976868,1
test_protein_6323,0.0,0.1639011800289154,0
test_protein_6324,0.0,0.22560952603816986,0
test_protein_6325,0.0,0.45083656907081604,0
test_protein_6326,0.0,0.20004600286483765,0
test_protein_6327,0.0,0.05116903781890869,0
test_protein_6328,0.0,0.7399483323097229,1
test_protein_6329,0.0,0.05500546470284462,0
test_protein_6330,0.0,0.00759096909314394,0
test_protein_6331,0.0,0.01641209051012993,0
test_protein_6332,0.0,0.13823668658733368,0
test_protein_6333,0.0,0.10028047114610672,0
test_protein_6334,0.0,0.3681151866912842,0
test_protein_6335,0.0,0.44063156843185425,0
test_protein_6336,0.0,0.016937416046857834,0
test_protein_6337,0.0,0.4274720847606659,0
test_protein_6338,0.0,0.13629861176013947,0
test_protein_6339,0.0,0.657762885093689,1
test_protein_6340,0.0,0.02769475430250168,0
test_protein_6341,0.0,0.13756459951400757,0
test_protein_6342,0.0,0.21484488248825073,0
test_protein_6343,0.0,0.28385207056999207,0
test_protein_6344,0.0,0.1805076003074646,0
test_protein_6345,0.0,0.017038719728589058,0
test_protein_6346,0.0,0.1238437220454216,0
test_protein_6347,0.0,0.06729777902364731,0
test_protein_6348,0.0,0.075461246073246,0
test_protein_6349,0.0,0.288943886756897,0
test_protein_6350,0.0,0.110609270632267,0
test_protein_6351,0.0,0.6841141581535339,1
test_protein_6352,0.0,0.06977979093790054,0
test_protein_6353,0.0,0.025864673778414726,0
test_protein_6354,0.0,0.12690803408622742,0
test_protein_6355,0.0,0.8215534687042236,1
test_protein_6356,0.0,0.04683438688516617,0
test_protein_6357,0.0,0.9689393639564514,1
test_protein_6358,0.0,0.847701907157898,1
test_protein_6359,0.0,0.4858529567718506,0
test_protein_6360,0.0,0.725093424320221,1
test_protein_6361,0.0,0.29134178161621094,0
test_protein_6362,0.0,0.49708425998687744,0
test_protein_6363,0.0,0.010204141028225422,0
test_protein_6364,0.0,0.026655646041035652,0
test_protein_6365,0.0,0.015155171044170856,0
test_protein_6366,0.0,0.7224706411361694,1
test_protein_6367,0.0,0.017728466540575027,0
test_protein_6368,0.0,0.037853844463825226,0
test_protein_6369,0.0,0.1990170031785965,0
test_protein_6370,0.0,0.7607783675193787,1
test_protein_6371,0.0,0.026006333529949188,0
test_protein_6372,0.0,0.806678831577301,1
test_protein_6373,0.0,0.08307366073131561,0
test_protein_6374,0.0,0.02824229933321476,0
test_protein_6375,0.0,0.26659178733825684,0
test_protein_6376,0.0,0.012483238242566586,0
test_protein_6377,0.0,0.08494231849908829,0
test_protein_6378,0.0,0.06391982734203339,0
test_protein_6379,0.0,0.1012762188911438,0
test_protein_6380,0.0,0.03209280967712402,0
test_protein_6381,0.0,0.41195887327194214,0
test_protein_6382,0.0,0.07780507951974869,0
test_protein_6383,0.0,0.012439907528460026,0
test_protein_6384,0.0,0.25566941499710083,0
test_protein_6385,0.0,0.29293471574783325,0
test_protein_6386,0.0,0.4886491000652313,0
test_protein_6387,0.0,0.7445409297943115,1
test_protein_6388,0.0,0.04248128831386566,0
test_protein_6389,0.0,0.05000047758221626,0
test_protein_6390,0.0,0.45969918370246887,0
test_protein_6391,0.0,0.0277386624366045,0
test_protein_6392,0.0,0.03096977435052395,0
test_protein_6393,0.0,0.41521185636520386,0
test_protein_6394,0.0,0.5035237073898315,1
test_protein_6395,0.0,0.5567144751548767,1
test_protein_6396,0.0,0.13654859364032745,0
test_protein_6397,0.0,0.5142650604248047,1
test_protein_6398,0.0,0.5247820615768433,1
test_protein_6399,0.0,0.6763126850128174,1
test_protein_6400,0.0,0.16852155327796936,0
test_protein_6401,0.0,0.08668437600135803,0
test_protein_6402,0.0,0.19065333902835846,0
test_protein_6403,0.0,0.2481970638036728,0
test_protein_6404,0.0,0.3950045704841614,0
test_protein_6405,0.0,0.0351739302277565,0
test_protein_6406,0.0,0.050108037889003754,0
test_protein_6407,0.0,0.035712871700525284,0
test_protein_6408,0.0,0.775860607624054,1
test_protein_6409,0.0,0.024134308099746704,0
test_protein_6410,0.0,0.7460627555847168,1
test_protein_6411,0.0,0.5040755271911621,1
test_protein_6412,0.0,0.026576781645417213,0
test_protein_6413,0.0,0.6819719076156616,1
test_protein_6414,0.0,0.6287055015563965,1
test_protein_6415,0.0,0.5595177412033081,1
test_protein_6416,0.0,0.0015568407252430916,0
test_protein_6417,0.0,0.087558314204216,0
test_protein_6418,0.0,0.02939879149198532,0
test_protein_6419,0.0,0.2079557627439499,0
test_protein_6420,0.0,0.05142633616924286,0
test_protein_6421,0.0,0.39999839663505554,0
test_protein_6422,0.0,0.44690901041030884,0
test_protein_6423,0.0,0.09197743237018585,0
test_protein_6424,0.0,0.5912103652954102,1
test_protein_6425,0.0,0.06484942883253098,0
test_protein_6426,0.0,0.29218801856040955,0
test_protein_6427,0.0,0.03370828554034233,0
test_protein_6428,0.0,0.2712394595146179,0
test_protein_6429,0.0,0.6491696834564209,1
test_protein_6430,0.0,0.3173639476299286,0
test_protein_6431,0.0,0.342678964138031,0
test_protein_6432,0.0,0.7229810357093811,1
test_protein_6433,0.0,0.13555103540420532,0
test_protein_6434,0.0,0.43188995122909546,0
test_protein_6435,0.0,0.05482001230120659,0
test_protein_6436,0.0,0.5822353363037109,1
test_protein_6437,0.0,0.4323749244213104,0
test_protein_6438,0.0,0.25796881318092346,0
test_protein_6439,0.0,0.11059419810771942,0
test_protein_6440,0.0,0.12597613036632538,0
test_protein_6441,0.0,0.00633290596306324,0
test_protein_6442,0.0,0.40143877267837524,0
test_protein_6443,0.0,0.0018905705073848367,0
test_protein_6444,0.0,0.18573008477687836,0
test_protein_6445,0.0,0.023688990622758865,0
test_protein_6446,0.0,0.012929147109389305,0
test_protein_6447,0.0,0.33123156428337097,0
test_protein_6448,0.0,0.47151508927345276,0
test_protein_6449,0.0,0.6636140942573547,1
test_protein_6450,0.0,0.27652788162231445,0
test_protein_6451,0.0,0.012983865104615688,0
test_protein_6452,0.0,0.4034017026424408,0
test_protein_6453,0.0,0.1169472187757492,0
test_protein_6454,0.0,0.3739297389984131,0
test_protein_6455,0.0,0.3945996165275574,0
test_protein_6456,0.0,0.056598905473947525,0
test_protein_6457,0.0,0.03485826775431633,0
test_protein_6458,0.0,0.18487326800823212,0
test_protein_6459,0.0,0.03943539410829544,0
test_protein_6460,0.0,0.6035444736480713,1
test_protein_6461,0.0,0.04019416496157646,0
test_protein_6462,0.0,0.27998989820480347,0
test_protein_6463,0.0,0.10883886367082596,0
test_protein_6464,0.0,0.5871522426605225,1
test_protein_6465,0.0,0.08540943264961243,0
test_protein_6466,0.0,0.4254298210144043,0
test_protein_6467,0.0,0.39414533972740173,0
test_protein_6468,0.0,0.41811180114746094,0
test_protein_6469,0.0,0.031034167855978012,0
test_protein_6470,0.0,0.35368257761001587,0
test_protein_6471,0.0,0.49883463978767395,0
test_protein_6472,0.0,0.5537995100021362,1
test_protein_6473,0.0,0.16911320388317108,0
test_protein_6474,0.0,0.6786684393882751,1
test_protein_6475,0.0,0.5481760501861572,1
test_protein_6476,0.0,0.025838308036327362,0
test_protein_6477,0.0,0.19184665381908417,0
test_protein_6478,0.0,0.3822580873966217,0
test_protein_6479,0.0,0.04282934591174126,0
test_protein_6480,0.0,0.1622210592031479,0
test_protein_6481,0.0,0.33169862627983093,0
test_protein_6482,0.0,0.3091321289539337,0
test_protein_6483,0.0,0.40215781331062317,0
test_protein_6484,0.0,0.10292217880487442,0
test_protein_6485,0.0,0.22282984852790833,0
test_protein_6486,0.0,0.20309244096279144,0
test_protein_6487,0.0,0.28363150358200073,0
test_protein_6488,0.0,0.24489156901836395,0
test_protein_6489,0.0,0.4453139007091522,0
test_protein_6490,0.0,0.7670736312866211,1
test_protein_6491,0.0,0.0746307522058487,0
test_protein_6492,0.0,0.708489716053009,1
test_protein_6493,0.0,0.09018246829509735,0
test_protein_6494,0.0,0.3551909327507019,0
test_protein_6495,0.0,0.23154745995998383,0
test_protein_6496,0.0,0.3733704388141632,0
test_protein_6497,0.0,0.03323586285114288,0
test_protein_6498,0.0,0.03460017964243889,0
test_protein_6499,0.0,0.32024210691452026,0
test_protein_6500,0.0,0.1261315792798996,0
test_protein_6501,0.0,0.34513676166534424,0
test_protein_6502,0.0,0.01885306090116501,0
test_protein_6503,0.0,0.11062183976173401,0
test_protein_6504,0.0,0.14616037905216217,0
test_protein_6505,0.0,0.8149682283401489,1
test_protein_6506,0.0,0.6404588222503662,1
test_protein_6507,0.0,0.16415780782699585,0
test_protein_6508,0.0,0.3672124445438385,0
test_protein_6509,0.0,0.44422903656959534,0
test_protein_6510,0.0,0.4879395663738251,0
test_protein_6511,0.0,0.49378690123558044,0
test_protein_6512,0.0,0.7640399932861328,1
test_protein_6513,0.0,0.09647419303655624,0
test_protein_6514,0.0,0.08148975670337677,0
test_protein_6515,0.0,0.017444569617509842,0
test_protein_6516,0.0,0.23208747804164886,0
test_protein_6517,0.0,0.2733093500137329,0
test_protein_6518,0.0,0.2024250030517578,0
test_protein_6519,0.0,0.053940899670124054,0
test_protein_6520,0.0,0.10292410105466843,0
test_protein_6521,0.0,0.08175944536924362,0
test_protein_6522,0.0,0.42017561197280884,0
test_protein_6523,0.0,0.022849401459097862,0
test_protein_6524,0.0,0.35457226634025574,0
test_protein_6525,0.0,0.13171535730361938,0
test_protein_6526,0.0,0.27517661452293396,0
test_protein_6527,0.0,0.3591451644897461,0
test_protein_6528,0.0,0.2268640398979187,0
test_protein_6529,0.0,0.04308812692761421,0
test_protein_6530,0.0,0.10493458062410355,0
test_protein_6531,0.0,0.34530672430992126,0
test_protein_6532,0.0,0.9101060032844543,1
test_protein_6533,0.0,0.6008950471878052,1
test_protein_6534,0.0,0.2048460841178894,0
test_protein_6535,0.0,0.014148229733109474,0
test_protein_6536,0.0,0.1576036661863327,0
test_protein_6537,0.0,0.01063114870339632,0
test_protein_6538,0.0,0.4414128363132477,0
test_protein_6539,0.0,0.026899201795458794,0
test_protein_6540,0.0,0.3561420142650604,0
test_protein_6541,0.0,0.3297134041786194,0
test_protein_6542,0.0,0.23901379108428955,0
test_protein_6543,0.0,0.25648069381713867,0
test_protein_6544,0.0,0.2003135085105896,0
test_protein_6545,0.0,0.14517292380332947,0
test_protein_6546,0.0,0.09745914489030838,0
test_protein_6547,0.0,0.5214635729789734,1
test_protein_6548,0.0,0.2100953459739685,0
test_protein_6549,0.0,0.04976033791899681,0
test_protein_6550,0.0,0.05248698219656944,0
test_protein_6551,0.0,0.028213094919919968,0
test_protein_6552,0.0,0.12141743302345276,0
test_protein_6553,0.0,0.32027286291122437,0
test_protein_6554,0.0,0.021284306421875954,0
test_protein_6555,0.0,0.5312931537628174,1
test_protein_6556,0.0,0.23367926478385925,0
test_protein_6557,0.0,0.016587132588028908,0
test_protein_6558,0.0,0.056209780275821686,0
test_protein_6559,0.0,0.0900072380900383,0
test_protein_6560,0.0,0.03064383752644062,0
test_protein_6561,0.0,0.3435531556606293,0
test_protein_6562,0.0,0.7050898671150208,1
test_protein_6563,0.0,0.7173372507095337,1
test_protein_6564,0.0,0.49526873230934143,0
test_protein_6565,0.0,0.11134732514619827,0
test_protein_6566,0.0,0.012884004972875118,0
test_protein_6567,0.0,0.3786381483078003,0
test_protein_6568,0.0,0.6284730434417725,1
test_protein_6569,0.0,0.025557775050401688,0
test_protein_6570,0.0,0.028759870678186417,0
test_protein_6571,0.0,0.18420399725437164,0
test_protein_6572,0.0,0.1704539656639099,0
test_protein_6573,0.0,0.3167377710342407,0
test_protein_6574,0.0,0.038188956677913666,0
test_protein_6575,0.0,0.011695891618728638,0
test_protein_6576,0.0,0.13903704285621643,0
test_protein_6577,0.0,0.33828696608543396,0
test_protein_6578,0.0,0.24121326208114624,0
test_protein_6579,0.0,0.5529364943504333,1
test_protein_6580,0.0,0.10126504302024841,0
test_protein_6581,0.0,0.37752172350883484,0
test_protein_6582,0.0,0.44065994024276733,0
test_protein_6583,0.0,0.07057690620422363,0
test_protein_6584,0.0,0.02464538998901844,0
test_protein_6585,0.0,0.31696462631225586,0
test_protein_6586,0.0,0.08922051638364792,0
test_protein_6587,0.0,0.007037982810288668,0
test_protein_6588,0.0,0.3700156807899475,0
test_protein_6589,0.0,0.2936250567436218,0
test_protein_6590,0.0,0.1403300166130066,0
test_protein_6591,0.0,0.0666431188583374,0
test_protein_6592,0.0,0.24122893810272217,0
test_protein_6593,0.0,0.13528253138065338,0
test_protein_6594,0.0,0.10562091320753098,0
test_protein_6595,0.0,0.3165474832057953,0
test_protein_6596,0.0,0.037791669368743896,0
test_protein_6597,0.0,0.18553069233894348,0
test_protein_6598,0.0,0.049314629286527634,0
test_protein_6599,0.0,0.03365907445549965,0
test_protein_6600,0.0,0.7733198404312134,1
test_protein_6601,0.0,0.11151774227619171,0
test_protein_6602,0.0,0.4522060751914978,0
test_protein_6603,0.0,0.5001060962677002,1
test_protein_6604,0.0,0.12536729872226715,0
test_protein_6605,0.0,0.1652606725692749,0
test_protein_6606,0.0,0.08176293969154358,0
test_protein_6607,0.0,0.08319705724716187,0
test_protein_6608,0.0,0.09333840012550354,0
test_protein_6609,0.0,0.16249312460422516,0
test_protein_6610,0.0,0.413698673248291,0
test_protein_6611,0.0,0.3697754740715027,0
test_protein_6612,0.0,0.5186252593994141,1
test_protein_6613,0.0,0.03718346357345581,0
test_protein_6614,0.0,0.17331068217754364,0
test_protein_6615,0.0,0.5627511143684387,1
test_protein_6616,0.0,0.22445687651634216,0
test_protein_6617,0.0,0.08997800201177597,0
test_protein_6618,0.0,0.03550924360752106,0
test_protein_6619,0.0,0.12395186722278595,0
test_protein_6620,0.0,0.09889393299818039,0
test_protein_6621,0.0,0.4139009416103363,0
test_protein_6622,0.0,0.4927594065666199,0
test_protein_6623,0.0,0.18297512829303741,0
test_protein_6624,0.0,0.203407883644104,0
test_protein_6625,0.0,0.738808274269104,1
test_protein_6626,0.0,0.5959184169769287,1
test_protein_6627,0.0,0.44474026560783386,0
test_protein_6628,0.0,0.2334846407175064,0
test_protein_6629,0.0,0.01125621423125267,0
test_protein_6630,0.0,0.717658519744873,1
test_protein_6631,0.0,0.10314057767391205,0
test_protein_6632,0.0,0.6666196584701538,1
test_protein_6633,0.0,0.5793820023536682,1
test_protein_6634,0.0,0.18429388105869293,0
test_protein_6635,0.0,0.13782921433448792,0
test_protein_6636,0.0,0.004743970464915037,0
test_protein_6637,0.0,0.47680968046188354,0
test_protein_6638,0.0,0.049606554210186005,0
test_protein_6639,0.0,0.2766076624393463,0
test_protein_6640,0.0,0.49742746353149414,0
test_protein_6641,0.0,0.621076762676239,1
test_protein_6642,0.0,0.15661713480949402,0
test_protein_6643,0.0,0.05685955286026001,0
test_protein_6644,0.0,0.11076673120260239,0
test_protein_6645,0.0,0.19841350615024567,0
test_protein_6646,0.0,0.836181104183197,1
test_protein_6647,0.0,0.3794247508049011,0
test_protein_6648,0.0,0.2732378840446472,0
test_protein_6649,0.0,0.414614200592041,0
test_protein_6650,0.0,0.051286567002534866,0
test_protein_6651,0.0,0.6241794228553772,1
test_protein_6652,0.0,0.8829421997070312,1
test_protein_6653,0.0,0.4369046688079834,0
test_protein_6654,0.0,0.856208324432373,1
test_protein_6655,0.0,0.6331343054771423,1
test_protein_6656,0.0,0.28951340913772583,0
test_protein_6657,0.0,0.5847672820091248,1
test_protein_6658,0.0,0.09022144228219986,0
test_protein_6659,0.0,0.0658726766705513,0
test_protein_6660,0.0,0.22612611949443817,0
test_protein_6661,0.0,0.40946003794670105,0
test_protein_6662,0.0,0.27517130970954895,0
test_protein_6663,0.0,0.2361374944448471,0
test_protein_6664,0.0,0.02275305986404419,0
test_protein_6665,0.0,0.07853801548480988,0
test_protein_6666,0.0,0.4866136312484741,0
test_protein_6667,0.0,0.024646421894431114,0
test_protein_6668,0.0,0.09379146248102188,0
test_protein_6669,0.0,0.3684430420398712,0
test_protein_6670,0.0,0.04580852761864662,0
test_protein_6671,0.0,0.0392192043364048,0
test_protein_6672,0.0,0.02609614096581936,0
test_protein_6673,0.0,0.2710700035095215,0
test_protein_6674,0.0,0.11555730551481247,0
test_protein_6675,0.0,0.31580761075019836,0
test_protein_6676,0.0,0.27812421321868896,0
test_protein_6677,0.0,0.3296350836753845,0
test_protein_6678,0.0,0.47012853622436523,0
test_protein_6679,0.0,0.02609981968998909,0
test_protein_6680,0.0,0.69224613904953,1
test_protein_6681,0.0,0.046431008726358414,0
test_protein_6682,0.0,0.12110122293233871,0
test_protein_6683,0.0,0.07975201308727264,0
test_protein_6684,0.0,0.026741517707705498,0
test_protein_6685,0.0,0.40728965401649475,0
test_protein_6686,0.0,0.02555319480597973,0
test_protein_6687,0.0,0.04481368139386177,0
test_protein_6688,0.0,0.02915159799158573,0
test_protein_6689,0.0,0.10686099529266357,0
test_protein_6690,0.0,0.4893459379673004,0
test_protein_6691,0.0,0.021824734285473824,0
test_protein_6692,0.0,0.16593965888023376,0
test_protein_6693,0.0,0.4700166881084442,0
test_protein_6694,0.0,0.22494418919086456,0
test_protein_6695,0.0,0.7568491101264954,1
test_protein_6696,0.0,0.06745139509439468,0
test_protein_6697,0.0,0.5368247032165527,1
test_protein_6698,0.0,0.47255823016166687,0
test_protein_6699,0.0,0.1590004414319992,0
test_protein_6700,0.0,0.6541946530342102,1
test_protein_6701,0.0,0.03792446106672287,0
test_protein_6702,0.0,0.7236950397491455,1
test_protein_6703,0.0,0.989445149898529,1
test_protein_6704,0.0,0.05315014347434044,0
test_protein_6705,0.0,0.03926562890410423,0
test_protein_6706,0.0,0.38931748270988464,0
test_protein_6707,0.0,0.37999454140663147,0
test_protein_6708,0.0,0.4189894497394562,0
test_protein_6709,0.0,0.01849527657032013,0
test_protein_6710,0.0,0.3563650846481323,0
test_protein_6711,0.0,0.31454557180404663,0
test_protein_6712,0.0,0.36538165807724,0
test_protein_6713,0.0,0.25825387239456177,0
test_protein_6714,0.0,0.042885150760412216,0
test_protein_6715,0.0,0.19294452667236328,0
test_protein_6716,0.0,0.7755160331726074,1
test_protein_6717,0.0,0.1544063687324524,0
test_protein_6718,0.0,0.270463228225708,0
test_protein_6719,0.0,0.26616641879081726,0
test_protein_6720,0.0,0.06449197232723236,0
test_protein_6721,0.0,0.546431303024292,1
test_protein_6722,0.0,0.15416225790977478,0
test_protein_6723,0.0,0.035049162805080414,0
test_protein_6724,0.0,0.5638179779052734,1
test_protein_6725,0.0,0.05659126862883568,0
test_protein_6726,0.0,0.5109804272651672,1
test_protein_6727,0.0,0.046840038150548935,0
test_protein_6728,0.0,0.2326936274766922,0
test_protein_6729,0.0,0.2054545283317566,0
test_protein_6730,0.0,0.6450492739677429,1
test_protein_6731,0.0,0.4979388117790222,0
test_protein_6732,0.0,0.035969242453575134,0
test_protein_6733,0.0,0.21772870421409607,0
test_protein_6734,0.0,0.38273903727531433,0
test_protein_6735,0.0,0.05127624422311783,0
test_protein_6736,0.0,0.4003429710865021,0
test_protein_6737,0.0,0.2207491248846054,0
test_protein_6738,0.0,0.1800650954246521,0
test_protein_6739,0.0,0.5392460227012634,1
test_protein_6740,0.0,0.36624184250831604,0
test_protein_6741,0.0,0.41878560185432434,0
test_protein_6742,0.0,0.09785744547843933,0
test_protein_6743,0.0,0.21084463596343994,0
test_protein_6744,0.0,0.533729612827301,1
test_protein_6745,0.0,0.14811556041240692,0
test_protein_6746,0.0,0.042204782366752625,0
test_protein_6747,0.0,0.4189649820327759,0
test_protein_6748,0.0,0.5609957575798035,1
test_protein_6749,0.0,0.04827900603413582,0
test_protein_6750,0.0,0.06129704788327217,0
test_protein_6751,0.0,0.1300821602344513,0
test_protein_6752,0.0,0.015001997351646423,0
test_protein_6753,0.0,0.4579562842845917,0
test_protein_6754,0.0,0.04661908745765686,0
test_protein_6755,0.0,0.49660786986351013,0
test_protein_6756,0.0,0.6069532632827759,1
test_protein_6757,0.0,0.3775370121002197,0
test_protein_6758,0.0,0.06811477988958359,0
test_protein_6759,0.0,0.033208101987838745,0
test_protein_6760,0.0,0.0359845869243145,0
test_protein_6761,0.0,0.25247275829315186,0
test_protein_6762,0.0,0.7600744366645813,1
test_protein_6763,0.0,0.3286382257938385,0
test_protein_6764,0.0,0.2972196936607361,0
test_protein_6765,0.0,0.06366483122110367,0
test_protein_6766,0.0,0.03849952295422554,0
test_protein_6767,0.0,0.02384568564593792,0
test_protein_6768,0.0,0.007048186846077442,0
test_protein_6769,0.0,0.03521539643406868,0
test_protein_6770,0.0,0.41932398080825806,0
test_protein_6771,0.0,0.06026418134570122,0
test_protein_6772,0.0,0.07555986940860748,0
test_protein_6773,0.0,0.0756920725107193,0
test_protein_6774,0.0,0.7235330939292908,1
test_protein_6775,0.0,0.01628754287958145,0
test_protein_6776,0.0,0.01903701201081276,0
test_protein_6777,0.0,0.08784252405166626,0
test_protein_6778,0.0,0.102400042116642,0
test_protein_6779,0.0,0.179766446352005,0
test_protein_6780,0.0,0.07411188632249832,0
test_protein_6781,0.0,0.3838745653629303,0
test_protein_6782,0.0,0.13094961643218994,0
test_protein_6783,0.0,0.06672743707895279,0
test_protein_6784,0.0,0.6527976393699646,1
test_protein_6785,0.0,0.056454144418239594,0
test_protein_6786,0.0,0.21636424958705902,0
test_protein_6787,0.0,0.5471656918525696,1
test_protein_6788,0.0,0.9382306933403015,1
test_protein_6789,0.0,0.00696196872740984,0
test_protein_6790,0.0,0.5197298526763916,1
test_protein_6791,0.0,0.03129381313920021,0
test_protein_6792,1.0,0.2862103283405304,0
test_protein_6793,1.0,0.36770427227020264,0
test_protein_6794,1.0,0.3123563826084137,0
test_protein_6795,1.0,0.3689805865287781,0
test_protein_6796,1.0,0.02077498845756054,0
test_protein_6797,1.0,0.31311532855033875,0
test_protein_6798,1.0,0.5137639045715332,1
test_protein_6799,1.0,0.6322354078292847,1
test_protein_6800,1.0,0.6524102091789246,1
test_protein_6801,1.0,0.5046160817146301,1
test_protein_6802,1.0,0.10988514125347137,0
test_protein_6803,1.0,0.21406687796115875,0
test_protein_6804,1.0,0.6904144287109375,1
test_protein_6805,1.0,0.3626421391963959,0
test_protein_6806,1.0,0.13065610826015472,0
test_protein_6807,1.0,0.016887150704860687,0
test_protein_6808,1.0,0.3769250512123108,0
test_protein_6809,1.0,0.4744816720485687,0
test_protein_6810,1.0,0.02991592139005661,0
test_protein_6811,1.0,0.3777133822441101,0
test_protein_6812,1.0,0.27600088715553284,0
test_protein_6813,1.0,0.6216006875038147,1
test_protein_6814,1.0,0.03762901574373245,0
test_protein_6815,1.0,0.7523317337036133,1
test_protein_6816,1.0,0.5556013584136963,1
test_protein_6817,1.0,0.38795506954193115,0
test_protein_6818,1.0,0.6267373561859131,1
test_protein_6819,1.0,0.5585245490074158,1
test_protein_6820,1.0,0.07061884552240372,0
test_protein_6821,1.0,0.677737295627594,1
test_protein_6822,1.0,0.005691562779247761,0
test_protein_6823,1.0,0.49311962723731995,0
test_protein_6824,1.0,0.00984257273375988,0
test_protein_6825,1.0,0.05610044673085213,0
test_protein_6826,1.0,0.30459141731262207,0
test_protein_6827,1.0,0.08886000514030457,0
test_protein_6828,1.0,0.6869815587997437,1
test_protein_6829,1.0,0.022020919248461723,0
test_protein_6830,1.0,0.09605517238378525,0
test_protein_6831,1.0,0.18262165784835815,0
test_protein_6832,1.0,0.6212692856788635,1
test_protein_6833,1.0,0.4943525493144989,0
test_protein_6834,1.0,0.24220798909664154,0
test_protein_6835,1.0,0.8345240950584412,1
test_protein_6836,1.0,0.23847465217113495,0
test_protein_6837,1.0,0.11449561268091202,0
test_protein_6838,1.0,0.093264140188694,0
test_protein_6839,1.0,0.9090624451637268,1
test_protein_6840,1.0,0.29515910148620605,0
test_protein_6841,1.0,0.9313015937805176,1
test_protein_6842,1.0,0.5715804696083069,1
test_protein_6843,1.0,0.2024257630109787,0
test_protein_6844,1.0,0.22102166712284088,0
test_protein_6845,1.0,0.3799802362918854,0
test_protein_6846,1.0,0.016873739659786224,0
test_protein_6847,1.0,0.12235794216394424,0
test_protein_6848,1.0,0.5036574602127075,1
test_protein_6849,1.0,0.4363156855106354,0
test_protein_6850,1.0,0.2643790543079376,0
test_protein_6851,1.0,0.16654323041439056,0
test_protein_6852,1.0,0.6395268440246582,1
test_protein_6853,1.0,0.21285778284072876,0
test_protein_6854,1.0,0.31987693905830383,0
test_protein_6855,1.0,0.4568765461444855,0
test_protein_6856,1.0,0.400512158870697,0
test_protein_6857,1.0,0.6785913705825806,1
test_protein_6858,1.0,0.021910373121500015,0
test_protein_6859,1.0,0.2125808745622635,0
test_protein_6860,1.0,0.0057771229185163975,0
test_protein_6861,1.0,0.06150294467806816,0
test_protein_6862,1.0,0.28508761525154114,0
test_protein_6863,1.0,0.17876295745372772,0
test_protein_6864,1.0,0.010849113576114178,0
test_protein_6865,1.0,0.6441332697868347,1
test_protein_6866,1.0,0.5460944175720215,1
test_protein_6867,1.0,0.06468991935253143,0
test_protein_6868,1.0,0.4389399588108063,0
test_protein_6869,1.0,0.2867256999015808,0
test_protein_6870,1.0,0.6538424491882324,1
test_protein_6871,1.0,0.0047987704165279865,0
test_protein_6872,1.0,0.2796485424041748,0
test_protein_6873,1.0,0.609355628490448,1
test_protein_6874,1.0,0.060900963842868805,0
test_protein_6875,1.0,0.6106870770454407,1
test_protein_6876,1.0,0.749207079410553,1
test_protein_6877,1.0,0.010404224507510662,0
test_protein_6878,1.0,0.29628944396972656,0
test_protein_6879,1.0,0.8642977476119995,1
test_protein_6880,1.0,0.4119463264942169,0
test_protein_6881,1.0,0.3327025771141052,0
test_protein_6882,1.0,0.3188629746437073,0
test_protein_6883,1.0,0.31083351373672485,0
test_protein_6884,1.0,0.7398262023925781,1
test_protein_6885,1.0,0.044500600546598434,0
test_protein_6886,1.0,0.22388432919979095,0
test_protein_6887,1.0,0.972035825252533,1
test_protein_6888,1.0,0.5667068362236023,1
test_protein_6889,1.0,0.023167306557297707,0
test_protein_6890,1.0,0.5254687666893005,1
test_protein_6891,1.0,0.7726051807403564,1
test_protein_6892,1.0,0.28539976477622986,0
test_protein_6893,1.0,0.34349262714385986,0
test_protein_6894,1.0,0.5873246788978577,1
test_protein_6895,1.0,0.9951063394546509,1
test_protein_6896,1.0,0.35810452699661255,0
test_protein_6897,1.0,0.43498495221138,0
test_protein_6898,1.0,0.5592231750488281,1
test_protein_6899,1.0,0.08618038892745972,0
test_protein_6900,1.0,0.5144919157028198,1
test_protein_6901,1.0,0.46865731477737427,0
test_protein_6902,1.0,0.19907496869564056,0
test_protein_6903,1.0,0.6798415184020996,1
test_protein_6904,1.0,0.7155332565307617,1
test_protein_6905,1.0,0.20292386412620544,0
test_protein_6906,1.0,0.3205595314502716,0
test_protein_6907,1.0,0.03134194016456604,0
test_protein_6908,1.0,0.8911616802215576,1
test_protein_6909,1.0,0.13054145872592926,0
test_protein_6910,1.0,0.020820340141654015,0
test_protein_6911,1.0,0.6824904084205627,1
test_protein_6912,1.0,0.4090860188007355,0
test_protein_6913,1.0,0.8504785299301147,1
test_protein_6914,1.0,0.5399596691131592,1
test_protein_6915,1.0,0.3205716013908386,0
test_protein_6916,1.0,0.2290603518486023,0
test_protein_6917,1.0,0.6374833583831787,1
test_protein_6918,1.0,0.22863644361495972,0
test_protein_6919,1.0,0.5968155860900879,1
test_protein_6920,1.0,0.18341340124607086,0
test_protein_6921,1.0,0.3693247139453888,0
test_protein_6922,1.0,0.19322116672992706,0
test_protein_6923,1.0,0.07407351583242416,0
test_protein_6924,1.0,0.7372679114341736,1
test_protein_6925,1.0,0.6062136292457581,1
test_protein_6926,1.0,0.18030530214309692,0
test_protein_6927,1.0,0.35147416591644287,0
test_protein_6928,1.0,0.24749691784381866,0
test_protein_6929,1.0,0.027062207460403442,0
test_protein_6930,1.0,0.710685670375824,1
test_protein_6931,1.0,0.02884400077164173,0
test_protein_6932,1.0,0.0637575015425682,0
test_protein_6933,1.0,0.23577678203582764,0
test_protein_6934,1.0,0.3877098560333252,0
test_protein_6935,1.0,0.3260406255722046,0
test_protein_6936,1.0,0.08005475252866745,0
test_protein_6937,1.0,0.12627732753753662,0
test_protein_6938,1.0,0.3897119164466858,0
test_protein_6939,1.0,0.22394628822803497,0
test_protein_6940,1.0,0.1274288147687912,0
test_protein_6941,1.0,0.4686656892299652,0
test_protein_6942,1.0,0.037475183606147766,0
test_protein_6943,1.0,0.520463228225708,1
test_protein_6944,1.0,0.0073465704917907715,0
test_protein_6945,1.0,0.6927408576011658,1
test_protein_6946,1.0,0.6505693793296814,1
test_protein_6947,1.0,0.1848519742488861,0
test_protein_6948,1.0,0.4867793321609497,0
test_protein_6949,1.0,0.532550036907196,1
test_protein_6950,1.0,0.3151736855506897,0
test_protein_6951,1.0,0.3264472186565399,0
test_protein_6952,1.0,0.12853138148784637,0
test_protein_6953,1.0,0.9683310389518738,1
test_protein_6954,1.0,0.709138035774231,1
test_protein_6955,1.0,0.3575783669948578,0
test_protein_6956,1.0,0.7984142303466797,1
test_protein_6957,1.0,0.7781507968902588,1
test_protein_6958,1.0,0.8742269277572632,1
test_protein_6959,1.0,0.10555603355169296,0
test_protein_6960,1.0,0.3524867594242096,0
test_protein_6961,1.0,0.7165877223014832,1
test_protein_6962,1.0,0.20276831090450287,0
test_protein_6963,1.0,0.4088705778121948,0
test_protein_6964,1.0,0.6385888457298279,1
test_protein_6965,1.0,0.4888238310813904,0
test_protein_6966,1.0,0.06468524038791656,0
test_protein_6967,1.0,0.12140601873397827,0
test_protein_6968,1.0,0.11287063360214233,0
test_protein_6969,1.0,0.5028494000434875,1
test_protein_6970,1.0,0.1606130748987198,0
test_protein_6971,1.0,0.6331574320793152,1
test_protein_6972,1.0,0.5940884351730347,1
test_protein_6973,1.0,0.8574181795120239,1
test_protein_6974,1.0,0.445070743560791,0
test_protein_6975,1.0,0.15923207998275757,0
test_protein_6976,1.0,0.261526495218277,0
test_protein_6977,1.0,0.010131679475307465,0
test_protein_6978,1.0,0.6121653914451599,1
test_protein_6979,1.0,0.5073195695877075,1
test_protein_6980,1.0,0.301727831363678,0
test_protein_6981,1.0,0.14210551977157593,0
test_protein_6982,1.0,0.6405738592147827,1
test_protein_6983,1.0,0.008471554145216942,0
test_protein_6984,1.0,0.5444238781929016,1
test_protein_6985,1.0,0.7725534439086914,1
test_protein_6986,1.0,0.6286203265190125,1
test_protein_6987,1.0,0.3471066951751709,0
test_protein_6988,1.0,0.439472496509552,0
test_protein_6989,1.0,0.40300846099853516,0
test_protein_6990,1.0,0.802942156791687,1
test_protein_6991,1.0,0.6412833333015442,1
test_protein_6992,1.0,0.30649489164352417,0
test_protein_6993,1.0,0.4741816818714142,0
test_protein_6994,1.0,0.00185147684533149,0
test_protein_6995,1.0,0.18815353512763977,0
test_protein_6996,1.0,0.3672243356704712,0
test_protein_6997,1.0,0.6268516778945923,1
test_protein_6998,1.0,0.3771057724952698,0
test_protein_6999,1.0,0.5465957522392273,1
test_protein_7000,1.0,0.05239037051796913,0
test_protein_7001,1.0,0.38834667205810547,0
test_protein_7002,1.0,0.028198907151818275,0
test_protein_7003,1.0,0.7672438025474548,1
test_protein_7004,1.0,0.4333706200122833,0
test_protein_7005,1.0,0.6192449331283569,1
test_protein_7006,1.0,0.772599995136261,1
test_protein_7007,1.0,0.03502357378602028,0
test_protein_7008,1.0,0.03878038376569748,0
test_protein_7009,1.0,0.4830353856086731,0
test_protein_7010,1.0,0.6016690731048584,1
test_protein_7011,1.0,0.44675567746162415,0
test_protein_7012,1.0,0.7627153992652893,1
test_protein_7013,1.0,0.057400893419981,0
test_protein_7014,1.0,0.0005727930110879242,0
test_protein_7015,1.0,0.02261902391910553,0
test_protein_7016,1.0,0.17498396337032318,0
test_protein_7017,1.0,0.4177103638648987,0
test_protein_7018,1.0,0.18885038793087006,0
test_protein_7019,1.0,0.8420207500457764,1
test_protein_7020,1.0,0.44855642318725586,0
test_protein_7021,1.0,0.5923107862472534,1
test_protein_7022,1.0,0.4558098018169403,0
test_protein_7023,1.0,0.4531787931919098,0
test_protein_7024,1.0,0.20506417751312256,0
test_protein_7025,1.0,0.48478734493255615,0
test_protein_7026,1.0,0.016825033351778984,0
test_protein_7027,1.0,0.12526041269302368,0
test_protein_7028,1.0,0.6924625635147095,1
test_protein_7029,1.0,0.3769666254520416,0
test_protein_7030,1.0,0.05697992444038391,0
test_protein_7031,1.0,0.42205092310905457,0
test_protein_7032,1.0,0.20574595034122467,0
test_protein_7033,1.0,0.017998939380049706,0
test_protein_7034,1.0,0.5431182980537415,1
test_protein_7035,1.0,0.1266770362854004,0
test_protein_7036,1.0,0.7683376669883728,1
test_protein_7037,1.0,0.6014431118965149,1
test_protein_7038,1.0,0.22001272439956665,0
test_protein_7039,1.0,0.04724967107176781,0
test_protein_7040,1.0,0.07960009574890137,0
test_protein_7041,1.0,0.6708245873451233,1
test_protein_7042,1.0,0.43455418944358826,0
test_protein_7043,1.0,0.22012703120708466,0
test_protein_7044,1.0,0.11196103692054749,0
test_protein_7045,1.0,0.1258336901664734,0
test_protein_7046,1.0,0.213824063539505,0
test_protein_7047,1.0,0.003972592297941446,0
test_protein_7048,1.0,0.5451968312263489,1
test_protein_7049,1.0,0.2898707389831543,0
test_protein_7050,1.0,0.17714489996433258,0
test_protein_7051,1.0,0.5728914141654968,1
test_protein_7052,1.0,0.24884696304798126,0
test_protein_7053,1.0,0.6926220059394836,1
test_protein_7054,1.0,0.32864588499069214,0
test_protein_7055,1.0,0.4316498041152954,0
test_protein_7056,1.0,0.6434813141822815,1
test_protein_7057,1.0,0.35348501801490784,0
test_protein_7058,1.0,0.6270595192909241,1
test_protein_7059,1.0,0.019437702372670174,0
test_protein_7060,1.0,0.9581243991851807,1
test_protein_7061,1.0,0.14954736828804016,0
test_protein_7062,1.0,0.0771077498793602,0
test_protein_7063,1.0,0.01273499894887209,0
test_protein_7064,1.0,0.0346309058368206,0
test_protein_7065,1.0,0.16057170927524567,0
test_protein_7066,1.0,0.023943444713950157,0
test_protein_7067,1.0,0.07849296182394028,0
test_protein_7068,1.0,0.05874771624803543,0
test_protein_7069,1.0,0.3782927393913269,0
test_protein_7070,1.0,0.11761339753866196,0
test_protein_7071,1.0,0.6447433829307556,1
test_protein_7072,1.0,0.6492432355880737,1
test_protein_7073,1.0,0.510431706905365,1
test_protein_7074,1.0,0.14726008474826813,0
test_protein_7075,1.0,0.5722910761833191,1
test_protein_7076,1.0,0.5827471017837524,1
test_protein_7077,1.0,0.3299747407436371,0
test_protein_7078,1.0,0.43050479888916016,0
test_protein_7079,1.0,0.015093950554728508,0
test_protein_7080,1.0,0.09521037340164185,0
test_protein_7081,1.0,0.21454042196273804,0
test_protein_7082,1.0,0.022515559569001198,0
test_protein_7083,1.0,0.6617746353149414,1
test_protein_7084,1.0,0.10118987411260605,0
test_protein_7085,1.0,0.03865055367350578,0
test_protein_7086,1.0,0.028732039034366608,0
test_protein_7087,1.0,0.38198384642601013,0
test_protein_7088,1.0,0.23140305280685425,0
test_protein_7089,1.0,0.37998148798942566,0
test_protein_7090,1.0,0.37047699093818665,0
test_protein_7091,1.0,0.8937979340553284,1
test_protein_7092,1.0,0.29334765672683716,0
test_protein_7093,1.0,0.5974697470664978,1
test_protein_7094,1.0,0.1812029778957367,0
test_protein_7095,1.0,0.1240982934832573,0
test_protein_7096,1.0,0.584526777267456,1
test_protein_7097,1.0,0.5283446907997131,1
test_protein_7098,1.0,0.2051592469215393,0
test_protein_7099,1.0,0.015229207463562489,0
test_protein_7100,1.0,0.2852073311805725,0
test_protein_7101,1.0,0.11997607350349426,0
test_protein_7102,1.0,0.23703183233737946,0
test_protein_7103,1.0,0.05688697099685669,0
test_protein_7104,1.0,0.27484801411628723,0
test_protein_7105,1.0,0.015266510657966137,0
test_protein_7106,1.0,0.021936587989330292,0
test_protein_7107,1.0,0.5536032915115356,1
test_protein_7108,1.0,0.38915520906448364,0
test_protein_7109,1.0,0.15933376550674438,0
test_protein_7110,1.0,0.9212812781333923,1
test_protein_7111,1.0,0.22449183464050293,0
test_protein_7112,1.0,0.5978896617889404,1
test_protein_7113,1.0,0.18416492640972137,0
test_protein_7114,1.0,0.024654103443026543,0
test_protein_7115,1.0,0.4082692265510559,0
test_protein_7116,1.0,0.08288604021072388,0
test_protein_7117,1.0,0.22901782393455505,0
test_protein_7118,1.0,0.4782103896141052,0
test_protein_7119,1.0,0.4487294852733612,0
test_protein_7120,1.0,0.9150218367576599,1
test_protein_7121,1.0,0.08114828914403915,0
test_protein_7122,1.0,0.1937665343284607,0
test_protein_7123,1.0,0.16922777891159058,0
test_protein_7124,1.0,0.05803799256682396,0
test_protein_7125,1.0,0.3315465450286865,0
test_protein_7126,1.0,0.7791290283203125,1
test_protein_7127,1.0,0.296120285987854,0
test_protein_7128,1.0,0.47679656744003296,0
test_protein_7129,1.0,0.2362278550863266,0
test_protein_7130,1.0,0.005260650534182787,0
test_protein_7131,1.0,0.4853394031524658,0
test_protein_7132,1.0,0.07989472150802612,0
test_protein_7133,1.0,0.35582947731018066,0
test_protein_7134,1.0,0.7696390151977539,1
test_protein_7135,1.0,0.1331082284450531,0
test_protein_7136,1.0,0.09825188666582108,0
test_protein_7137,1.0,0.23076026141643524,0
test_protein_7138,1.0,0.4893637001514435,0
test_protein_7139,1.0,0.030210701748728752,0
test_protein_7140,1.0,0.9322862029075623,1
test_protein_7141,1.0,0.49920588731765747,0
test_protein_7142,1.0,0.05105654150247574,0
test_protein_7143,1.0,0.11414004117250443,0
test_protein_7144,1.0,0.1444210708141327,0
test_protein_7145,1.0,0.22506266832351685,0
test_protein_7146,1.0,0.5631356835365295,1
test_protein_7147,1.0,0.15162517130374908,0
test_protein_7148,1.0,0.07879277318716049,0
test_protein_7149,1.0,0.12127762287855148,0
test_protein_7150,1.0,0.17988291382789612,0
test_protein_7151,1.0,0.5485602021217346,1
test_protein_7152,1.0,0.4522871673107147,0
test_protein_7153,1.0,0.15999475121498108,0
test_protein_7154,1.0,0.6484202742576599,1
test_protein_7155,1.0,0.2312747687101364,0
test_protein_7156,1.0,0.20973818004131317,0
test_protein_7157,1.0,0.2264828085899353,0
test_protein_7158,1.0,0.5798635482788086,1
test_protein_7159,1.0,0.5055848360061646,1
test_protein_7160,1.0,0.1667407900094986,0
test_protein_7161,1.0,0.09906075149774551,0
test_protein_7162,1.0,0.6538816094398499,1
test_protein_7163,1.0,0.017922421917319298,0
test_protein_7164,1.0,0.10237264633178711,0
test_protein_7165,1.0,0.28001758456230164,0
test_protein_7166,1.0,0.6787886023521423,1
test_protein_7167,1.0,0.40100184082984924,0
test_protein_7168,1.0,0.32461851835250854,0
test_protein_7169,1.0,0.6563630104064941,1
test_protein_7170,1.0,0.018360814079642296,0
test_protein_7171,1.0,0.2719114124774933,0
test_protein_7172,1.0,0.47826099395751953,0
test_protein_7173,1.0,0.09054577350616455,0
test_protein_7174,1.0,0.3079618513584137,0
test_protein_7175,1.0,0.1992683708667755,0
test_protein_7176,1.0,0.10114835202693939,0
test_protein_7177,1.0,0.31499648094177246,0
test_protein_7178,1.0,0.19159139692783356,0
test_protein_7179,1.0,0.379646897315979,0
test_protein_7180,1.0,0.06991549581289291,0
test_protein_7181,1.0,0.052222881466150284,0
test_protein_7182,1.0,0.1583012193441391,0
test_protein_7183,1.0,0.5855240225791931,1
test_protein_7184,1.0,0.7463572025299072,1
test_protein_7185,1.0,0.479055255651474,0
test_protein_7186,1.0,0.10901695489883423,0
test_protein_7187,1.0,0.09335612505674362,0
test_protein_7188,1.0,0.7380242347717285,1
test_protein_7189,1.0,0.4846205413341522,0
test_protein_7190,1.0,0.1999654620885849,0
test_protein_7191,1.0,0.7886240482330322,1
test_protein_7192,1.0,0.16362078487873077,0
test_protein_7193,1.0,0.2612614631652832,0
test_protein_7194,1.0,0.8379189968109131,1
test_protein_7195,1.0,0.3861541748046875,0
test_protein_7196,1.0,0.09221895784139633,0
test_protein_7197,1.0,0.04093801602721214,0
test_protein_7198,1.0,0.03635494038462639,0
test_protein_7199,1.0,0.1896481215953827,0
test_protein_7200,1.0,0.19324751198291779,0
test_protein_7201,1.0,0.6411226987838745,1
test_protein_7202,1.0,0.3805968165397644,0
test_protein_7203,1.0,0.025890758261084557,0
test_protein_7204,1.0,0.07439500093460083,0
test_protein_7205,1.0,0.2584400475025177,0
test_protein_7206,1.0,0.4936661422252655,0
test_protein_7207,1.0,0.024756690487265587,0
test_protein_7208,1.0,0.02182815410196781,0
test_protein_7209,1.0,0.49642327427864075,0
test_protein_7210,1.0,0.5798587203025818,1
test_protein_7211,1.0,0.41077181696891785,0
test_protein_7212,1.0,0.236911341547966,0
test_protein_7213,1.0,0.29300352931022644,0
test_protein_7214,1.0,0.7797921895980835,1
test_protein_7215,1.0,0.4506528079509735,0
test_protein_7216,1.0,0.33852723240852356,0
test_protein_7217,1.0,0.5100935697555542,1
test_protein_7218,1.0,0.5170864462852478,1
test_protein_7219,1.0,0.4883081614971161,0
test_protein_7220,1.0,0.348400354385376,0
test_protein_7221,1.0,0.6447993516921997,1
test_protein_7222,1.0,0.8764333128929138,1
test_protein_7223,1.0,0.21648713946342468,0
test_protein_7224,1.0,0.702663242816925,1
test_protein_7225,1.0,0.028100216761231422,0
test_protein_7226,1.0,0.34991076588630676,0
test_protein_7227,1.0,0.4028092920780182,0
test_protein_7228,1.0,0.17909617722034454,0
test_protein_7229,1.0,0.3529950976371765,0
test_protein_7230,1.0,0.482330322265625,0
test_protein_7231,1.0,0.4002361297607422,0
test_protein_7232,1.0,0.022773128002882004,0
test_protein_7233,1.0,0.03197577968239784,0
test_protein_7234,1.0,0.48477351665496826,0
test_protein_7235,1.0,0.056958455592393875,0
test_protein_7236,1.0,0.20541740953922272,0
test_protein_7237,1.0,0.1465393602848053,0
test_protein_7238,1.0,0.2777162492275238,0
test_protein_7239,1.0,0.09553682059049606,0
test_protein_7240,1.0,0.06541580706834793,0
test_protein_7241,1.0,0.7506064176559448,1
test_protein_7242,1.0,0.5484625697135925,1
test_protein_7243,1.0,0.03277125954627991,0
test_protein_7244,1.0,0.5067497491836548,1
test_protein_7245,1.0,0.9510618448257446,1
test_protein_7246,1.0,0.28786396980285645,0
test_protein_7247,1.0,0.4576840400695801,0
test_protein_7248,1.0,0.6087502837181091,1
test_protein_7249,1.0,0.5825062394142151,1
test_protein_7250,1.0,0.5379939079284668,1
test_protein_7251,1.0,0.3925568163394928,0
test_protein_7252,1.0,0.019689349457621574,0
test_protein_7253,1.0,0.14558951556682587,0
test_protein_7254,1.0,0.012021557427942753,0
test_protein_7255,1.0,0.9216212630271912,1
test_protein_7256,1.0,0.03403341770172119,0
test_protein_7257,1.0,0.2804662883281708,0
test_protein_7258,1.0,0.008865851908922195,0
test_protein_7259,1.0,0.2940874993801117,0
test_protein_7260,1.0,0.37914660573005676,0
test_protein_7261,1.0,0.009204180911183357,0
test_protein_7262,1.0,0.37714430689811707,0
test_protein_7263,1.0,0.27467864751815796,0
test_protein_7264,1.0,0.7887508273124695,1
test_protein_7265,1.0,0.05151040479540825,0
test_protein_7266,1.0,0.08571895956993103,0
test_protein_7267,1.0,0.15934938192367554,0
test_protein_7268,1.0,0.4581373333930969,0
test_protein_7269,1.0,0.3087829053401947,0
test_protein_7270,1.0,0.4322874844074249,0
test_protein_7271,1.0,0.4968300759792328,0
test_protein_7272,1.0,0.20732048153877258,0
test_protein_7273,1.0,0.15038399398326874,0
test_protein_7274,1.0,0.13490726053714752,0
test_protein_7275,1.0,0.479405015707016,0
test_protein_7276,1.0,0.43410205841064453,0
test_protein_7277,1.0,0.6275416016578674,1
test_protein_7278,1.0,0.49985817074775696,0
test_protein_7279,1.0,0.06538844108581543,0
test_protein_7280,1.0,0.44890880584716797,0
test_protein_7281,1.0,0.02830231562256813,0
test_protein_7282,1.0,0.41095638275146484,0
test_protein_7283,1.0,0.2502365708351135,0
test_protein_7284,1.0,0.23894794285297394,0
test_protein_7285,1.0,0.040680769830942154,0
test_protein_7286,1.0,0.4887255132198334,0
test_protein_7287,1.0,0.2359408736228943,0
test_protein_7288,1.0,0.6633261442184448,1
test_protein_7289,1.0,0.11293152719736099,0
test_protein_7290,1.0,0.03399715572595596,0
test_protein_7291,1.0,0.42137521505355835,0
test_protein_7292,1.0,0.3191523551940918,0
test_protein_7293,1.0,0.0039525022730231285,0
test_protein_7294,1.0,0.972981333732605,1
test_protein_7295,1.0,0.25353163480758667,0
test_protein_7296,1.0,0.12931939959526062,0
test_protein_7297,1.0,0.29858681559562683,0
test_protein_7298,1.0,0.0154979657381773,0
test_protein_7299,1.0,0.2007547914981842,0
test_protein_7300,1.0,0.8277959823608398,1
test_protein_7301,1.0,0.6074824333190918,1
test_protein_7302,1.0,0.03777630627155304,0
test_protein_7303,1.0,0.2449760138988495,0
test_protein_7304,1.0,0.5289401412010193,1
test_protein_7305,1.0,0.014421457424759865,0
test_protein_7306,1.0,0.04277835041284561,0
test_protein_7307,1.0,0.0878790020942688,0
test_protein_7308,1.0,0.40509551763534546,0
test_protein_7309,1.0,0.0524253249168396,0
test_protein_7310,1.0,0.2654252350330353,0
test_protein_7311,1.0,0.17720259726047516,0
test_protein_7312,1.0,0.017157504335045815,0
test_protein_7313,1.0,0.621059238910675,1
test_protein_7314,1.0,0.42086419463157654,0
test_protein_7315,1.0,0.1281939148902893,0
test_protein_7316,1.0,0.44839704036712646,0
test_protein_7317,1.0,0.0869847983121872,0
test_protein_7318,1.0,0.3045008182525635,0
test_protein_7319,1.0,0.18254846334457397,0
test_protein_7320,1.0,0.03455669432878494,0
test_protein_7321,1.0,0.04608961567282677,0
test_protein_7322,1.0,0.10083656758069992,0
test_protein_7323,1.0,0.0758669525384903,0
test_protein_7324,1.0,0.018161995336413383,0
test_protein_7325,1.0,0.6453770995140076,1
test_protein_7326,1.0,0.2347840815782547,0
test_protein_7327,1.0,0.5431442260742188,1
test_protein_7328,1.0,0.38135477900505066,0
test_protein_7329,1.0,0.8999199271202087,1
test_protein_7330,1.0,0.2467479109764099,0
test_protein_7331,1.0,0.5252186059951782,1
test_protein_7332,1.0,0.05076171085238457,0
test_protein_7333,1.0,0.01810508221387863,0
test_protein_7334,1.0,0.0579882487654686,0
test_protein_7335,1.0,0.6146025657653809,1
test_protein_7336,1.0,0.08641012758016586,0
test_protein_7337,1.0,0.14130064845085144,0
test_protein_7338,1.0,0.5599269270896912,1
test_protein_7339,1.0,0.18876619637012482,0
test_protein_7340,1.0,0.7603734135627747,1
test_protein_7341,1.0,0.3287399709224701,0
test_protein_7342,1.0,0.027815356850624084,0
test_protein_7343,1.0,0.014586305245757103,0
test_protein_7344,1.0,0.08269576728343964,0
test_protein_7345,1.0,0.611954391002655,1
test_protein_7346,1.0,0.1676621288061142,0
test_protein_7347,1.0,0.8215729594230652,1
test_protein_7348,1.0,0.08054929971694946,0
test_protein_7349,1.0,0.485722154378891,0
test_protein_7350,1.0,0.0480043962597847,0
test_protein_7351,1.0,0.5583458542823792,1
test_protein_7352,1.0,0.7060393691062927,1
test_protein_7353,1.0,0.6586289405822754,1
test_protein_7354,1.0,0.3476770520210266,0
test_protein_7355,1.0,0.09435080736875534,0
test_protein_7356,1.0,0.4123632311820984,0
test_protein_7357,1.0,0.14155037701129913,0
test_protein_7358,1.0,0.5589287877082825,1
test_protein_7359,1.0,0.39565980434417725,0
test_protein_7360,1.0,0.22447940707206726,0
test_protein_7361,1.0,0.032758086919784546,0
test_protein_7362,1.0,0.17126168310642242,0
test_protein_7363,1.0,0.5972976684570312,1
test_protein_7364,1.0,0.29383769631385803,0
test_protein_7365,1.0,0.03505793213844299,0
test_protein_7366,1.0,0.43967530131340027,0
test_protein_7367,1.0,0.6791902780532837,1
test_protein_7368,1.0,0.12834879755973816,0
test_protein_7369,1.0,0.6701533198356628,1
test_protein_7370,1.0,0.05119771137833595,0
test_protein_7371,1.0,0.29548051953315735,0
test_protein_7372,1.0,0.15232402086257935,0
test_protein_7373,1.0,0.4729316830635071,0
test_protein_7374,1.0,0.04526447504758835,0
test_protein_7375,1.0,0.4231121838092804,0
test_protein_7376,1.0,0.01223072875291109,0
test_protein_7377,1.0,0.029900845140218735,0
test_protein_7378,1.0,0.4220026731491089,0
test_protein_7379,1.0,0.1993139684200287,0
test_protein_7380,1.0,0.10740412026643753,0
test_protein_7381,1.0,0.12796567380428314,0
test_protein_7382,1.0,0.5473105311393738,1
test_protein_7383,1.0,0.31781241297721863,0
test_protein_7384,1.0,0.7651016116142273,1
test_protein_7385,1.0,0.8946049809455872,1
test_protein_7386,1.0,0.1789853870868683,0
test_protein_7387,1.0,0.4269121289253235,0
test_protein_7388,1.0,0.03525626286864281,0
test_protein_7389,1.0,0.415621280670166,0
test_protein_7390,1.0,0.6240484118461609,1
test_protein_7391,1.0,0.3974868357181549,0
test_protein_7392,1.0,0.4090638756752014,0
test_protein_7393,1.0,0.26893407106399536,0
test_protein_7394,1.0,0.5793190598487854,1
test_protein_7395,1.0,0.7073060870170593,1
test_protein_7396,1.0,0.031033087521791458,0
test_protein_7397,1.0,0.3122950494289398,0
test_protein_7398,1.0,0.1906263381242752,0
test_protein_7399,1.0,0.5242291688919067,1
test_protein_7400,1.0,0.19956077635288239,0
test_protein_7401,1.0,0.44077324867248535,0
test_protein_7402,1.0,0.005589188542217016,0
test_protein_7403,1.0,0.30462196469306946,0
test_protein_7404,1.0,0.5911935567855835,1
test_protein_7405,1.0,0.005412382539361715,0
test_protein_7406,1.0,0.4552123546600342,0
test_protein_7407,1.0,0.16381977498531342,0
test_protein_7408,1.0,0.501586377620697,1
test_protein_7409,1.0,0.9681745767593384,1
test_protein_7410,1.0,0.13034476339817047,0
test_protein_7411,1.0,0.3458079993724823,0
test_protein_7412,1.0,0.23379430174827576,0
test_protein_7413,1.0,0.3512800335884094,0
test_protein_7414,1.0,0.009583081118762493,0
test_protein_7415,1.0,0.16403305530548096,0
test_protein_7416,1.0,0.030076075345277786,0
test_protein_7417,1.0,0.20837898552417755,0
test_protein_7418,1.0,0.4785115420818329,0
test_protein_7419,1.0,0.013155336491763592,0
test_protein_7420,1.0,0.03871115297079086,0
test_protein_7421,1.0,0.2987477481365204,0
test_protein_7422,1.0,0.01949494704604149,0
test_protein_7423,1.0,0.9937257170677185,1
test_protein_7424,1.0,0.237513929605484,0
test_protein_7425,1.0,0.14612138271331787,0
test_protein_7426,1.0,0.11569155007600784,0
test_protein_7427,1.0,0.003855804679915309,0
test_protein_7428,1.0,0.06040327623486519,0
test_protein_7429,1.0,0.4322061538696289,0
test_protein_7430,1.0,0.6851794123649597,1
test_protein_7431,1.0,0.5189928412437439,1
test_protein_7432,1.0,0.4474933445453644,0
test_protein_7433,1.0,0.24115891754627228,0
test_protein_7434,1.0,0.6602734327316284,1
test_protein_7435,1.0,0.43172863125801086,0
test_protein_7436,1.0,0.46627065539360046,0
test_protein_7437,1.0,0.7097593545913696,1
test_protein_7438,1.0,0.06460700929164886,0
test_protein_7439,1.0,0.5442491769790649,1
test_protein_7440,1.0,0.36388930678367615,0
test_protein_7441,1.0,0.46619996428489685,0
test_protein_7442,1.0,0.2656615376472473,0
test_protein_7443,1.0,0.5112823247909546,1
test_protein_7444,1.0,0.04432518035173416,0
test_protein_7445,1.0,0.04930126294493675,0
test_protein_7446,1.0,0.31503206491470337,0
test_protein_7447,1.0,0.30191248655319214,0
test_protein_7448,1.0,0.36543941497802734,0
test_protein_7449,1.0,0.019675852730870247,0
test_protein_7450,1.0,0.02126418612897396,0
test_protein_7451,1.0,0.6014261841773987,1
test_protein_7452,1.0,0.46796324849128723,0
test_protein_7453,1.0,0.6693552136421204,1
test_protein_7454,1.0,0.4269739091396332,0
test_protein_7455,1.0,0.3669007122516632,0
test_protein_7456,1.0,0.14851543307304382,0
test_protein_7457,1.0,0.15326733887195587,0
test_protein_7458,1.0,0.0524245910346508,0
test_protein_7459,1.0,0.1580086350440979,0
test_protein_7460,1.0,0.9001424312591553,1
test_protein_7461,1.0,0.798271894454956,1
test_protein_7462,1.0,0.027082335203886032,0
test_protein_7463,1.0,0.16164731979370117,0
test_protein_7464,1.0,0.4436684548854828,0
test_protein_7465,1.0,0.6258955597877502,1
test_protein_7466,1.0,0.45267489552497864,0
test_protein_7467,1.0,0.5563754439353943,1
test_protein_7468,1.0,0.018365124240517616,0
test_protein_7469,1.0,0.57685387134552,1
test_protein_7470,1.0,0.08193673193454742,0
test_protein_7471,1.0,0.48088985681533813,0
test_protein_7472,1.0,0.4599402844905853,0
test_protein_7473,1.0,0.4297788739204407,0
test_protein_7474,1.0,0.454325407743454,0
test_protein_7475,1.0,0.03138909488916397,0
test_protein_7476,1.0,0.16399413347244263,0
test_protein_7477,1.0,0.7328768372535706,1
test_protein_7478,1.0,0.3822600543498993,0
test_protein_7479,1.0,0.1327885389328003,0
test_protein_7480,1.0,0.0944768637418747,0
test_protein_7481,1.0,0.19363568723201752,0
test_protein_7482,1.0,0.6908887028694153,1
test_protein_7483,1.0,0.013583607040345669,0
test_protein_7484,1.0,0.5054091215133667,1
test_protein_7485,1.0,0.39148688316345215,0
test_protein_7486,1.0,0.10462388396263123,0
test_protein_7487,1.0,0.6740721464157104,1
test_protein_7488,1.0,0.32225367426872253,0
test_protein_7489,1.0,0.09198734909296036,0
test_protein_7490,1.0,0.06962775439023972,0
test_protein_7491,1.0,0.945634126663208,1
test_protein_7492,1.0,0.05619511008262634,0
test_protein_7493,1.0,0.45276251435279846,0
test_protein_7494,1.0,0.55690997838974,1
test_protein_7495,1.0,0.1534501016139984,0
test_protein_7496,1.0,0.2761721611022949,0
test_protein_7497,1.0,0.6338716745376587,1
test_protein_7498,1.0,0.08066200464963913,0
test_protein_7499,1.0,0.02640709839761257,0
test_protein_7500,1.0,0.04553057998418808,0
test_protein_7501,1.0,0.030154941603541374,0
test_protein_7502,1.0,0.4250023365020752,0
test_protein_7503,1.0,0.058183521032333374,0
test_protein_7504,1.0,0.23247030377388,0
test_protein_7505,1.0,0.5990021228790283,1
test_protein_7506,1.0,0.3348209857940674,0
test_protein_7507,1.0,0.0949348509311676,0
test_protein_7508,1.0,0.5529031753540039,1
test_protein_7509,1.0,0.406830757856369,0
test_protein_7510,1.0,0.7809628248214722,1
test_protein_7511,1.0,0.48767074942588806,0
test_protein_7512,1.0,0.5076858997344971,1
test_protein_7513,1.0,0.20182885229587555,0
test_protein_7514,1.0,0.21462684869766235,0
test_protein_7515,1.0,0.2752316892147064,0
test_protein_7516,1.0,0.22917549312114716,0
test_protein_7517,1.0,0.017135903239250183,0
test_protein_7518,1.0,0.02369788847863674,0
test_protein_7519,1.0,0.3619493246078491,0
test_protein_7520,1.0,0.23227757215499878,0
test_protein_7521,1.0,0.11202327907085419,0
test_protein_7522,1.0,0.13650529086589813,0
test_protein_7523,1.0,0.24582788348197937,0
test_protein_7524,1.0,0.7172110676765442,1
test_protein_7525,1.0,0.005684465169906616,0
test_protein_7526,1.0,0.07544197887182236,0
test_protein_7527,1.0,0.06018093600869179,0
test_protein_7528,1.0,0.24319052696228027,0
test_protein_7529,1.0,0.29889023303985596,0
test_protein_7530,1.0,0.09691856056451797,0
test_protein_7531,1.0,0.4039149880409241,0
test_protein_7532,1.0,0.45579102635383606,0
test_protein_7533,1.0,0.5236966609954834,1
test_protein_7534,1.0,0.04523861035704613,0
test_protein_7535,1.0,0.32766199111938477,0
test_protein_7536,1.0,0.18421514332294464,0
test_protein_7537,1.0,0.03170134872198105,0
test_protein_7538,1.0,0.03277568146586418,0
test_protein_7539,1.0,0.5989093780517578,1
test_protein_7540,1.0,0.7276090383529663,1
test_protein_7541,1.0,0.15308241546154022,0
test_protein_7542,1.0,0.523392915725708,1
test_protein_7543,1.0,0.031294506043195724,0
test_protein_7544,1.0,0.08516202867031097,0
test_protein_7545,1.0,0.36046576499938965,0
test_protein_7546,1.0,0.42651477456092834,0
test_protein_7547,1.0,0.1944812536239624,0
test_protein_7548,1.0,0.08742979168891907,0
test_protein_7549,1.0,0.13463440537452698,0
test_protein_7550,1.0,0.02658119983971119,0
test_protein_7551,1.0,0.293886661529541,0
test_protein_7552,1.0,0.08176383376121521,0
test_protein_7553,1.0,0.3896659314632416,0
test_protein_7554,1.0,0.016223955899477005,0
test_protein_7555,1.0,0.6772456169128418,1
test_protein_7556,1.0,0.6395442485809326,1
test_protein_7557,1.0,0.00678091449663043,0
test_protein_7558,1.0,0.40503495931625366,0
test_protein_7559,1.0,0.4528290331363678,0
test_protein_7560,1.0,0.006465542130172253,0
test_protein_7561,1.0,0.19181784987449646,0
test_protein_7562,1.0,0.027715593576431274,0
test_protein_7563,1.0,0.22197754681110382,0
test_protein_7564,1.0,0.050245609134435654,0
test_protein_7565,1.0,0.49783775210380554,0
test_protein_7566,1.0,0.02494719997048378,0
test_protein_7567,1.0,0.2808791995048523,0
test_protein_7568,1.0,0.18094728887081146,0
test_protein_7569,1.0,0.12467289716005325,0
test_protein_7570,1.0,0.04779799282550812,0
test_protein_7571,1.0,0.03818335011601448,0
test_protein_7572,1.0,0.11871388554573059,0
test_protein_7573,1.0,0.13774093985557556,0
test_protein_7574,1.0,0.2584661841392517,0
test_protein_7575,1.0,0.31340715289115906,0
test_protein_7576,1.0,0.02644556574523449,0
test_protein_7577,1.0,0.2922040820121765,0
test_protein_7578,1.0,0.05718802288174629,0
test_protein_7579,1.0,0.5298720598220825,1
test_protein_7580,1.0,0.9395057559013367,1
test_protein_7581,1.0,0.022319545969367027,0
test_protein_7582,1.0,0.028199370950460434,0
test_protein_7583,1.0,0.049603432416915894,0
test_protein_7584,1.0,0.5070387721061707,1
test_protein_7585,1.0,0.46019795536994934,0
test_protein_7586,1.0,0.21563617885112762,0
test_protein_7587,1.0,0.06208678334951401,0
test_protein_7588,1.0,0.13243255019187927,0
test_protein_7589,1.0,0.15075787901878357,0
test_protein_7590,1.0,0.8616852760314941,1
test_protein_7591,1.0,0.07757054269313812,0
test_protein_7592,1.0,0.921407163143158,1
test_protein_7593,1.0,0.1278071254491806,0
test_protein_7594,1.0,0.04600431025028229,0
test_protein_7595,1.0,0.848048210144043,1
test_protein_7596,1.0,0.522807776927948,1
test_protein_7597,1.0,0.7362682819366455,1
test_protein_7598,1.0,0.6435946822166443,1
test_protein_7599,1.0,0.5587586760520935,1
test_protein_7600,1.0,0.15007637441158295,0
test_protein_7601,1.0,0.3434526324272156,0
test_protein_7602,1.0,0.03926607966423035,0
test_protein_7603,1.0,0.37246474623680115,0
test_protein_7604,1.0,0.9217310547828674,1
test_protein_7605,1.0,0.6271445751190186,1
test_protein_7606,1.0,0.35514694452285767,0
test_protein_7607,1.0,0.7746037244796753,1
test_protein_7608,1.0,0.3574354946613312,0
test_protein_7609,1.0,0.23776429891586304,0
test_protein_7610,1.0,0.06177612766623497,0
test_protein_7611,1.0,0.3888075053691864,0
test_protein_7612,1.0,0.005516821518540382,0
test_protein_7613,1.0,0.08422086387872696,0
test_protein_7614,1.0,0.36867836117744446,0
test_protein_7615,1.0,0.10141571611166,0
test_protein_7616,1.0,0.3943394720554352,0
test_protein_7617,1.0,0.2839438021183014,0
test_protein_7618,1.0,0.985383152961731,1
test_protein_7619,1.0,0.13495999574661255,0
test_protein_7620,1.0,0.03960234671831131,0
test_protein_7621,1.0,0.7363318800926208,1
test_protein_7622,1.0,0.026594972237944603,0
test_protein_7623,1.0,0.18274995684623718,0
test_protein_7624,1.0,0.3734179735183716,0
test_protein_7625,1.0,0.22841045260429382,0
test_protein_7626,1.0,0.13652612268924713,0
test_protein_7627,1.0,0.5462387204170227,1
test_protein_7628,1.0,0.1524079144001007,0
test_protein_7629,1.0,0.9761582612991333,1
test_protein_7630,1.0,0.4087718427181244,0
test_protein_7631,1.0,0.10643395036458969,0
test_protein_7632,1.0,0.5497516989707947,1
test_protein_7633,1.0,0.7951321601867676,1
test_protein_7634,1.0,0.28372132778167725,0
test_protein_7635,1.0,0.16058793663978577,0
test_protein_7636,1.0,0.03952934592962265,0
test_protein_7637,1.0,0.2698870301246643,0
test_protein_7638,1.0,0.5788279175758362,1
test_protein_7639,1.0,0.4988970160484314,0
test_protein_7640,1.0,0.9637091159820557,1
test_protein_7641,1.0,0.6557126641273499,1
test_protein_7642,1.0,0.7525783777236938,1
test_protein_7643,1.0,0.40942811965942383,0
test_protein_7644,1.0,0.4787433445453644,0
test_protein_7645,1.0,0.7300724387168884,1
test_protein_7646,1.0,0.28418898582458496,0
test_protein_7647,1.0,0.8060356378555298,1
test_protein_7648,1.0,0.25245141983032227,0
test_protein_7649,1.0,0.385912150144577,0
test_protein_7650,1.0,0.011170654557645321,0
test_protein_7651,1.0,0.14196501672267914,0
test_protein_7652,1.0,0.9265070557594299,1
test_protein_7653,1.0,0.19688698649406433,0
test_protein_7654,1.0,0.7721658945083618,1
test_protein_7655,1.0,0.9520084261894226,1
test_protein_7656,1.0,0.43568384647369385,0
test_protein_7657,1.0,0.5258395671844482,1
test_protein_7658,1.0,0.15021511912345886,0
test_protein_7659,1.0,0.19414710998535156,0
test_protein_7660,1.0,0.04032765328884125,0
test_protein_7661,1.0,0.46522316336631775,0
test_protein_7662,1.0,0.3214477300643921,0
test_protein_7663,1.0,0.45647141337394714,0
test_protein_7664,1.0,0.3662835359573364,0
test_protein_7665,1.0,0.038258057087659836,0
test_protein_7666,1.0,0.013743477873504162,0
test_protein_7667,1.0,0.4722190499305725,0
test_protein_7668,1.0,0.44652795791625977,0
test_protein_7669,1.0,0.016898903995752335,0
test_protein_7670,1.0,0.9987077713012695,1
test_protein_7671,1.0,0.24196681380271912,0
test_protein_7672,1.0,0.5721835494041443,1
test_protein_7673,1.0,0.031799014657735825,0
test_protein_7674,1.0,0.4517860412597656,0
test_protein_7675,1.0,0.9925392270088196,1
test_protein_7676,1.0,0.5459529757499695,1
test_protein_7677,1.0,0.7761401534080505,1
test_protein_7678,1.0,0.13999703526496887,0
test_protein_7679,1.0,0.814536988735199,1
test_protein_7680,1.0,0.5872766971588135,1
test_protein_7681,1.0,0.502482533454895,1
test_protein_7682,1.0,0.4409233033657074,0
test_protein_7683,1.0,0.006224852055311203,0
test_protein_7684,1.0,0.5982339978218079,1
test_protein_7685,1.0,0.35417962074279785,0
test_protein_7686,1.0,0.5876848101615906,1
test_protein_7687,1.0,0.3206539750099182,0
test_protein_7688,1.0,0.41676121950149536,0
test_protein_7689,1.0,0.39958566427230835,0
test_protein_7690,1.0,0.7068790793418884,1
test_protein_7691,1.0,0.05157027766108513,0
test_protein_7692,1.0,0.9804080724716187,1
test_protein_7693,1.0,0.12457071989774704,0
test_protein_7694,1.0,0.4390958845615387,0
test_protein_7695,1.0,0.2550065517425537,0
test_protein_7696,1.0,0.06966038048267365,0
test_protein_7697,1.0,0.06118185445666313,0
test_protein_7698,1.0,0.10481235384941101,0
test_protein_7699,1.0,0.4205796420574188,0
test_protein_7700,1.0,0.3714238703250885,0
test_protein_7701,1.0,0.29045969247817993,0
test_protein_7702,1.0,0.7034149765968323,1
test_protein_7703,1.0,0.44035205245018005,0
test_protein_7704,1.0,0.19953696429729462,0
test_protein_7705,1.0,0.781073272228241,1
test_protein_7706,1.0,0.09135603904724121,0
test_protein_7707,1.0,0.4452018439769745,0
test_protein_7708,1.0,0.03422732278704643,0
test_protein_7709,1.0,0.6428304314613342,1
test_protein_7710,1.0,0.26218244433403015,0
test_protein_7711,1.0,0.521536648273468,1
test_protein_7712,1.0,0.23028019070625305,0
test_protein_7713,1.0,0.9556231498718262,1
test_protein_7714,1.0,0.31143003702163696,0
test_protein_7715,1.0,0.04655683413147926,0
test_protein_7716,1.0,0.621732771396637,1
test_protein_7717,1.0,0.2492850124835968,0
test_protein_7718,1.0,0.0654039978981018,0
test_protein_7719,1.0,0.018103674054145813,0
test_protein_7720,1.0,0.5962518453598022,1
test_protein_7721,1.0,0.5545964241027832,1
test_protein_7722,1.0,0.5098302364349365,1
test_protein_7723,1.0,0.3739536702632904,0
test_protein_7724,1.0,0.05728806555271149,0
test_protein_7725,1.0,0.30885735154151917,0
test_protein_7726,1.0,0.5969125032424927,1
test_protein_7727,1.0,0.14952389895915985,0
test_protein_7728,1.0,0.17843805253505707,0
test_protein_7729,1.0,0.43218326568603516,0
test_protein_7730,1.0,0.6233463287353516,1
test_protein_7731,1.0,0.17656002938747406,0
test_protein_7732,1.0,0.30470025539398193,0
test_protein_7733,1.0,0.8252866268157959,1
test_protein_7734,1.0,0.39290785789489746,0
test_protein_7735,1.0,0.4709779918193817,0
test_protein_7736,1.0,0.3395160734653473,0
test_protein_7737,1.0,0.062090665102005005,0
test_protein_7738,1.0,0.350656658411026,0
test_protein_7739,1.0,0.5203596949577332,1
test_protein_7740,1.0,0.2645376920700073,0
test_protein_7741,1.0,0.5469008684158325,1
test_protein_7742,1.0,0.07058736681938171,0
test_protein_7743,1.0,0.07985341548919678,0
test_protein_7744,1.0,0.05080486461520195,0
test_protein_7745,1.0,0.5622634887695312,1
test_protein_7746,1.0,0.9828313589096069,1
test_protein_7747,1.0,0.021913079544901848,0
test_protein_7748,1.0,0.18286214768886566,0
test_protein_7749,1.0,0.3218088150024414,0
test_protein_7750,1.0,0.49230295419692993,0
test_protein_7751,1.0,0.46042317152023315,0
test_protein_7752,1.0,0.36741822957992554,0
test_protein_7753,1.0,0.627846896648407,1
test_protein_7754,1.0,0.10871952772140503,0
test_protein_7755,1.0,0.01970340870320797,0
test_protein_7756,1.0,0.07548103481531143,0
test_protein_7757,1.0,0.6355863809585571,1
test_protein_7758,1.0,0.23655816912651062,0
test_protein_7759,1.0,0.3499949872493744,0
test_protein_7760,1.0,0.43631935119628906,0
test_protein_7761,1.0,0.2489972859621048,0
test_protein_7762,1.0,0.524127721786499,1
test_protein_7763,1.0,0.05479583144187927,0
test_protein_7764,1.0,0.01164631824940443,0
test_protein_7765,1.0,0.27589985728263855,0
test_protein_7766,1.0,0.021453214809298515,0
test_protein_7767,1.0,0.08307801932096481,0
test_protein_7768,1.0,0.6090818047523499,1
test_protein_7769,1.0,0.4191134572029114,0
test_protein_7770,1.0,0.43470415472984314,0
test_protein_7771,1.0,0.14267413318157196,0
test_protein_7772,1.0,0.35225045680999756,0
test_protein_7773,1.0,0.09179942309856415,0
test_protein_7774,1.0,0.6240240335464478,1
test_protein_7775,1.0,0.5249481797218323,1
test_protein_7776,1.0,0.052896223962306976,0
test_protein_7777,1.0,0.12364792823791504,0
test_protein_7778,1.0,0.48096373677253723,0
test_protein_7779,1.0,0.06718031316995621,0
test_protein_7780,1.0,0.6784026622772217,1
test_protein_7781,1.0,0.6225504279136658,1
test_protein_7782,1.0,0.4127061665058136,0
test_protein_7783,1.0,0.3240458369255066,0
test_protein_7784,1.0,0.5547733306884766,1
test_protein_7785,1.0,0.6113631725311279,1
test_protein_7786,1.0,0.7258592844009399,1
test_protein_7787,1.0,0.14128239452838898,0
test_protein_7788,1.0,0.13291820883750916,0
test_protein_7789,1.0,0.7117564678192139,1
test_protein_7790,1.0,0.1717924177646637,0
test_protein_7791,1.0,0.6569647789001465,1
test_protein_7792,1.0,0.2694670259952545,0
test_protein_7793,1.0,0.37068286538124084,0
test_protein_7794,1.0,0.07414251565933228,0
test_protein_7795,1.0,0.293944776058197,0
test_protein_7796,1.0,0.4411456286907196,0
test_protein_7797,1.0,0.3742592930793762,0
test_protein_7798,1.0,0.03766763582825661,0
test_protein_7799,1.0,0.44680917263031006,0
test_protein_7800,1.0,0.029770078137516975,0
test_protein_7801,1.0,0.05818291753530502,0
test_protein_7802,1.0,0.05456295236945152,0
test_protein_7803,1.0,0.05758696794509888,0
test_protein_7804,1.0,0.3932855725288391,0
test_protein_7805,1.0,0.5718722939491272,1
test_protein_7806,1.0,0.27890488505363464,0
test_protein_7807,1.0,0.054990679025650024,0
test_protein_7808,1.0,0.3199346959590912,0
test_protein_7809,1.0,0.46043965220451355,0
test_protein_7810,1.0,0.12006564438343048,0
test_protein_7811,1.0,0.1079804077744484,0
test_protein_7812,1.0,0.8739110827445984,1
test_protein_7813,1.0,0.30527204275131226,0
test_protein_7814,1.0,0.24609121680259705,0
test_protein_7815,1.0,0.0963389053940773,0
test_protein_7816,1.0,0.37307414412498474,0
test_protein_7817,1.0,0.002503476105630398,0
test_protein_7818,1.0,0.1035725548863411,0
test_protein_7819,1.0,0.045135725289583206,0
test_protein_7820,1.0,0.6493435502052307,1
test_protein_7821,1.0,0.47375577688217163,0
test_protein_7822,1.0,0.31574156880378723,0
test_protein_7823,1.0,0.17061929404735565,0
test_protein_7824,1.0,0.33139219880104065,0
test_protein_7825,1.0,0.21207907795906067,0
test_protein_7826,1.0,0.16539634764194489,0
test_protein_7827,1.0,0.37900301814079285,0
test_protein_7828,1.0,0.3217350244522095,0
test_protein_7829,1.0,0.05163925141096115,0
test_protein_7830,1.0,0.17106465995311737,0
test_protein_7831,1.0,0.5005906224250793,1
test_protein_7832,1.0,0.01663145050406456,0
test_protein_7833,1.0,0.36580678820610046,0
test_protein_7834,1.0,0.47995930910110474,0
test_protein_7835,1.0,0.006509509868919849,0
test_protein_7836,1.0,0.2353217899799347,0
test_protein_7837,1.0,0.05087057873606682,0
test_protein_7838,1.0,0.3415968120098114,0
test_protein_7839,1.0,0.6263939738273621,1
test_protein_7840,1.0,0.04104270413517952,0
test_protein_7841,1.0,0.602561354637146,1
test_protein_7842,1.0,0.07941243797540665,0
test_protein_7843,1.0,0.06660034507513046,0
