name,label,prob,pred
test_protein_1,0.0,0.0008636966813355684,0
test_protein_2,0.0,0.00014397346240002662,0
test_protein_3,0.0,0.005357720423489809,0
test_protein_4,0.0,0.00016724049055483192,0
test_protein_5,0.0,0.039711009711027145,0
test_protein_6,0.0,0.00010357709106756374,0
test_protein_7,0.0,0.1272227168083191,0
test_protein_8,0.0,0.4331373870372772,0
test_protein_9,0.0,0.03683553263545036,0
test_protein_10,0.0,0.04618790000677109,0
test_protein_11,0.0,0.4286523759365082,0
test_protein_12,0.0,0.08827883750200272,0
test_protein_13,0.0,0.3480067551136017,0
test_protein_14,0.0,0.3513891100883484,0
test_protein_15,0.0,0.025658728554844856,0
test_protein_16,0.0,0.9246752858161926,1
test_protein_17,0.0,0.31490540504455566,0
test_protein_18,0.0,0.980026125907898,1
test_protein_19,0.0,0.14667652547359467,0
test_protein_20,0.0,0.005480209831148386,0
test_protein_21,0.0,0.04289454221725464,0
test_protein_22,0.0,0.17265304923057556,0
test_protein_23,0.0,0.3592759966850281,0
test_protein_24,0.0,0.9086998105049133,1
test_protein_25,0.0,0.2888641357421875,0
test_protein_26,0.0,0.09693045169115067,0
test_protein_27,0.0,0.15893837809562683,0
test_protein_28,0.0,0.8091689944267273,1
test_protein_29,0.0,0.9427512288093567,1
test_protein_30,0.0,0.9133899211883545,1
test_protein_31,0.0,0.023172199726104736,0
test_protein_32,0.0,0.03912682831287384,0
test_protein_33,0.0,0.94090336561203,1
test_protein_34,0.0,0.03063029982149601,0
test_protein_35,0.0,0.14137884974479675,0
test_protein_36,0.0,0.3218592405319214,0
test_protein_37,0.0,0.36037755012512207,0
test_protein_38,0.0,0.9747115969657898,1
test_protein_39,0.0,0.4602222442626953,0
test_protein_40,0.0,0.1793466955423355,0
test_protein_41,0.0,0.9651781916618347,1
test_protein_42,0.0,0.2757205665111542,0
test_protein_43,0.0,0.12118680775165558,0
test_protein_44,0.0,0.3920486867427826,0
test_protein_45,0.0,0.44170626997947693,0
test_protein_46,0.0,0.02315543219447136,0
test_protein_47,0.0,0.9825882911682129,1
test_protein_48,0.0,0.14984236657619476,0
test_protein_49,0.0,0.25576260685920715,0
test_protein_50,0.0,0.11396978050470352,0
test_protein_51,0.0,0.5817658305168152,1
test_protein_52,0.0,0.024295581504702568,0
test_protein_53,0.0,0.000694422924425453,0
test_protein_54,0.0,0.00298774940893054,0
test_protein_55,0.0,0.0009590244153514504,0
test_protein_56,0.0,0.0001814101415220648,0
test_protein_57,0.0,0.0036433704663068056,0
test_protein_58,0.0,0.0238032266497612,0
test_protein_59,0.0,0.015885014086961746,0
test_protein_60,0.0,0.070140041410923,0
test_protein_61,0.0,0.07754599303007126,0
test_protein_62,0.0,0.07958688586950302,0
test_protein_63,0.0,0.05808063969016075,0
test_protein_64,0.0,0.032625023275613785,0
test_protein_65,0.0,0.03838438168168068,0
test_protein_66,0.0,0.24403288960456848,0
test_protein_67,0.0,0.19300873577594757,0
test_protein_68,0.0,0.545197069644928,1
test_protein_69,0.0,0.44502946734428406,0
test_protein_70,0.0,0.13862475752830505,0
test_protein_71,0.0,0.008405852131545544,0
test_protein_72,0.0,0.01827227883040905,0
test_protein_73,0.0,0.9781402349472046,1
test_protein_74,0.0,0.20630842447280884,0
test_protein_75,0.0,0.022844765335321426,0
test_protein_76,0.0,0.9201744198799133,1
test_protein_77,0.0,0.1198200061917305,0
test_protein_78,0.0,0.8977128863334656,1
test_protein_79,0.0,0.09301763027906418,0
test_protein_80,0.0,0.7866126298904419,1
test_protein_81,0.0,0.990692675113678,1
test_protein_82,0.0,0.9379691481590271,1
test_protein_83,0.0,0.06129826605319977,0
test_protein_84,0.0,0.00010870766709558666,0
test_protein_85,0.0,0.3816725015640259,0
test_protein_86,0.0,0.00012318542576394975,0
test_protein_87,0.0,0.0012682236265391111,0
test_protein_88,0.0,0.01574324071407318,0
test_protein_89,0.0,0.3123009204864502,0
test_protein_90,0.0,0.897551417350769,1
test_protein_91,0.0,0.015646763145923615,0
test_protein_92,0.0,0.9106994271278381,1
test_protein_93,0.0,0.054089974611997604,0
test_protein_94,0.0,0.9870358109474182,1
test_protein_95,0.0,0.47113776206970215,0
test_protein_96,0.0,0.00023120622790884227,0
test_protein_97,0.0,0.6246387958526611,1
test_protein_98,0.0,0.9746336936950684,1
test_protein_99,0.0,0.1060393750667572,0
test_protein_100,0.0,0.00023323189816437662,0
test_protein_101,0.0,0.0016658970853313804,0
test_protein_102,0.0,0.0018361150287091732,0
test_protein_103,0.0,0.001582504715770483,0
test_protein_104,0.0,0.001853043562732637,0
test_protein_105,0.0,0.005635288543999195,0
test_protein_106,0.0,0.004366536624729633,0
test_protein_107,0.0,0.008401695638895035,0
test_protein_108,0.0,0.005607517436146736,0
test_protein_109,0.0,0.004539754241704941,0
test_protein_110,0.0,0.005046567879617214,0
test_protein_111,0.0,0.010688063688576221,0
test_protein_112,0.0,0.6499723196029663,1
test_protein_113,0.0,0.008986816741526127,0
test_protein_114,0.0,0.0014037498040124774,0
test_protein_115,0.0,0.5746456980705261,1
test_protein_116,0.0,0.0026856025215238333,0
test_protein_117,0.0,0.0028371515218168497,0
test_protein_118,0.0,0.873764157295227,1
test_protein_119,0.0,0.07285989820957184,0
test_protein_120,0.0,0.004918826278299093,0
test_protein_121,0.0,0.22991152107715607,0
test_protein_122,0.0,0.0007814047858119011,0
test_protein_123,0.0,0.882254958152771,1
test_protein_124,0.0,0.3968351185321808,0
test_protein_125,0.0,0.00013928048429079354,0
test_protein_126,0.0,0.00016398174921050668,0
test_protein_127,0.0,0.1308755725622177,0
test_protein_128,0.0,0.023952864110469818,0
test_protein_129,0.0,0.45185044407844543,0
test_protein_130,0.0,0.006578543689101934,0
test_protein_131,0.0,0.008648563176393509,0
test_protein_132,0.0,0.6271461844444275,1
test_protein_133,0.0,0.4314957857131958,0
test_protein_134,0.0,0.45357999205589294,0
test_protein_135,0.0,0.18533416092395782,0
test_protein_136,0.0,0.0059697264805436134,0
test_protein_137,0.0,0.002373865805566311,0
test_protein_138,0.0,0.027769561856985092,0
test_protein_139,0.0,0.01163612399250269,0
test_protein_140,0.0,0.08105680346488953,0
test_protein_141,0.0,0.03815824165940285,0
test_protein_142,0.0,0.007306200917810202,0
test_protein_143,0.0,0.30183520913124084,0
test_protein_144,0.0,0.5421477556228638,1
test_protein_145,0.0,0.5249906778335571,1
test_protein_146,0.0,0.15765124559402466,0
test_protein_147,0.0,0.03358340263366699,0
test_protein_148,0.0,0.03653239831328392,0
test_protein_149,0.0,0.01874960958957672,0
test_protein_150,0.0,0.44410669803619385,0
test_protein_151,0.0,0.9746852517127991,1
test_protein_152,0.0,0.8201190829277039,1
test_protein_153,0.0,0.05524596944451332,0
test_protein_154,0.0,0.40850767493247986,0
test_protein_155,0.0,0.0032572546042501926,0
test_protein_156,0.0,0.01634284108877182,0
test_protein_157,0.0,0.01938583515584469,0
test_protein_158,0.0,0.023152662441134453,0
test_protein_159,0.0,0.9759875535964966,1
test_protein_160,0.0,0.9744033217430115,1
test_protein_161,0.0,0.10467414557933807,0
test_protein_162,0.0,0.26915040612220764,0
test_protein_163,0.0,0.011196762323379517,0
test_protein_164,0.0,0.036022718995809555,0
test_protein_165,0.0,0.0035807720851153135,0
test_protein_166,0.0,0.007525257300585508,0
test_protein_167,0.0,0.00024695746833458543,0
test_protein_168,0.0,0.0006214257446117699,0
test_protein_169,0.0,0.9694318175315857,1
test_protein_170,0.0,0.10669834911823273,0
test_protein_171,0.0,0.2694009840488434,0
test_protein_172,0.0,0.2832793593406677,0
test_protein_173,0.0,0.008732517249882221,0
test_protein_174,0.0,0.10855893045663834,0
test_protein_175,0.0,0.1862766295671463,0
test_protein_176,0.0,0.9421606063842773,1
test_protein_177,0.0,0.08968545496463776,0
test_protein_178,0.0,0.92154860496521,1
test_protein_179,0.0,0.00023577653337270021,0
test_protein_180,0.0,0.2591187357902527,0
test_protein_181,0.0,0.4415648877620697,0
test_protein_182,0.0,0.0011034175986424088,0
test_protein_183,0.0,0.04488362371921539,0
test_protein_184,0.0,0.2957385778427124,0
test_protein_185,0.0,0.3927347958087921,0
test_protein_186,0.0,0.1072535440325737,0
test_protein_187,0.0,0.021187327802181244,0
test_protein_188,0.0,0.31330499053001404,0
test_protein_189,0.0,0.019574183970689774,0
test_protein_190,0.0,0.11672807484865189,0
test_protein_191,0.0,0.28482604026794434,0
test_protein_192,0.0,0.29340189695358276,0
test_protein_193,0.0,0.04852354899048805,0
test_protein_194,0.0,0.011812425218522549,0
test_protein_195,0.0,0.013145546428859234,0
test_protein_196,0.0,0.11078683286905289,0
test_protein_197,0.0,0.23028680682182312,0
test_protein_198,0.0,0.11469719558954239,0
test_protein_199,0.0,0.0035108192823827267,0
test_protein_200,0.0,0.01640489511191845,0
test_protein_201,0.0,0.028783487156033516,0
test_protein_202,0.0,0.03214040771126747,0
test_protein_203,0.0,0.09356893599033356,0
test_protein_204,0.0,0.012785426340997219,0
test_protein_205,0.0,0.0428481288254261,0
test_protein_206,0.0,0.188033789396286,0
test_protein_207,0.0,0.09411203116178513,0
test_protein_208,0.0,0.0137838926166296,0
test_protein_209,0.0,0.9638299345970154,1
test_protein_210,0.0,0.006170785054564476,0
test_protein_211,0.0,0.9747251272201538,1
test_protein_212,0.0,0.06488741189241409,0
test_protein_213,0.0,0.8916370868682861,1
test_protein_214,0.0,0.04627267271280289,0
test_protein_215,0.0,0.3778897225856781,0
test_protein_216,0.0,0.01096658781170845,0
test_protein_217,0.0,0.018647098913788795,0
test_protein_218,0.0,0.028393827378749847,0
test_protein_219,0.0,0.010413610376417637,0
test_protein_220,0.0,0.013164031319320202,0
test_protein_221,0.0,0.01841585524380207,0
test_protein_222,0.0,0.015614950098097324,0
test_protein_223,0.0,0.0028085580561310053,0
test_protein_224,0.0,0.0041844723746180534,0
test_protein_225,0.0,0.018514178693294525,0
test_protein_226,0.0,0.015944436192512512,0
test_protein_227,0.0,0.5802245736122131,1
test_protein_228,0.0,0.3053725063800812,0
test_protein_229,0.0,0.21984583139419556,0
test_protein_230,0.0,0.38410577178001404,0
test_protein_231,0.0,0.18679606914520264,0
test_protein_232,0.0,0.1501503735780716,0
test_protein_233,0.0,0.08786781877279282,0
test_protein_234,0.0,0.9848117828369141,1
test_protein_235,0.0,0.6836332678794861,1
test_protein_236,0.0,0.9043391346931458,1
test_protein_237,0.0,0.014313781633973122,0
test_protein_238,0.0,0.385703980922699,0
test_protein_239,0.0,0.005554766859859228,0
test_protein_240,0.0,0.006994970142841339,0
test_protein_241,0.0,0.11766279488801956,0
test_protein_242,0.0,0.06710198521614075,0
test_protein_243,0.0,0.03945295140147209,0
test_protein_244,0.0,0.03999143838882446,0
test_protein_245,0.0,0.5501846671104431,1
test_protein_246,0.0,0.05437001213431358,0
test_protein_247,0.0,0.014639835804700851,0
test_protein_248,0.0,0.01907147280871868,0
test_protein_249,0.0,0.03057252988219261,0
test_protein_250,0.0,0.0576355941593647,0
test_protein_251,0.0,0.05014215409755707,0
test_protein_252,0.0,0.16200649738311768,0
test_protein_253,0.0,0.09945806115865707,0
test_protein_254,0.0,0.2322455793619156,0
test_protein_255,0.0,0.8329505920410156,1
test_protein_256,0.0,0.21364326775074005,0
test_protein_257,0.0,0.0063567752949893475,0
test_protein_258,0.0,0.7343665957450867,1
test_protein_259,0.0,0.8654451370239258,1
test_protein_260,0.0,0.00021673223818652332,0
test_protein_261,0.0,0.983489990234375,1
test_protein_262,0.0,0.006151729729026556,0
test_protein_263,0.0,0.6962682008743286,1
test_protein_264,0.0,0.08654624223709106,0
test_protein_265,0.0,0.9867892861366272,1
test_protein_266,0.0,0.01654822565615177,0
test_protein_267,0.0,0.3732505440711975,0
test_protein_268,0.0,0.001180485007353127,0
test_protein_269,0.0,0.0024086881894618273,0
test_protein_270,0.0,0.9525800943374634,1
test_protein_271,0.0,0.12148366123437881,0
test_protein_272,0.0,0.6729159355163574,1
test_protein_273,0.0,0.0004404741630423814,0
test_protein_274,0.0,0.32486116886138916,0
test_protein_275,0.0,0.6569488048553467,1
test_protein_276,0.0,0.03980119153857231,0
test_protein_277,0.0,0.02937249466776848,0
test_protein_278,0.0,0.433337539434433,0
test_protein_279,0.0,0.2420499175786972,0
test_protein_280,0.0,0.0002743256918620318,0
test_protein_281,0.0,0.00961094070225954,0
test_protein_282,0.0,0.34320101141929626,0
test_protein_283,0.0,0.978812575340271,1
test_protein_284,0.0,0.2352672517299652,0
test_protein_285,0.0,0.0037617774214595556,0
test_protein_286,0.0,0.38316309452056885,0
test_protein_287,0.0,0.22514216601848602,0
test_protein_288,0.0,0.8258687257766724,1
test_protein_289,0.0,0.06831062585115433,0
test_protein_290,0.0,0.0016531337751075625,0
test_protein_291,0.0,0.04189265891909599,0
test_protein_292,0.0,0.2139136642217636,0
test_protein_293,0.0,0.08309345692396164,0
test_protein_294,0.0,0.005294564180076122,0
test_protein_295,0.0,0.18264371156692505,0
test_protein_296,0.0,0.1729152649641037,0
test_protein_297,0.0,0.037046078592538834,0
test_protein_298,0.0,0.02875729836523533,0
test_protein_299,0.0,0.03312516584992409,0
test_protein_300,0.0,0.08431548625230789,0
test_protein_301,0.0,0.18133139610290527,0
test_protein_302,0.0,0.02656218595802784,0
test_protein_303,0.0,0.1741240918636322,0
test_protein_304,0.0,0.2351892590522766,0
test_protein_305,0.0,0.6477925777435303,1
test_protein_306,0.0,0.00040809891652315855,0
test_protein_307,0.0,0.04385149106383324,0
test_protein_308,0.0,0.22475817799568176,0
test_protein_309,0.0,0.08041878044605255,0
test_protein_310,0.0,0.12671130895614624,0
test_protein_311,0.0,0.009366392157971859,0
test_protein_312,0.0,0.4261642098426819,0
test_protein_313,0.0,0.20291389524936676,0
test_protein_314,0.0,0.9816442728042603,1
test_protein_315,0.0,0.0023043204564601183,0
test_protein_316,0.0,0.9731277227401733,1
test_protein_317,0.0,0.006620119791477919,0
test_protein_318,0.0,0.018906591460108757,0
test_protein_319,0.0,0.03119073063135147,0
test_protein_320,0.0,0.038538858294487,0
test_protein_321,0.0,0.7415100336074829,1
test_protein_322,0.0,0.7794153094291687,1
test_protein_323,0.0,0.5771713852882385,1
test_protein_324,0.0,0.034993935376405716,0
test_protein_325,0.0,0.790005087852478,1
test_protein_326,0.0,0.5423722267150879,1
test_protein_327,0.0,0.03744293376803398,0
test_protein_328,0.0,0.03438228368759155,0
test_protein_329,0.0,0.0473003014922142,0
test_protein_330,0.0,0.03882642462849617,0
test_protein_331,0.0,0.7757872939109802,1
test_protein_332,0.0,0.2916284501552582,0
test_protein_333,0.0,0.5137442350387573,1
test_protein_334,0.0,0.56383216381073,1
test_protein_335,0.0,0.08782687783241272,0
test_protein_336,0.0,0.15742430090904236,0
test_protein_337,0.0,0.16972756385803223,0
test_protein_338,0.0,0.7234840393066406,1
test_protein_339,0.0,0.4166824519634247,0
test_protein_340,0.0,0.24225644767284393,0
test_protein_341,0.0,0.10115505009889603,0
test_protein_342,0.0,0.2963714003562927,0
test_protein_343,0.0,0.341137558221817,0
test_protein_344,0.0,0.0022532895673066378,0
test_protein_345,0.0,0.04307357594370842,0
test_protein_346,0.0,0.20924139022827148,0
test_protein_347,0.0,0.001073803286999464,0
test_protein_348,0.0,0.36636480689048767,0
test_protein_349,0.0,0.8287352919578552,1
test_protein_350,0.0,0.6832324266433716,1
test_protein_351,0.0,0.29045313596725464,0
test_protein_352,0.0,0.3075219690799713,0
test_protein_353,0.0,0.0433809719979763,0
test_protein_354,0.0,0.10318806767463684,0
test_protein_355,0.0,0.20600630342960358,0
test_protein_356,0.0,0.13264285027980804,0
test_protein_357,0.0,0.9344499707221985,1
test_protein_358,0.0,0.4810331463813782,0
test_protein_359,0.0,0.3562054932117462,0
test_protein_360,0.0,0.012999157421290874,0
test_protein_361,0.0,0.14644944667816162,0
test_protein_362,0.0,0.12997019290924072,0
test_protein_363,0.0,0.9459832906723022,1
test_protein_364,0.0,0.3281668424606323,0
test_protein_365,0.0,0.4820222556591034,0
test_protein_366,0.0,0.0326441265642643,0
test_protein_367,0.0,0.0627647265791893,0
test_protein_368,0.0,0.0809541866183281,0
test_protein_369,0.0,0.4953647553920746,0
test_protein_370,0.0,0.029505332931876183,0
test_protein_371,0.0,0.17318032681941986,0
test_protein_372,0.0,0.813458263874054,1
test_protein_373,0.0,0.143148273229599,0
test_protein_374,0.0,0.8031005859375,1
test_protein_375,0.0,0.5996426343917847,1
test_protein_376,0.0,0.038127437233924866,0
test_protein_377,0.0,0.05207056552171707,0
test_protein_378,0.0,0.5843545794487,1
test_protein_379,0.0,0.07486402988433838,0
test_protein_380,0.0,0.16418816149234772,0
test_protein_381,0.0,0.18837781250476837,0
test_protein_382,0.0,0.7799793481826782,1
test_protein_383,0.0,0.30953338742256165,0
test_protein_384,0.0,0.0015368558233603835,0
test_protein_385,0.0,0.00015499019355047494,0
test_protein_386,0.0,0.0010338198626413941,0
test_protein_387,0.0,0.019259268417954445,0
test_protein_388,0.0,0.9735130071640015,1
test_protein_389,0.0,0.8451366424560547,1
test_protein_390,0.0,0.32459598779678345,0
test_protein_391,0.0,0.6058879494667053,1
test_protein_392,0.0,0.012730328366160393,0
test_protein_393,0.0,0.04293050616979599,0
test_protein_394,0.0,0.00287524051964283,0
test_protein_395,0.0,0.3496849238872528,0
test_protein_396,0.0,0.48321306705474854,0
test_protein_397,0.0,0.530744731426239,1
test_protein_398,0.0,0.004507429897785187,0
test_protein_399,0.0,0.35462838411331177,0
test_protein_400,0.0,0.2300943285226822,0
test_protein_401,0.0,0.030551375821232796,0
test_protein_402,0.0,0.6038049459457397,1
test_protein_403,0.0,0.005340246018022299,0
test_protein_404,0.0,0.35770392417907715,0
test_protein_405,0.0,0.00290208263322711,0
test_protein_406,0.0,0.00011279404134256765,0
test_protein_407,0.0,0.5705817937850952,1
test_protein_408,0.0,0.05050649866461754,0
test_protein_409,0.0,0.10068100690841675,0
test_protein_410,0.0,0.29482895135879517,0
test_protein_411,0.0,0.27523374557495117,0
test_protein_412,0.0,0.08564087003469467,0
test_protein_413,0.0,0.7233768105506897,1
test_protein_414,0.0,0.07509616762399673,0
test_protein_415,0.0,0.3595159947872162,0
test_protein_416,0.0,0.04309846833348274,0
test_protein_417,0.0,0.06344405561685562,0
test_protein_418,0.0,0.9783700108528137,1
test_protein_419,0.0,0.23821111023426056,0
test_protein_420,0.0,0.543163537979126,1
test_protein_421,0.0,0.027760040014982224,0
test_protein_422,0.0,0.03287796676158905,0
test_protein_423,0.0,0.5097411870956421,1
test_protein_424,0.0,0.9775494337081909,1
test_protein_425,0.0,0.8205132484436035,1
test_protein_426,0.0,0.008988249115645885,0
test_protein_427,0.0,0.4335668385028839,0
test_protein_428,0.0,0.011781367473304272,0
test_protein_429,0.0,0.40730011463165283,0
test_protein_430,0.0,0.014027691446244717,0
test_protein_431,0.0,0.007274063304066658,0
test_protein_432,0.0,0.16404393315315247,0
test_protein_433,0.0,0.38591131567955017,0
test_protein_434,0.0,0.01038803905248642,0
test_protein_435,0.0,0.011573195457458496,0
test_protein_436,0.0,0.7632390260696411,1
test_protein_437,0.0,0.020173504948616028,0
test_protein_438,0.0,0.023116767406463623,0
test_protein_439,0.0,0.0088803106918931,0
test_protein_440,0.0,0.04863870516419411,0
test_protein_441,0.0,0.00016462799976579845,0
test_protein_442,0.0,0.8951482772827148,1
test_protein_443,0.0,0.5081300735473633,1
test_protein_444,0.0,0.2524208724498749,0
test_protein_445,0.0,0.46859070658683777,0
test_protein_446,0.0,0.6167939305305481,1
test_protein_447,0.0,0.2647624909877777,0
test_protein_448,0.0,0.002037661848589778,0
test_protein_449,0.0,0.0008775041787885129,0
test_protein_450,0.0,0.5774179697036743,1
test_protein_451,0.0,0.17894238233566284,0
test_protein_452,0.0,0.23210731148719788,0
test_protein_453,0.0,0.12258756160736084,0
test_protein_454,0.0,0.005057631991803646,0
test_protein_455,0.0,0.2204444706439972,0
test_protein_456,0.0,0.7402109503746033,1
test_protein_457,0.0,0.09203873574733734,0
test_protein_458,0.0,0.9462934136390686,1
test_protein_459,0.0,0.18636085093021393,0
test_protein_460,0.0,0.29667285084724426,0
test_protein_461,0.0,0.44701868295669556,0
test_protein_462,0.0,0.0028410302475094795,0
test_protein_463,0.0,0.5101444125175476,1
test_protein_464,0.0,0.3941117227077484,0
test_protein_465,0.0,0.014955161139369011,0
test_protein_466,0.0,0.03660982474684715,0
test_protein_467,0.0,0.0001816806907299906,0
test_protein_468,0.0,0.43360570073127747,0
test_protein_469,0.0,0.0250945296138525,0
test_protein_470,0.0,0.3495450019836426,0
test_protein_471,0.0,0.1094665452837944,0
test_protein_472,0.0,0.00010268561163684353,0
test_protein_473,0.0,0.46985122561454773,0
test_protein_474,0.0,0.2852584421634674,0
test_protein_475,0.0,0.002916268538683653,0
test_protein_476,0.0,0.013983297161757946,0
test_protein_477,0.0,0.03372185677289963,0
test_protein_478,0.0,0.156107097864151,0
test_protein_479,0.0,0.05416615679860115,0
test_protein_480,0.0,0.009960662573575974,0
test_protein_481,0.0,0.03775479644536972,0
test_protein_482,0.0,0.028550947085022926,0
test_protein_483,0.0,0.0037205845583230257,0
test_protein_484,0.0,0.440888911485672,0
test_protein_485,0.0,0.6678422093391418,1
test_protein_486,0.0,0.033689215779304504,0
test_protein_487,0.0,0.9646313786506653,1
test_protein_488,0.0,0.5833451747894287,1
test_protein_489,0.0,0.010254577733576298,0
test_protein_490,0.0,0.057093776762485504,0
test_protein_491,0.0,0.28111881017684937,0
test_protein_492,0.0,0.24263527989387512,0
test_protein_493,0.0,0.055454351007938385,0
test_protein_494,0.0,0.0794171690940857,0
test_protein_495,0.0,0.9234164953231812,1
test_protein_496,0.0,0.0016217607771977782,0
test_protein_497,0.0,0.38935714960098267,0
test_protein_498,0.0,0.8667657375335693,1
test_protein_499,0.0,0.0020261246245354414,0
test_protein_500,0.0,0.8816375732421875,1
test_protein_501,0.0,0.03431190550327301,0
test_protein_502,0.0,0.02722349390387535,0
test_protein_503,0.0,0.03391745686531067,0
test_protein_504,0.0,0.7473106384277344,1
test_protein_505,0.0,0.974555492401123,1
test_protein_506,0.0,0.037693362683057785,0
test_protein_507,0.0,0.09659646451473236,0
test_protein_508,0.0,0.0008291007834486663,0
test_protein_509,0.0,0.1842690110206604,0
test_protein_510,0.0,0.07678317278623581,0
test_protein_511,0.0,0.023218026384711266,0
test_protein_512,0.0,0.9595667123794556,1
test_protein_513,0.0,0.01951383799314499,0
test_protein_514,0.0,0.9952919483184814,1
test_protein_515,0.0,0.004580184351652861,0
test_protein_516,0.0,0.2990915775299072,0
test_protein_517,0.0,0.8618001341819763,1
test_protein_518,0.0,0.8857858180999756,1
test_protein_519,0.0,0.9227592945098877,1
test_protein_520,0.0,0.9248316884040833,1
test_protein_521,0.0,0.758811891078949,1
test_protein_522,0.0,0.8130258321762085,1
test_protein_523,0.0,9.987763041863218e-05,0
test_protein_524,0.0,0.00015084417827893049,0
test_protein_525,0.0,0.00011364478996256366,0
test_protein_526,0.0,9.715338092064485e-05,0
test_protein_527,0.0,0.00010798405855894089,0
test_protein_528,0.0,0.6147339344024658,1
test_protein_529,0.0,0.038440071046352386,0
test_protein_530,0.0,0.9614030718803406,1
test_protein_531,0.0,0.9723145961761475,1
test_protein_532,0.0,0.20559100806713104,0
test_protein_533,0.0,0.760918915271759,1
test_protein_534,0.0,0.9262811541557312,1
test_protein_535,0.0,0.11829373240470886,0
test_protein_536,0.0,0.02937687374651432,0
test_protein_537,0.0,0.22407394647598267,0
test_protein_538,0.0,0.9596919417381287,1
test_protein_539,0.0,0.10370928049087524,0
test_protein_540,0.0,0.9576147794723511,1
test_protein_541,0.0,0.004592455457895994,0
test_protein_542,0.0,0.0037350759375840425,0
test_protein_543,0.0,0.004363042302429676,0
test_protein_544,0.0,0.05602230131626129,0
test_protein_545,0.0,0.02878359518945217,0
test_protein_546,0.0,0.0034595218021422625,0
test_protein_547,0.0,0.017398132011294365,0
test_protein_548,0.0,0.01743822731077671,0
test_protein_549,0.0,0.015806695446372032,0
test_protein_550,0.0,0.8563806414604187,1
test_protein_551,0.0,0.006674186326563358,0
test_protein_552,0.0,0.1535794585943222,0
test_protein_553,0.0,0.16662190854549408,0
test_protein_554,0.0,0.3933344781398773,0
test_protein_555,0.0,0.00011573455412872136,0
test_protein_556,0.0,0.08789235353469849,0
test_protein_557,0.0,0.7183324694633484,1
test_protein_558,0.0,0.9916796088218689,1
test_protein_559,0.0,0.9605243802070618,1
test_protein_560,0.0,0.014438064768910408,0
test_protein_561,0.0,0.11738414317369461,0
test_protein_562,0.0,0.007784785702824593,0
test_protein_563,0.0,0.0063941590487957,0
test_protein_564,0.0,0.42372092604637146,0
test_protein_565,0.0,0.064738430082798,0
test_protein_566,0.0,0.40382999181747437,0
test_protein_567,0.0,0.43729111552238464,0
test_protein_568,0.0,0.8942546844482422,1
test_protein_569,0.0,0.0361928790807724,0
test_protein_570,0.0,0.02136487327516079,0
test_protein_571,0.0,0.9129331707954407,1
test_protein_572,0.0,0.9891407489776611,1
test_protein_573,0.0,0.4094350337982178,0
test_protein_574,0.0,0.6946027874946594,1
test_protein_575,0.0,0.01989465020596981,0
test_protein_576,0.0,0.9525226354598999,1
test_protein_577,0.0,0.9577274322509766,1
test_protein_578,0.0,0.11265397816896439,0
test_protein_579,0.0,0.0015079531585797668,0
test_protein_580,0.0,0.2820059657096863,0
test_protein_581,0.0,0.6947738528251648,1
test_protein_582,0.0,0.8879073858261108,1
test_protein_583,0.0,0.3700014352798462,0
test_protein_584,0.0,0.28792762756347656,0
test_protein_585,0.0,0.10038311034440994,0
test_protein_586,0.0,0.7411106824874878,1
test_protein_587,0.0,0.45292478799819946,0
test_protein_588,0.0,0.7495282888412476,1
test_protein_589,0.0,0.12737882137298584,0
test_protein_590,0.0,0.544358491897583,1
test_protein_591,0.0,0.8503386974334717,1
test_protein_592,0.0,0.6170543432235718,1
test_protein_593,0.0,0.3431096374988556,0
test_protein_594,0.0,0.21025633811950684,0
test_protein_595,0.0,0.2729124426841736,0
test_protein_596,0.0,0.39116737246513367,0
test_protein_597,0.0,0.011808540672063828,0
test_protein_598,0.0,0.7528440356254578,1
test_protein_599,0.0,0.005495559424161911,0
test_protein_600,0.0,0.3556860387325287,0
test_protein_601,0.0,0.7147750854492188,1
test_protein_602,0.0,0.32297179102897644,0
test_protein_603,0.0,0.7760037779808044,1
test_protein_604,0.0,0.9133503437042236,1
test_protein_605,0.0,0.04309384524822235,0
test_protein_606,0.0,0.06912317126989365,0
test_protein_607,0.0,0.014921607449650764,0
test_protein_608,0.0,0.0005909770843572915,0
test_protein_609,0.0,0.25363418459892273,0
test_protein_610,0.0,0.005423117429018021,0
test_protein_611,0.0,0.029313968494534492,0
test_protein_612,0.0,0.7922470569610596,1
test_protein_613,0.0,0.9826245903968811,1
test_protein_614,0.0,0.949385941028595,1
test_protein_615,0.0,0.9282324314117432,1
test_protein_616,0.0,0.15340159833431244,0
test_protein_617,0.0,0.0009264840628020465,0
test_protein_618,0.0,0.15343616902828217,0
test_protein_619,0.0,0.006525194738060236,0
test_protein_620,0.0,0.9753163456916809,1
test_protein_621,0.0,0.15843945741653442,0
test_protein_622,0.0,0.33113598823547363,0
test_protein_623,0.0,0.020095938816666603,0
test_protein_624,0.0,0.2753608524799347,0
test_protein_625,0.0,0.0007993760518729687,0
test_protein_626,0.0,0.6597616672515869,1
test_protein_627,0.0,0.8757606148719788,1
test_protein_628,0.0,0.008249507285654545,0
test_protein_629,0.0,0.9782388806343079,1
test_protein_630,0.0,0.8989174962043762,1
test_protein_631,0.0,0.2030494064092636,0
test_protein_632,0.0,0.7861727476119995,1
test_protein_633,0.0,0.9744300246238708,1
test_protein_634,0.0,0.016271917149424553,0
test_protein_635,0.0,0.13163131475448608,0
test_protein_636,0.0,0.011702391318976879,0
test_protein_637,0.0,0.282079815864563,0
test_protein_638,0.0,0.7858660817146301,1
test_protein_639,0.0,0.0026132999919354916,0
test_protein_640,0.0,0.0593811571598053,0
test_protein_641,0.0,0.004323326982557774,0
test_protein_642,0.0,0.033821120858192444,0
test_protein_643,0.0,0.005763136316090822,0
test_protein_644,0.0,0.010138247162103653,0
test_protein_645,0.0,0.004906415473669767,0
test_protein_646,0.0,0.21548879146575928,0
test_protein_647,0.0,0.0011676980648189783,0
test_protein_648,0.0,0.0039740512147545815,0
test_protein_649,0.0,0.009248138405382633,0
test_protein_650,0.0,0.031767699867486954,0
test_protein_651,0.0,0.5207732915878296,1
test_protein_652,0.0,0.004938896745443344,0
test_protein_653,0.0,0.003239588811993599,0
test_protein_654,0.0,0.11446059495210648,0
test_protein_655,0.0,0.8354200124740601,1
test_protein_656,0.0,0.002169083571061492,0
test_protein_657,0.0,0.2501547932624817,0
test_protein_658,0.0,0.21727246046066284,0
test_protein_659,0.0,0.08905217051506042,0
test_protein_660,0.0,0.06628663837909698,0
test_protein_661,0.0,0.13207580149173737,0
test_protein_662,0.0,0.02175944484770298,0
test_protein_663,0.0,0.8622518181800842,1
test_protein_664,0.0,0.9916400909423828,1
test_protein_665,0.0,0.7269007563591003,1
test_protein_666,0.0,0.015461884438991547,0
test_protein_667,0.0,0.0016607114812359214,0
test_protein_668,0.0,0.013734954409301281,0
test_protein_669,0.0,0.6684033274650574,1
test_protein_670,0.0,0.06258967518806458,0
test_protein_671,0.0,0.18542534112930298,0
test_protein_672,0.0,0.047944486141204834,0
test_protein_673,0.0,0.12981577217578888,0
test_protein_674,0.0,0.9703631401062012,1
test_protein_675,0.0,0.003595496527850628,0
test_protein_676,0.0,0.005341441370546818,0
test_protein_677,0.0,0.06147786229848862,0
test_protein_678,0.0,0.14045703411102295,0
test_protein_679,0.0,0.020292887464165688,0
test_protein_680,0.0,0.18979939818382263,0
test_protein_681,0.0,0.02465779148042202,0
test_protein_682,0.0,0.23133204877376556,0
test_protein_683,0.0,0.011633717454969883,0
test_protein_684,0.0,0.0041486541740596294,0
test_protein_685,0.0,0.0208614319562912,0
test_protein_686,0.0,0.026803577318787575,0
test_protein_687,0.0,0.005638998933136463,0
test_protein_688,0.0,0.30563443899154663,0
test_protein_689,0.0,0.23732110857963562,0
test_protein_690,0.0,0.5822914838790894,1
test_protein_691,0.0,0.7389865517616272,1
test_protein_692,0.0,0.8529883623123169,1
test_protein_693,0.0,0.004902164451777935,0
test_protein_694,0.0,0.03794025257229805,0
test_protein_695,0.0,0.8870993256568909,1
test_protein_696,0.0,0.306387335062027,0
test_protein_697,0.0,0.0041200690902769566,0
test_protein_698,0.0,0.04058172181248665,0
test_protein_699,0.0,0.0034266049042344093,0
test_protein_700,0.0,0.0065946802496910095,0
test_protein_701,0.0,0.004817537497729063,0
test_protein_702,0.0,0.00862730573862791,0
test_protein_703,0.0,0.581192135810852,1
test_protein_704,0.0,0.8572832345962524,1
test_protein_705,0.0,0.2838503420352936,0
test_protein_706,0.0,0.1644074022769928,0
test_protein_707,0.0,0.07134512811899185,0
test_protein_708,0.0,0.06837434321641922,0
test_protein_709,0.0,0.2950732409954071,0
test_protein_710,0.0,0.27964869141578674,0
test_protein_711,0.0,0.04108937829732895,0
test_protein_712,0.0,0.007277355529367924,0
test_protein_713,0.0,0.00913240946829319,0
test_protein_714,0.0,0.0048331995494663715,0
test_protein_715,0.0,0.005036687478423119,0
test_protein_716,0.0,0.790003776550293,1
test_protein_717,0.0,0.021771151572465897,0
test_protein_718,0.0,0.9530481696128845,1
test_protein_719,0.0,0.9991118311882019,1
test_protein_720,0.0,0.0004761170130223036,0
test_protein_721,0.0,0.4984018802642822,0
test_protein_722,0.0,0.03929699584841728,0
test_protein_723,0.0,0.9381201267242432,1
test_protein_724,0.0,0.5328841805458069,1
test_protein_725,0.0,0.010987600311636925,0
test_protein_726,0.0,0.03274308145046234,0
test_protein_727,0.0,0.2711751461029053,0
test_protein_728,0.0,0.8930392861366272,1
test_protein_729,0.0,0.9509099125862122,1
test_protein_730,0.0,0.042804472148418427,0
test_protein_731,0.0,0.610672652721405,1
test_protein_732,0.0,0.553118884563446,1
test_protein_733,0.0,0.5370886921882629,1
test_protein_734,0.0,0.4488956332206726,0
test_protein_735,0.0,0.0020722225308418274,0
test_protein_736,0.0,0.0037726417649537325,0
test_protein_737,0.0,0.015248549170792103,0
test_protein_738,0.0,0.098487988114357,0
test_protein_739,0.0,0.005030947737395763,0
test_protein_740,0.0,0.9750715494155884,1
test_protein_741,0.0,0.9136409163475037,1
test_protein_742,0.0,0.024330077692866325,0
test_protein_743,0.0,0.00396703789010644,0
test_protein_744,0.0,0.36970847845077515,0
test_protein_745,0.0,0.40917253494262695,0
test_protein_746,0.0,0.006070826202630997,0
test_protein_747,0.0,0.6209949851036072,1
test_protein_748,0.0,0.9282928109169006,1
test_protein_749,0.0,0.28960222005844116,0
test_protein_750,0.0,0.050994135439395905,0
test_protein_751,0.0,0.09164328873157501,0
test_protein_752,0.0,0.5492807626724243,1
test_protein_753,0.0,0.9900420904159546,1
test_protein_754,0.0,0.016254866495728493,0
test_protein_755,0.0,0.012424107640981674,0
test_protein_756,0.0,0.40863725543022156,0
test_protein_757,0.0,0.36024680733680725,0
test_protein_758,0.0,0.812254011631012,1
test_protein_759,0.0,0.9118162989616394,1
test_protein_760,0.0,0.0018042403971776366,0
test_protein_761,0.0,0.005537934601306915,0
test_protein_762,0.0,0.09444180876016617,0
test_protein_763,0.0,0.6746139526367188,1
test_protein_764,0.0,0.6764988899230957,1
test_protein_765,0.0,0.9515096545219421,1
test_protein_766,0.0,0.005143303889781237,0
test_protein_767,0.0,0.9820225834846497,1
test_protein_768,0.0,0.9478893280029297,1
test_protein_769,0.0,0.3372962176799774,0
test_protein_770,0.0,0.6506009697914124,1
test_protein_771,0.0,0.7675007581710815,1
test_protein_772,0.0,0.1982848197221756,0
test_protein_773,0.0,0.0056954361498355865,0
test_protein_774,0.0,0.018167059868574142,0
test_protein_775,0.0,0.9950048327445984,1
test_protein_776,0.0,0.3975752890110016,0
test_protein_777,0.0,0.2411312758922577,0
test_protein_778,0.0,0.951039731502533,1
test_protein_779,0.0,0.972087562084198,1
test_protein_780,0.0,0.9989383816719055,1
test_protein_781,0.0,0.9706438779830933,1
test_protein_782,0.0,0.9499779939651489,1
test_protein_783,0.0,0.9906564354896545,1
test_protein_784,0.0,0.9871952533721924,1
test_protein_785,0.0,0.4077361226081848,0
test_protein_786,0.0,0.6450794339179993,1
test_protein_787,0.0,0.8380088210105896,1
test_protein_788,0.0,0.615679919719696,1
test_protein_789,0.0,0.7270878553390503,1
test_protein_790,0.0,0.1673503965139389,0
test_protein_791,0.0,0.031580522656440735,0
test_protein_792,0.0,0.01805669255554676,0
test_protein_793,0.0,0.9690271019935608,1
test_protein_794,0.0,0.0006333964411169291,0
test_protein_795,0.0,0.022572362795472145,0
test_protein_796,0.0,0.6639385223388672,1
test_protein_797,0.0,0.014408884570002556,0
test_protein_798,0.0,0.011114762164652348,0
test_protein_799,0.0,0.5761226415634155,1
test_protein_800,0.0,0.6990734934806824,1
test_protein_801,0.0,0.035394228994846344,0
test_protein_802,0.0,0.012548466213047504,0
test_protein_803,0.0,0.41367876529693604,0
test_protein_804,0.0,0.0005029334570281208,0
test_protein_805,0.0,0.4691554307937622,0
test_protein_806,0.0,0.0002499411639291793,0
test_protein_807,0.0,0.41471484303474426,0
test_protein_808,0.0,0.012339400127530098,0
test_protein_809,0.0,0.02103896252810955,0
test_protein_810,0.0,0.012008900754153728,0
test_protein_811,0.0,0.011112739332020283,0
test_protein_812,0.0,0.7530070543289185,1
test_protein_813,0.0,0.012941177934408188,0
test_protein_814,0.0,0.011878273449838161,0
test_protein_815,0.0,0.010857821442186832,0
test_protein_816,0.0,0.00017419700452592224,0
test_protein_817,0.0,0.2647452652454376,0
test_protein_818,0.0,0.3113521933555603,0
test_protein_819,0.0,0.07043825089931488,0
test_protein_820,0.0,0.5660557150840759,1
test_protein_821,0.0,0.07629135251045227,0
test_protein_822,0.0,0.41840946674346924,0
test_protein_823,0.0,0.00036607912625186145,0
test_protein_824,0.0,0.00014447626017499715,0
test_protein_825,0.0,0.6473339796066284,1
test_protein_826,0.0,0.11660917103290558,0
test_protein_827,0.0,0.00037821836303919554,0
test_protein_828,0.0,0.18416014313697815,0
test_protein_829,0.0,0.00011557674588402733,0
test_protein_830,0.0,0.010116607882082462,0
test_protein_831,0.0,0.03702947124838829,0
test_protein_832,0.0,0.038648393005132675,0
test_protein_833,0.0,0.04101046547293663,0
test_protein_834,0.0,0.819688618183136,1
test_protein_835,0.0,0.31411489844322205,0
test_protein_836,0.0,0.19566765427589417,0
test_protein_837,0.0,0.34115076065063477,0
test_protein_838,0.0,0.0016801224555820227,0
test_protein_839,0.0,0.0100100077688694,0
test_protein_840,0.0,0.04875383898615837,0
test_protein_841,0.0,0.009640533477067947,0
test_protein_842,0.0,0.6555331945419312,1
test_protein_843,0.0,0.0051621790044009686,0
test_protein_844,0.0,0.0063920896500349045,0
test_protein_845,0.0,0.007742784917354584,0
test_protein_846,0.0,0.08825147151947021,0
test_protein_847,0.0,0.5255624651908875,1
test_protein_848,0.0,0.000297743477858603,0
test_protein_849,0.0,0.00026706079370342195,0
test_protein_850,0.0,0.11310937255620956,0
test_protein_851,0.0,0.1357053518295288,0
test_protein_852,0.0,0.06504693627357483,0
test_protein_853,0.0,0.006965430919080973,0
test_protein_854,0.0,0.0029213642701506615,0
test_protein_855,0.0,0.386675089597702,0
test_protein_856,0.0,0.4254021942615509,0
test_protein_857,0.0,0.06147820129990578,0
test_protein_858,0.0,0.2501027584075928,0
test_protein_859,0.0,0.05940427631139755,0
test_protein_860,0.0,0.036809198558330536,0
test_protein_861,0.0,0.5766581296920776,1
test_protein_862,0.0,0.8085249662399292,1
test_protein_863,0.0,0.5211513042449951,1
test_protein_864,0.0,0.18774086236953735,0
test_protein_865,0.0,0.6985341906547546,1
test_protein_866,0.0,0.780540406703949,1
test_protein_867,0.0,0.7629451751708984,1
test_protein_868,0.0,0.04374323785305023,0
test_protein_869,0.0,0.3406180143356323,0
test_protein_870,0.0,0.5358102917671204,1
test_protein_871,0.0,0.7234990000724792,1
test_protein_872,0.0,0.9687906503677368,1
test_protein_873,0.0,0.013308681547641754,0
test_protein_874,0.0,0.016636136919260025,0
test_protein_875,0.0,0.00035260277218185365,0
test_protein_876,0.0,0.2812977433204651,0
test_protein_877,0.0,0.5123225450515747,1
test_protein_878,0.0,0.00207509589381516,0
test_protein_879,0.0,0.731831431388855,1
test_protein_880,0.0,0.007462875451892614,0
test_protein_881,0.0,0.9079936146736145,1
test_protein_882,0.0,0.17831683158874512,0
test_protein_883,0.0,0.00034239000524394214,0
test_protein_884,0.0,0.00026774255093187094,0
test_protein_885,0.0,0.000503677292726934,0
test_protein_886,0.0,0.9501982927322388,1
test_protein_887,0.0,0.4450244605541229,0
test_protein_888,0.0,0.7851006984710693,1
test_protein_889,0.0,0.2182089388370514,0
test_protein_890,0.0,0.05354104936122894,0
test_protein_891,0.0,0.5492396950721741,1
test_protein_892,0.0,0.7743598222732544,1
test_protein_893,0.0,0.003174521727487445,0
test_protein_894,0.0,0.589445948600769,1
test_protein_895,0.0,0.6469261050224304,1
test_protein_896,0.0,0.6189884543418884,1
test_protein_897,0.0,0.9080725312232971,1
test_protein_898,0.0,0.6934783458709717,1
test_protein_899,0.0,0.0577775239944458,0
test_protein_900,0.0,0.2376721203327179,0
test_protein_901,0.0,0.2595164179801941,0
test_protein_902,0.0,0.05897221714258194,0
test_protein_903,0.0,0.8050941824913025,1
test_protein_904,0.0,0.26505547761917114,0
test_protein_905,0.0,0.7153412103652954,1
test_protein_906,0.0,0.0060258544981479645,0
test_protein_907,0.0,0.6446633338928223,1
test_protein_908,0.0,0.15746650099754333,0
test_protein_909,0.0,0.01956620253622532,0
test_protein_910,0.0,0.06663782894611359,0
test_protein_911,0.0,0.9760596752166748,1
test_protein_912,0.0,0.96031653881073,1
test_protein_913,0.0,0.23490335047245026,0
test_protein_914,0.0,0.4793489873409271,0
test_protein_915,0.0,0.07775100320577621,0
test_protein_916,0.0,0.002260296605527401,0
test_protein_917,0.0,0.1723756492137909,0
test_protein_918,0.0,0.1939581036567688,0
test_protein_919,0.0,0.4564720690250397,0
test_protein_920,0.0,0.05950678139925003,0
test_protein_921,0.0,0.869215726852417,1
test_protein_922,0.0,0.158208966255188,0
test_protein_923,0.0,0.14122901856899261,0
test_protein_924,0.0,0.304207444190979,0
test_protein_925,0.0,0.018604006618261337,0
test_protein_926,0.0,0.05058325082063675,0
test_protein_927,0.0,0.007731165736913681,0
test_protein_928,0.0,0.1487032026052475,0
test_protein_929,0.0,0.7567659020423889,1
test_protein_930,0.0,0.34036725759506226,0
test_protein_931,0.0,0.7479104995727539,1
test_protein_932,0.0,0.44710540771484375,0
test_protein_933,0.0,0.1858147531747818,0
test_protein_934,0.0,0.6026649475097656,1
test_protein_935,0.0,0.004333430901169777,0
test_protein_936,0.0,0.6693585515022278,1
test_protein_937,0.0,0.04089733585715294,0
test_protein_938,0.0,0.16906048357486725,0
test_protein_939,0.0,0.008513371460139751,0
test_protein_940,0.0,0.016032636165618896,0
test_protein_941,0.0,0.8715439438819885,1
test_protein_942,0.0,0.9493372440338135,1
test_protein_943,0.0,0.9152048230171204,1
test_protein_944,0.0,0.0019351523369550705,0
test_protein_945,0.0,0.0005479425890371203,0
test_protein_946,0.0,0.00012829230399802327,0
test_protein_947,0.0,0.46689659357070923,0
test_protein_948,0.0,0.007016537711024284,0
test_protein_949,0.0,0.4686979055404663,0
test_protein_950,0.0,0.12840759754180908,0
test_protein_951,0.0,0.1407724916934967,0
test_protein_952,0.0,0.21915969252586365,0
test_protein_953,0.0,0.3612438142299652,0
test_protein_954,0.0,0.37331753969192505,0
test_protein_955,0.0,0.30028218030929565,0
test_protein_956,0.0,0.27123817801475525,0
test_protein_957,0.0,0.5114473700523376,1
test_protein_958,0.0,0.0032330008689314127,0
test_protein_959,0.0,0.7114693522453308,1
test_protein_960,0.0,0.00013487915566656739,0
test_protein_961,0.0,0.7265195250511169,1
test_protein_962,0.0,0.002232092898339033,0
test_protein_963,0.0,0.0014749545371159911,0
test_protein_964,0.0,0.08562695980072021,0
test_protein_965,0.0,0.06249995529651642,0
test_protein_966,0.0,0.005570783279836178,0
test_protein_967,0.0,0.0047142417170107365,0
test_protein_968,0.0,0.15970715880393982,0
test_protein_969,0.0,0.13208606839179993,0
test_protein_970,0.0,0.2747207283973694,0
test_protein_971,0.0,0.967528223991394,1
test_protein_972,0.0,0.9593557715415955,1
test_protein_973,0.0,0.0001607468002475798,0
test_protein_974,0.0,0.01935202069580555,0
test_protein_975,0.0,0.00032069822191260755,0
test_protein_976,0.0,0.3473457098007202,0
test_protein_977,0.0,0.9743382334709167,1
test_protein_978,0.0,0.13644835352897644,0
test_protein_979,0.0,0.013166316784918308,0
test_protein_980,0.0,0.03655438497662544,0
test_protein_981,0.0,0.0009458226850256324,0
test_protein_982,0.0,0.5570061802864075,1
test_protein_983,0.0,0.01689225807785988,0
test_protein_984,0.0,0.0035352343693375587,0
test_protein_985,0.0,0.002232596278190613,0
test_protein_986,0.0,0.0019913918804377317,0
test_protein_987,0.0,0.014843692071735859,0
test_protein_988,0.0,0.947411298751831,1
test_protein_989,0.0,0.020579509437084198,0
test_protein_990,0.0,0.00027312053134664893,0
test_protein_991,0.0,0.8249277472496033,1
test_protein_992,0.0,0.6807480454444885,1
test_protein_993,0.0,0.8071787357330322,1
test_protein_994,0.0,0.25781095027923584,0
test_protein_995,0.0,0.016514625400304794,0
test_protein_996,0.0,0.2997702956199646,0
test_protein_997,0.0,0.009495656006038189,0
test_protein_998,0.0,0.47029075026512146,0
test_protein_999,0.0,0.017347989603877068,0
test_protein_1000,0.0,0.2855994701385498,0
test_protein_1001,0.0,0.09285442531108856,0
test_protein_1002,0.0,0.0020622527226805687,0
test_protein_1003,0.0,0.6173241138458252,1
test_protein_1004,0.0,0.9214797616004944,1
test_protein_1005,0.0,0.9479812979698181,1
test_protein_1006,0.0,0.19822050631046295,0
test_protein_1007,0.0,0.5371682047843933,1
test_protein_1008,0.0,0.3752810060977936,0
test_protein_1009,0.0,0.029374197125434875,0
test_protein_1010,0.0,0.9416585564613342,1
test_protein_1011,0.0,0.0035943028051406145,0
test_protein_1012,0.0,0.005073579493910074,0
test_protein_1013,0.0,0.8585644364356995,1
test_protein_1014,0.0,0.00024413689970970154,0
test_protein_1015,0.0,0.13442839682102203,0
test_protein_1016,0.0,0.054648008197546005,0
test_protein_1017,0.0,0.3450148105621338,0
test_protein_1018,0.0,0.5433798432350159,1
test_protein_1019,0.0,0.09686354547739029,0
test_protein_1020,0.0,0.2156604677438736,0
test_protein_1021,0.0,0.275920033454895,0
test_protein_1022,0.0,0.13804548978805542,0
test_protein_1023,0.0,0.004960672464221716,0
test_protein_1024,0.0,0.00014661501336377114,0
test_protein_1025,0.0,0.25498098134994507,0
test_protein_1026,0.0,0.9852489829063416,1
test_protein_1027,0.0,0.8506615161895752,1
test_protein_1028,0.0,0.22884222865104675,0
test_protein_1029,0.0,0.5851854085922241,1
test_protein_1030,0.0,0.2973349988460541,0
test_protein_1031,0.0,0.9034314155578613,1
test_protein_1032,0.0,0.6359363198280334,1
test_protein_1033,0.0,0.192324697971344,0
test_protein_1034,0.0,0.2613525688648224,0
test_protein_1035,0.0,0.995546817779541,1
test_protein_1036,0.0,0.22440586984157562,0
test_protein_1037,0.0,0.05155358090996742,0
test_protein_1038,0.0,0.19126585125923157,0
test_protein_1039,0.0,0.19051110744476318,0
test_protein_1040,0.0,0.5592384934425354,1
test_protein_1041,0.0,0.3214791417121887,0
test_protein_1042,0.0,0.9822278618812561,1
test_protein_1043,0.0,0.7378233671188354,1
test_protein_1044,0.0,0.9455781579017639,1
test_protein_1045,0.0,0.796778678894043,1
test_protein_1046,0.0,0.946647584438324,1
test_protein_1047,0.0,0.4526820778846741,0
test_protein_1048,0.0,0.09083136916160583,0
test_protein_1049,0.0,0.038851939141750336,0
test_protein_1050,0.0,0.03710397332906723,0
test_protein_1051,0.0,0.08482538163661957,0
test_protein_1052,0.0,0.08001857995986938,0
test_protein_1053,0.0,0.07165208458900452,0
test_protein_1054,0.0,0.14506064355373383,0
test_protein_1055,0.0,0.05653298273682594,0
test_protein_1056,0.0,0.05473336577415466,0
test_protein_1057,0.0,0.009670348837971687,0
test_protein_1058,0.0,0.034122906625270844,0
test_protein_1059,0.0,0.03121963143348694,0
test_protein_1060,0.0,0.03297508507966995,0
test_protein_1061,0.0,0.03666054457426071,0
test_protein_1062,0.0,0.03094778209924698,0
test_protein_1063,0.0,0.04226815328001976,0
test_protein_1064,0.0,0.048459116369485855,0
test_protein_1065,0.0,0.08824007213115692,0
test_protein_1066,0.0,0.007743799593299627,0
test_protein_1067,0.0,0.07657362520694733,0
test_protein_1068,0.0,0.20796574652194977,0
test_protein_1069,0.0,0.5830535888671875,1
test_protein_1070,0.0,0.04323231056332588,0
test_protein_1071,0.0,0.6491539478302002,1
test_protein_1072,0.0,0.12714709341526031,0
test_protein_1073,0.0,0.04385048523545265,0
test_protein_1074,0.0,0.03406946733593941,0
test_protein_1075,0.0,0.00022012603585608304,0
test_protein_1076,0.0,0.14178042113780975,0
test_protein_1077,0.0,0.22191929817199707,0
test_protein_1078,0.0,0.0042191604152321815,0
test_protein_1079,0.0,0.08119973540306091,0
test_protein_1080,0.0,0.10450614243745804,0
test_protein_1081,0.0,0.01795061118900776,0
test_protein_1082,0.0,0.10547015070915222,0
test_protein_1083,0.0,0.0014335403684526682,0
test_protein_1084,0.0,0.054918933659791946,0
test_protein_1085,0.0,0.16410401463508606,0
test_protein_1086,0.0,0.5244458913803101,1
test_protein_1087,0.0,0.005739158950746059,0
test_protein_1088,0.0,0.2233005166053772,0
test_protein_1089,0.0,0.193477064371109,0
test_protein_1090,0.0,0.1823076456785202,0
test_protein_1091,0.0,0.8738434910774231,1
test_protein_1092,0.0,0.7830290198326111,1
test_protein_1093,0.0,0.059584375470876694,0
test_protein_1094,0.0,0.024733878672122955,0
test_protein_1095,0.0,0.535767674446106,1
test_protein_1096,0.0,0.9190884828567505,1
test_protein_1097,0.0,0.41656190156936646,0
test_protein_1098,0.0,0.6498764753341675,1
test_protein_1099,0.0,0.10957406461238861,0
test_protein_1100,0.0,0.764802873134613,1
test_protein_1101,0.0,0.6981610655784607,1
test_protein_1102,0.0,0.941642165184021,1
test_protein_1103,0.0,0.21522210538387299,0
test_protein_1104,0.0,0.016936765983700752,0
test_protein_1105,0.0,0.013663009740412235,0
test_protein_1106,0.0,0.007233490236103535,0
test_protein_1107,0.0,0.008222523145377636,0
test_protein_1108,0.0,0.00788958091288805,0
test_protein_1109,0.0,0.00839274562895298,0
test_protein_1110,0.0,0.013138795271515846,0
test_protein_1111,0.0,0.00430987449362874,0
test_protein_1112,0.0,0.010320854373276234,0
test_protein_1113,0.0,0.007769210264086723,0
test_protein_1114,0.0,0.00787621084600687,0
test_protein_1115,0.0,0.006388826295733452,0
test_protein_1116,0.0,0.07066450268030167,0
test_protein_1117,0.0,0.06650206446647644,0
test_protein_1118,0.0,0.06596671789884567,0
test_protein_1119,0.0,0.00011887159780599177,0
test_protein_1120,0.0,0.28489449620246887,0
test_protein_1121,0.0,0.9941079616546631,1
test_protein_1122,0.0,0.00016920911730267107,0
test_protein_1123,0.0,0.3852173686027527,0
test_protein_1124,0.0,0.0002331169816898182,0
test_protein_1125,0.0,0.0017082031117752194,0
test_protein_1126,0.0,0.7386633157730103,1
test_protein_1127,0.0,0.035435594618320465,0
test_protein_1128,0.0,0.00016965177201200277,0
test_protein_1129,0.0,0.00017148764163721353,0
test_protein_1130,0.0,0.014369423501193523,0
test_protein_1131,0.0,0.0012003524461761117,0
test_protein_1132,0.0,0.035444337874650955,0
test_protein_1133,0.0,0.016128815710544586,0
test_protein_1134,0.0,0.015581270679831505,0
test_protein_1135,0.0,0.019062384963035583,0
test_protein_1136,0.0,0.016502216458320618,0
test_protein_1137,0.0,0.008818407543003559,0
test_protein_1138,0.0,0.8697963356971741,1
test_protein_1139,0.0,0.3142085671424866,0
test_protein_1140,0.0,0.0006642715889029205,0
test_protein_1141,0.0,0.32940298318862915,0
test_protein_1142,0.0,0.020405704155564308,0
test_protein_1143,0.0,0.025518042966723442,0
test_protein_1144,0.0,0.027242818847298622,0
test_protein_1145,0.0,0.06231854110956192,0
test_protein_1146,0.0,0.9493155479431152,1
test_protein_1147,0.0,0.10650361329317093,0
test_protein_1148,0.0,0.12390059977769852,0
test_protein_1149,0.0,0.04735146835446358,0
test_protein_1150,0.0,0.3550081253051758,0
test_protein_1151,0.0,0.0524413026869297,0
test_protein_1152,0.0,0.4867542088031769,0
test_protein_1153,0.0,0.9614298343658447,1
test_protein_1154,0.0,0.9078770875930786,1
test_protein_1155,0.0,0.22226408123970032,0
test_protein_1156,0.0,0.23551079630851746,0
test_protein_1157,0.0,0.08080413192510605,0
test_protein_1158,0.0,0.49587592482566833,0
test_protein_1159,0.0,0.08177334815263748,0
test_protein_1160,0.0,0.1050352156162262,0
test_protein_1161,0.0,0.8447109460830688,1
test_protein_1162,0.0,0.08820877224206924,0
test_protein_1163,0.0,0.0721265971660614,0
test_protein_1164,0.0,0.2899233400821686,0
test_protein_1165,0.0,0.21370036900043488,0
test_protein_1166,0.0,0.10012142360210419,0
test_protein_1167,0.0,0.22602200508117676,0
test_protein_1168,0.0,0.011223632842302322,0
test_protein_1169,0.0,0.2888999879360199,0
test_protein_1170,0.0,0.882805347442627,1
test_protein_1171,0.0,0.2984398305416107,0
test_protein_1172,0.0,0.613685131072998,1
test_protein_1173,0.0,0.0003214622847735882,0
test_protein_1174,0.0,0.00022291250934358686,0
test_protein_1175,0.0,0.9103468656539917,1
test_protein_1176,0.0,0.00013994291657581925,0
test_protein_1177,0.0,0.9655550718307495,1
test_protein_1178,0.0,0.0146141042932868,0
test_protein_1179,0.0,0.15297172963619232,0
test_protein_1180,0.0,0.05255483090877533,0
test_protein_1181,0.0,0.03261760622262955,0
test_protein_1182,0.0,0.31993940472602844,0
test_protein_1183,0.0,0.17196041345596313,0
test_protein_1184,0.0,0.010891535319387913,0
test_protein_1185,0.0,0.19525253772735596,0
test_protein_1186,0.0,0.907080888748169,1
test_protein_1187,0.0,0.9451805949211121,1
test_protein_1188,0.0,0.9431598782539368,1
test_protein_1189,0.0,0.05760777369141579,0
test_protein_1190,0.0,0.2116605043411255,0
test_protein_1191,0.0,0.6490818858146667,1
test_protein_1192,0.0,0.9465964436531067,1
test_protein_1193,0.0,0.9905821084976196,1
test_protein_1194,0.0,0.07259581238031387,0
test_protein_1195,0.0,0.980440616607666,1
test_protein_1196,0.0,0.9869838953018188,1
test_protein_1197,0.0,0.8791765570640564,1
test_protein_1198,0.0,0.0025154182221740484,0
test_protein_1199,0.0,0.16547276079654694,0
test_protein_1200,0.0,0.21084317564964294,0
test_protein_1201,0.0,0.028513088822364807,0
test_protein_1202,0.0,0.3824840486049652,0
test_protein_1203,0.0,0.7483562231063843,1
test_protein_1204,0.0,0.6165530681610107,1
test_protein_1205,0.0,0.5340448617935181,1
test_protein_1206,0.0,0.01731128618121147,0
test_protein_1207,0.0,0.8379446864128113,1
test_protein_1208,0.0,0.6681289076805115,1
test_protein_1209,0.0,0.005168353673070669,0
test_protein_1210,0.0,0.7960949540138245,1
test_protein_1211,0.0,0.05246881768107414,0
test_protein_1212,0.0,0.9593722224235535,1
test_protein_1213,0.0,0.653007447719574,1
test_protein_1214,0.0,0.01578661985695362,0
test_protein_1215,0.0,0.4443720281124115,0
test_protein_1216,0.0,0.9035986065864563,1
test_protein_1217,0.0,0.8955221772193909,1
test_protein_1218,0.0,0.022519053891301155,0
test_protein_1219,0.0,0.8533625602722168,1
test_protein_1220,0.0,0.29135480523109436,0
test_protein_1221,0.0,0.9733368158340454,1
test_protein_1222,0.0,0.13949450850486755,0
test_protein_1223,0.0,0.8432623744010925,1
test_protein_1224,0.0,0.02007083222270012,0
test_protein_1225,0.0,0.7957581877708435,1
test_protein_1226,0.0,0.5094054341316223,1
test_protein_1227,0.0,0.9966310858726501,1
test_protein_1228,0.0,0.8281334638595581,1
test_protein_1229,0.0,0.7849413156509399,1
test_protein_1230,0.0,0.9792423248291016,1
test_protein_1231,0.0,0.9592373967170715,1
test_protein_1232,0.0,0.5505724549293518,1
test_protein_1233,0.0,0.9475116729736328,1
test_protein_1234,0.0,0.35706791281700134,0
test_protein_1235,0.0,0.7650392651557922,1
test_protein_1236,0.0,0.7527324557304382,1
test_protein_1237,0.0,0.32409629225730896,0
test_protein_1238,0.0,0.841889500617981,1
test_protein_1239,0.0,0.012803277932107449,0
test_protein_1240,0.0,0.2665759027004242,0
test_protein_1241,0.0,0.680003821849823,1
test_protein_1242,0.0,0.40527546405792236,0
test_protein_1243,0.0,0.6151396036148071,1
test_protein_1244,0.0,0.9131239056587219,1
test_protein_1245,0.0,0.8631599545478821,1
test_protein_1246,0.0,0.9108912348747253,1
test_protein_1247,0.0,0.5838087797164917,1
test_protein_1248,0.0,0.1629766970872879,0
test_protein_1249,0.0,0.9604910612106323,1
test_protein_1250,0.0,0.7236517667770386,1
test_protein_1251,0.0,0.8347377181053162,1
test_protein_1252,0.0,0.0005770417046733201,0
test_protein_1253,0.0,0.4744839668273926,0
test_protein_1254,0.0,0.0018443544395267963,0
test_protein_1255,0.0,0.917120635509491,1
test_protein_1256,0.0,0.03018934652209282,0
test_protein_1257,0.0,0.9265797138214111,1
test_protein_1258,0.0,0.3097221255302429,0
test_protein_1259,0.0,0.11080898344516754,0
test_protein_1260,0.0,0.9724341630935669,1
test_protein_1261,0.0,0.22075335681438446,0
test_protein_1262,0.0,0.13021737337112427,0
test_protein_1263,0.0,0.05110916122794151,0
test_protein_1264,0.0,0.08455236256122589,0
test_protein_1265,0.0,0.0025363450404256582,0
test_protein_1266,0.0,0.7510958909988403,1
test_protein_1267,0.0,0.6171479225158691,1
test_protein_1268,0.0,0.00017222028691321611,0
test_protein_1269,0.0,0.0002284999209223315,0
test_protein_1270,0.0,0.7640257477760315,1
test_protein_1271,0.0,0.731788694858551,1
test_protein_1272,0.0,0.8599960803985596,1
test_protein_1273,0.0,0.031218232586979866,0
test_protein_1274,0.0,0.06655722856521606,0
test_protein_1275,0.0,0.3444972336292267,0
test_protein_1276,0.0,0.9882377982139587,1
test_protein_1277,0.0,0.5871679782867432,1
test_protein_1278,0.0,0.7392228841781616,1
test_protein_1279,0.0,0.4686468541622162,0
test_protein_1280,0.0,0.8304944038391113,1
test_protein_1281,0.0,0.9742841720581055,1
test_protein_1282,0.0,0.03607284650206566,0
test_protein_1283,0.0,0.7012298107147217,1
test_protein_1284,0.0,0.1323418915271759,0
test_protein_1285,0.0,0.927996039390564,1
test_protein_1286,0.0,0.21664157509803772,0
test_protein_1287,0.0,0.9599351286888123,1
test_protein_1288,0.0,0.9714829921722412,1
test_protein_1289,0.0,0.2980400025844574,0
test_protein_1290,0.0,0.3925708532333374,0
test_protein_1291,0.0,0.9214779138565063,1
test_protein_1292,0.0,0.00014755228767171502,0
test_protein_1293,0.0,0.00018310868472326547,0
test_protein_1294,0.0,0.00029205033206380904,0
test_protein_1295,0.0,0.439716100692749,0
test_protein_1296,0.0,0.9904705286026001,1
test_protein_1297,0.0,0.00012077371502527967,0
test_protein_1298,0.0,0.12197733670473099,0
test_protein_1299,0.0,0.5982417464256287,1
test_protein_1300,0.0,0.3159099519252777,0
test_protein_1301,0.0,0.4724336862564087,0
test_protein_1302,0.0,0.7645675539970398,1
test_protein_1303,0.0,0.9773629903793335,1
test_protein_1304,0.0,0.8003716468811035,1
test_protein_1305,0.0,0.9527280926704407,1
test_protein_1306,0.0,0.9273467659950256,1
test_protein_1307,0.0,0.00022094399901106954,0
test_protein_1308,0.0,0.6778191924095154,1
test_protein_1309,0.0,0.8376883864402771,1
test_protein_1310,0.0,0.0024200109764933586,0
test_protein_1311,0.0,0.15214277803897858,0
test_protein_1312,0.0,0.17733892798423767,0
test_protein_1313,0.0,0.013421357609331608,0
test_protein_1314,0.0,0.040641020983457565,0
test_protein_1315,0.0,0.32878968119621277,0
test_protein_1316,0.0,0.6411247253417969,1
test_protein_1317,0.0,0.4761941134929657,0
test_protein_1318,0.0,0.03332633897662163,0
test_protein_1319,0.0,0.0916619524359703,0
test_protein_1320,0.0,0.007884819060564041,0
test_protein_1321,0.0,0.08483520895242691,0
test_protein_1322,0.0,0.007316212635487318,0
test_protein_1323,0.0,0.024841878563165665,0
test_protein_1324,0.0,0.033990584313869476,0
test_protein_1325,0.0,0.7466706037521362,1
test_protein_1326,0.0,0.9953606724739075,1
test_protein_1327,0.0,0.1378885805606842,0
test_protein_1328,0.0,0.4868715703487396,0
test_protein_1329,0.0,0.25447532534599304,0
test_protein_1330,0.0,0.34820371866226196,0
test_protein_1331,0.0,0.9811299443244934,1
test_protein_1332,0.0,0.5148741006851196,1
test_protein_1333,0.0,0.9414979219436646,1
test_protein_1334,0.0,0.9206996560096741,1
test_protein_1335,0.0,0.33410775661468506,0
test_protein_1336,0.0,0.6305212378501892,1
test_protein_1337,0.0,0.748833954334259,1
test_protein_1338,0.0,0.8796890377998352,1
test_protein_1339,0.0,0.5883631110191345,1
test_protein_1340,0.0,0.4965907633304596,0
test_protein_1341,0.0,0.005860880482941866,0
test_protein_1342,0.0,0.8904316425323486,1
test_protein_1343,0.0,0.3274035155773163,0
test_protein_1344,0.0,0.905647337436676,1
test_protein_1345,0.0,0.5182862281799316,1
test_protein_1346,0.0,0.10894881188869476,0
test_protein_1347,0.0,0.5166734457015991,1
test_protein_1348,0.0,0.03878943622112274,0
test_protein_1349,0.0,0.5580442547798157,1
test_protein_1350,0.0,0.3429691195487976,0
test_protein_1351,0.0,0.12781879305839539,0
test_protein_1352,0.0,0.5967960357666016,1
test_protein_1353,0.0,0.9176232218742371,1
test_protein_1354,0.0,0.9063835740089417,1
test_protein_1355,0.0,0.5632749795913696,1
test_protein_1356,0.0,0.9467725157737732,1
test_protein_1357,0.0,0.34046074748039246,0
test_protein_1358,0.0,0.6602253317832947,1
test_protein_1359,0.0,0.5675376057624817,1
test_protein_1360,0.0,0.4982590675354004,0
test_protein_1361,0.0,0.007246293593198061,0
test_protein_1362,0.0,0.02909003384411335,0
test_protein_1363,0.0,0.09171983599662781,0
test_protein_1364,0.0,0.909026563167572,1
test_protein_1365,0.0,0.9211419820785522,1
test_protein_1366,0.0,0.486793577671051,0
test_protein_1367,0.0,0.001160111278295517,0
test_protein_1368,0.0,0.0008367398986592889,0
test_protein_1369,0.0,0.0028291039634495974,0
test_protein_1370,0.0,0.7342520952224731,1
test_protein_1371,0.0,0.03003229759633541,0
test_protein_1372,0.0,0.6232749819755554,1
test_protein_1373,0.0,0.04452689364552498,0
test_protein_1374,0.0,0.9636629819869995,1
test_protein_1375,0.0,0.07004599273204803,0
test_protein_1376,0.0,0.00033615450956858695,0
test_protein_1377,0.0,0.0007199702668003738,0
test_protein_1378,0.0,0.8490782976150513,1
test_protein_1379,0.0,0.559043824672699,1
test_protein_1380,0.0,0.00019375076226424426,0
test_protein_1381,0.0,0.7165385484695435,1
test_protein_1382,0.0,0.13503597676753998,0
test_protein_1383,0.0,0.029155436903238297,0
test_protein_1384,0.0,0.00023497804068028927,0
test_protein_1385,0.0,0.30684518814086914,0
test_protein_1386,0.0,0.04863433539867401,0
test_protein_1387,0.0,0.09821809828281403,0
test_protein_1388,0.0,0.08371053636074066,0
test_protein_1389,0.0,0.02900717593729496,0
test_protein_1390,0.0,0.011901634745299816,0
test_protein_1391,0.0,0.02648700773715973,0
test_protein_1392,0.0,0.4836276173591614,0
test_protein_1393,0.0,0.8382936120033264,1
test_protein_1394,0.0,0.0008006765856407583,0
test_protein_1395,0.0,0.8131661415100098,1
test_protein_1396,0.0,0.0014139505801722407,0
test_protein_1397,0.0,0.9851915836334229,1
test_protein_1398,0.0,0.25828608870506287,0
test_protein_1399,0.0,0.27525484561920166,0
test_protein_1400,0.0,0.05111794173717499,0
test_protein_1401,0.0,0.1345563381910324,0
test_protein_1402,0.0,0.31193992495536804,0
test_protein_1403,0.0,0.8703556656837463,1
test_protein_1404,0.0,0.05512307956814766,0
test_protein_1405,0.0,0.0005767532857134938,0
test_protein_1406,0.0,0.4072934091091156,0
test_protein_1407,0.0,0.9439628720283508,1
test_protein_1408,0.0,0.1123855710029602,0
test_protein_1409,0.0,0.06276686489582062,0
test_protein_1410,0.0,0.016851074993610382,0
test_protein_1411,0.0,0.029013462364673615,0
test_protein_1412,0.0,0.2321695238351822,0
test_protein_1413,0.0,0.4963191747665405,0
test_protein_1414,0.0,0.08561760932207108,0
test_protein_1415,0.0,0.8512746095657349,1
test_protein_1416,0.0,0.0936451181769371,0
test_protein_1417,0.0,0.37750181555747986,0
test_protein_1418,0.0,0.0684141144156456,0
test_protein_1419,0.0,0.8987370729446411,1
test_protein_1420,0.0,0.2464580535888672,0
test_protein_1421,0.0,0.00521859573200345,0
test_protein_1422,0.0,0.0007299435092136264,0
test_protein_1423,0.0,0.2595862150192261,0
test_protein_1424,0.0,0.9385098814964294,1
test_protein_1425,0.0,0.9143128395080566,1
test_protein_1426,0.0,0.8292487859725952,1
test_protein_1427,0.0,0.0033943289890885353,0
test_protein_1428,0.0,0.0032692281529307365,0
test_protein_1429,0.0,0.0027001139242202044,0
test_protein_1430,0.0,0.0027491445653140545,0
test_protein_1431,0.0,0.017991967499256134,0
test_protein_1432,0.0,0.11443571746349335,0
test_protein_1433,0.0,0.15898996591567993,0
test_protein_1434,0.0,0.19578057527542114,0
test_protein_1435,0.0,0.14610154926776886,0
test_protein_1436,0.0,0.14234651625156403,0
test_protein_1437,0.0,0.36529165506362915,0
test_protein_1438,0.0,0.7541522979736328,1
test_protein_1439,0.0,0.8375374674797058,1
test_protein_1440,0.0,0.2967716157436371,0
test_protein_1441,0.0,0.9132850170135498,1
test_protein_1442,0.0,0.9313859939575195,1
test_protein_1443,0.0,0.00020598304399754852,0
test_protein_1444,0.0,0.6521075963973999,1
test_protein_1445,0.0,0.15205055475234985,0
test_protein_1446,0.0,0.00034049327950924635,0
test_protein_1447,0.0,0.289540559053421,0
test_protein_1448,0.0,0.06487008184194565,0
test_protein_1449,0.0,0.6213841438293457,1
test_protein_1450,0.0,0.4163544476032257,0
test_protein_1451,0.0,0.5389257669448853,1
test_protein_1452,0.0,0.07626118510961533,0
test_protein_1453,0.0,0.012137790210545063,0
test_protein_1454,0.0,0.6831005811691284,1
test_protein_1455,0.0,0.2767467200756073,0
test_protein_1456,0.0,0.04938870668411255,0
test_protein_1457,0.0,0.0018310656305402517,0
test_protein_1458,0.0,0.005274669267237186,0
test_protein_1459,0.0,0.04599253088235855,0
test_protein_1460,0.0,0.9380808472633362,1
test_protein_1461,0.0,0.04615763947367668,0
test_protein_1462,0.0,0.10810458660125732,0
test_protein_1463,0.0,0.41973692178726196,0
test_protein_1464,0.0,0.013360225595533848,0
test_protein_1465,0.0,0.48853999376296997,0
test_protein_1466,0.0,0.0004444168007466942,0
test_protein_1467,0.0,0.6329227089881897,1
test_protein_1468,0.0,0.3309330344200134,0
test_protein_1469,0.0,0.11990953236818314,0
test_protein_1470,0.0,0.26959192752838135,0
test_protein_1471,0.0,0.022494206205010414,0
test_protein_1472,0.0,0.01633298769593239,0
test_protein_1473,0.0,0.004113645292818546,0
test_protein_1474,0.0,0.1165691614151001,0
test_protein_1475,0.0,0.058217376470565796,0
test_protein_1476,0.0,0.029976550489664078,0
test_protein_1477,0.0,0.1464197188615799,0
test_protein_1478,0.0,0.6140767335891724,1
test_protein_1479,0.0,0.07218928635120392,0
test_protein_1480,0.0,0.29840347170829773,0
test_protein_1481,0.0,0.01030257623642683,0
test_protein_1482,0.0,0.5400938391685486,1
test_protein_1483,0.0,0.001988006988540292,0
test_protein_1484,0.0,0.0014327849494293332,0
test_protein_1485,0.0,0.018675968050956726,0
test_protein_1486,0.0,0.5726072192192078,1
test_protein_1487,0.0,0.5692601799964905,1
test_protein_1488,0.0,0.8143731951713562,1
test_protein_1489,0.0,0.981116533279419,1
test_protein_1490,0.0,0.9752404689788818,1
test_protein_1491,0.0,0.7050867676734924,1
test_protein_1492,0.0,0.04866316169500351,0
test_protein_1493,0.0,0.012314900755882263,0
test_protein_1494,0.0,0.6860083937644958,1
test_protein_1495,0.0,0.4612312316894531,0
test_protein_1496,0.0,0.0011377751361578703,0
test_protein_1497,0.0,0.00011305183579679579,0
test_protein_1498,0.0,0.0002568401105236262,0
test_protein_1499,0.0,0.30388832092285156,0
test_protein_1500,0.0,0.00019780738512054086,0
test_protein_1501,0.0,0.00023759403848089278,0
test_protein_1502,0.0,0.02688772790133953,0
test_protein_1503,0.0,0.03963398188352585,0
test_protein_1504,0.0,0.030917633324861526,0
test_protein_1505,0.0,0.5213552713394165,1
test_protein_1506,0.0,0.9864711165428162,1
test_protein_1507,0.0,0.9875948429107666,1
test_protein_1508,0.0,0.00012019171845167875,0
test_protein_1509,0.0,0.38158148527145386,0
test_protein_1510,0.0,0.02522742934525013,0
test_protein_1511,0.0,0.7738635540008545,1
test_protein_1512,0.0,0.12264847010374069,0
test_protein_1513,0.0,0.005708028562366962,0
test_protein_1514,0.0,0.013803611509501934,0
test_protein_1515,0.0,0.3028194010257721,0
test_protein_1516,0.0,0.03484576568007469,0
test_protein_1517,0.0,0.6461824774742126,1
test_protein_1518,0.0,0.003932089079171419,0
test_protein_1519,0.0,0.00350822601467371,0
test_protein_1520,0.0,0.002593748504295945,0
test_protein_1521,0.0,0.2674008011817932,0
test_protein_1522,0.0,0.00014813817688263953,0
test_protein_1523,0.0,0.8520313501358032,1
test_protein_1524,0.0,0.07380212843418121,0
test_protein_1525,0.0,0.8733134269714355,1
test_protein_1526,0.0,0.1327919065952301,0
test_protein_1527,0.0,0.0029470690060406923,0
test_protein_1528,0.0,0.9901943802833557,1
test_protein_1529,0.0,0.990602970123291,1
test_protein_1530,0.0,0.6611314415931702,1
test_protein_1531,0.0,0.007851637899875641,0
test_protein_1532,0.0,0.9512758255004883,1
test_protein_1533,0.0,0.0006466918275691569,0
test_protein_1534,0.0,0.9826099276542664,1
test_protein_1535,0.0,0.8035075664520264,1
test_protein_1536,0.0,0.033704206347465515,0
test_protein_1537,0.0,0.26002037525177,0
test_protein_1538,0.0,0.01285422034561634,0
test_protein_1539,0.0,0.2040066421031952,0
test_protein_1540,0.0,0.019567089155316353,0
test_protein_1541,0.0,0.020673146471381187,0
test_protein_1542,0.0,0.48163899779319763,0
test_protein_1543,0.0,0.8843954801559448,1
test_protein_1544,0.0,0.13673658668994904,0
test_protein_1545,0.0,0.004287873860448599,0
test_protein_1546,0.0,0.2821941077709198,0
test_protein_1547,0.0,0.29709592461586,0
test_protein_1548,0.0,0.00014673794794362038,0
test_protein_1549,0.0,0.39908576011657715,0
test_protein_1550,0.0,0.11739353835582733,0
test_protein_1551,0.0,0.9130662679672241,1
test_protein_1552,0.0,0.3260440230369568,0
test_protein_1553,0.0,0.3022209405899048,0
test_protein_1554,0.0,0.9260859489440918,1
test_protein_1555,0.0,0.8468948602676392,1
test_protein_1556,0.0,0.012978458777070045,0
test_protein_1557,0.0,0.9379299283027649,1
test_protein_1558,0.0,0.016332847997546196,0
test_protein_1559,0.0,0.9541597366333008,1
test_protein_1560,0.0,0.9023160934448242,1
test_protein_1561,0.0,0.009455746971070766,0
test_protein_1562,0.0,0.013179670087993145,0
test_protein_1563,0.0,0.2839662730693817,0
test_protein_1564,0.0,0.019907500594854355,0
test_protein_1565,0.0,0.012704973109066486,0
test_protein_1566,0.0,0.0033770634327083826,0
test_protein_1567,0.0,0.07679902017116547,0
test_protein_1568,0.0,0.8853131532669067,1
test_protein_1569,0.0,0.8651784062385559,1
test_protein_1570,0.0,0.0038249706849455833,0
test_protein_1571,0.0,0.014469853602349758,0
test_protein_1572,0.0,0.024863865226507187,0
test_protein_1573,0.0,0.02519894577562809,0
test_protein_1574,0.0,0.7726186513900757,1
test_protein_1575,0.0,0.22345633804798126,0
test_protein_1576,0.0,0.8796855807304382,1
test_protein_1577,0.0,0.9770809412002563,1
test_protein_1578,0.0,0.18536540865898132,0
test_protein_1579,0.0,0.9426878690719604,1
test_protein_1580,0.0,0.0021886732429265976,0
test_protein_1581,0.0,0.0007705629686824977,0
test_protein_1582,0.0,0.04340478405356407,0
test_protein_1583,0.0,0.18647167086601257,0
test_protein_1584,0.0,0.019203586503863335,0
test_protein_1585,0.0,0.26382625102996826,0
test_protein_1586,0.0,0.013232450000941753,0
test_protein_1587,0.0,0.28403499722480774,0
test_protein_1588,0.0,0.05134810879826546,0
test_protein_1589,0.0,0.959409773349762,1
test_protein_1590,0.0,0.060343168675899506,0
test_protein_1591,0.0,0.06742370128631592,0
test_protein_1592,0.0,0.3302365243434906,0
test_protein_1593,0.0,0.0026644684839993715,0
test_protein_1594,0.0,0.0074185593985021114,0
test_protein_1595,0.0,0.9449921250343323,1
test_protein_1596,0.0,0.09154394268989563,0
test_protein_1597,0.0,0.10415807366371155,0
test_protein_1598,0.0,0.8884008526802063,1
test_protein_1599,0.0,0.01551666110754013,0
test_protein_1600,0.0,0.9628549218177795,1
test_protein_1601,0.0,0.9584785103797913,1
test_protein_1602,0.0,0.007465839851647615,0
test_protein_1603,0.0,0.00912020169198513,0
test_protein_1604,0.0,0.20748963952064514,0
test_protein_1605,0.0,0.9763046503067017,1
test_protein_1606,0.0,0.9349913001060486,1
test_protein_1607,0.0,0.00016233083442784846,0
test_protein_1608,0.0,0.8815309405326843,1
test_protein_1609,0.0,0.9266383647918701,1
test_protein_1610,0.0,0.9824928045272827,1
test_protein_1611,0.0,0.6836054921150208,1
test_protein_1612,0.0,0.9010449647903442,1
test_protein_1613,0.0,0.00495318416506052,0
test_protein_1614,0.0,0.8413580060005188,1
test_protein_1615,0.0,0.10359521210193634,0
test_protein_1616,0.0,0.21223033964633942,0
test_protein_1617,0.0,0.6172769069671631,1
test_protein_1618,0.0,0.05239547789096832,0
test_protein_1619,0.0,0.7542913556098938,1
test_protein_1620,0.0,0.49413082003593445,0
test_protein_1621,0.0,0.3789997100830078,0
test_protein_1622,0.0,0.0001420849876012653,0
test_protein_1623,0.0,0.0023057227954268456,0
test_protein_1624,0.0,0.0026349476538598537,0
test_protein_1625,0.0,0.05627909302711487,0
test_protein_1626,0.0,0.26056334376335144,0
test_protein_1627,0.0,0.010595578700304031,0
test_protein_1628,0.0,0.0024605432990938425,0
test_protein_1629,0.0,0.898303210735321,1
test_protein_1630,0.0,0.004036775324493647,0
test_protein_1631,0.0,0.023562990128993988,0
test_protein_1632,0.0,0.00015309060108847916,0
test_protein_1633,0.0,0.36527904868125916,0
test_protein_1634,0.0,0.518932044506073,1
test_protein_1635,0.0,0.10707465559244156,0
test_protein_1636,0.0,0.738280713558197,1
test_protein_1637,0.0,0.25217124819755554,0
test_protein_1638,0.0,0.9324607253074646,1
test_protein_1639,0.0,0.019062375649809837,0
test_protein_1640,0.0,0.08934593200683594,0
test_protein_1641,0.0,0.29264411330223083,0
test_protein_1642,0.0,0.13062416017055511,0
test_protein_1643,0.0,0.16795606911182404,0
test_protein_1644,0.0,0.9167999029159546,1
test_protein_1645,0.0,0.9141150712966919,1
test_protein_1646,0.0,0.1619727909564972,0
test_protein_1647,0.0,0.00017888069851323962,0
test_protein_1648,0.0,0.002183125587180257,0
test_protein_1649,0.0,0.9637816548347473,1
test_protein_1650,0.0,0.13551239669322968,0
test_protein_1651,0.0,0.385331928730011,0
test_protein_1652,0.0,0.31685328483581543,0
test_protein_1653,0.0,0.05654743313789368,0
test_protein_1654,0.0,0.15739624202251434,0
test_protein_1655,0.0,0.4591369330883026,0
test_protein_1656,0.0,0.09050203859806061,0
test_protein_1657,0.0,0.0037266002036631107,0
test_protein_1658,0.0,0.9228540658950806,1
test_protein_1659,0.0,0.003305810736492276,0
test_protein_1660,0.0,0.535845160484314,1
test_protein_1661,0.0,0.03325822949409485,0
test_protein_1662,0.0,0.9851856827735901,1
test_protein_1663,0.0,0.00011846242705360055,0
test_protein_1664,0.0,0.3055815100669861,0
test_protein_1665,0.0,0.0030123447068035603,0
test_protein_1666,0.0,0.006209834944456816,0
test_protein_1667,0.0,0.004083798732608557,0
test_protein_1668,0.0,0.01246779877692461,0
test_protein_1669,0.0,0.12742292881011963,0
test_protein_1670,0.0,0.19680674374103546,0
test_protein_1671,0.0,0.21123674511909485,0
test_protein_1672,0.0,0.21756169199943542,0
test_protein_1673,0.0,0.09765871614217758,0
test_protein_1674,0.0,0.10654160380363464,0
test_protein_1675,0.0,0.2513786256313324,0
test_protein_1676,0.0,0.26467636227607727,0
test_protein_1677,0.0,0.00528232054784894,0
test_protein_1678,0.0,0.009317668154835701,0
test_protein_1679,0.0,0.013896124437451363,0
test_protein_1680,0.0,0.006903759203851223,0
test_protein_1681,0.0,0.012686672620475292,0
test_protein_1682,0.0,0.1761440634727478,0
test_protein_1683,0.0,0.02879340574145317,0
test_protein_1684,0.0,0.05484842136502266,0
test_protein_1685,0.0,0.8799445033073425,1
test_protein_1686,0.0,0.6217602491378784,1
test_protein_1687,0.0,0.025531815364956856,0
test_protein_1688,0.0,0.9961041212081909,1
test_protein_1689,0.0,0.3493836522102356,0
test_protein_1690,0.0,0.4027797281742096,0
test_protein_1691,0.0,0.00012907848577015102,0
test_protein_1692,0.0,0.9063798189163208,1
test_protein_1693,0.0,0.0001385674113407731,0
test_protein_1694,0.0,0.09398766607046127,0
test_protein_1695,0.0,0.0001194866345031187,0
test_protein_1696,0.0,0.8623515367507935,1
test_protein_1697,0.0,0.16328535974025726,0
test_protein_1698,0.0,0.8951337337493896,1
test_protein_1699,0.0,0.07916615903377533,0
test_protein_1700,0.0,0.07155299931764603,0
test_protein_1701,0.0,0.018847977742552757,0
test_protein_1702,0.0,0.008787378668785095,0
test_protein_1703,0.0,0.566830039024353,1
test_protein_1704,0.0,0.029422536492347717,0
test_protein_1705,0.0,0.0069250683300197124,0
test_protein_1706,0.0,0.01832856982946396,0
test_protein_1707,0.0,0.8920290470123291,1
test_protein_1708,0.0,0.0002154381654690951,0
test_protein_1709,0.0,0.00019522724323906004,0
test_protein_1710,0.0,0.9628269672393799,1
test_protein_1711,0.0,0.7123879194259644,1
test_protein_1712,0.0,0.00033716263715177774,0
test_protein_1713,0.0,0.047999344766139984,0
test_protein_1714,0.0,0.9175229668617249,1
test_protein_1715,0.0,0.22107484936714172,0
test_protein_1716,0.0,0.08641481399536133,0
test_protein_1717,0.0,0.7095276117324829,1
test_protein_1718,0.0,0.01555964257568121,0
test_protein_1719,0.0,0.9416742920875549,1
test_protein_1720,0.0,0.3922021687030792,0
test_protein_1721,0.0,0.17830775678157806,0
test_protein_1722,0.0,0.7134577035903931,1
test_protein_1723,0.0,0.7923104763031006,1
test_protein_1724,0.0,0.30230966210365295,0
test_protein_1725,0.0,0.5927455425262451,1
test_protein_1726,0.0,0.7703554034233093,1
test_protein_1727,0.0,0.49661004543304443,0
test_protein_1728,0.0,0.8270641565322876,1
test_protein_1729,0.0,0.8222240209579468,1
test_protein_1730,0.0,0.35802575945854187,0
test_protein_1731,0.0,0.9772191047668457,1
test_protein_1732,0.0,0.01111776102334261,0
test_protein_1733,0.0,0.5419331192970276,1
test_protein_1734,0.0,0.4498673379421234,0
test_protein_1735,0.0,0.8208990097045898,1
test_protein_1736,0.0,0.06971210986375809,0
test_protein_1737,0.0,0.8457427620887756,1
test_protein_1738,0.0,0.6662439107894897,1
test_protein_1739,0.0,0.7627086043357849,1
test_protein_1740,0.0,0.6228165030479431,1
test_protein_1741,0.0,0.9568313956260681,1
test_protein_1742,0.0,0.9804084300994873,1
test_protein_1743,0.0,0.028627119958400726,0
test_protein_1744,0.0,0.9949331879615784,1
test_protein_1745,0.0,0.02101152576506138,0
test_protein_1746,0.0,0.36425817012786865,0
test_protein_1747,0.0,0.18897783756256104,0
test_protein_1748,0.0,0.2698255479335785,0
test_protein_1749,0.0,0.8707606196403503,1
test_protein_1750,0.0,0.9182791709899902,1
test_protein_1751,0.0,0.09020107239484787,0
test_protein_1752,0.0,0.1486034393310547,0
test_protein_1753,0.0,0.012691493146121502,0
test_protein_1754,0.0,0.5696768760681152,1
test_protein_1755,0.0,0.324465274810791,0
test_protein_1756,0.0,0.026606373488903046,0
test_protein_1757,0.0,0.6304439902305603,1
test_protein_1758,0.0,0.6687719225883484,1
test_protein_1759,0.0,0.9853347539901733,1
test_protein_1760,0.0,0.00016620493261143565,0
test_protein_1761,0.0,0.716059684753418,1
test_protein_1762,0.0,0.844529390335083,1
test_protein_1763,0.0,0.00399006437510252,0
test_protein_1764,0.0,0.0972781777381897,0
test_protein_1765,0.0,0.1395571529865265,0
test_protein_1766,0.0,0.0011982436990365386,0
test_protein_1767,0.0,0.0018295114859938622,0
test_protein_1768,0.0,0.15205711126327515,0
test_protein_1769,0.0,0.2918090522289276,0
test_protein_1770,0.0,0.05107603594660759,0
test_protein_1771,0.0,0.0005311017157509923,0
test_protein_1772,0.0,0.8834225535392761,1
test_protein_1773,0.0,0.08469995856285095,0
test_protein_1774,0.0,0.9448741674423218,1
test_protein_1775,0.0,0.9735215306282043,1
test_protein_1776,0.0,0.4435020387172699,0
test_protein_1777,0.0,0.7637628316879272,1
test_protein_1778,0.0,0.833129346370697,1
test_protein_1779,0.0,0.6563171148300171,1
test_protein_1780,0.0,0.3600651025772095,0
test_protein_1781,0.0,0.8494762182235718,1
test_protein_1782,0.0,0.7328466773033142,1
test_protein_1783,0.0,0.8412569761276245,1
test_protein_1784,0.0,0.9741950035095215,1
test_protein_1785,0.0,0.5472042560577393,1
test_protein_1786,0.0,0.10107643902301788,0
test_protein_1787,0.0,0.16789931058883667,0
test_protein_1788,0.0,0.7640354633331299,1
test_protein_1789,0.0,0.8351660370826721,1
test_protein_1790,0.0,0.6574551463127136,1
test_protein_1791,0.0,0.04401049390435219,0
test_protein_1792,0.0,0.01040199026465416,0
test_protein_1793,0.0,0.013661499135196209,0
test_protein_1794,0.0,0.23321320116519928,0
test_protein_1795,0.0,0.05304713919758797,0
test_protein_1796,0.0,0.04200037196278572,0
test_protein_1797,0.0,0.061340946704149246,0
test_protein_1798,0.0,0.020357513800263405,0
test_protein_1799,0.0,0.021196259185671806,0
test_protein_1800,0.0,0.24535641074180603,0
test_protein_1801,0.0,0.06565368175506592,0
test_protein_1802,0.0,0.0056185973808169365,0
test_protein_1803,0.0,0.09762988984584808,0
test_protein_1804,0.0,0.2139800637960434,0
test_protein_1805,0.0,0.37668144702911377,0
test_protein_1806,0.0,0.3046908378601074,0
test_protein_1807,0.0,0.00014089839532971382,0
test_protein_1808,0.0,0.031378116458654404,0
test_protein_1809,0.0,0.021856212988495827,0
test_protein_1810,0.0,0.0018259778153151274,0
test_protein_1811,0.0,0.4781489670276642,0
test_protein_1812,0.0,0.48228561878204346,0
test_protein_1813,0.0,0.04220406338572502,0
test_protein_1814,0.0,0.04943876713514328,0
test_protein_1815,0.0,0.16845688223838806,0
test_protein_1816,0.0,0.004236973822116852,0
test_protein_1817,0.0,0.032183993607759476,0
test_protein_1818,0.0,0.11755004525184631,0
test_protein_1819,0.0,0.04921720549464226,0
test_protein_1820,0.0,0.3907068371772766,0
test_protein_1821,0.0,0.004514346364885569,0
test_protein_1822,0.0,0.3605344891548157,0
test_protein_1823,0.0,0.17420490086078644,0
test_protein_1824,1.0,0.0021848194301128387,0
test_protein_1825,1.0,0.03559676557779312,0
test_protein_1826,1.0,0.0009816571837291121,0
test_protein_1827,1.0,0.00966224167495966,0
test_protein_1828,1.0,0.01025562733411789,0
test_protein_1829,1.0,0.7573001980781555,1
test_protein_1830,1.0,0.011410503648221493,0
test_protein_1831,1.0,0.0004322330642025918,0
test_protein_1832,1.0,0.19310449063777924,0
test_protein_1833,1.0,0.9493140578269958,1
test_protein_1834,1.0,0.2622738182544708,0
test_protein_1835,1.0,0.08955822139978409,0
test_protein_1836,1.0,0.4809304475784302,0
test_protein_1837,1.0,0.3180101811885834,0
test_protein_1838,1.0,0.947087287902832,1
test_protein_1839,1.0,0.21589431166648865,0
test_protein_1840,1.0,0.04055219888687134,0
test_protein_1841,1.0,0.8126453757286072,1
test_protein_1842,1.0,0.5292216539382935,1
test_protein_1843,1.0,0.040584418922662735,0
test_protein_1844,1.0,0.06845231354236603,0
test_protein_1845,1.0,0.0004873098514508456,0
test_protein_1846,1.0,0.0002708004030864686,0
test_protein_1847,1.0,0.0015726486453786492,0
test_protein_1848,1.0,0.2516039311885834,0
test_protein_1849,1.0,0.435908704996109,0
test_protein_1850,1.0,0.895718514919281,1
test_protein_1851,1.0,0.9562742710113525,1
test_protein_1852,1.0,0.9739819169044495,1
test_protein_1853,1.0,0.8029312491416931,1
test_protein_1854,1.0,0.8295069336891174,1
test_protein_1855,1.0,0.17746619880199432,0
test_protein_1856,1.0,0.411535382270813,0
test_protein_1857,1.0,0.8940700888633728,1
test_protein_1858,1.0,0.00012134327698731795,0
test_protein_1859,1.0,0.06779764592647552,0
test_protein_1860,1.0,0.0036410640459507704,0
test_protein_1861,1.0,0.0455126091837883,0
test_protein_1862,1.0,0.6555998921394348,1
test_protein_1863,1.0,0.6495416164398193,1
test_protein_1864,1.0,0.2282472550868988,0
test_protein_1865,1.0,0.5846741199493408,1
test_protein_1866,1.0,0.4071401357650757,0
test_protein_1867,1.0,0.3601017892360687,0
test_protein_1868,1.0,0.06935562938451767,0
test_protein_1869,1.0,0.24495579302310944,0
test_protein_1870,1.0,0.2369096279144287,0
test_protein_1871,1.0,0.2896466553211212,0
test_protein_1872,1.0,0.3825775682926178,0
test_protein_1873,1.0,0.9386722445487976,1
test_protein_1874,1.0,0.1251663714647293,0
test_protein_1875,1.0,0.10697411745786667,0
test_protein_1876,1.0,0.9357239603996277,1
test_protein_1877,1.0,0.5228328704833984,1
test_protein_1878,1.0,0.8413814306259155,1
test_protein_1879,1.0,0.9619402885437012,1
test_protein_1880,1.0,0.6902160048484802,1
test_protein_1881,1.0,0.8650040030479431,1
test_protein_1882,1.0,0.8662570714950562,1
test_protein_1883,1.0,0.2886299788951874,0
test_protein_1884,1.0,0.44782277941703796,0
test_protein_1885,1.0,0.07110772281885147,0
test_protein_1886,1.0,0.9855253100395203,1
test_protein_1887,1.0,0.004349525086581707,0
test_protein_1888,1.0,0.8974567651748657,1
test_protein_1889,1.0,0.4222075641155243,0
test_protein_1890,1.0,0.9591618776321411,1
test_protein_1891,1.0,0.6984836459159851,1
test_protein_1892,1.0,0.9185565114021301,1
test_protein_1893,1.0,0.9795499444007874,1
test_protein_1894,1.0,0.3973366916179657,0
test_protein_1895,1.0,0.8927311301231384,1
test_protein_1896,1.0,0.9476972818374634,1
test_protein_1897,1.0,0.8659544587135315,1
test_protein_1898,1.0,0.3722337782382965,0
test_protein_1899,1.0,0.8427652716636658,1
test_protein_1900,1.0,0.44969379901885986,0
test_protein_1901,1.0,0.9277533888816833,1
test_protein_1902,1.0,0.9682763814926147,1
test_protein_1903,1.0,0.7518504858016968,1
test_protein_1904,1.0,0.049455687403678894,0
test_protein_1905,1.0,0.049706630408763885,0
test_protein_1906,1.0,0.02311493083834648,0
test_protein_1907,1.0,0.0004940458456985652,0
test_protein_1908,1.0,0.00021829825709573925,0
test_protein_1909,1.0,0.8222615718841553,1
test_protein_1910,1.0,0.5267140865325928,1
test_protein_1911,1.0,0.8923680782318115,1
test_protein_1912,1.0,0.8158747553825378,1
test_protein_1913,1.0,0.9687021374702454,1
test_protein_1914,1.0,0.00130195333622396,0
test_protein_1915,1.0,0.0014887871220707893,0
test_protein_1916,1.0,0.5055884718894958,1
test_protein_1917,1.0,0.31417182087898254,0
test_protein_1918,1.0,0.8984543681144714,1
test_protein_1919,1.0,0.0009744527051225305,0
test_protein_1920,1.0,0.4016868472099304,0
test_protein_1921,1.0,0.008491989225149155,0
test_protein_1922,1.0,0.09968668222427368,0
test_protein_1923,1.0,0.043567534536123276,0
test_protein_1924,1.0,0.10713478922843933,0
test_protein_1925,1.0,0.4512668251991272,0
test_protein_1926,1.0,0.0309734009206295,0
test_protein_1927,1.0,0.9026768803596497,1
test_protein_1928,1.0,0.12668539583683014,0
test_protein_1929,1.0,0.29157742857933044,0
test_protein_1930,1.0,0.959732711315155,1
test_protein_1931,1.0,0.9625440239906311,1
test_protein_1932,1.0,0.9770705699920654,1
test_protein_1933,1.0,0.021397968754172325,0
test_protein_1934,1.0,0.8149031400680542,1
test_protein_1935,1.0,0.0044396622106432915,0
test_protein_1936,1.0,0.005699964240193367,0
test_protein_1937,1.0,0.005992460064589977,0
test_protein_1938,1.0,0.05451337620615959,0
test_protein_1939,1.0,0.544152557849884,1
test_protein_1940,1.0,0.0819912925362587,0
test_protein_1941,1.0,0.21725071966648102,0
test_protein_1942,1.0,0.2194484919309616,0
test_protein_1943,1.0,0.09556543827056885,0
test_protein_1944,1.0,0.10948304831981659,0
test_protein_1945,1.0,0.9364475011825562,1
test_protein_1946,1.0,0.4667735695838928,0
test_protein_1947,1.0,0.7969003915786743,1
test_protein_1948,1.0,0.39648422598838806,0
test_protein_1949,1.0,0.1568138748407364,0
test_protein_1950,1.0,0.010759984143078327,0
test_protein_1951,1.0,0.07411742955446243,0
test_protein_1952,1.0,0.7142312526702881,1
test_protein_1953,1.0,0.3761075437068939,0
test_protein_1954,1.0,0.4033159017562866,0
test_protein_1955,1.0,0.8580019474029541,1
test_protein_1956,1.0,0.07312200218439102,0
test_protein_1957,1.0,0.3797912001609802,0
test_protein_1958,1.0,0.4205646216869354,0
test_protein_1959,1.0,0.06036345660686493,0
test_protein_1960,1.0,0.24255973100662231,0
test_protein_1961,1.0,0.010543741285800934,0
test_protein_1962,1.0,0.29919758439064026,0
test_protein_1963,1.0,0.2666566073894501,0
test_protein_1964,1.0,0.5695605278015137,1
test_protein_1965,1.0,0.5453642010688782,1
test_protein_1966,1.0,0.5353712439537048,1
test_protein_1967,1.0,0.08851656317710876,0
test_protein_1968,1.0,0.27517813444137573,0
test_protein_1969,1.0,0.21645218133926392,0
test_protein_1970,1.0,0.6410959362983704,1
test_protein_1971,1.0,0.9248136281967163,1
test_protein_1972,1.0,0.03015359677374363,0
test_protein_1973,1.0,0.13947097957134247,0
test_protein_1974,1.0,0.25397422909736633,0
test_protein_1975,1.0,0.7418920397758484,1
test_protein_1976,1.0,0.42980125546455383,0
test_protein_1977,1.0,0.3595316410064697,0
test_protein_1978,1.0,0.06500222533941269,0
test_protein_1979,1.0,0.6326112747192383,1
test_protein_1980,1.0,0.5198465585708618,1
test_protein_1981,1.0,0.4760066568851471,0
test_protein_1982,1.0,0.4659181237220764,0
test_protein_1983,1.0,0.7195156216621399,1
test_protein_1984,1.0,0.6909912824630737,1
test_protein_1985,1.0,0.3594634234905243,0
test_protein_1986,1.0,0.9876366257667542,1
test_protein_1987,1.0,0.20766966044902802,0
test_protein_1988,1.0,0.8124356865882874,1
test_protein_1989,1.0,0.7233765125274658,1
test_protein_1990,1.0,0.0496908575296402,0
test_protein_1991,1.0,0.9919961094856262,1
test_protein_1992,1.0,0.10440336912870407,0
test_protein_1993,1.0,0.2807779312133789,0
test_protein_1994,1.0,0.28096938133239746,0
test_protein_1995,1.0,0.25503280758857727,0
test_protein_1996,1.0,0.22919568419456482,0
test_protein_1997,1.0,0.043334346264600754,0
test_protein_1998,1.0,0.006663541309535503,0
test_protein_1999,1.0,0.09949072450399399,0
test_protein_2000,1.0,0.17397373914718628,0
test_protein_2001,1.0,0.008926304057240486,0
test_protein_2002,1.0,0.009330913424491882,0
test_protein_2003,1.0,0.08854815363883972,0
test_protein_2004,1.0,0.15535762906074524,0
test_protein_2005,1.0,0.7906347513198853,1
test_protein_2006,1.0,0.9673066735267639,1
test_protein_2007,1.0,0.00022625351266469806,0
test_protein_2008,1.0,0.407726526260376,0
test_protein_2009,1.0,0.683790922164917,1
test_protein_2010,1.0,0.10165413469076157,0
test_protein_2011,1.0,0.9919867515563965,1
test_protein_2012,1.0,0.07877375930547714,0
test_protein_2013,1.0,0.2058584839105606,0
test_protein_2014,1.0,0.5415167212486267,1
test_protein_2015,1.0,0.31866520643234253,0
test_protein_2016,1.0,0.9705249071121216,1
test_protein_2017,1.0,0.4345574378967285,0
test_protein_2018,1.0,0.15463581681251526,0
test_protein_2019,1.0,0.9629051089286804,1
test_protein_2020,1.0,0.17144188284873962,0
test_protein_2021,1.0,0.06240320950746536,0
test_protein_2022,1.0,0.9420408606529236,1
test_protein_2023,1.0,0.8472837209701538,1
test_protein_2024,1.0,0.650576114654541,1
test_protein_2025,1.0,0.6521879434585571,1
test_protein_2026,1.0,0.5792379379272461,1
test_protein_2027,1.0,0.48096364736557007,0
test_protein_2028,1.0,0.9944273233413696,1
test_protein_2029,1.0,0.9043276906013489,1
test_protein_2030,1.0,0.0669073611497879,0
test_protein_2031,1.0,0.43998828530311584,0
test_protein_2032,1.0,0.9496442079544067,1
test_protein_2033,1.0,0.6137922406196594,1
test_protein_2034,1.0,0.6186253428459167,1
test_protein_2035,1.0,0.027726875618100166,0
test_protein_2036,1.0,0.05176635459065437,0
test_protein_2037,1.0,0.24122485518455505,0
test_protein_2038,1.0,0.5084090232849121,1
test_protein_2039,1.0,0.7244994044303894,1
test_protein_2040,1.0,0.6266263723373413,1
test_protein_2041,1.0,0.9596570730209351,1
test_protein_2042,1.0,0.527238667011261,1
test_protein_2043,1.0,0.97127366065979,1
test_protein_2044,1.0,0.44953736662864685,0
test_protein_2045,1.0,0.0726218968629837,0
test_protein_2046,1.0,0.003083772724494338,0
test_protein_2047,1.0,0.9456809759140015,1
test_protein_2048,1.0,0.045677799731492996,0
test_protein_2049,1.0,0.08254113048315048,0
test_protein_2050,1.0,0.972271740436554,1
test_protein_2051,1.0,0.5153822302818298,1
test_protein_2052,1.0,0.9319688677787781,1
test_protein_2053,1.0,0.9647495150566101,1
test_protein_2054,1.0,0.6821664571762085,1
test_protein_2055,1.0,0.28222572803497314,0
test_protein_2056,1.0,0.9025256633758545,1
test_protein_2057,1.0,0.635096549987793,1
test_protein_2058,1.0,0.10337758809328079,0
test_protein_2059,1.0,0.9535890221595764,1
test_protein_2060,1.0,0.4335538446903229,0
test_protein_2061,1.0,0.07784013450145721,0
test_protein_2062,1.0,0.7362558841705322,1
test_protein_2063,1.0,0.0022359597496688366,0
test_protein_2064,1.0,0.5065054893493652,1
test_protein_2065,1.0,0.9575803875923157,1
test_protein_2066,1.0,0.05007369816303253,0
test_protein_2067,1.0,0.9797084927558899,1
test_protein_2068,1.0,0.9592714309692383,1
test_protein_2069,1.0,0.05315694957971573,0
test_protein_2070,1.0,0.36168724298477173,0
test_protein_2071,1.0,0.02994534745812416,0
test_protein_2072,1.0,0.04525349289178848,0
test_protein_2073,1.0,0.516476571559906,1
test_protein_2074,1.0,0.009591076523065567,0
test_protein_2075,1.0,0.03848254308104515,0
test_protein_2076,1.0,0.014871093444526196,0
test_protein_2077,1.0,0.0042392173781991005,0
test_protein_2078,1.0,0.008426624350249767,0
test_protein_2079,1.0,0.45863261818885803,0
test_protein_2080,1.0,0.985889196395874,1
test_protein_2081,1.0,0.977194607257843,1
test_protein_2082,1.0,0.4019654095172882,0
test_protein_2083,1.0,0.36634841561317444,0
test_protein_2084,1.0,0.43623483180999756,0
test_protein_2085,1.0,0.14868231117725372,0
test_protein_2086,1.0,0.007740656845271587,0
test_protein_2087,1.0,0.18094412982463837,0
test_protein_2088,1.0,0.20086908340454102,0
test_protein_2089,1.0,0.231084406375885,0
test_protein_2090,1.0,0.20209726691246033,0
test_protein_2091,1.0,0.029330531135201454,0
test_protein_2092,1.0,0.0875864177942276,0
test_protein_2093,1.0,0.9560535550117493,1
test_protein_2094,1.0,0.0767967477440834,0
test_protein_2095,1.0,0.7493812441825867,1
test_protein_2096,1.0,0.023771025240421295,0
test_protein_2097,1.0,0.21430808305740356,0
test_protein_2098,1.0,0.20755349099636078,0
test_protein_2099,1.0,0.3045445382595062,0
test_protein_2100,1.0,0.005153180565685034,0
test_protein_2101,1.0,0.6739340424537659,1
test_protein_2102,1.0,0.20320813357830048,0
test_protein_2103,1.0,0.25144174695014954,0
test_protein_2104,1.0,0.3112103044986725,0
test_protein_2105,1.0,0.42452383041381836,0
test_protein_2106,1.0,0.04705966264009476,0
test_protein_2107,1.0,0.8326641917228699,1
test_protein_2108,1.0,0.3817138075828552,0
test_protein_2109,1.0,0.1283668577671051,0
test_protein_2110,1.0,0.3197084665298462,0
test_protein_2111,1.0,0.1367809921503067,0
test_protein_2112,1.0,0.21502722799777985,0
test_protein_2113,1.0,0.18939955532550812,0
test_protein_2114,1.0,0.2866743206977844,0
test_protein_2115,1.0,0.0829513892531395,0
test_protein_2116,1.0,0.07189887017011642,0
test_protein_2117,1.0,0.001279018702916801,0
test_protein_2118,1.0,0.9698289036750793,1
test_protein_2119,1.0,0.0930812880396843,0
test_protein_2120,1.0,0.05784926936030388,0
test_protein_2121,1.0,0.06674176454544067,0
test_protein_2122,1.0,0.30314400792121887,0
test_protein_2123,1.0,0.7524343132972717,1
test_protein_2124,1.0,0.5600113868713379,1
test_protein_2125,1.0,0.4125896692276001,0
test_protein_2126,1.0,0.5059348940849304,1
test_protein_2127,1.0,0.48172029852867126,0
test_protein_2128,1.0,0.24458163976669312,0
test_protein_2129,1.0,0.41888201236724854,0
test_protein_2130,1.0,0.16161072254180908,0
test_protein_2131,1.0,0.9319250583648682,1
test_protein_2132,1.0,0.0023161089047789574,0
test_protein_2133,1.0,0.0002730129926931113,0
test_protein_2134,1.0,0.38545721769332886,0
test_protein_2135,1.0,0.15842315554618835,0
test_protein_2136,1.0,0.01633203588426113,0
test_protein_2137,1.0,0.8177971243858337,1
test_protein_2138,1.0,0.3348678946495056,0
test_protein_2139,1.0,0.22174672782421112,0
test_protein_2140,1.0,0.9597930908203125,1
test_protein_2141,1.0,0.12049176543951035,0
test_protein_2142,1.0,0.9615802764892578,1
test_protein_2143,1.0,0.9131482243537903,1
test_protein_2144,1.0,0.0036813269834965467,0
test_protein_2145,1.0,0.9720966815948486,1
test_protein_2146,1.0,0.07896962761878967,0
test_protein_2147,1.0,0.08252072334289551,0
test_protein_2148,1.0,0.5476749539375305,1
test_protein_2149,1.0,0.16365793347358704,0
test_protein_2150,1.0,0.7279046773910522,1
test_protein_2151,1.0,0.26615479588508606,0
test_protein_2152,1.0,0.287267804145813,0
test_protein_2153,1.0,0.13022980093955994,0
test_protein_2154,1.0,0.15309488773345947,0
test_protein_2155,1.0,0.9318158626556396,1
test_protein_2156,1.0,0.016615305095911026,0
test_protein_2157,1.0,0.9610732793807983,1
test_protein_2158,1.0,0.9929817914962769,1
test_protein_2159,1.0,0.2655841112136841,0
test_protein_2160,1.0,0.8912436366081238,1
test_protein_2161,1.0,0.7220367789268494,1
test_protein_2162,1.0,0.000332243595039472,0
test_protein_2163,1.0,0.9466249942779541,1
test_protein_2164,1.0,0.044674716889858246,0
test_protein_2165,1.0,0.916122317314148,1
test_protein_2166,1.0,0.49186453223228455,0
test_protein_2167,1.0,0.17754457890987396,0
test_protein_2168,1.0,0.7570845484733582,1
test_protein_2169,1.0,0.24229224026203156,0
test_protein_2170,1.0,0.3033454418182373,0
test_protein_2171,1.0,0.3838229179382324,0
test_protein_2172,1.0,0.5229389071464539,1
test_protein_2173,1.0,0.13977326452732086,0
test_protein_2174,1.0,0.9468485713005066,1
test_protein_2175,1.0,0.11274714767932892,0
test_protein_2176,1.0,0.9749425053596497,1
test_protein_2177,1.0,0.9667600393295288,1
test_protein_2178,1.0,0.20892120897769928,0
test_protein_2179,1.0,0.280364453792572,0
test_protein_2180,1.0,0.009002692997455597,0
test_protein_2181,1.0,0.2974410653114319,0
test_protein_2182,1.0,0.10225140303373337,0
test_protein_2183,1.0,0.0014524422585964203,0
test_protein_2184,1.0,0.004300306551158428,0
test_protein_2185,1.0,0.020429017022252083,0
test_protein_2186,1.0,0.007489019073545933,0
test_protein_2187,1.0,0.03754520043730736,0
test_protein_2188,1.0,0.9354320764541626,1
test_protein_2189,1.0,0.41655540466308594,0
test_protein_2190,1.0,0.9689926505088806,1
test_protein_2191,1.0,0.5488401651382446,1
test_protein_2192,1.0,0.9685672521591187,1
test_protein_2193,1.0,0.9221495389938354,1
test_protein_2194,1.0,0.5465501546859741,1
test_protein_2195,1.0,0.33287835121154785,0
test_protein_2196,1.0,0.14596867561340332,0
test_protein_2197,1.0,0.676542341709137,1
test_protein_2198,1.0,0.6796801686286926,1
test_protein_2199,1.0,0.4246543347835541,0
test_protein_2200,1.0,0.9012422561645508,1
test_protein_2201,1.0,0.473530650138855,0
test_protein_2202,1.0,0.9748597741127014,1
test_protein_2203,1.0,0.0086569394916296,0
test_protein_2204,1.0,0.2735878825187683,0
test_protein_2205,1.0,0.0500718392431736,0
test_protein_2206,1.0,0.8955360651016235,1
test_protein_2207,1.0,0.9412168264389038,1
test_protein_2208,1.0,0.5748637318611145,1
test_protein_2209,1.0,0.9127914309501648,1
test_protein_2210,1.0,0.9906005859375,1
test_protein_2211,1.0,0.48276764154434204,0
test_protein_2212,1.0,0.06155141443014145,0
test_protein_2213,1.0,0.19071757793426514,0
test_protein_2214,1.0,0.013523241505026817,0
test_protein_2215,1.0,0.012999382801353931,0
test_protein_2216,1.0,0.0197309460490942,0
test_protein_2217,1.0,0.01282134186476469,0
test_protein_2218,1.0,0.006641704123467207,0
test_protein_2219,1.0,0.0029641389846801758,0
test_protein_2220,1.0,0.07480145245790482,0
test_protein_2221,1.0,0.2599807679653168,0
test_protein_2222,1.0,0.00851386971771717,0
test_protein_2223,1.0,0.01999451220035553,0
test_protein_2224,1.0,0.03018481470644474,0
test_protein_2225,1.0,0.6760829091072083,1
test_protein_2226,1.0,0.337517112493515,0
test_protein_2227,1.0,0.5983965992927551,1
test_protein_2228,1.0,0.29081740975379944,0
test_protein_2229,1.0,0.5648095011711121,1
test_protein_2230,1.0,0.12245900183916092,0
test_protein_2231,1.0,0.22594816982746124,0
test_protein_2232,1.0,0.7297040224075317,1
test_protein_2233,1.0,0.24543330073356628,0
test_protein_2234,1.0,0.18184392154216766,0
test_protein_2235,1.0,0.2005421221256256,0
test_protein_2236,1.0,0.19629661738872528,0
test_protein_2237,1.0,0.3541858196258545,0
test_protein_2238,1.0,0.6888092756271362,1
test_protein_2239,1.0,0.9717847108840942,1
test_protein_2240,1.0,0.1724594533443451,0
test_protein_2241,1.0,0.8342122435569763,1
test_protein_2242,1.0,0.8490733504295349,1
test_protein_2243,1.0,0.6522948145866394,1
test_protein_2244,1.0,0.9403534531593323,1
test_protein_2245,1.0,0.8621665239334106,1
test_protein_2246,1.0,0.00043556911987252533,0
test_protein_2247,1.0,0.06603029370307922,0
test_protein_2248,1.0,0.31800612807273865,0
test_protein_2249,1.0,0.2104916125535965,0
test_protein_2250,1.0,0.10653093457221985,0
test_protein_2251,1.0,0.941946804523468,1
test_protein_2252,1.0,0.02308514341711998,0
test_protein_2253,1.0,0.021944671869277954,0
test_protein_2254,1.0,0.9867162704467773,1
test_protein_2255,1.0,0.5615561604499817,1
test_protein_2256,1.0,0.4949793517589569,0
test_protein_2257,1.0,0.8559892177581787,1
test_protein_2258,1.0,0.5710483193397522,1
test_protein_2259,1.0,0.3999200463294983,0
test_protein_2260,1.0,0.6405561566352844,1
test_protein_2261,1.0,0.3860511779785156,0
test_protein_2262,1.0,0.7309249043464661,1
test_protein_2263,1.0,0.34486910700798035,0
test_protein_2264,1.0,0.6082088947296143,1
test_protein_2265,1.0,0.05388827249407768,0
test_protein_2266,1.0,0.6794863939285278,1
test_protein_2267,1.0,0.7224327325820923,1
test_protein_2268,1.0,0.6513341069221497,1
test_protein_2269,1.0,0.806115984916687,1
test_protein_2270,1.0,0.15256938338279724,0
test_protein_2271,1.0,0.49176523089408875,0
test_protein_2272,1.0,0.4929758310317993,0
test_protein_2273,1.0,0.0005189223447814584,0
test_protein_2274,1.0,0.1571149379014969,0
test_protein_2275,1.0,0.6897916793823242,1
test_protein_2276,1.0,0.04612242057919502,0
test_protein_2277,1.0,0.22068120539188385,0
test_protein_2278,1.0,0.739902138710022,1
test_protein_2279,1.0,0.5487769246101379,1
test_protein_2280,1.0,0.9660824537277222,1
test_protein_2281,1.0,0.5806989073753357,1
test_protein_2282,1.0,0.944831371307373,1
test_protein_2283,1.0,0.9415280222892761,1
test_protein_2284,1.0,0.62713623046875,1
test_protein_2285,1.0,0.8849672675132751,1
test_protein_2286,1.0,0.9437342882156372,1
test_protein_2287,1.0,0.8770512342453003,1
test_protein_2288,1.0,0.8331106901168823,1
test_protein_2289,1.0,0.11008210480213165,0
test_protein_2290,1.0,0.005620772019028664,0
test_protein_2291,1.0,0.031030258163809776,0
test_protein_2292,1.0,0.6090779900550842,1
test_protein_2293,1.0,0.791279137134552,1
test_protein_2294,1.0,0.46962982416152954,0
test_protein_2295,1.0,0.0440986230969429,0
test_protein_2296,1.0,0.6085954904556274,1
test_protein_2297,1.0,0.5021357536315918,1
test_protein_2298,1.0,0.22111304104328156,0
test_protein_2299,1.0,0.9257429838180542,1
test_protein_2300,1.0,0.8370540142059326,1
test_protein_2301,1.0,0.020095227286219597,0
test_protein_2302,1.0,0.9849908947944641,1
test_protein_2303,1.0,0.9675838947296143,1
test_protein_2304,1.0,0.2568105459213257,0
test_protein_2305,1.0,0.29955294728279114,0
test_protein_2306,1.0,0.968482494354248,1
test_protein_2307,1.0,0.40786293148994446,0
test_protein_2308,1.0,0.6414684057235718,1
test_protein_2309,1.0,0.2782348692417145,0
test_protein_2310,1.0,0.2110053300857544,0
test_protein_2311,1.0,0.04322701320052147,0
test_protein_2312,1.0,0.9501874446868896,1
test_protein_2313,1.0,0.09886887669563293,0
test_protein_2314,1.0,0.5617486834526062,1
test_protein_2315,1.0,0.9806932806968689,1
test_protein_2316,1.0,0.5903984308242798,1
test_protein_2317,1.0,0.7568903565406799,1
test_protein_2318,1.0,0.31709617376327515,0
test_protein_2319,1.0,0.5769726037979126,1
test_protein_2320,1.0,0.7386001348495483,1
test_protein_2321,1.0,0.098238006234169,0
test_protein_2322,1.0,0.28212934732437134,0
test_protein_2323,1.0,0.3789551854133606,0
test_protein_2324,1.0,0.5271030068397522,1
test_protein_2325,1.0,0.015156160108745098,0
test_protein_2326,1.0,0.4968847930431366,0
test_protein_2327,1.0,0.29726430773735046,0
test_protein_2328,1.0,0.9336773157119751,1
test_protein_2329,1.0,0.8767634630203247,1
test_protein_2330,1.0,0.963721513748169,1
test_protein_2331,1.0,0.8051931262016296,1
test_protein_2332,1.0,0.3820732533931732,0
test_protein_2333,1.0,0.02351253852248192,0
test_protein_2334,1.0,0.15976238250732422,0
test_protein_2335,1.0,0.0840672105550766,0
test_protein_2336,1.0,0.14795878529548645,0
test_protein_2337,1.0,0.9276530742645264,1
test_protein_2338,1.0,0.033733028918504715,0
test_protein_2339,1.0,0.06807733327150345,0
test_protein_2340,1.0,0.7758777737617493,1
test_protein_2341,1.0,0.5951439738273621,1
test_protein_2342,1.0,0.145329087972641,0
test_protein_2343,1.0,0.1861925721168518,0
test_protein_2344,1.0,0.8155133128166199,1
test_protein_2345,1.0,0.292448490858078,0
test_protein_2346,1.0,0.5633180737495422,1
test_protein_2347,1.0,0.545311689376831,1
test_protein_2348,1.0,0.21944476664066315,0
test_protein_2349,1.0,0.061649203300476074,0
test_protein_2350,1.0,0.4551355540752411,0
test_protein_2351,1.0,0.38882318139076233,0
test_protein_2352,1.0,0.3769533038139343,0
test_protein_2353,1.0,0.21738244593143463,0
test_protein_2354,1.0,0.19759102165699005,0
test_protein_2355,1.0,0.07663794606924057,0
test_protein_2356,1.0,0.2938127815723419,0
test_protein_2357,1.0,0.6390702128410339,1
test_protein_2358,1.0,0.684533953666687,1
test_protein_2359,1.0,0.10763084888458252,0
test_protein_2360,1.0,0.5382177233695984,1
test_protein_2361,1.0,0.517548143863678,1
test_protein_2362,1.0,0.013116666115820408,0
test_protein_2363,1.0,0.4310760796070099,0
test_protein_2364,1.0,0.8920171856880188,1
test_protein_2365,1.0,0.1839974969625473,0
test_protein_2366,1.0,0.0002579313877504319,0
test_protein_2367,1.0,0.31906771659851074,0
test_protein_2368,1.0,0.4716404378414154,0
test_protein_2369,1.0,0.3224197328090668,0
test_protein_2370,1.0,0.8498508334159851,1
test_protein_2371,1.0,0.6422165632247925,1
test_protein_2372,1.0,0.07484320551156998,0
test_protein_2373,1.0,0.886533796787262,1
test_protein_2374,1.0,0.4387549161911011,0
test_protein_2375,1.0,0.045404642820358276,0
test_protein_2376,1.0,0.7769771218299866,1
test_protein_2377,1.0,0.283267080783844,0
test_protein_2378,1.0,0.07484488934278488,0
test_protein_2379,1.0,0.9024955034255981,1
test_protein_2380,1.0,0.8511349558830261,1
test_protein_2381,1.0,0.03543829917907715,0
test_protein_2382,1.0,0.5130978226661682,1
test_protein_2383,1.0,0.9679850935935974,1
test_protein_2384,1.0,0.8639852404594421,1
test_protein_2385,1.0,0.5605641603469849,1
test_protein_2386,1.0,0.053303662687540054,0
test_protein_2387,1.0,0.0024803681299090385,0
test_protein_2388,1.0,0.5656373500823975,1
test_protein_2389,1.0,0.09140283614397049,0
test_protein_2390,1.0,0.19145840406417847,0
test_protein_2391,1.0,0.11817332357168198,0
test_protein_2392,1.0,0.2171226441860199,0
test_protein_2393,1.0,0.0032414740417152643,0
test_protein_2394,1.0,0.12281487882137299,0
test_protein_2395,1.0,0.7639973759651184,1
test_protein_2396,1.0,0.7931954860687256,1
test_protein_2397,1.0,0.984836757183075,1
test_protein_2398,1.0,0.0027998830191791058,0
test_protein_2399,1.0,0.008607768453657627,0
test_protein_2400,1.0,0.035666126757860184,0
test_protein_2401,1.0,0.9741712212562561,1
test_protein_2402,1.0,0.807127058506012,1
test_protein_2403,1.0,0.009680784307420254,0
test_protein_2404,1.0,0.0014474749332293868,0
test_protein_2405,1.0,0.15620365738868713,0
test_protein_2406,1.0,0.26386758685112,0
test_protein_2407,1.0,0.5417892932891846,1
test_protein_2408,1.0,0.05174450948834419,0
test_protein_2409,1.0,0.3666223883628845,0
test_protein_2410,1.0,0.6079338192939758,1
test_protein_2411,1.0,0.35495731234550476,0
test_protein_2412,1.0,0.4597356915473938,0
test_protein_2413,1.0,0.40609025955200195,0
test_protein_2414,1.0,0.2686016857624054,0
test_protein_2415,1.0,0.201592817902565,0
test_protein_2416,1.0,0.23918981850147247,0
test_protein_2417,1.0,0.741249680519104,1
test_protein_2418,1.0,0.9083999991416931,1
test_protein_2419,1.0,0.9042508006095886,1
test_protein_2420,1.0,0.580414891242981,1
test_protein_2421,1.0,0.9782904982566833,1
test_protein_2422,1.0,0.00013662704441230744,0
test_protein_2423,1.0,0.46391478180885315,0
test_protein_2424,1.0,0.9372901320457458,1
test_protein_2425,1.0,0.9795020222663879,1
test_protein_2426,1.0,0.8441755771636963,1
test_protein_2427,1.0,0.8373665809631348,1
test_protein_2428,1.0,0.8993368744850159,1
test_protein_2429,1.0,0.511693000793457,1
test_protein_2430,1.0,0.12275181710720062,0
test_protein_2431,1.0,0.647734522819519,1
test_protein_2432,1.0,0.3813113570213318,0
test_protein_2433,1.0,0.7142757773399353,1
test_protein_2434,1.0,0.8804303407669067,1
test_protein_2435,1.0,0.8608903884887695,1
test_protein_2436,1.0,0.8716387748718262,1
test_protein_2437,1.0,0.4418832063674927,0
test_protein_2438,1.0,0.9736661314964294,1
test_protein_2439,1.0,0.5130067467689514,1
test_protein_2440,1.0,0.8173710703849792,1
test_protein_2441,1.0,0.8978797793388367,1
test_protein_2442,1.0,0.8156045079231262,1
test_protein_2443,1.0,0.005170587915927172,0
test_protein_2444,1.0,0.0019072317518293858,0
test_protein_2445,1.0,0.5759420990943909,1
test_protein_2446,1.0,0.2288236767053604,0
test_protein_2447,1.0,0.7968827486038208,1
test_protein_2448,1.0,0.3198097050189972,0
test_protein_2449,1.0,0.4092029333114624,0
test_protein_2450,1.0,0.012059361673891544,0
test_protein_2451,1.0,0.062226343899965286,0
test_protein_2452,1.0,0.005231732036918402,0
test_protein_2453,1.0,0.9061611890792847,1
test_protein_2454,1.0,0.5238704681396484,1
test_protein_2455,1.0,0.7911498546600342,1
test_protein_2456,1.0,0.011060226708650589,0
test_protein_2457,1.0,0.008630425669252872,0
test_protein_2458,1.0,0.043889693915843964,0
test_protein_2459,1.0,0.9352818131446838,1
test_protein_2460,1.0,0.043331537395715714,0
test_protein_2461,1.0,0.6119948625564575,1
test_protein_2462,1.0,0.7945089340209961,1
test_protein_2463,1.0,0.6370493173599243,1
test_protein_2464,1.0,0.370132714509964,0
test_protein_2465,1.0,0.9397997260093689,1
test_protein_2466,1.0,0.6279788613319397,1
test_protein_2467,1.0,0.39718925952911377,0
test_protein_2468,1.0,0.8720414638519287,1
test_protein_2469,1.0,0.029802558943629265,0
test_protein_2470,1.0,0.2833773195743561,0
test_protein_2471,1.0,0.1979822963476181,0
test_protein_2472,1.0,0.01688888669013977,0
test_protein_2473,1.0,0.9258012175559998,1
test_protein_2474,1.0,0.25709256529808044,0
test_protein_2475,1.0,0.31670230627059937,0
test_protein_2476,1.0,0.47934892773628235,0
test_protein_2477,1.0,0.9838902354240417,1
test_protein_2478,1.0,0.991692066192627,1
test_protein_2479,1.0,0.7014926671981812,1
test_protein_2480,1.0,0.15088114142417908,0
test_protein_2481,1.0,0.22960028052330017,0
test_protein_2482,1.0,0.4713336229324341,0
test_protein_2483,1.0,0.07532361149787903,0
test_protein_2484,1.0,0.48003754019737244,0
test_protein_2485,1.0,0.5611932873725891,1
test_protein_2486,1.0,0.46119949221611023,0
test_protein_2487,1.0,0.583456814289093,1
test_protein_2488,1.0,0.9306412935256958,1
test_protein_2489,1.0,0.0015195893356576562,0
test_protein_2490,1.0,0.9606525301933289,1
test_protein_2491,1.0,0.5643534064292908,1
test_protein_2492,1.0,0.9357999563217163,1
test_protein_2493,1.0,0.5006239414215088,1
test_protein_2494,1.0,0.4782814085483551,0
test_protein_2495,1.0,0.9865782856941223,1
test_protein_2496,1.0,0.0832064151763916,0
test_protein_2497,1.0,0.8910191059112549,1
test_protein_2498,1.0,0.005044286604970694,0
test_protein_2499,1.0,0.2922500967979431,0
test_protein_2500,1.0,0.23237453401088715,0
test_protein_2501,1.0,0.9349421858787537,1
test_protein_2502,1.0,0.1094525158405304,0
test_protein_2503,1.0,0.6122066974639893,1
test_protein_2504,1.0,0.5637956857681274,1
test_protein_2505,1.0,0.6514740586280823,1
test_protein_2506,1.0,0.4307328164577484,0
test_protein_2507,1.0,0.19875961542129517,0
test_protein_2508,1.0,0.016181595623493195,0
test_protein_2509,1.0,0.8562802672386169,1
test_protein_2510,1.0,0.13183560967445374,0
test_protein_2511,1.0,0.015917599201202393,0
test_protein_2512,1.0,0.32109707593917847,0
test_protein_2513,1.0,0.20149248838424683,0
test_protein_2514,1.0,0.06720752269029617,0
test_protein_2515,1.0,0.6475381255149841,1
test_protein_2516,1.0,0.08342114090919495,0
test_protein_2517,1.0,0.8645446300506592,1
test_protein_2518,1.0,0.3752642571926117,0
test_protein_2519,1.0,0.08892908692359924,0
test_protein_2520,1.0,0.0289248526096344,0
test_protein_2521,1.0,0.005005052778869867,0
test_protein_2522,1.0,0.9402097463607788,1
test_protein_2523,1.0,0.974193274974823,1
test_protein_2524,1.0,0.9921431541442871,1
test_protein_2525,1.0,0.06009571626782417,0
test_protein_2526,1.0,0.9711611270904541,1
test_protein_2527,1.0,0.7272742986679077,1
test_protein_2528,1.0,0.3035597503185272,0
test_protein_2529,1.0,0.9192124605178833,1
test_protein_2530,1.0,0.4611813426017761,0
test_protein_2531,1.0,0.13218173384666443,0
test_protein_2532,1.0,0.00031082378700375557,0
test_protein_2533,1.0,0.0001954175968421623,0
test_protein_2534,1.0,0.00027246098034083843,0
test_protein_2535,1.0,0.12367135286331177,0
test_protein_2536,1.0,0.3550184667110443,0
test_protein_2537,1.0,0.09570074826478958,0
test_protein_2538,1.0,0.9182190895080566,1
test_protein_2539,1.0,0.44709932804107666,0
test_protein_2540,1.0,0.08425137400627136,0
test_protein_2541,1.0,0.27341729402542114,0
test_protein_2542,1.0,0.2977082133293152,0
test_protein_2543,1.0,0.17683309316635132,0
test_protein_2544,1.0,0.5283899903297424,1
test_protein_2545,1.0,0.00033473235089331865,0
test_protein_2546,1.0,0.3794056177139282,0
test_protein_2547,1.0,0.7904775142669678,1
test_protein_2548,1.0,0.0004754022811539471,0
test_protein_2549,1.0,0.7295486927032471,1
test_protein_2550,1.0,0.6803874969482422,1
test_protein_2551,1.0,0.5050959587097168,1
test_protein_2552,1.0,0.9821964502334595,1
test_protein_2553,1.0,0.8361074328422546,1
test_protein_2554,1.0,0.6861035227775574,1
test_protein_2555,1.0,0.924099326133728,1
test_protein_2556,1.0,0.9797893762588501,1
test_protein_2557,1.0,0.9722043871879578,1
test_protein_2558,1.0,0.005996034014970064,0
test_protein_2559,1.0,0.5407582521438599,1
test_protein_2560,1.0,0.9505628943443298,1
test_protein_2561,1.0,0.017741890624165535,0
test_protein_2562,1.0,0.0040575857274234295,0
test_protein_2563,1.0,0.9180006980895996,1
test_protein_2564,1.0,0.9213448166847229,1
test_protein_2565,1.0,0.9017280340194702,1
test_protein_2566,1.0,0.5048155188560486,1
test_protein_2567,1.0,0.5727332234382629,1
test_protein_2568,1.0,0.9897767305374146,1
test_protein_2569,1.0,0.5982761383056641,1
test_protein_2570,1.0,0.36123257875442505,0
test_protein_2571,1.0,0.7063584327697754,1
test_protein_2572,1.0,0.9892852902412415,1
test_protein_2573,1.0,0.873917281627655,1
test_protein_2574,1.0,0.7634966969490051,1
test_protein_2575,1.0,0.013243836350739002,0
test_protein_2576,1.0,0.6327252984046936,1
test_protein_2577,1.0,0.007821718230843544,0
test_protein_2578,1.0,0.7799590826034546,1
test_protein_2579,1.0,0.3386489450931549,0
test_protein_2580,1.0,0.06050041317939758,0
test_protein_2581,1.0,0.00019968779815826565,0
test_protein_2582,1.0,0.00016617056098766625,0
test_protein_2583,1.0,0.4390607178211212,0
test_protein_2584,1.0,0.06762964278459549,0
test_protein_2585,1.0,0.7991157174110413,1
test_protein_2586,1.0,0.9456623792648315,1
test_protein_2587,1.0,0.9609769582748413,1
test_protein_2588,1.0,0.01323473546653986,0
test_protein_2589,1.0,0.000929148169234395,0
test_protein_2590,1.0,0.9402794241905212,1
test_protein_2591,1.0,0.7380490303039551,1
test_protein_2592,1.0,0.0006109680980443954,0
test_protein_2593,1.0,0.8886408805847168,1
test_protein_2594,1.0,0.9602399468421936,1
test_protein_2595,1.0,0.18558380007743835,0
test_protein_2596,1.0,0.9892677664756775,1
test_protein_2597,1.0,0.9098106622695923,1
test_protein_2598,1.0,0.0001309046638198197,0
test_protein_2599,1.0,0.6175422668457031,1
test_protein_2600,1.0,0.9258741736412048,1
test_protein_2601,1.0,0.9521698951721191,1
test_protein_2602,1.0,0.9864029288291931,1
test_protein_2603,1.0,0.9572622776031494,1
test_protein_2604,1.0,0.9903044104576111,1
test_protein_2605,1.0,0.9842482209205627,1
test_protein_2606,1.0,0.9778929352760315,1
test_protein_2607,1.0,0.9490413665771484,1
test_protein_2608,1.0,0.9877391457557678,1
test_protein_2609,1.0,0.9733428955078125,1
test_protein_2610,1.0,0.9865235686302185,1
test_protein_2611,1.0,0.9722012281417847,1
test_protein_2612,1.0,0.9641652703285217,1
test_protein_2613,1.0,0.984149158000946,1
test_protein_2614,1.0,0.8599265217781067,1
test_protein_2615,1.0,0.9177587628364563,1
test_protein_2616,1.0,0.9486947059631348,1
test_protein_2617,1.0,0.9014132022857666,1
test_protein_2618,1.0,0.23666927218437195,0
test_protein_2619,1.0,0.5433321595191956,1
test_protein_2620,1.0,0.019192107021808624,0
test_protein_2621,1.0,0.16842584311962128,0
test_protein_2622,1.0,0.9884710311889648,1
test_protein_2623,1.0,0.894577145576477,1
test_protein_2624,1.0,0.014499993994832039,0
test_protein_2625,1.0,0.26991504430770874,0
test_protein_2626,1.0,0.40855008363723755,0
test_protein_2627,1.0,0.341539204120636,0
test_protein_2628,1.0,0.48198390007019043,0
test_protein_2629,1.0,0.02660459652543068,0
test_protein_2630,1.0,0.6989139318466187,1
test_protein_2631,1.0,0.08885165303945541,0
test_protein_2632,1.0,0.04062103480100632,0
test_protein_2633,1.0,0.0035207390319556,0
test_protein_2634,1.0,0.09833483397960663,0
test_protein_2635,1.0,0.051904670894145966,0
test_protein_2636,1.0,0.0029666004702448845,0
test_protein_2637,1.0,0.050516560673713684,0
test_protein_2638,1.0,0.034164588898420334,0
test_protein_2639,1.0,0.025182852521538734,0
test_protein_2640,1.0,0.11885173618793488,0
test_protein_2641,1.0,0.9897116422653198,1
test_protein_2642,1.0,0.9935452938079834,1
test_protein_2643,1.0,0.0897437036037445,0
test_protein_2644,1.0,0.410714715719223,0
test_protein_2645,1.0,0.1057005524635315,0
test_protein_2646,1.0,0.7892541289329529,1
test_protein_2647,1.0,0.8879485726356506,1
test_protein_2648,1.0,0.18210528790950775,0
test_protein_2649,1.0,0.48282015323638916,0
test_protein_2650,1.0,0.7067790627479553,1
test_protein_2651,1.0,0.006304242182523012,0
test_protein_2652,1.0,0.014410191215574741,0
test_protein_2653,1.0,0.4318903386592865,0
test_protein_2654,1.0,0.0009471031371504068,0
test_protein_2655,1.0,0.0350024551153183,0
test_protein_2656,1.0,0.7234808206558228,1
test_protein_2657,1.0,0.17178921401500702,0
test_protein_2658,1.0,0.9217708706855774,1
test_protein_2659,1.0,0.5723415613174438,1
test_protein_2660,1.0,0.917310357093811,1
test_protein_2661,1.0,0.9585070013999939,1
test_protein_2662,1.0,0.5855926871299744,1
test_protein_2663,1.0,0.8372832536697388,1
test_protein_2664,1.0,0.7912424802780151,1
test_protein_2665,1.0,0.6247945427894592,1
test_protein_2666,1.0,0.6645228266716003,1
test_protein_2667,1.0,0.2843649387359619,0
test_protein_2668,1.0,0.9312646985054016,1
test_protein_2669,1.0,0.5206118226051331,1
test_protein_2670,1.0,0.4067997634410858,0
test_protein_2671,1.0,0.342572420835495,0
test_protein_2672,1.0,0.29006218910217285,0
test_protein_2673,1.0,0.47921496629714966,0
test_protein_2674,1.0,0.4386470913887024,0
test_protein_2675,1.0,0.9521938562393188,1
test_protein_2676,1.0,0.9425017833709717,1
test_protein_2677,1.0,0.813627302646637,1
test_protein_2678,1.0,0.18520799279212952,0
test_protein_2679,1.0,0.9820725321769714,1
test_protein_2680,1.0,0.4681699872016907,0
test_protein_2681,1.0,0.5808944702148438,1
test_protein_2682,1.0,0.7871275544166565,1
test_protein_2683,1.0,0.9468023180961609,1
test_protein_2684,1.0,0.9385608434677124,1
test_protein_2685,1.0,0.9005163908004761,1
test_protein_2686,1.0,0.007998524233698845,0
test_protein_2687,1.0,0.13621088862419128,0
test_protein_2688,1.0,0.7173738479614258,1
test_protein_2689,1.0,0.45549410581588745,0
test_protein_2690,1.0,0.4928651452064514,0
test_protein_2691,1.0,0.004801599774509668,0
test_protein_2692,1.0,0.6733031272888184,1
test_protein_2693,1.0,0.16007624566555023,0
test_protein_2694,1.0,0.9331974387168884,1
test_protein_2695,1.0,0.12253954261541367,0
test_protein_2696,1.0,0.16514082252979279,0
test_protein_2697,1.0,0.02938956581056118,0
test_protein_2698,1.0,0.0005591355729848146,0
test_protein_2699,1.0,0.3926917016506195,0
test_protein_2700,1.0,0.6762740612030029,1
test_protein_2701,1.0,0.00014070371980778873,0
test_protein_2702,1.0,0.7902505397796631,1
test_protein_2703,1.0,0.3528614044189453,0
test_protein_2704,1.0,0.39183881878852844,0
test_protein_2705,1.0,0.021246856078505516,0
test_protein_2706,1.0,0.6561602354049683,1
test_protein_2707,1.0,0.6755363941192627,1
test_protein_2708,1.0,0.6339797377586365,1
test_protein_2709,1.0,0.4164430797100067,0
test_protein_2710,1.0,0.004932025913149118,0
test_protein_2711,1.0,0.18727894127368927,0
test_protein_2712,1.0,0.016021080315113068,0
test_protein_2713,1.0,0.4358876049518585,0
test_protein_2714,1.0,0.7755432724952698,1
test_protein_2715,1.0,0.908298671245575,1
test_protein_2716,1.0,0.6393401026725769,1
test_protein_2717,1.0,0.2749805450439453,0
test_protein_2718,1.0,0.32265931367874146,0
test_protein_2719,1.0,0.030682222917675972,0
test_protein_2720,1.0,0.36300987005233765,0
test_protein_2721,1.0,0.34908419847488403,0
test_protein_2722,1.0,0.965343713760376,1
test_protein_2723,1.0,0.25787192583084106,0
test_protein_2724,1.0,0.2253681868314743,0
test_protein_2725,1.0,0.2743876576423645,0
test_protein_2726,1.0,0.3278798460960388,0
test_protein_2727,1.0,0.5448207259178162,1
test_protein_2728,1.0,0.9924584031105042,1
test_protein_2729,1.0,0.9683517217636108,1
test_protein_2730,1.0,0.9881700277328491,1
test_protein_2731,1.0,0.2647869288921356,0
test_protein_2732,1.0,0.9938932657241821,1
test_protein_2733,1.0,0.6338587999343872,1
test_protein_2734,1.0,0.019399600103497505,0
test_protein_2735,1.0,0.8317750096321106,1
test_protein_2736,1.0,0.8930113911628723,1
test_protein_2737,1.0,0.008509499952197075,0
test_protein_2738,1.0,0.2672707438468933,0
test_protein_2739,1.0,0.1204429417848587,0
test_protein_2740,1.0,0.0007118657231330872,0
test_protein_2741,1.0,0.00015259480278473347,0
test_protein_2742,1.0,0.6653591394424438,1
test_protein_2743,1.0,0.0008144497405737638,0
test_protein_2744,1.0,0.9551883339881897,1
test_protein_2745,1.0,0.9512621164321899,1
test_protein_2746,1.0,0.26001447439193726,0
test_protein_2747,1.0,0.5075980424880981,1
test_protein_2748,1.0,0.9622083902359009,1
test_protein_2749,1.0,0.0464414618909359,0
test_protein_2750,1.0,0.12545165419578552,0
test_protein_2751,1.0,0.003015618771314621,0
test_protein_2752,1.0,0.7441750764846802,1
test_protein_2753,1.0,0.4976480305194855,0
test_protein_2754,1.0,0.6764329075813293,1
test_protein_2755,1.0,0.6793564558029175,1
test_protein_2756,1.0,0.7226443886756897,1
test_protein_2757,1.0,0.863841712474823,1
test_protein_2758,1.0,0.6911675333976746,1
test_protein_2759,1.0,0.7398685216903687,1
test_protein_2760,1.0,0.7044718861579895,1
test_protein_2761,1.0,0.15208140015602112,0
test_protein_2762,1.0,0.06011706218123436,0
test_protein_2763,1.0,0.49065321683883667,0
test_protein_2764,1.0,0.4863695502281189,0
test_protein_2765,1.0,0.4962139427661896,0
test_protein_2766,1.0,0.5753957629203796,1
test_protein_2767,1.0,0.04632512107491493,0
test_protein_2768,1.0,0.8877442479133606,1
test_protein_2769,1.0,0.015527311712503433,0
test_protein_2770,1.0,0.10241181403398514,0
test_protein_2771,1.0,0.5566838979721069,1
test_protein_2772,1.0,0.3008001148700714,0
test_protein_2773,1.0,0.03557755425572395,0
test_protein_2774,1.0,0.45376572012901306,0
test_protein_2775,1.0,0.06536255031824112,0
test_protein_2776,1.0,0.8551055788993835,1
test_protein_2777,1.0,0.24538689851760864,0
test_protein_2778,1.0,0.6784858703613281,1
test_protein_2779,1.0,0.10399565100669861,0
test_protein_2780,1.0,0.8130457997322083,1
test_protein_2781,1.0,0.3068981170654297,0
test_protein_2782,1.0,0.01936563104391098,0
test_protein_2783,1.0,0.5678956508636475,1
test_protein_2784,1.0,0.3751114010810852,0
test_protein_2785,1.0,0.5922902226448059,1
test_protein_2786,1.0,0.9639885425567627,1
test_protein_2787,1.0,0.29122427105903625,0
test_protein_2788,1.0,0.7521653175354004,1
test_protein_2789,1.0,0.7206428050994873,1
test_protein_2790,1.0,0.37058526277542114,0
test_protein_2791,1.0,0.530168354511261,1
test_protein_2792,1.0,0.10923575609922409,0
test_protein_2793,1.0,0.030576644465327263,0
test_protein_2794,1.0,0.03975798562169075,0
test_protein_2795,1.0,0.2906298041343689,0
test_protein_2796,1.0,0.000895838369615376,0
test_protein_2797,1.0,0.004471844993531704,0
test_protein_2798,1.0,0.8226169943809509,1
test_protein_2799,1.0,0.00032722658943384886,0
test_protein_2800,1.0,0.5163436532020569,1
test_protein_2801,1.0,0.7253432273864746,1
test_protein_2802,1.0,0.0008259548922069371,0
test_protein_2803,1.0,0.8077170848846436,1
test_protein_2804,1.0,0.656470775604248,1
test_protein_2805,1.0,0.8402213454246521,1
test_protein_2806,1.0,0.2531338632106781,0
test_protein_2807,1.0,0.2648211717605591,0
test_protein_2808,1.0,0.9818170070648193,1
test_protein_2809,1.0,0.8678460717201233,1
test_protein_2810,1.0,0.3721628785133362,0
test_protein_2811,1.0,0.3881702125072479,0
test_protein_2812,1.0,0.6038845777511597,1
test_protein_2813,1.0,0.00012362281267996877,0
test_protein_2814,1.0,0.963079035282135,1
test_protein_2815,1.0,0.00018688909767661244,0
test_protein_2816,1.0,0.7977139353752136,1
test_protein_2817,1.0,0.34038907289505005,0
test_protein_2818,1.0,0.31120386719703674,0
test_protein_2819,1.0,0.00012510348460637033,0
test_protein_2820,1.0,0.911196768283844,1
test_protein_2821,1.0,0.0008439018274657428,0
test_protein_2822,1.0,0.541013777256012,1
test_protein_2823,1.0,0.01793917454779148,0
test_protein_2824,1.0,0.023130062967538834,0
test_protein_2825,1.0,0.7290034890174866,1
test_protein_2826,1.0,0.0017170485807582736,0
test_protein_2827,1.0,0.0006110281101427972,0
test_protein_2828,1.0,0.8805727362632751,1
test_protein_2829,1.0,0.6007885932922363,1
test_protein_2830,1.0,0.5241641402244568,1
test_protein_2831,1.0,0.9789546728134155,1
test_protein_2832,1.0,0.9570873975753784,1
test_protein_2833,1.0,0.0431717112660408,0
test_protein_2834,1.0,0.36928364634513855,0
test_protein_2835,1.0,0.13708941638469696,0
test_protein_2836,1.0,0.4895906448364258,0
test_protein_2837,1.0,0.907178521156311,1
test_protein_2838,1.0,0.9754495024681091,1
test_protein_2839,1.0,0.4739178717136383,0
test_protein_2840,1.0,0.05110101029276848,0
test_protein_2841,1.0,0.9507579803466797,1
test_protein_2842,1.0,0.0014095838414505124,0
test_protein_2843,1.0,0.9912802577018738,1
test_protein_2844,1.0,0.00035917002242058516,0
test_protein_2845,1.0,0.5851198434829712,1
test_protein_2846,1.0,0.0003476794227026403,0
test_protein_2847,1.0,0.6750108599662781,1
test_protein_2848,1.0,0.0006849623750895262,0
test_protein_2849,1.0,0.9345652461051941,1
test_protein_2850,1.0,0.22848638892173767,0
test_protein_2851,1.0,0.008796919137239456,0
test_protein_2852,1.0,0.015423009172081947,0
test_protein_2853,1.0,0.6589663028717041,1
test_protein_2854,1.0,0.005132082849740982,0
test_protein_2855,1.0,0.0012982478365302086,0
test_protein_2856,1.0,0.12432344257831573,0
test_protein_2857,1.0,0.8624147176742554,1
test_protein_2858,1.0,0.015506377443671227,0
test_protein_2859,1.0,0.0019362495513632894,0
test_protein_2860,1.0,0.04626324772834778,0
test_protein_2861,1.0,0.5153646469116211,1
test_protein_2862,1.0,0.01919998601078987,0
test_protein_2863,1.0,0.654457151889801,1
test_protein_2864,1.0,0.12466123700141907,0
test_protein_2865,1.0,0.8454772233963013,1
test_protein_2866,1.0,0.9825343489646912,1
test_protein_2867,1.0,0.010862687602639198,0
test_protein_2868,1.0,0.9881249666213989,1
test_protein_2869,1.0,0.04521000385284424,0
test_protein_2870,1.0,0.013644585385918617,0
test_protein_2871,1.0,0.056240860372781754,0
test_protein_2872,1.0,0.021124761551618576,0
test_protein_2873,1.0,0.005446029361337423,0
test_protein_2874,1.0,0.8919663429260254,1
test_protein_2875,1.0,0.5807371139526367,1
test_protein_2876,1.0,0.340999960899353,0
test_protein_2877,1.0,0.15517644584178925,0
test_protein_2878,1.0,0.06920085847377777,0
test_protein_2879,1.0,0.8022704720497131,1
test_protein_2880,1.0,0.0040403082966804504,0
test_protein_2881,1.0,0.008412818424403667,0
test_protein_2882,1.0,0.1609438955783844,0
test_protein_2883,1.0,0.025911299511790276,0
test_protein_2884,1.0,0.3846188485622406,0
test_protein_2885,1.0,0.9518219828605652,1
test_protein_2886,1.0,0.010189620777964592,0
test_protein_2887,1.0,0.3203580379486084,0
test_protein_2888,1.0,0.003932595252990723,0
test_protein_2889,1.0,0.7188732624053955,1
test_protein_2890,1.0,0.015168584883213043,0
test_protein_2891,1.0,0.33176085352897644,0
test_protein_2892,1.0,0.0499536469578743,0
test_protein_2893,1.0,0.002974288770928979,0
test_protein_2894,1.0,0.9521971344947815,1
test_protein_2895,1.0,0.20615798234939575,0
test_protein_2896,1.0,0.015536238439381123,0
test_protein_2897,1.0,0.30404743552207947,0
test_protein_2898,1.0,0.34156736731529236,0
test_protein_2899,1.0,0.8025624752044678,1
test_protein_2900,1.0,0.0003186730027664453,0
test_protein_2901,1.0,0.0007546040578745306,0
test_protein_2902,1.0,0.14066629111766815,0
test_protein_2903,1.0,0.06129945069551468,0
test_protein_2904,1.0,0.712904155254364,1
test_protein_2905,1.0,0.09924541413784027,0
test_protein_2906,1.0,0.25691449642181396,0
test_protein_2907,1.0,0.03440820425748825,0
test_protein_2908,1.0,0.022348012775182724,0
test_protein_2909,1.0,0.0404697060585022,0
test_protein_2910,1.0,0.0028727054595947266,0
test_protein_2911,1.0,0.08505513519048691,0
test_protein_2912,1.0,0.008237640373408794,0
test_protein_2913,1.0,0.7799850106239319,1
test_protein_2914,1.0,0.9954890608787537,1
test_protein_2915,1.0,0.05420445650815964,0
test_protein_2916,1.0,0.0028324704617261887,0
test_protein_2917,1.0,0.9838958978652954,1
test_protein_2918,1.0,0.055957239121198654,0
test_protein_2919,1.0,0.09475099295377731,0
test_protein_2920,1.0,0.15737248957157135,0
test_protein_2921,1.0,0.11041034758090973,0
test_protein_2922,1.0,0.9583795666694641,1
test_protein_2923,1.0,0.11655551940202713,0
test_protein_2924,1.0,0.0006700448575429618,0
test_protein_2925,1.0,0.03108964115381241,0
test_protein_2926,1.0,0.18261705338954926,0
test_protein_2927,1.0,0.7754732966423035,1
test_protein_2928,1.0,0.055511172860860825,0
test_protein_2929,1.0,0.4628297686576843,0
test_protein_2930,1.0,0.16477233171463013,0
test_protein_2931,1.0,0.101608507335186,0
test_protein_2932,1.0,0.7080944180488586,1
test_protein_2933,1.0,0.15430976450443268,0
test_protein_2934,1.0,0.911549985408783,1
test_protein_2935,1.0,0.004932634066790342,0
test_protein_2936,1.0,0.9935927987098694,1
test_protein_2937,1.0,0.4908343255519867,0
test_protein_2938,1.0,0.6310498118400574,1
test_protein_2939,1.0,0.00504835182800889,0
test_protein_2940,1.0,0.03685600683093071,0
test_protein_2941,1.0,0.0946434736251831,0
test_protein_2942,1.0,0.6899891495704651,1
test_protein_2943,1.0,0.8736565113067627,1
test_protein_2944,1.0,0.9423753619194031,1
test_protein_2945,1.0,0.5524072051048279,1
test_protein_2946,1.0,0.24985875189304352,0
test_protein_2947,1.0,0.11609185487031937,0
test_protein_2948,1.0,0.9533253312110901,1
test_protein_2949,1.0,0.6531396508216858,1
test_protein_2950,1.0,0.2686184346675873,0
test_protein_2951,1.0,0.5611334443092346,1
test_protein_2952,1.0,0.3871956169605255,0
test_protein_2953,1.0,0.9704739451408386,1
test_protein_2954,1.0,0.23642562329769135,0
test_protein_2955,1.0,0.005948412697762251,0
test_protein_2956,1.0,0.5494065880775452,1
test_protein_2957,1.0,0.09763280302286148,0
test_protein_2958,1.0,0.8893164992332458,1
test_protein_2959,1.0,0.07868428528308868,0
test_protein_2960,1.0,0.019176356494426727,0
test_protein_2961,1.0,0.00036181590985506773,0
test_protein_2962,1.0,0.06485879421234131,0
test_protein_2963,1.0,0.1196446493268013,0
test_protein_2964,1.0,0.10295489430427551,0
test_protein_2965,1.0,0.0006770567269995809,0
test_protein_2966,1.0,0.3783484101295471,0
test_protein_2967,1.0,0.07071463763713837,0
test_protein_2968,1.0,0.00022730784257873893,0
test_protein_2969,1.0,0.9876397252082825,1
test_protein_2970,1.0,0.04901247099041939,0
test_protein_2971,1.0,0.9669747948646545,1
test_protein_2972,1.0,0.32040104269981384,0
test_protein_2973,1.0,0.013113338500261307,0
test_protein_2974,1.0,0.07322447746992111,0
test_protein_2975,1.0,0.3226606249809265,0
test_protein_2976,1.0,0.003842865116894245,0
test_protein_2977,1.0,0.007275599054992199,0
test_protein_2978,1.0,0.48951584100723267,0
test_protein_2979,1.0,0.5132551193237305,1
test_protein_2980,1.0,0.32358965277671814,0
test_protein_2981,1.0,0.5108518600463867,1
test_protein_2982,1.0,0.023803656920790672,0
test_protein_2983,1.0,0.15341442823410034,0
test_protein_2984,1.0,0.6820386052131653,1
test_protein_2985,1.0,0.9554505944252014,1
test_protein_2986,1.0,0.5578591823577881,1
test_protein_2987,1.0,0.040306899696588516,0
test_protein_2988,1.0,0.9632374048233032,1
test_protein_2989,1.0,0.486288458108902,0
test_protein_2990,1.0,0.21804654598236084,0
test_protein_2991,1.0,0.0021461148280650377,0
test_protein_2992,1.0,0.4862261116504669,0
test_protein_2993,1.0,0.9678225517272949,1
test_protein_2994,1.0,0.4460170865058899,0
test_protein_2995,1.0,0.04063057526946068,0
test_protein_2996,1.0,0.6216172575950623,1
test_protein_2997,1.0,0.052715010941028595,0
test_protein_2998,1.0,0.2108037918806076,0
test_protein_2999,1.0,0.9563326835632324,1
test_protein_3000,1.0,0.8054909110069275,1
test_protein_3001,1.0,0.9891153573989868,1
test_protein_3002,1.0,0.37120893597602844,0
test_protein_3003,1.0,0.7160232663154602,1
test_protein_3004,1.0,0.9408422708511353,1
test_protein_3005,1.0,0.9854879975318909,1
test_protein_3006,1.0,0.7166951298713684,1
test_protein_3007,1.0,0.38100630044937134,0
test_protein_3008,1.0,0.899736225605011,1
test_protein_3009,1.0,0.9625998139381409,1
test_protein_3010,1.0,0.9952129125595093,1
test_protein_3011,1.0,0.052698567509651184,0
test_protein_3012,1.0,0.3095410466194153,0
test_protein_3013,1.0,0.06377921253442764,0
test_protein_3014,1.0,0.10502546280622482,0
test_protein_3015,1.0,0.37183651328086853,0
test_protein_3016,1.0,0.0030898975674062967,0
test_protein_3017,1.0,0.48735666275024414,0
test_protein_3018,1.0,0.9795663952827454,1
test_protein_3019,1.0,0.9906190633773804,1
test_protein_3020,1.0,0.9567961692810059,1
test_protein_3021,1.0,0.9555744528770447,1
test_protein_3022,1.0,0.9431281685829163,1
test_protein_3023,1.0,0.9880318641662598,1
test_protein_3024,1.0,0.9610227346420288,1
test_protein_3025,1.0,0.9942671656608582,1
test_protein_3026,1.0,0.1791612207889557,0
test_protein_3027,1.0,0.9935513734817505,1
test_protein_3028,1.0,0.9944106936454773,1
test_protein_3029,1.0,0.9710429310798645,1
test_protein_3030,1.0,0.9750202298164368,1
test_protein_3031,1.0,0.8307615518569946,1
test_protein_3032,1.0,0.30345186591148376,0
test_protein_3033,1.0,0.9926322102546692,1
test_protein_3034,1.0,0.9703018665313721,1
test_protein_3035,1.0,0.9890525937080383,1
test_protein_3036,1.0,0.9805940985679626,1
test_protein_3037,1.0,0.8320766091346741,1
test_protein_3038,1.0,0.6779274344444275,1
test_protein_3039,1.0,0.9989728927612305,1
test_protein_3040,1.0,0.8628618121147156,1
test_protein_3041,1.0,0.9866263270378113,1
test_protein_3042,1.0,0.08146750181913376,0
test_protein_3043,1.0,0.9795357584953308,1
test_protein_3044,1.0,0.6728851795196533,1
test_protein_3045,1.0,0.9888560175895691,1
test_protein_3046,1.0,0.511410653591156,1
test_protein_3047,1.0,0.3455255925655365,0
test_protein_3048,1.0,0.97434401512146,1
test_protein_3049,1.0,0.14779774844646454,0
test_protein_3050,1.0,0.20494350790977478,0
test_protein_3051,1.0,0.9819803237915039,1
test_protein_3052,1.0,0.9311873912811279,1
test_protein_3053,1.0,0.7777334451675415,1
test_protein_3054,1.0,0.9935898780822754,1
test_protein_3055,1.0,0.8657519817352295,1
test_protein_3056,1.0,0.9454933404922485,1
test_protein_3057,1.0,0.9870150089263916,1
test_protein_3058,1.0,0.9350769519805908,1
test_protein_3059,1.0,0.9816438555717468,1
test_protein_3060,1.0,0.9958361387252808,1
test_protein_3061,1.0,0.8028678894042969,1
test_protein_3062,1.0,0.948489785194397,1
test_protein_3063,1.0,0.9914454221725464,1
test_protein_3064,1.0,0.997979462146759,1
test_protein_3065,1.0,0.10127123445272446,0
test_protein_3066,1.0,0.11113160103559494,0
test_protein_3067,1.0,0.965493381023407,1
test_protein_3068,1.0,0.984874427318573,1
test_protein_3069,1.0,0.9558092355728149,1
test_protein_3070,1.0,0.9670502543449402,1
test_protein_3071,1.0,0.993831992149353,1
test_protein_3072,1.0,0.9981624484062195,1
test_protein_3073,1.0,0.9704369306564331,1
test_protein_3074,1.0,0.9842066764831543,1
test_protein_3075,1.0,0.9707165360450745,1
test_protein_3076,1.0,0.9885941743850708,1
test_protein_3077,1.0,0.9894501566886902,1
test_protein_3078,1.0,0.05125042051076889,0
test_protein_3079,1.0,0.9564014077186584,1
test_protein_3080,1.0,0.809618353843689,1
test_protein_3081,1.0,0.9713617563247681,1
test_protein_3082,1.0,0.7399210333824158,1
test_protein_3083,1.0,0.959919273853302,1
test_protein_3084,1.0,0.9732368588447571,1
test_protein_3085,1.0,0.9902321696281433,1
test_protein_3086,1.0,0.9389773607254028,1
test_protein_3087,1.0,0.9462676644325256,1
test_protein_3088,1.0,0.9909207820892334,1
test_protein_3089,1.0,0.9873021841049194,1
test_protein_3090,1.0,0.9877521991729736,1
test_protein_3091,1.0,0.9884584546089172,1
test_protein_3092,1.0,0.9679962396621704,1
test_protein_3093,1.0,0.9466136693954468,1
test_protein_3094,1.0,0.9925485253334045,1
test_protein_3095,1.0,0.9476394653320312,1
test_protein_3096,1.0,0.8024462461471558,1
test_protein_3097,1.0,0.005706034600734711,0
test_protein_3098,1.0,0.14706726372241974,0
test_protein_3099,1.0,0.11265520751476288,0
test_protein_3100,1.0,0.2655978500843048,0
test_protein_3101,1.0,0.006571844220161438,0
test_protein_3102,1.0,0.9334962964057922,1
test_protein_3103,1.0,0.976462185382843,1
test_protein_3104,1.0,0.04906291142106056,0
test_protein_3105,1.0,0.7202163934707642,1
test_protein_3106,1.0,0.03097071498632431,0
test_protein_3107,1.0,0.001680882414802909,0
test_protein_3108,1.0,0.037676192820072174,0
test_protein_3109,1.0,0.06352854520082474,0
test_protein_3110,1.0,0.004197926260530949,0
test_protein_3111,1.0,0.004193457309156656,0
test_protein_3112,1.0,0.04718003794550896,0
test_protein_3113,1.0,0.00464458717033267,0
test_protein_3114,1.0,0.2841697931289673,0
test_protein_3115,1.0,0.08012010157108307,0
test_protein_3116,1.0,0.17990072071552277,0
test_protein_3117,1.0,0.0013233802746981382,0
test_protein_3118,1.0,0.015018521808087826,0
test_protein_3119,1.0,0.003054165979847312,0
test_protein_3120,1.0,0.013974778354167938,0
test_protein_3121,1.0,0.06865138560533524,0
test_protein_3122,1.0,0.040684882551431656,0
test_protein_3123,1.0,0.00977722555398941,0
test_protein_3124,1.0,0.6943164467811584,1
test_protein_3125,1.0,0.05538423731923103,0
test_protein_3126,1.0,0.010416657663881779,0
test_protein_3127,1.0,0.8502517342567444,1
test_protein_3128,1.0,0.16610795259475708,0
test_protein_3129,1.0,0.04969817399978638,0
test_protein_3130,1.0,0.007565767969936132,0
test_protein_3131,1.0,0.006934893783181906,0
test_protein_3132,1.0,0.8783993721008301,1
test_protein_3133,1.0,0.48963984847068787,0
test_protein_3134,1.0,0.0025998607743531466,0
test_protein_3135,1.0,0.8849325776100159,1
test_protein_3136,1.0,0.6924207210540771,1
test_protein_3137,1.0,0.05883825197815895,0
test_protein_3138,1.0,0.017769210040569305,0
test_protein_3139,1.0,0.009862388484179974,0
test_protein_3140,1.0,0.0015986748039722443,0
test_protein_3141,1.0,0.010088853538036346,0
test_protein_3142,1.0,0.0038584924768656492,0
test_protein_3143,1.0,0.015205762349069118,0
test_protein_3144,1.0,0.02015620842576027,0
test_protein_3145,1.0,0.00234361388720572,0
test_protein_3146,1.0,0.037682097405195236,0
test_protein_3147,1.0,0.32030752301216125,0
test_protein_3148,1.0,0.7270088195800781,1
test_protein_3149,1.0,0.4991931915283203,0
test_protein_3150,1.0,0.8550873398780823,1
test_protein_3151,1.0,0.8253332376480103,1
test_protein_3152,1.0,0.1594155877828598,0
test_protein_3153,1.0,0.9732262492179871,1
test_protein_3154,1.0,0.0001346379576716572,0
test_protein_3155,1.0,0.22208108007907867,0
test_protein_3156,1.0,0.4716176390647888,0
test_protein_3157,1.0,0.020341677591204643,0
test_protein_3158,1.0,0.0142343295738101,0
test_protein_3159,1.0,0.958259105682373,1
test_protein_3160,1.0,0.03236941993236542,0
test_protein_3161,1.0,0.02787289209663868,0
test_protein_3162,1.0,0.7307430505752563,1
test_protein_3163,1.0,0.9736596941947937,1
test_protein_3164,1.0,0.0397271066904068,0
test_protein_3165,1.0,0.04086538031697273,0
test_protein_3166,1.0,0.3574492037296295,0
test_protein_3167,1.0,0.23872876167297363,0
test_protein_3168,1.0,0.03429175540804863,0
test_protein_3169,1.0,0.2712799906730652,0
test_protein_3170,1.0,0.0025041692424565554,0
test_protein_3171,1.0,0.6204462051391602,1
test_protein_3172,1.0,0.4401737153530121,0
test_protein_3173,1.0,0.001640325877815485,0
test_protein_3174,1.0,0.2650156021118164,0
test_protein_3175,1.0,0.12905855476856232,0
test_protein_3176,1.0,0.05298522859811783,0
test_protein_3177,1.0,0.01438981480896473,0
test_protein_3178,1.0,0.6752187013626099,1
test_protein_3179,1.0,0.7034591436386108,1
test_protein_3180,1.0,0.4200817048549652,0
test_protein_3181,1.0,0.6939035654067993,1
test_protein_3182,1.0,0.8283723592758179,1
test_protein_3183,1.0,0.015427680686116219,0
test_protein_3184,1.0,0.5718935132026672,1
test_protein_3185,1.0,0.5571362376213074,1
test_protein_3186,1.0,0.5785086750984192,1
test_protein_3187,1.0,0.10678567737340927,0
test_protein_3188,1.0,0.17586377263069153,0
test_protein_3189,1.0,0.8861994743347168,1
test_protein_3190,1.0,0.19651669263839722,0
test_protein_3191,1.0,0.7224979400634766,1
test_protein_3192,1.0,0.2105294167995453,0
test_protein_3193,1.0,0.9048625826835632,1
test_protein_3194,1.0,0.27206331491470337,0
test_protein_3195,1.0,0.62954181432724,1
test_protein_3196,1.0,0.6650627851486206,1
test_protein_3197,1.0,0.2887047827243805,0
test_protein_3198,1.0,0.9836516976356506,1
test_protein_3199,1.0,0.98365318775177,1
test_protein_3200,1.0,0.8125312328338623,1
test_protein_3201,1.0,0.19295522570610046,0
test_protein_3202,1.0,0.559747576713562,1
test_protein_3203,1.0,0.9334635734558105,1
test_protein_3204,1.0,0.03282029181718826,0
test_protein_3205,1.0,0.6728724241256714,1
test_protein_3206,1.0,0.9451879262924194,1
test_protein_3207,1.0,0.8871788382530212,1
test_protein_3208,1.0,0.7578264474868774,1
test_protein_3209,1.0,0.0968058705329895,0
test_protein_3210,1.0,0.981767475605011,1
test_protein_3211,1.0,0.002814127132296562,0
test_protein_3212,1.0,0.7565037608146667,1
test_protein_3213,1.0,0.027145881205797195,0
test_protein_3214,1.0,0.3681333065032959,0
test_protein_3215,1.0,0.49079838395118713,0
test_protein_3216,1.0,0.1917998492717743,0
test_protein_3217,1.0,0.34371665120124817,0
test_protein_3218,1.0,0.8622207641601562,1
test_protein_3219,1.0,0.5738392472267151,1
test_protein_3220,1.0,0.4460250437259674,0
test_protein_3221,1.0,0.6713877320289612,1
test_protein_3222,1.0,0.8859128952026367,1
test_protein_3223,1.0,0.6483962535858154,1
test_protein_3224,1.0,0.8372495770454407,1
test_protein_3225,1.0,0.0003343706775922328,0
test_protein_3226,1.0,0.6545865535736084,1
test_protein_3227,1.0,0.0057843332178890705,0
test_protein_3228,1.0,0.00025063392240554094,0
test_protein_3229,1.0,0.4074985086917877,0
test_protein_3230,1.0,0.703054666519165,1
test_protein_3231,1.0,0.9558019042015076,1
test_protein_3232,1.0,0.001077622757293284,0
test_protein_3233,1.0,0.022578995674848557,0
test_protein_3234,1.0,0.04075862839818001,0
test_protein_3235,1.0,0.1321343332529068,0
test_protein_3236,1.0,0.04600143805146217,0
test_protein_3237,1.0,0.004821812268346548,0
test_protein_3238,1.0,0.8982673287391663,1
test_protein_3239,1.0,0.6724116206169128,1
test_protein_3240,1.0,0.8086324334144592,1
test_protein_3241,1.0,0.8839739561080933,1
test_protein_3242,1.0,0.34673768281936646,0
test_protein_3243,1.0,0.9832078218460083,1
test_protein_3244,1.0,0.9700063467025757,1
test_protein_3245,1.0,0.9595097303390503,1
test_protein_3246,1.0,0.42444908618927,0
test_protein_3247,1.0,0.01151987724006176,0
test_protein_3248,1.0,0.8903796672821045,1
test_protein_3249,1.0,0.8092392683029175,1
test_protein_3250,1.0,0.9804446697235107,1
test_protein_3251,1.0,0.8412708640098572,1
test_protein_3252,1.0,0.8304352760314941,1
test_protein_3253,1.0,0.7814767360687256,1
test_protein_3254,1.0,0.2377508282661438,0
test_protein_3255,1.0,0.887316882610321,1
test_protein_3256,1.0,0.02530299313366413,0
test_protein_3257,1.0,0.6609872579574585,1
test_protein_3258,1.0,0.7397920489311218,1
test_protein_3259,1.0,0.7885624766349792,1
test_protein_3260,1.0,0.49843984842300415,0
test_protein_3261,1.0,0.9094495177268982,1
test_protein_3262,1.0,0.8608337640762329,1
test_protein_3263,1.0,0.2540341019630432,0
test_protein_3264,1.0,0.6342831254005432,1
test_protein_3265,1.0,0.12579898536205292,0
test_protein_3266,1.0,0.9190395474433899,1
test_protein_3267,1.0,0.743471086025238,1
test_protein_3268,1.0,0.8477087020874023,1
test_protein_3269,1.0,0.5164127945899963,1
test_protein_3270,1.0,0.9519513845443726,1
test_protein_3271,1.0,0.5835634469985962,1
test_protein_3272,1.0,0.8933315873146057,1
test_protein_3273,1.0,0.844464898109436,1
test_protein_3274,1.0,0.059394046664237976,0
test_protein_3275,1.0,0.9593650102615356,1
test_protein_3276,1.0,0.9239023327827454,1
test_protein_3277,1.0,0.9490480422973633,1
test_protein_3278,1.0,0.9530144929885864,1
test_protein_3279,1.0,0.5862508416175842,1
test_protein_3280,1.0,0.28611454367637634,0
test_protein_3281,1.0,0.19002334773540497,0
test_protein_3282,1.0,0.2926176190376282,0
test_protein_3283,1.0,0.08057873696088791,0
test_protein_3284,1.0,0.6905705332756042,1
test_protein_3285,1.0,0.7883354425430298,1
test_protein_3286,1.0,0.7667863965034485,1
test_protein_3287,1.0,0.7134748101234436,1
test_protein_3288,1.0,0.025940610095858574,0
test_protein_3289,1.0,0.45189186930656433,0
test_protein_3290,1.0,0.3296881914138794,0
test_protein_3291,1.0,0.01007093396037817,0
test_protein_3292,1.0,0.04306698590517044,0
test_protein_3293,1.0,0.05728600546717644,0
test_protein_3294,1.0,0.16422811150550842,0
test_protein_3295,1.0,0.20333321392536163,0
test_protein_3296,1.0,0.30057355761528015,0
test_protein_3297,1.0,0.7955361604690552,1
test_protein_3298,1.0,0.6639881134033203,1
test_protein_3299,1.0,0.9670972228050232,1
test_protein_3300,1.0,0.4028540849685669,0
test_protein_3301,1.0,0.14599181711673737,0
test_protein_3302,1.0,0.19061945378780365,0
test_protein_3303,1.0,0.8323692083358765,1
test_protein_3304,1.0,0.170950785279274,0
test_protein_3305,1.0,0.9475311636924744,1
test_protein_3306,1.0,0.31013965606689453,0
test_protein_3307,1.0,0.5822158455848694,1
test_protein_3308,1.0,0.8064776659011841,1
test_protein_3309,1.0,0.5989454388618469,1
test_protein_3310,1.0,0.21248653531074524,0
test_protein_3311,1.0,0.22670097649097443,0
test_protein_3312,1.0,0.9861553311347961,1
test_protein_3313,1.0,0.015021702274680138,0
test_protein_3314,1.0,0.7643999457359314,1
test_protein_3315,1.0,0.6662513017654419,1
test_protein_3316,1.0,0.044210463762283325,0
test_protein_3317,1.0,0.38230323791503906,0
test_protein_3318,1.0,0.25339269638061523,0
test_protein_3319,1.0,0.5412782430648804,1
test_protein_3320,1.0,0.26867660880088806,0
test_protein_3321,1.0,0.7721251845359802,1
test_protein_3322,1.0,0.9866858720779419,1
test_protein_3323,1.0,0.987484872341156,1
test_protein_3324,1.0,0.9896238446235657,1
test_protein_3325,1.0,0.00013976235641166568,0
test_protein_3326,1.0,0.7637227177619934,1
test_protein_3327,1.0,0.7444860935211182,1
test_protein_3328,1.0,0.3054518401622772,0
test_protein_3329,1.0,0.9550269246101379,1
test_protein_3330,1.0,0.5053045749664307,1
test_protein_3331,1.0,0.5411027669906616,1
test_protein_3332,1.0,0.9233015179634094,1
test_protein_3333,1.0,0.06538809090852737,0
test_protein_3334,1.0,0.23648160696029663,0
test_protein_3335,1.0,0.9757516384124756,1
test_protein_3336,1.0,0.5982093214988708,1
test_protein_3337,1.0,0.6578603982925415,1
test_protein_3338,1.0,0.42302048206329346,0
test_protein_3339,1.0,0.011203077621757984,0
test_protein_3340,1.0,0.5916240215301514,1
test_protein_3341,1.0,0.1180305927991867,0
test_protein_3342,1.0,0.06492258608341217,0
test_protein_3343,1.0,0.07125482708215714,0
test_protein_3344,1.0,0.18575264513492584,0
test_protein_3345,1.0,0.12528657913208008,0
test_protein_3346,1.0,0.1589173525571823,0
test_protein_3347,1.0,0.21350254118442535,0
test_protein_3348,1.0,0.18194201588630676,0
test_protein_3349,1.0,0.014779836870729923,0
test_protein_3350,1.0,0.42747291922569275,0
test_protein_3351,1.0,0.3592691421508789,0
test_protein_3352,1.0,0.9289408326148987,1
test_protein_3353,1.0,0.9167259335517883,1
test_protein_3354,1.0,0.7108696699142456,1
test_protein_3355,1.0,0.9732926487922668,1
test_protein_3356,1.0,0.26945334672927856,0
test_protein_3357,1.0,0.30673637986183167,0
test_protein_3358,1.0,0.36239689588546753,0
test_protein_3359,1.0,0.49444252252578735,0
test_protein_3360,1.0,0.22678203880786896,0
test_protein_3361,1.0,0.39572763442993164,0
test_protein_3362,1.0,0.29618093371391296,0
test_protein_3363,1.0,0.23234489560127258,0
test_protein_3364,1.0,0.08667799085378647,0
test_protein_3365,1.0,0.6357970833778381,1
test_protein_3366,1.0,0.4705282747745514,0
test_protein_3367,1.0,0.2561032176017761,0
test_protein_3368,1.0,0.9258350133895874,1
test_protein_3369,1.0,0.9010356664657593,1
test_protein_3370,1.0,0.7968568801879883,1
test_protein_3371,1.0,0.7951672077178955,1
test_protein_3372,1.0,0.6550664305686951,1
test_protein_3373,1.0,0.0148384440690279,0
test_protein_3374,1.0,0.34592798352241516,0
test_protein_3375,1.0,0.9024671316146851,1
test_protein_3376,1.0,0.7418813705444336,1
test_protein_3377,1.0,0.905753493309021,1
test_protein_3378,1.0,0.42865991592407227,0
test_protein_3379,1.0,0.40273192524909973,0
test_protein_3380,1.0,0.9778218865394592,1
test_protein_3381,1.0,0.9656206369400024,1
test_protein_3382,1.0,0.8353528380393982,1
test_protein_3383,1.0,0.0025191190652549267,0
test_protein_3384,1.0,0.0018995344871655107,0
test_protein_3385,1.0,0.16264992952346802,0
test_protein_3386,1.0,0.9097762107849121,1
test_protein_3387,1.0,0.2559526562690735,0
test_protein_3388,1.0,0.5113074779510498,1
test_protein_3389,1.0,0.8793789744377136,1
test_protein_3390,1.0,0.6168256402015686,1
test_protein_3391,1.0,0.726640522480011,1
test_protein_3392,1.0,0.25453445315361023,0
test_protein_3393,1.0,0.008513178676366806,0
test_protein_3394,1.0,0.028284432366490364,0
test_protein_3395,1.0,0.020038537681102753,0
test_protein_3396,1.0,0.011622077785432339,0
test_protein_3397,1.0,0.00787900947034359,0
test_protein_3398,1.0,0.006145499646663666,0
test_protein_3399,1.0,0.665863573551178,1
test_protein_3400,1.0,0.19978567957878113,0
test_protein_3401,1.0,0.09717902541160583,0
test_protein_3402,1.0,0.23647424578666687,0
test_protein_3403,1.0,0.4520580470561981,0
test_protein_3404,1.0,0.9943702816963196,1
test_protein_3405,1.0,0.10890082269906998,0
test_protein_3406,1.0,0.9729560613632202,1
test_protein_3407,1.0,0.17893779277801514,0
test_protein_3408,1.0,0.09615518897771835,0
test_protein_3409,1.0,0.000190610415302217,0
test_protein_3410,1.0,0.34642449021339417,0
test_protein_3411,1.0,0.8249234557151794,1
test_protein_3412,1.0,0.03488042950630188,0
test_protein_3413,1.0,0.24390900135040283,0
test_protein_3414,1.0,0.031059149652719498,0
test_protein_3415,1.0,0.001706282957457006,0
test_protein_3416,1.0,0.7853851318359375,1
test_protein_3417,1.0,0.11229684203863144,0
test_protein_3418,1.0,0.5685192346572876,1
test_protein_3419,1.0,0.9791311025619507,1
test_protein_3420,1.0,0.7011522650718689,1
test_protein_3421,1.0,0.6845533847808838,1
test_protein_3422,1.0,0.9552361965179443,1
test_protein_3423,1.0,0.790756106376648,1
test_protein_3424,1.0,0.8266282677650452,1
test_protein_3425,1.0,0.9346417784690857,1
test_protein_3426,1.0,0.7161695957183838,1
test_protein_3427,1.0,0.019041862338781357,0
test_protein_3428,1.0,0.9874904751777649,1
test_protein_3429,1.0,0.9555136561393738,1
test_protein_3430,1.0,0.10895895957946777,0
test_protein_3431,1.0,0.9641658067703247,1
test_protein_3432,1.0,0.991738498210907,1
test_protein_3433,1.0,0.12234918773174286,0
test_protein_3434,1.0,0.09918855875730515,0
test_protein_3435,1.0,0.15004393458366394,0
test_protein_3436,1.0,0.27004724740982056,0
test_protein_3437,1.0,0.8106857538223267,1
test_protein_3438,1.0,0.13483452796936035,0
test_protein_3439,1.0,0.05656503885984421,0
test_protein_3440,1.0,0.8555657863616943,1
test_protein_3441,1.0,0.22868578135967255,0
test_protein_3442,1.0,0.30874836444854736,0
test_protein_3443,1.0,0.9457507729530334,1
test_protein_3444,1.0,0.2555865943431854,0
test_protein_3445,1.0,0.8533226847648621,1
test_protein_3446,1.0,0.8265264630317688,1
test_protein_3447,1.0,0.870836615562439,1
test_protein_3448,1.0,0.22738753259181976,0
test_protein_3449,1.0,0.11554098129272461,0
test_protein_3450,1.0,0.9579209685325623,1
test_protein_3451,1.0,0.9423614144325256,1
test_protein_3452,1.0,0.9510746598243713,1
test_protein_3453,1.0,0.7421549558639526,1
test_protein_3454,1.0,0.6233973503112793,1
test_protein_3455,1.0,0.0005456124781630933,0
test_protein_3456,1.0,0.15098322927951813,0
test_protein_3457,1.0,0.9543002843856812,1
test_protein_3458,1.0,0.8299702405929565,1
test_protein_3459,1.0,0.9020983576774597,1
test_protein_3460,1.0,0.009824455715715885,0
test_protein_3461,1.0,0.0014068693853914738,0
test_protein_3462,1.0,0.9711957573890686,1
test_protein_3463,1.0,0.9529695510864258,1
test_protein_3464,1.0,0.429187536239624,0
test_protein_3465,1.0,0.13972194492816925,0
test_protein_3466,1.0,0.3699991703033447,0
test_protein_3467,1.0,0.9869509339332581,1
test_protein_3468,1.0,0.9660618901252747,1
test_protein_3469,1.0,0.9905797839164734,1
test_protein_3470,1.0,0.46015650033950806,0
test_protein_3471,1.0,0.41960519552230835,0
test_protein_3472,1.0,0.0002582296438049525,0
test_protein_3473,1.0,0.24927131831645966,0
test_protein_3474,1.0,0.7388051748275757,1
test_protein_3475,1.0,0.3545091450214386,0
test_protein_3476,1.0,0.6019245982170105,1
test_protein_3477,1.0,0.8710054159164429,1
test_protein_3478,1.0,0.0866733267903328,0
test_protein_3479,1.0,0.13321620225906372,0
test_protein_3480,1.0,0.11416568607091904,0
test_protein_3481,1.0,0.998754620552063,1
test_protein_3482,1.0,0.10508358478546143,0
test_protein_3483,1.0,0.25297772884368896,0
test_protein_3484,1.0,0.15268515050411224,0
test_protein_3485,1.0,0.1912483125925064,0
test_protein_3486,1.0,0.02283121459186077,0
test_protein_3487,1.0,0.022177474573254585,0
test_protein_3488,1.0,0.677102267742157,1
test_protein_3489,1.0,0.8336906433105469,1
test_protein_3490,1.0,0.06285137683153152,0
test_protein_3491,1.0,0.05849243700504303,0
test_protein_3492,1.0,0.07065120339393616,0
test_protein_3493,1.0,0.07076305150985718,0
test_protein_3494,1.0,0.3788844645023346,0
test_protein_3495,1.0,0.07494979351758957,0
test_protein_3496,1.0,0.9321455359458923,1
test_protein_3497,1.0,0.9497573375701904,1
test_protein_3498,1.0,0.9062361121177673,1
test_protein_3499,1.0,0.5101841688156128,1
test_protein_3500,1.0,0.9718733429908752,1
test_protein_3501,1.0,0.8239617347717285,1
test_protein_3502,1.0,0.450714111328125,0
test_protein_3503,1.0,0.9651483297348022,1
test_protein_3504,1.0,0.7409195303916931,1
test_protein_3505,1.0,0.802261233329773,1
test_protein_3506,1.0,0.8763923048973083,1
test_protein_3507,1.0,0.6070674657821655,1
test_protein_3508,1.0,0.9204456210136414,1
test_protein_3509,1.0,0.8428831100463867,1
test_protein_3510,1.0,0.833095133304596,1
test_protein_3511,1.0,0.5493159890174866,1
test_protein_3512,1.0,0.9865784049034119,1
test_protein_3513,1.0,0.6336966156959534,1
test_protein_3514,1.0,0.8521638512611389,1
test_protein_3515,1.0,0.9754077196121216,1
test_protein_3516,1.0,0.36843159794807434,0
test_protein_3517,1.0,0.19379761815071106,0
test_protein_3518,1.0,0.982058584690094,1
test_protein_3519,1.0,0.9892669916152954,1
test_protein_3520,1.0,0.41529566049575806,0
test_protein_3521,1.0,0.3435070812702179,0
test_protein_3522,1.0,0.11112338304519653,0
test_protein_3523,1.0,0.34460413455963135,0
test_protein_3524,1.0,0.46063393354415894,0
test_protein_3525,1.0,0.17387640476226807,0
test_protein_3526,1.0,0.13442134857177734,0
test_protein_3527,1.0,0.7315845489501953,1
test_protein_3528,1.0,0.07065021246671677,0
test_protein_3529,1.0,0.9310982823371887,1
test_protein_3530,1.0,0.14191772043704987,0
test_protein_3531,1.0,0.230585977435112,0
test_protein_3532,1.0,0.5668444633483887,1
test_protein_3533,1.0,0.34269726276397705,0
test_protein_3534,1.0,0.9319857358932495,1
test_protein_3535,1.0,0.05224999040365219,0
test_protein_3536,1.0,0.40520456433296204,0
test_protein_3537,1.0,0.02680025063455105,0
test_protein_3538,1.0,0.046669162809848785,0
test_protein_3539,1.0,0.8469042778015137,1
test_protein_3540,1.0,0.7800477743148804,1
test_protein_3541,1.0,0.13831578195095062,0
test_protein_3542,1.0,0.0017099401447921991,0
test_protein_3543,1.0,0.12292173504829407,0
test_protein_3544,1.0,0.16061283648014069,0
test_protein_3545,1.0,0.04309747740626335,0
test_protein_3546,1.0,0.022522008046507835,0
test_protein_3547,1.0,0.018250534310936928,0
test_protein_3548,1.0,0.09451951086521149,0
test_protein_3549,1.0,0.376603364944458,0
test_protein_3550,1.0,0.8813744187355042,1
test_protein_3551,1.0,0.004437942989170551,0
test_protein_3552,1.0,0.005903692916035652,0
test_protein_3553,1.0,0.19916389882564545,0
test_protein_3554,1.0,0.5703004598617554,1
test_protein_3555,1.0,0.009687850251793861,0
test_protein_3556,1.0,0.0848269909620285,0
test_protein_3557,1.0,0.0076748100109398365,0
test_protein_3558,1.0,0.24412469565868378,0
test_protein_3559,1.0,0.16530853509902954,0
test_protein_3560,1.0,0.4140808880329132,0
test_protein_3561,1.0,0.349435418844223,0
test_protein_3562,1.0,0.8821212649345398,1
test_protein_3563,1.0,0.8111612796783447,1
test_protein_3564,1.0,0.1454092264175415,0
test_protein_3565,1.0,0.9343321919441223,1
test_protein_3566,1.0,0.7738416790962219,1
test_protein_3567,1.0,0.9462582468986511,1
test_protein_3568,1.0,0.9338214993476868,1
test_protein_3569,1.0,0.6892904043197632,1
test_protein_3570,1.0,0.7187535166740417,1
test_protein_3571,1.0,0.9464877247810364,1
test_protein_3572,1.0,0.5751271843910217,1
test_protein_3573,1.0,0.17924092710018158,0
test_protein_3574,1.0,0.6000880002975464,1
test_protein_3575,1.0,0.035149574279785156,0
test_protein_3576,1.0,0.8543464541435242,1
test_protein_3577,1.0,0.383868008852005,0
test_protein_3578,1.0,0.9959356784820557,1
test_protein_3579,1.0,0.15672117471694946,0
test_protein_3580,1.0,0.08918622881174088,0
test_protein_3581,1.0,0.9077288508415222,1
test_protein_3582,1.0,0.6677282452583313,1
test_protein_3583,1.0,0.15080313384532928,0
test_protein_3584,1.0,0.5529367327690125,1
test_protein_3585,1.0,0.9286940097808838,1
test_protein_3586,1.0,0.7739304304122925,1
test_protein_3587,1.0,0.5925871133804321,1
test_protein_3588,1.0,0.7177674174308777,1
test_protein_3589,1.0,0.2318524718284607,0
test_protein_3590,1.0,0.6301906108856201,1
test_protein_3591,1.0,0.8301362991333008,1
test_protein_3592,1.0,0.6502827405929565,1
test_protein_3593,1.0,0.3678269684314728,0
test_protein_3594,1.0,0.9710191488265991,1
test_protein_3595,1.0,0.84432452917099,1
test_protein_3596,1.0,0.0727577656507492,0
test_protein_3597,1.0,0.1386001706123352,0
test_protein_3598,1.0,0.012092909775674343,0
test_protein_3599,1.0,0.017837289720773697,0
test_protein_3600,1.0,0.008348243311047554,0
test_protein_3601,1.0,0.012663619592785835,0
test_protein_3602,1.0,0.01211505476385355,0
test_protein_3603,1.0,0.0071344515308737755,0
test_protein_3604,1.0,0.008060920052230358,0
test_protein_3605,1.0,0.0015495502157136798,0
test_protein_3606,1.0,0.005641603842377663,0
test_protein_3607,1.0,0.2311994582414627,0
test_protein_3608,1.0,0.0833996832370758,0
test_protein_3609,1.0,0.16965582966804504,0
test_protein_3610,1.0,0.002725167665630579,0
test_protein_3611,1.0,0.9343503713607788,1
test_protein_3612,1.0,0.029178664088249207,0
test_protein_3613,1.0,0.18046151101589203,0
test_protein_3614,1.0,0.5156554579734802,1
test_protein_3615,1.0,0.8920720219612122,1
test_protein_3616,1.0,0.42668649554252625,0
test_protein_3617,1.0,0.2992168664932251,0
test_protein_3618,1.0,0.30540043115615845,0
test_protein_3619,1.0,0.053738784044981,0
test_protein_3620,1.0,0.0009060484590008855,0
test_protein_3621,1.0,0.9279710054397583,1
test_protein_3622,1.0,0.9258669018745422,1
test_protein_3623,1.0,0.005920693278312683,0
test_protein_3624,1.0,0.4893123209476471,0
test_protein_3625,1.0,0.8618000149726868,1
test_protein_3626,1.0,0.716487467288971,1
test_protein_3627,1.0,0.1325814127922058,0
test_protein_3628,1.0,0.9190868735313416,1
test_protein_3629,1.0,0.00016421833424828947,0
test_protein_3630,1.0,0.25527581572532654,0
test_protein_3631,1.0,0.0946301594376564,0
test_protein_3632,1.0,0.24677108228206635,0
test_protein_3633,1.0,0.021828053519129753,0
test_protein_3634,1.0,0.019337600097060204,0
test_protein_3635,1.0,0.0072904713451862335,0
test_protein_3636,1.0,0.9674138426780701,1
test_protein_3637,1.0,0.019469929859042168,0
test_protein_3638,1.0,0.021919269114732742,0
test_protein_3639,1.0,0.021647116169333458,0
test_protein_3640,1.0,0.01542646437883377,0
test_protein_3641,0.0,0.03333136811852455,0
test_protein_3642,0.0,0.7253075242042542,1
test_protein_3643,0.0,0.9108746647834778,1
test_protein_3644,0.0,0.7229471802711487,1
test_protein_3645,1.0,0.5302633047103882,1
test_protein_3646,0.0,0.5635467171669006,1
test_protein_3647,0.0,0.904239296913147,1
test_protein_3648,1.0,0.784096360206604,1
test_protein_3649,0.0,0.9738775491714478,1
test_protein_3650,1.0,0.791466236114502,1
test_protein_3651,1.0,0.7763230800628662,1
test_protein_3652,1.0,0.9412664771080017,1
test_protein_3653,0.0,0.9617077112197876,1
test_protein_3654,1.0,0.5929789543151855,1
test_protein_3655,0.0,0.9566808342933655,1
test_protein_3656,1.0,0.97104811668396,1
test_protein_3657,0.0,0.03380401059985161,0
test_protein_3658,1.0,0.6958035230636597,1
test_protein_3659,0.0,0.12469396740198135,0
test_protein_3660,1.0,0.8312907218933105,1
test_protein_3661,0.0,0.0003230500442441553,0
test_protein_3662,0.0,0.0002839350781869143,0
test_protein_3663,1.0,0.8375060558319092,1
test_protein_3664,1.0,0.7767499089241028,1
test_protein_3665,1.0,0.9753089547157288,1
test_protein_3666,1.0,0.632490336894989,1
test_protein_3667,1.0,0.961462676525116,1
test_protein_3668,1.0,0.7069811224937439,1
test_protein_3669,0.0,0.029550110921263695,0
test_protein_3670,0.0,0.3042658269405365,0
test_protein_3671,0.0,0.5295165181159973,1
test_protein_3672,1.0,0.8023352026939392,1
test_protein_3673,1.0,0.9335852265357971,1
test_protein_3674,0.0,0.23062272369861603,0
test_protein_3675,0.0,0.5376455187797546,1
test_protein_3676,0.0,0.9402670860290527,1
test_protein_3677,0.0,0.06834697723388672,0
test_protein_3678,1.0,0.6132346987724304,1
test_protein_3679,0.0,0.45181015133857727,0
test_protein_3680,0.0,0.0001454456360079348,0
test_protein_3681,1.0,0.972025454044342,1
test_protein_3682,0.0,0.5607342720031738,1
test_protein_3683,1.0,0.9882132411003113,1
test_protein_3684,0.0,0.9722302556037903,1
test_protein_3685,0.0,0.883588969707489,1
test_protein_3686,0.0,0.2899087369441986,0
test_protein_3687,1.0,0.11317082494497299,0
test_protein_3688,1.0,0.10111146420240402,0
test_protein_3689,1.0,0.8542420864105225,1
test_protein_3690,1.0,0.5101118683815002,1
test_protein_3691,0.0,0.9154001474380493,1
test_protein_3692,0.0,0.8659763336181641,1
test_protein_3693,0.0,0.6638181805610657,1
test_protein_3694,0.0,0.9925380349159241,1
test_protein_3695,0.0,0.00016380890156142414,0
test_protein_3696,0.0,0.8436937928199768,1
test_protein_3697,1.0,0.6955347657203674,1
test_protein_3698,0.0,0.7636327147483826,1
test_protein_3699,0.0,0.6515432596206665,1
test_protein_3700,1.0,0.44574296474456787,0
test_protein_3701,1.0,0.5989934206008911,1
test_protein_3702,0.0,0.6289712190628052,1
test_protein_3703,1.0,0.6615554690361023,1
test_protein_3704,1.0,0.3836863338947296,0
test_protein_3705,1.0,0.5358823537826538,1
test_protein_3706,0.0,0.3409251570701599,0
test_protein_3707,1.0,0.18656159937381744,0
test_protein_3708,1.0,0.2095518708229065,0
test_protein_3709,0.0,0.2327917069196701,0
test_protein_3710,0.0,0.0003216627810616046,0
test_protein_3711,0.0,0.9634236693382263,1
test_protein_3712,0.0,0.0002940849808510393,0
test_protein_3713,0.0,0.8694329261779785,1
test_protein_3714,0.0,0.8814390897750854,1
test_protein_3715,0.0,0.2088196724653244,0
test_protein_3716,0.0,0.5903806090354919,1
test_protein_3717,1.0,0.09394122660160065,0
test_protein_3718,1.0,0.9512388110160828,1
test_protein_3719,1.0,0.5795326232910156,1
test_protein_3720,1.0,0.4266026020050049,0
test_protein_3721,1.0,0.4794788956642151,0
test_protein_3722,1.0,0.6964282989501953,1
test_protein_3723,0.0,0.7191106081008911,1
test_protein_3724,0.0,0.8655083179473877,1
test_protein_3725,0.0,0.9514172673225403,1
test_protein_3726,0.0,0.43118715286254883,0
test_protein_3727,0.0,0.7705739140510559,1
test_protein_3728,0.0,0.0010079204803332686,0
test_protein_3729,0.0,0.00019939384947065264,0
test_protein_3730,1.0,0.9868220090866089,1
test_protein_3731,1.0,0.37997040152549744,0
test_protein_3732,0.0,0.03359776362776756,0
test_protein_3733,1.0,0.8058823943138123,1
test_protein_3734,1.0,0.2549353837966919,0
test_protein_3735,1.0,0.8954715132713318,1
test_protein_3736,1.0,0.9357414841651917,1
test_protein_3737,0.0,0.0002176714042434469,0
test_protein_3738,1.0,0.8232842087745667,1
test_protein_3739,0.0,0.9462910294532776,1
test_protein_3740,0.0,0.0002366018743487075,0
test_protein_3741,0.0,0.8566311001777649,1
test_protein_3742,0.0,0.8202199339866638,1
test_protein_3743,0.0,0.9694836735725403,1
test_protein_3744,1.0,0.9407324194908142,1
test_protein_3745,1.0,0.9685368537902832,1
test_protein_3746,0.0,0.9761760830879211,1
test_protein_3747,0.0,0.004277646075934172,0
test_protein_3748,0.0,0.9616426825523376,1
test_protein_3749,0.0,0.16216108202934265,0
test_protein_3750,0.0,0.3800942897796631,0
test_protein_3751,0.0,0.9027166366577148,1
test_protein_3752,1.0,0.3184022903442383,0
test_protein_3753,0.0,0.4389045834541321,0
test_protein_3754,1.0,0.9677080512046814,1
test_protein_3755,1.0,0.12878091633319855,0
test_protein_3756,0.0,0.9408025741577148,1
test_protein_3757,0.0,0.801879346370697,1
test_protein_3758,0.0,0.914199709892273,1
test_protein_3759,0.0,0.04093888774514198,0
test_protein_3760,1.0,0.786292552947998,1
test_protein_3761,1.0,0.17981848120689392,0
test_protein_3762,0.0,0.00023788803082425147,0
test_protein_3763,0.0,0.9435687065124512,1
test_protein_3764,1.0,0.5886227488517761,1
test_protein_3765,0.0,0.21368233859539032,0
test_protein_3766,1.0,0.9761900305747986,1
test_protein_3767,0.0,0.20816859602928162,0
test_protein_3768,1.0,0.9267075657844543,1
test_protein_3769,1.0,0.3965178430080414,0
test_protein_3770,0.0,0.00024706157273612916,0
test_protein_3771,0.0,0.9019535183906555,1
test_protein_3772,0.0,0.4072730541229248,0
test_protein_3773,1.0,0.26110318303108215,0
test_protein_3774,0.0,0.9808412194252014,1
test_protein_3775,0.0,0.9116730093955994,1
test_protein_3776,1.0,0.33533304929733276,0
test_protein_3777,1.0,0.7197069525718689,1
test_protein_3778,1.0,0.9855210185050964,1
test_protein_3779,1.0,0.9750702977180481,1
test_protein_3780,1.0,0.8390452265739441,1
test_protein_3781,1.0,0.39527425169944763,0
test_protein_3782,1.0,0.46079009771347046,0
test_protein_3783,0.0,0.8448670506477356,1
test_protein_3784,0.0,0.945509672164917,1
test_protein_3785,1.0,0.2667878568172455,0
test_protein_3786,1.0,0.9687063097953796,1
test_protein_3787,1.0,0.9770599603652954,1
test_protein_3788,1.0,0.21804159879684448,0
test_protein_3789,1.0,0.4587949216365814,0
test_protein_3790,0.0,0.0001187193556688726,0
test_protein_3791,0.0,0.9442797303199768,1
test_protein_3792,0.0,0.00016920716734603047,0
test_protein_3793,1.0,0.8377468585968018,1
test_protein_3794,0.0,0.0002025347639573738,0
test_protein_3795,1.0,0.9387795925140381,1
test_protein_3796,1.0,0.9540067315101624,1
test_protein_3797,0.0,0.00037096929736435413,0
test_protein_3798,0.0,0.00011397622438380495,0
test_protein_3799,1.0,0.6071035861968994,1
test_protein_3800,0.0,0.8305420875549316,1
test_protein_3801,0.0,0.9241473078727722,1
test_protein_3802,0.0,0.16502009332180023,0
test_protein_3803,0.0,0.3410905599594116,0
test_protein_3804,0.0,0.019764477387070656,0
test_protein_3805,0.0,0.8058412671089172,1
test_protein_3806,1.0,0.7581121325492859,1
test_protein_3807,1.0,0.48458945751190186,0
test_protein_3808,1.0,0.5012945532798767,1
test_protein_3809,0.0,0.02806904911994934,0
test_protein_3810,1.0,0.04646114632487297,0
test_protein_3811,0.0,0.9704158902168274,1
test_protein_3812,0.0,0.39825472235679626,0
test_protein_3813,1.0,0.9552740454673767,1
test_protein_3814,0.0,0.0007750962395220995,0
test_protein_3815,0.0,0.9262375235557556,1
test_protein_3816,1.0,0.6716512441635132,1
test_protein_3817,0.0,0.0003552494163159281,0
test_protein_3818,0.0,0.2495754361152649,0
test_protein_3819,0.0,0.2839621305465698,0
test_protein_3820,0.0,0.4202270209789276,0
test_protein_3821,1.0,0.9786270260810852,1
test_protein_3822,0.0,0.3121832013130188,0
test_protein_3823,1.0,0.341320276260376,0
test_protein_3824,0.0,0.2908470630645752,0
test_protein_3825,0.0,0.5193273425102234,1
test_protein_3826,1.0,0.9823331236839294,1
test_protein_3827,1.0,0.23717960715293884,0
test_protein_3828,1.0,0.00024645551457069814,0
test_protein_3829,0.0,0.00014762012870050967,0
test_protein_3830,0.0,0.8395487070083618,1
test_protein_3831,0.0,0.2790011167526245,0
test_protein_3832,0.0,0.5434263944625854,1
test_protein_3833,0.0,0.15927685797214508,0
test_protein_3834,0.0,0.9694936871528625,1
test_protein_3835,1.0,0.9084744453430176,1
test_protein_3836,0.0,0.36737143993377686,0
test_protein_3837,0.0,0.26900702714920044,0
test_protein_3838,0.0,0.12052096426486969,0
test_protein_3839,1.0,0.6725088357925415,1
test_protein_3840,1.0,0.8695154786109924,1
test_protein_3841,0.0,0.00045328421401791275,0
test_protein_3842,1.0,0.2739752233028412,0
test_protein_3843,1.0,0.5343647599220276,1
test_protein_3844,0.0,0.00021904757886659354,0
test_protein_3845,0.0,0.2137833684682846,0
test_protein_3846,0.0,0.04797862842679024,0
test_protein_3847,1.0,0.0009091820102185011,0
test_protein_3848,0.0,0.73736971616745,1
test_protein_3849,1.0,0.791060209274292,1
test_protein_3850,1.0,0.8913019895553589,1
test_protein_3851,1.0,0.7512611150741577,1
test_protein_3852,0.0,0.7861317992210388,1
test_protein_3853,0.0,0.8801298141479492,1
test_protein_3854,1.0,0.4872343838214874,0
test_protein_3855,0.0,0.867515504360199,1
test_protein_3856,1.0,0.9483907222747803,1
test_protein_3857,1.0,0.8640269041061401,1
test_protein_3858,0.0,0.7994716167449951,1
test_protein_3859,1.0,0.966764509677887,1
test_protein_3860,0.0,0.9693225026130676,1
test_protein_3861,0.0,0.00027037368272431195,0
test_protein_3862,0.0,0.7865733504295349,1
test_protein_3863,0.0,0.586389422416687,1
test_protein_3864,0.0,0.8954357504844666,1
test_protein_3865,1.0,0.9607899188995361,1
test_protein_3866,1.0,0.9035495519638062,1
test_protein_3867,1.0,0.9525397419929504,1
test_protein_3868,0.0,0.6870782971382141,1
test_protein_3869,0.0,0.1565331071615219,0
test_protein_3870,1.0,0.7741149067878723,1
test_protein_3871,1.0,0.5914011001586914,1
test_protein_3872,0.0,0.9721145629882812,1
test_protein_3873,0.0,0.8001490831375122,1
test_protein_3874,1.0,0.6546257734298706,1
test_protein_3875,0.0,0.000228708959184587,0
test_protein_3876,0.0,0.3658668100833893,0
test_protein_3877,0.0,0.4201355576515198,0
test_protein_3878,1.0,0.19458739459514618,0
test_protein_3879,0.0,0.00013226312876213342,0
test_protein_3880,1.0,0.7334337830543518,1
test_protein_3881,0.0,0.9862317442893982,1
test_protein_3882,0.0,0.00030730856815353036,0
test_protein_3883,0.0,0.832331657409668,1
test_protein_3884,0.0,0.5128753185272217,1
test_protein_3885,1.0,0.3341222405433655,0
test_protein_3886,0.0,0.407421737909317,0
test_protein_3887,0.0,0.00018990327953360975,0
test_protein_3888,0.0,0.2863081395626068,0
test_protein_3889,0.0,0.8483811020851135,1
test_protein_3890,1.0,0.05949491634964943,0
test_protein_3891,1.0,0.6708648204803467,1
test_protein_3892,1.0,0.685920238494873,1
test_protein_3893,1.0,0.48557764291763306,0
test_protein_3894,1.0,0.21909107267856598,0
test_protein_3895,1.0,0.02667912282049656,0
test_protein_3896,1.0,0.3893662393093109,0
test_protein_3897,0.0,0.11575436592102051,0
test_protein_3898,0.0,0.00018566531070973724,0
test_protein_3899,0.0,0.024034133180975914,0
test_protein_3900,1.0,0.17974701523780823,0
test_protein_3901,1.0,0.9144246578216553,1
test_protein_3902,1.0,0.0910341888666153,0
test_protein_3903,0.0,0.9810298681259155,1
test_protein_3904,0.0,0.9355570673942566,1
test_protein_3905,0.0,0.05557434633374214,0
test_protein_3906,1.0,0.4641970992088318,0
test_protein_3907,0.0,0.0001880574127426371,0
test_protein_3908,0.0,0.00016300304559990764,0
test_protein_3909,0.0,0.9258135557174683,1
test_protein_3910,0.0,0.5610190629959106,1
test_protein_3911,0.0,0.7522718906402588,1
test_protein_3912,1.0,0.7254754900932312,1
test_protein_3913,0.0,0.972515881061554,1
test_protein_3914,1.0,0.7195281386375427,1
test_protein_3915,0.0,0.8252725005149841,1
test_protein_3916,1.0,0.14116649329662323,0
test_protein_3917,1.0,0.8186848759651184,1
test_protein_3918,1.0,0.9795513153076172,1
test_protein_3919,1.0,0.8998158574104309,1
test_protein_3920,0.0,0.0001989255688386038,0
test_protein_3921,0.0,0.7440760135650635,1
test_protein_3922,0.0,0.39561742544174194,0
test_protein_3923,0.0,0.42023202776908875,0
test_protein_3924,1.0,0.48129522800445557,0
test_protein_3925,0.0,0.46367132663726807,0
test_protein_3926,1.0,0.8864321708679199,1
test_protein_3927,1.0,0.35335418581962585,0
test_protein_3928,0.0,0.9162514209747314,1
test_protein_3929,0.0,0.6881898641586304,1
test_protein_3930,0.0,0.7857294678688049,1
test_protein_3931,0.0,0.9237326383590698,1
test_protein_3932,0.0,0.14313721656799316,0
test_protein_3933,0.0,0.00143250182736665,0
test_protein_3934,1.0,0.9469220042228699,1
test_protein_3935,1.0,0.9796922206878662,1
test_protein_3936,0.0,0.8965387940406799,1
test_protein_3937,0.0,0.39249488711357117,0
test_protein_3938,1.0,0.8270838856697083,1
test_protein_3939,1.0,0.16235370934009552,0
test_protein_3940,1.0,0.12830771505832672,0
test_protein_3941,0.0,0.00014826537517365068,0
test_protein_3942,1.0,0.828765869140625,1
test_protein_3943,0.0,0.8432856798171997,1
test_protein_3944,0.0,0.002640981925651431,0
test_protein_3945,0.0,0.8954881429672241,1
test_protein_3946,0.0,0.0001510024885646999,0
test_protein_3947,0.0,0.12787482142448425,0
test_protein_3948,0.0,0.9806610345840454,1
test_protein_3949,0.0,0.00015195593005046248,0
test_protein_3950,0.0,0.0067793154157698154,0
test_protein_3951,0.0,0.9469908475875854,1
test_protein_3952,0.0,0.890704333782196,1
test_protein_3953,0.0,0.14491528272628784,0
test_protein_3954,1.0,0.960656464099884,1
test_protein_3955,0.0,0.05083479732275009,0
test_protein_3956,0.0,0.0013180557871237397,0
test_protein_3957,0.0,0.0009577373857609928,0
test_protein_3958,0.0,0.9508729577064514,1
test_protein_3959,0.0,0.8387685418128967,1
test_protein_3960,0.0,0.06811714172363281,0
test_protein_3961,1.0,0.12470027059316635,0
test_protein_3962,0.0,0.03598988056182861,0
test_protein_3963,1.0,0.5303975939750671,1
test_protein_3964,0.0,0.001485040644183755,0
test_protein_3965,1.0,0.4354233741760254,0
test_protein_3966,1.0,0.17188428342342377,0
test_protein_3967,1.0,0.8818213939666748,1
test_protein_3968,1.0,0.7487121224403381,1
test_protein_3969,1.0,0.6370079517364502,1
test_protein_3970,0.0,0.985388457775116,1
test_protein_3971,1.0,0.3139927089214325,0
test_protein_3972,1.0,0.06461500376462936,0
test_protein_3973,1.0,0.1467219591140747,0
test_protein_3974,1.0,0.28653407096862793,0
test_protein_3975,0.0,0.0006073990953154862,0
test_protein_3976,0.0,0.0005155776743777096,0
test_protein_3977,0.0,0.8899208903312683,1
test_protein_3978,1.0,0.2461717575788498,0
test_protein_3979,1.0,0.21618033945560455,0
test_protein_3980,1.0,0.09833031892776489,0
test_protein_3981,1.0,0.8370352983474731,1
test_protein_3982,1.0,0.6131083369255066,1
test_protein_3983,0.0,0.9082585573196411,1
test_protein_3984,1.0,0.5855063199996948,1
test_protein_3985,1.0,0.062499478459358215,0
test_protein_3986,1.0,0.2844577431678772,0
test_protein_3987,1.0,0.04647063463926315,0
test_protein_3988,0.0,0.04824332892894745,0
test_protein_3989,1.0,0.3600044548511505,0
test_protein_3990,1.0,0.22054629027843475,0
test_protein_3991,1.0,0.9575791954994202,1
test_protein_3992,1.0,0.00015060315490700305,0
test_protein_3993,1.0,0.9191930294036865,1
test_protein_3994,1.0,0.1956852823495865,0
test_protein_3995,1.0,0.9860427975654602,1
test_protein_3996,0.0,0.010809262283146381,0
test_protein_3997,0.0,0.9606399536132812,1
test_protein_3998,1.0,0.044787827879190445,0
test_protein_3999,0.0,0.7785836458206177,1
test_protein_4000,1.0,0.45895183086395264,0
test_protein_4001,1.0,0.19764626026153564,0
test_protein_4002,0.0,0.00016913296713028103,0
test_protein_4003,0.0,0.00010629244934534654,0
test_protein_4004,1.0,0.8626984357833862,1
test_protein_4005,1.0,0.9601895809173584,1
test_protein_4006,1.0,0.9042937755584717,1
test_protein_4007,0.0,0.22559921443462372,0
test_protein_4008,1.0,0.9582082033157349,1
test_protein_4009,1.0,0.9134407639503479,1
test_protein_4010,0.0,0.4731009602546692,0
test_protein_4011,0.0,0.001177029451355338,0
test_protein_4012,1.0,0.8893533945083618,1
test_protein_4013,1.0,0.7494949698448181,1
test_protein_4014,1.0,0.2986845374107361,0
test_protein_4015,0.0,0.6459489464759827,1
test_protein_4016,1.0,0.26578205823898315,0
test_protein_4017,0.0,0.1471308320760727,0
test_protein_4018,0.0,0.12274322658777237,0
test_protein_4019,0.0,0.0011421823874115944,0
test_protein_4020,0.0,0.00019879627507179976,0
test_protein_4021,0.0,0.001586056430824101,0
test_protein_4022,0.0,0.001232079928740859,0
test_protein_4023,0.0,0.0001442428183509037,0
test_protein_4024,1.0,0.8551467061042786,1
test_protein_4025,0.0,0.7870747447013855,1
test_protein_4026,1.0,0.6316643953323364,1
test_protein_4027,1.0,0.11673041433095932,0
test_protein_4028,1.0,0.9327953457832336,1
test_protein_4029,1.0,0.5929276943206787,1
test_protein_4030,0.0,0.0001226627646246925,0
test_protein_4031,1.0,0.9242004752159119,1
test_protein_4032,0.0,0.9280077219009399,1
test_protein_4033,0.0,0.8271375894546509,1
test_protein_4034,0.0,0.9312024712562561,1
test_protein_4035,1.0,0.4308883249759674,0
test_protein_4036,1.0,0.4477974772453308,0
test_protein_4037,0.0,0.9791331887245178,1
test_protein_4038,1.0,0.9130179286003113,1
test_protein_4039,1.0,0.8411757349967957,1
test_protein_4040,1.0,0.7216271162033081,1
test_protein_4041,1.0,0.6641026735305786,1
test_protein_4042,1.0,0.8745447397232056,1
test_protein_4043,0.0,0.9793237447738647,1
test_protein_4044,0.0,0.6412597298622131,1
test_protein_4045,0.0,0.0971713736653328,0
test_protein_4046,0.0,0.8903924226760864,1
test_protein_4047,0.0,0.9660041332244873,1
test_protein_4048,0.0,0.8702850341796875,1
test_protein_4049,1.0,0.7435225248336792,1
test_protein_4050,1.0,0.3041161894798279,0
test_protein_4051,0.0,0.8515858054161072,1
test_protein_4052,0.0,0.3670251667499542,0
test_protein_4053,0.0,0.16117480397224426,0
test_protein_4054,0.0,0.10367650538682938,0
test_protein_4055,1.0,0.7627705931663513,1
test_protein_4056,0.0,0.7216126322746277,1
test_protein_4057,0.0,0.16379597783088684,0
test_protein_4058,0.0,0.8611443042755127,1
test_protein_4059,0.0,0.875573992729187,1
test_protein_4060,0.0,0.9756758213043213,1
test_protein_4061,1.0,0.5256189703941345,1
test_protein_4062,0.0,0.7184147238731384,1
test_protein_4063,1.0,0.9328219890594482,1
test_protein_4064,1.0,0.9288659691810608,1
test_protein_4065,1.0,0.9796833395957947,1
test_protein_4066,1.0,0.9257515668869019,1
test_protein_4067,1.0,0.9791169762611389,1
test_protein_4068,1.0,0.6912241578102112,1
test_protein_4069,1.0,0.8910335898399353,1
test_protein_4070,0.0,0.8243310451507568,1
test_protein_4071,1.0,0.5057849287986755,1
test_protein_4072,1.0,0.09336099028587341,0
test_protein_4073,0.0,0.07931522279977798,0
test_protein_4074,0.0,0.4810810387134552,0
test_protein_4075,0.0,0.06840004026889801,0
test_protein_4076,0.0,0.7226995825767517,1
test_protein_4077,0.0,0.9818743467330933,1
test_protein_4078,0.0,0.32872337102890015,0
test_protein_4079,1.0,0.34225574135780334,0
test_protein_4080,1.0,0.29783257842063904,0
test_protein_4081,0.0,0.00018582878692541271,0
test_protein_4082,1.0,0.8534588813781738,1
test_protein_4083,1.0,0.7841624617576599,1
test_protein_4084,1.0,0.6987238526344299,1
test_protein_4085,1.0,0.9103404879570007,1
test_protein_4086,0.0,0.8610497117042542,1
test_protein_4087,1.0,0.6398640275001526,1
test_protein_4088,1.0,0.6388868093490601,1
test_protein_4089,1.0,0.5563520193099976,1
test_protein_4090,0.0,0.00038571649929508567,0
test_protein_4091,1.0,0.19564703106880188,0
test_protein_4092,1.0,0.3941970467567444,0
test_protein_4093,1.0,0.5988872051239014,1
test_protein_4094,1.0,0.28629374504089355,0
test_protein_4095,1.0,0.8109347820281982,1
test_protein_4096,1.0,0.7835147380828857,1
test_protein_4097,1.0,0.8913477063179016,1
test_protein_4098,1.0,0.9459567070007324,1
test_protein_4099,1.0,0.8181442618370056,1
test_protein_4100,0.0,0.6587077975273132,1
test_protein_4101,1.0,0.287028431892395,0
test_protein_4102,1.0,0.821129322052002,1
test_protein_4103,1.0,0.0005824054824188352,0
test_protein_4104,0.0,0.0010393343400210142,0
test_protein_4105,0.0,0.042352769523859024,0
test_protein_4106,0.0,0.00012208725092932582,0
test_protein_4107,1.0,0.0001850679109338671,0
test_protein_4108,0.0,0.0029731690883636475,0
test_protein_4109,0.0,0.9601236581802368,1
test_protein_4110,0.0,0.8933432102203369,1
test_protein_4111,0.0,0.9418146014213562,1
test_protein_4112,1.0,0.5498325824737549,1
test_protein_4113,0.0,0.8179642558097839,1
test_protein_4114,0.0,0.9633978009223938,1
test_protein_4115,0.0,0.7937921285629272,1
test_protein_4116,1.0,0.9603341221809387,1
test_protein_4117,1.0,0.8635293245315552,1
test_protein_4118,1.0,0.3098619878292084,0
test_protein_4119,0.0,0.9288138151168823,1
test_protein_4120,0.0,0.9308525919914246,1
test_protein_4121,0.0,0.4128490388393402,0
test_protein_4122,0.0,0.17702814936637878,0
test_protein_4123,0.0,0.8609544634819031,1
test_protein_4124,1.0,0.8496768474578857,1
test_protein_4125,1.0,0.3300448954105377,0
test_protein_4126,0.0,0.938348114490509,1
test_protein_4127,1.0,0.46364063024520874,0
test_protein_4128,0.0,0.00037538885953836143,0
test_protein_4129,0.0,0.8644299507141113,1
test_protein_4130,0.0,0.0001399006141582504,0
test_protein_4131,1.0,0.2302536964416504,0
test_protein_4132,1.0,0.22833217680454254,0
test_protein_4133,1.0,0.8036546111106873,1
test_protein_4134,0.0,0.14597868919372559,0
test_protein_4135,1.0,0.847882866859436,1
test_protein_4136,0.0,0.3764950633049011,0
test_protein_4137,1.0,0.687172532081604,1
test_protein_4138,0.0,0.0004062265797983855,0
test_protein_4139,1.0,0.858595609664917,1
test_protein_4140,1.0,0.45449599623680115,0
test_protein_4141,0.0,0.37090957164764404,0
test_protein_4142,1.0,0.04962196946144104,0
test_protein_4143,1.0,0.3797665238380432,0
test_protein_4144,1.0,0.6020562648773193,1
test_protein_4145,0.0,0.9153042435646057,1
test_protein_4146,1.0,0.5522159934043884,1
test_protein_4147,1.0,0.3585898280143738,0
test_protein_4148,1.0,0.980387806892395,1
test_protein_4149,1.0,0.7552871704101562,1
test_protein_4150,1.0,0.2708005905151367,0
test_protein_4151,1.0,0.9818057417869568,1
test_protein_4152,1.0,0.9300357103347778,1
test_protein_4153,0.0,0.0003420158172957599,0
test_protein_4154,0.0,0.0016640241956338286,0
test_protein_4155,1.0,0.4693911373615265,0
test_protein_4156,0.0,0.6997303366661072,1
test_protein_4157,1.0,0.5362110733985901,1
test_protein_4158,1.0,0.5719591379165649,1
test_protein_4159,0.0,0.8941701650619507,1
test_protein_4160,1.0,0.2860693037509918,0
test_protein_4161,1.0,0.8656893968582153,1
test_protein_4162,1.0,0.783634603023529,1
test_protein_4163,0.0,0.433034747838974,0
test_protein_4164,1.0,0.6849545836448669,1
test_protein_4165,1.0,0.7830440998077393,1
test_protein_4166,1.0,0.1363176852464676,0
test_protein_4167,1.0,0.1209268718957901,0
test_protein_4168,0.0,0.22658857703208923,0
test_protein_4169,1.0,0.2575535476207733,0
test_protein_4170,0.0,0.1627136617898941,0
test_protein_4171,0.0,0.33362510800361633,0
test_protein_4172,1.0,0.4717334806919098,0
test_protein_4173,1.0,0.9498642086982727,1
test_protein_4174,0.0,0.2035338431596756,0
test_protein_4175,0.0,0.9072743654251099,1
test_protein_4176,1.0,0.970413088798523,1
test_protein_4177,0.0,0.7484897971153259,1
test_protein_4178,0.0,0.9880937933921814,1
test_protein_4179,1.0,0.3303205966949463,0
test_protein_4180,1.0,0.46408697962760925,0
test_protein_4181,0.0,0.5749841332435608,1
test_protein_4182,0.0,0.9247598052024841,1
test_protein_4183,1.0,0.5430117249488831,1
test_protein_4184,0.0,0.8222692012786865,1
test_protein_4185,0.0,0.559738278388977,1
test_protein_4186,0.0,0.9485234618186951,1
test_protein_4187,1.0,0.6513835787773132,1
test_protein_4188,0.0,0.26530495285987854,0
test_protein_4189,0.0,0.37638595700263977,0
test_protein_4190,0.0,0.9529320001602173,1
test_protein_4191,1.0,0.8261359333992004,1
test_protein_4192,0.0,0.4260031580924988,0
test_protein_4193,0.0,0.48808592557907104,0
test_protein_4194,1.0,0.2683808207511902,0
test_protein_4195,1.0,0.8795045614242554,1
test_protein_4196,0.0,0.0813370943069458,0
test_protein_4197,0.0,0.13510459661483765,0
test_protein_4198,0.0,0.8693380355834961,1
test_protein_4199,1.0,0.43655478954315186,0
test_protein_4200,1.0,0.577409029006958,1
test_protein_4201,1.0,0.730241596698761,1
test_protein_4202,1.0,0.32340869307518005,0
test_protein_4203,1.0,0.6564262509346008,1
test_protein_4204,1.0,0.947394609451294,1
test_protein_4205,1.0,0.7695425152778625,1
test_protein_4206,0.0,0.21741332113742828,0
test_protein_4207,1.0,0.9887067079544067,1
test_protein_4208,0.0,0.9727991819381714,1
test_protein_4209,0.0,0.0001667821779847145,0
test_protein_4210,0.0,0.0019250832265242934,0
test_protein_4211,0.0,0.04661763831973076,0
test_protein_4212,0.0,0.0011136146495118737,0
test_protein_4213,1.0,0.9224517345428467,1
test_protein_4214,0.0,0.9567397236824036,1
test_protein_4215,1.0,0.3086535334587097,0
test_protein_4216,1.0,0.8905277252197266,1
test_protein_4217,1.0,0.773582935333252,1
test_protein_4218,1.0,0.8756784200668335,1
test_protein_4219,0.0,0.6864583492279053,1
test_protein_4220,0.0,0.9268842935562134,1
test_protein_4221,1.0,0.38849255442619324,0
test_protein_4222,0.0,0.0006957779405638576,0
test_protein_4223,0.0,0.7707926630973816,1
test_protein_4224,1.0,0.8277239203453064,1
test_protein_4225,1.0,0.41694316267967224,0
test_protein_4226,0.0,0.9268363118171692,1
test_protein_4227,1.0,0.8407194018363953,1
test_protein_4228,1.0,0.47308963537216187,0
test_protein_4229,0.0,0.00020353563013486564,0
test_protein_4230,0.0,0.02429967373609543,0
test_protein_4231,1.0,0.19899645447731018,0
test_protein_4232,0.0,0.1610010266304016,0
test_protein_4233,0.0,0.5846787691116333,1
test_protein_4234,0.0,0.413211852312088,0
test_protein_4235,1.0,0.2102348655462265,0
test_protein_4236,1.0,0.1947607547044754,0
test_protein_4237,0.0,0.9389835000038147,1
test_protein_4238,0.0,0.9209372401237488,1
test_protein_4239,0.0,0.000417691859183833,0
test_protein_4240,1.0,0.9474574327468872,1
test_protein_4241,1.0,0.9367468357086182,1
test_protein_4242,0.0,0.00013557248166762292,0
test_protein_4243,0.0,0.1870557963848114,0
test_protein_4244,0.0,0.00015613310097251087,0
test_protein_4245,1.0,0.04445444419980049,0
test_protein_4246,1.0,0.3278104364871979,0
test_protein_4247,0.0,0.8740651607513428,1
test_protein_4248,0.0,0.9159026145935059,1
test_protein_4249,0.0,0.061634086072444916,0
test_protein_4250,0.0,0.00046731866314075887,0
test_protein_4251,0.0,0.0012342663249000907,0
test_protein_4252,0.0,0.8159027099609375,1
test_protein_4253,0.0,0.00014152142102830112,0
test_protein_4254,1.0,0.04517064243555069,0
test_protein_4255,1.0,0.645444929599762,1
test_protein_4256,0.0,0.8977659344673157,1
test_protein_4257,1.0,0.7332472205162048,1
test_protein_4258,0.0,0.01949184387922287,0
test_protein_4259,0.0,0.9620757699012756,1
test_protein_4260,0.0,0.907456636428833,1
test_protein_4261,0.0,0.00025424681371077895,0
test_protein_4262,1.0,0.896367073059082,1
test_protein_4263,0.0,0.301090270280838,0
test_protein_4264,1.0,0.44122079014778137,0
test_protein_4265,0.0,0.965581476688385,1
test_protein_4266,0.0,0.18101084232330322,0
test_protein_4267,0.0,0.9623773097991943,1
test_protein_4268,0.0,0.0015984465135261416,0
test_protein_4269,0.0,0.0003114066494163126,0
test_protein_4270,0.0,0.3353027403354645,0
test_protein_4271,0.0,0.29705291986465454,0
test_protein_4272,1.0,0.4773756265640259,0
test_protein_4273,0.0,0.0003834783856291324,0
test_protein_4274,0.0,0.2788311243057251,0
test_protein_4275,0.0,0.00017048008157871664,0
test_protein_4276,1.0,0.7977327108383179,1
test_protein_4277,1.0,0.9369003772735596,1
test_protein_4278,0.0,0.8715996742248535,1
test_protein_4279,1.0,0.3347814977169037,0
test_protein_4280,0.0,0.0006003704038448632,0
test_protein_4281,0.0,0.00026415297179482877,0
test_protein_4282,1.0,0.3531458377838135,0
test_protein_4283,0.0,0.00024817779194563627,0
test_protein_4284,0.0,0.2267359048128128,0
test_protein_4285,0.0,0.09074211865663528,0
test_protein_4286,0.0,0.0001413122663507238,0
test_protein_4287,1.0,0.2849035859107971,0
test_protein_4288,0.0,0.6894317269325256,1
test_protein_4289,0.0,0.3485521674156189,0
test_protein_4290,0.0,0.9580809473991394,1
test_protein_4291,0.0,0.9526419639587402,1
test_protein_4292,1.0,0.9487428665161133,1
test_protein_4293,0.0,0.0932675302028656,0
test_protein_4294,1.0,0.4186703562736511,0
test_protein_4295,0.0,0.29816514253616333,0
test_protein_4296,1.0,0.1784452348947525,0
test_protein_4297,1.0,0.9392865896224976,1
test_protein_4298,0.0,0.07097891718149185,0
test_protein_4299,0.0,0.3459915518760681,0
test_protein_4300,0.0,0.202204629778862,0
test_protein_4301,1.0,0.605603814125061,1
test_protein_4302,0.0,0.9794660806655884,1
test_protein_4303,0.0,0.022410111501812935,0
test_protein_4304,0.0,0.6716126203536987,1
test_protein_4305,1.0,0.2317601889371872,0
test_protein_4306,1.0,0.8811506628990173,1
test_protein_4307,1.0,0.49783042073249817,0
test_protein_4308,1.0,0.7478870749473572,1
test_protein_4309,0.0,0.00040092054405249655,0
test_protein_4310,1.0,0.8888140916824341,1
test_protein_4311,0.0,0.9465867280960083,1
test_protein_4312,0.0,0.0030671267304569483,0
test_protein_4313,0.0,0.021985897794365883,0
test_protein_4314,1.0,0.9353154897689819,1
test_protein_4315,0.0,0.7467001676559448,1
test_protein_4316,0.0,0.6926329731941223,1
test_protein_4317,1.0,0.7096762657165527,1
test_protein_4318,1.0,0.9658588767051697,1
test_protein_4319,1.0,0.6955642104148865,1
test_protein_4320,1.0,0.30095264315605164,0
test_protein_4321,1.0,0.08895592391490936,0
test_protein_4322,0.0,0.00015190738486126065,0
test_protein_4323,1.0,0.9428389668464661,1
test_protein_4324,1.0,0.22062283754348755,0
test_protein_4325,1.0,0.7051663398742676,1
test_protein_4326,0.0,0.0065762815065681934,0
test_protein_4327,1.0,0.8882982134819031,1
test_protein_4328,0.0,0.05580758675932884,0
test_protein_4329,1.0,0.4841154217720032,0
test_protein_4330,0.0,0.0006193621084094048,0
test_protein_4331,0.0,0.0006802803836762905,0
test_protein_4332,1.0,0.4450356066226959,0
test_protein_4333,0.0,0.9638343453407288,1
test_protein_4334,0.0,0.00036694356822408736,0
test_protein_4335,1.0,0.9625256061553955,1
test_protein_4336,1.0,0.8100100755691528,1
test_protein_4337,0.0,0.00031197391217574477,0
test_protein_4338,0.0,0.0033303196541965008,0
test_protein_4339,1.0,0.962264358997345,1
test_protein_4340,1.0,0.9480421543121338,1
test_protein_4341,1.0,0.9872300028800964,1
test_protein_4342,1.0,0.9858705401420593,1
test_protein_4343,1.0,0.6638166904449463,1
test_protein_4344,0.0,0.9892238974571228,1
test_protein_4345,1.0,0.42396029829978943,0
test_protein_4346,1.0,0.8826368451118469,1
test_protein_4347,0.0,0.9841046929359436,1
test_protein_4348,0.0,0.0007481123902834952,0
test_protein_4349,0.0,0.5931873917579651,1
test_protein_4350,0.0,0.819354772567749,1
test_protein_4351,1.0,0.935276985168457,1
test_protein_4352,1.0,0.6372504234313965,1
test_protein_4353,0.0,0.0419272743165493,0
test_protein_4354,1.0,0.3179694712162018,0
test_protein_4355,0.0,0.09033895283937454,0
test_protein_4356,0.0,0.03443632274866104,0
test_protein_4357,0.0,0.00024268082052003592,0
test_protein_4358,0.0,0.9586119651794434,1
test_protein_4359,0.0,0.43530112504959106,0
test_protein_4360,1.0,0.9246885180473328,1
test_protein_4361,1.0,0.888298511505127,1
test_protein_4362,1.0,0.9378831386566162,1
test_protein_4363,0.0,0.00032070677843876183,0
test_protein_4364,1.0,0.8872774839401245,1
test_protein_4365,0.0,0.3675682842731476,0
test_protein_4366,1.0,0.9942283630371094,1
test_protein_4367,1.0,0.7677167057991028,1
test_protein_4368,0.0,0.10807152837514877,0
test_protein_4369,0.0,0.6539546847343445,1
test_protein_4370,0.0,0.001018237555399537,0
test_protein_4371,0.0,0.0006022487650625408,0
test_protein_4372,1.0,0.9085244536399841,1
test_protein_4373,0.0,0.8281183838844299,1
test_protein_4374,1.0,0.9319463968276978,1
test_protein_4375,1.0,0.8714141249656677,1
test_protein_4376,0.0,0.10704126209020615,0
test_protein_4377,1.0,0.8122527003288269,1
test_protein_4378,1.0,0.3750605881214142,0
test_protein_4379,1.0,0.9699169397354126,1
test_protein_4380,0.0,0.9454120397567749,1
test_protein_4381,1.0,0.6632291674613953,1
test_protein_4382,0.0,0.10809879004955292,0
test_protein_4383,1.0,0.443672776222229,0
test_protein_4384,1.0,0.34060150384902954,0
test_protein_4385,0.0,0.8929629921913147,1
test_protein_4386,0.0,0.6718886494636536,1
test_protein_4387,0.0,0.26059892773628235,0
test_protein_4388,0.0,0.00022574154718313366,0
test_protein_4389,1.0,0.8704683780670166,1
test_protein_4390,1.0,0.7265896201133728,1
test_protein_4391,0.0,0.5988892912864685,1
test_protein_4392,0.0,0.8673109412193298,1
test_protein_4393,0.0,0.1321292370557785,0
test_protein_4394,1.0,0.3688281178474426,0
test_protein_4395,1.0,0.00014686868235003203,0
test_protein_4396,1.0,0.3439522683620453,0
test_protein_4397,1.0,0.8484785556793213,1
test_protein_4398,1.0,0.7330729365348816,1
test_protein_4399,1.0,0.6228575706481934,1
test_protein_4400,0.0,0.1334999054670334,0
test_protein_4401,0.0,0.007247028406709433,0
test_protein_4402,0.0,0.0015076244017109275,0
test_protein_4403,0.0,0.0009298996301367879,0
test_protein_4404,0.0,0.001641516457311809,0
test_protein_4405,0.0,0.0025623315013945103,0
test_protein_4406,1.0,0.9443766474723816,1
test_protein_4407,0.0,0.0016489108093082905,0
test_protein_4408,0.0,0.0013290084898471832,0
test_protein_4409,1.0,0.2221062332391739,0
test_protein_4410,0.0,0.5872570276260376,1
test_protein_4411,0.0,0.7636622786521912,1
test_protein_4412,1.0,0.9711905717849731,1
test_protein_4413,1.0,0.9340658187866211,1
test_protein_4414,1.0,0.35242241621017456,0
test_protein_4415,0.0,0.9199943542480469,1
test_protein_4416,0.0,0.9509240388870239,1
test_protein_4417,0.0,0.8984616994857788,1
test_protein_4418,1.0,0.8853242993354797,1
test_protein_4419,1.0,0.35989347100257874,0
test_protein_4420,0.0,0.41419517993927,0
test_protein_4421,1.0,0.46828100085258484,0
test_protein_4422,1.0,0.8120437264442444,1
test_protein_4423,0.0,0.21054156124591827,0
test_protein_4424,1.0,0.23956163227558136,0
test_protein_4425,0.0,0.8178377747535706,1
test_protein_4426,0.0,0.8723597526550293,1
test_protein_4427,1.0,0.6761093139648438,1
test_protein_4428,0.0,0.3956165909767151,0
test_protein_4429,1.0,0.42329129576683044,0
test_protein_4430,1.0,0.9704352021217346,1
test_protein_4431,0.0,0.9446654319763184,1
test_protein_4432,1.0,0.9889573454856873,1
test_protein_4433,0.0,0.000772349420003593,0
test_protein_4434,1.0,0.981916069984436,1
test_protein_4435,0.0,0.9254994988441467,1
test_protein_4436,0.0,0.09617631882429123,0
test_protein_4437,0.0,0.6875619888305664,1
test_protein_4438,1.0,0.7849627733230591,1
test_protein_4439,0.0,0.6249678134918213,1
test_protein_4440,0.0,0.9858901500701904,1
test_protein_4441,1.0,0.5324408411979675,1
test_protein_4442,1.0,0.9704448580741882,1
test_protein_4443,1.0,0.5726044178009033,1
test_protein_4444,0.0,0.46226930618286133,0
test_protein_4445,1.0,0.7566717863082886,1
test_protein_4446,0.0,0.9826534390449524,1
test_protein_4447,1.0,0.490029901266098,0
test_protein_4448,1.0,0.28877225518226624,0
test_protein_4449,1.0,0.35868802666664124,0
test_protein_4450,0.0,0.2885574996471405,0
test_protein_4451,0.0,0.4882179796695709,0
test_protein_4452,1.0,0.965069591999054,1
test_protein_4453,1.0,0.9026679396629333,1
test_protein_4454,1.0,0.927278459072113,1
test_protein_4455,0.0,0.00017611194925848395,0
test_protein_4456,0.0,0.000169885199284181,0
test_protein_4457,0.0,0.628042459487915,1
test_protein_4458,1.0,0.4327896535396576,0
test_protein_4459,0.0,0.9744085073471069,1
test_protein_4460,0.0,0.8558456301689148,1
test_protein_4461,0.0,0.789935827255249,1
test_protein_4462,0.0,0.9635829329490662,1
test_protein_4463,0.0,0.8163047432899475,1
test_protein_4464,0.0,0.11337492614984512,0
test_protein_4465,0.0,0.18511158227920532,0
test_protein_4466,0.0,0.9572858810424805,1
test_protein_4467,0.0,0.1556042730808258,0
test_protein_4468,1.0,0.9147467017173767,1
test_protein_4469,0.0,0.0009196360479108989,0
test_protein_4470,0.0,0.04639182984828949,0
test_protein_4471,1.0,0.7504173517227173,1
test_protein_4472,0.0,0.00016463319479953498,0
test_protein_4473,0.0,0.0006872820667922497,0
test_protein_4474,1.0,0.6319234371185303,1
test_protein_4475,0.0,0.9372973442077637,1
test_protein_4476,0.0,0.7241042852401733,1
test_protein_4477,1.0,0.7387914061546326,1
test_protein_4478,0.0,0.00023666524793952703,0
test_protein_4479,0.0,0.0005688724340870976,0
test_protein_4480,0.0,0.05150105431675911,0
test_protein_4481,0.0,0.05853860452771187,0
test_protein_4482,0.0,0.17979921400547028,0
test_protein_4483,1.0,0.49626144766807556,0
test_protein_4484,1.0,0.9208474159240723,1
test_protein_4485,1.0,0.7070223689079285,1
test_protein_4486,1.0,0.8301277160644531,1
test_protein_4487,1.0,0.29114022850990295,0
test_protein_4488,0.0,0.3238842785358429,0
test_protein_4489,0.0,0.6304734349250793,1
test_protein_4490,1.0,0.9195743203163147,1
test_protein_4491,0.0,0.00024005210434552282,0
test_protein_4492,0.0,0.00018963225011248142,0
test_protein_4493,0.0,0.033852774649858475,0
test_protein_4494,0.0,0.5243865847587585,1
test_protein_4495,0.0,0.41061651706695557,0
test_protein_4496,1.0,0.7532919049263,1
test_protein_4497,1.0,0.0026408263947814703,0
test_protein_4498,0.0,0.5294494032859802,1
test_protein_4499,1.0,0.5989674925804138,1
test_protein_4500,0.0,0.7828981280326843,1
test_protein_4501,1.0,0.5196093916893005,1
test_protein_4502,1.0,0.6912286877632141,1
test_protein_4503,1.0,0.7261927127838135,1
test_protein_4504,1.0,0.6084901690483093,1
test_protein_4505,1.0,0.0882524624466896,0
test_protein_4506,1.0,0.7585748434066772,1
test_protein_4507,1.0,0.8548773527145386,1
test_protein_4508,1.0,0.41443848609924316,0
test_protein_4509,1.0,0.4206387996673584,0
test_protein_4510,0.0,0.7906516790390015,1
test_protein_4511,1.0,0.3349004089832306,0
test_protein_4512,0.0,0.0005131566431373358,0
test_protein_4513,1.0,0.9561014771461487,1
test_protein_4514,0.0,0.6136059761047363,1
test_protein_4515,0.0,0.37876859307289124,0
test_protein_4516,0.0,0.49465110898017883,0
test_protein_4517,0.0,0.00030519120628014207,0
test_protein_4518,0.0,0.32978641986846924,0
test_protein_4519,1.0,0.5848857164382935,1
test_protein_4520,1.0,0.6937626004219055,1
test_protein_4521,0.0,0.9800546169281006,1
test_protein_4522,0.0,0.0006805552984587848,0
test_protein_4523,1.0,0.7502672672271729,1
test_protein_4524,1.0,0.9664003252983093,1
test_protein_4525,1.0,0.9767686128616333,1
test_protein_4526,0.0,0.30533745884895325,0
test_protein_4527,1.0,0.9654140472412109,1
test_protein_4528,1.0,0.699087917804718,1
test_protein_4529,1.0,0.9469836950302124,1
test_protein_4530,0.0,0.2563401460647583,0
test_protein_4531,1.0,0.7242161631584167,1
test_protein_4532,1.0,0.745339572429657,1
test_protein_4533,1.0,0.9744486212730408,1
test_protein_4534,0.0,0.12964624166488647,0
test_protein_4535,0.0,0.9214671850204468,1
test_protein_4536,1.0,0.8976447582244873,1
test_protein_4537,1.0,0.9482225179672241,1
test_protein_4538,0.0,0.49684223532676697,0
test_protein_4539,0.0,0.5277132987976074,1
test_protein_4540,1.0,0.9848472476005554,1
test_protein_4541,1.0,0.9745385050773621,1
test_protein_4542,1.0,0.8866756558418274,1
test_protein_4543,1.0,0.8177895545959473,1
test_protein_4544,0.0,0.000569105613976717,0
test_protein_4545,1.0,0.9496051669120789,1
test_protein_4546,1.0,0.5985727310180664,1
test_protein_4547,1.0,0.9586558938026428,1
test_protein_4548,0.0,0.42276573181152344,0
test_protein_4549,0.0,0.9685227274894714,1
test_protein_4550,0.0,0.0003002551384270191,0
test_protein_4551,1.0,0.1512259691953659,0
test_protein_4552,0.0,0.0003179677005391568,0
test_protein_4553,1.0,0.11537932604551315,0
test_protein_4554,1.0,0.7526634931564331,1
test_protein_4555,1.0,0.9344740509986877,1
test_protein_4556,0.0,0.001189964939840138,0
test_protein_4557,1.0,0.2332237809896469,0
test_protein_4558,1.0,0.866943895816803,1
test_protein_4559,0.0,0.8670379519462585,1
test_protein_4560,0.0,0.9259875416755676,1
test_protein_4561,0.0,0.23966284096240997,0
test_protein_4562,0.0,0.932026743888855,1
test_protein_4563,1.0,0.8822922706604004,1
test_protein_4564,1.0,0.9481569528579712,1
test_protein_4565,1.0,0.7845070958137512,1
test_protein_4566,0.0,0.8452690243721008,1
test_protein_4567,0.0,0.6017842888832092,1
test_protein_4568,0.0,0.37906718254089355,0
test_protein_4569,0.0,0.20842409133911133,0
test_protein_4570,0.0,0.9682746529579163,1
test_protein_4571,1.0,0.2714627683162689,0
test_protein_4572,1.0,0.5789599418640137,1
test_protein_4573,1.0,0.5456992387771606,1
test_protein_4574,1.0,0.8284300565719604,1
test_protein_4575,1.0,0.2535119354724884,0
test_protein_4576,0.0,0.2152911275625229,0
test_protein_4577,1.0,0.31816187500953674,0
test_protein_4578,1.0,0.02412780560553074,0
test_protein_4579,1.0,0.27133309841156006,0
test_protein_4580,0.0,0.9424173831939697,1
test_protein_4581,1.0,0.37127405405044556,0
test_protein_4582,0.0,0.923643946647644,1
test_protein_4583,1.0,0.9539083242416382,1
test_protein_4584,1.0,0.14169526100158691,0
test_protein_4585,1.0,0.7675345540046692,1
test_protein_4586,1.0,0.9856247901916504,1
test_protein_4587,0.0,0.35962146520614624,0
test_protein_4588,1.0,0.7459129691123962,1
test_protein_4589,1.0,0.7541726231575012,1
test_protein_4590,1.0,0.9500096440315247,1
test_protein_4591,1.0,0.7119119167327881,1
test_protein_4592,1.0,0.4270879626274109,0
test_protein_4593,1.0,0.9329777359962463,1
test_protein_4594,1.0,0.54544597864151,1
test_protein_4595,1.0,0.9676773548126221,1
test_protein_4596,1.0,0.9951556921005249,1
test_protein_4597,1.0,0.9805783033370972,1
test_protein_4598,1.0,0.9365109801292419,1
test_protein_4599,1.0,0.9083681106567383,1
test_protein_4600,1.0,0.941440224647522,1
test_protein_4601,1.0,0.9552954435348511,1
test_protein_4602,1.0,0.9682296514511108,1
test_protein_4603,1.0,0.9807623028755188,1
test_protein_4604,1.0,0.30549487471580505,0
test_protein_4605,1.0,0.9831513166427612,1
test_protein_4606,1.0,0.9297910928726196,1
test_protein_4607,1.0,0.9421433806419373,1
test_protein_4608,1.0,0.8496638536453247,1
test_protein_4609,1.0,0.771643340587616,1
test_protein_4610,1.0,0.9451705813407898,1
test_protein_4611,1.0,0.8995198011398315,1
test_protein_4612,1.0,0.5085939764976501,1
test_protein_4613,1.0,0.12343844026327133,0
test_protein_4614,1.0,0.977925181388855,1
test_protein_4615,1.0,0.6498733162879944,1
test_protein_4616,1.0,0.6085864901542664,1
test_protein_4617,1.0,0.7618637681007385,1
test_protein_4618,1.0,0.8476046919822693,1
test_protein_4619,1.0,0.9776477813720703,1
test_protein_4620,1.0,0.9468616247177124,1
test_protein_4621,1.0,0.990774929523468,1
test_protein_4622,1.0,0.989577054977417,1
test_protein_4623,1.0,0.7673829197883606,1
test_protein_4624,1.0,0.9160993099212646,1
test_protein_4625,1.0,0.9280951023101807,1
test_protein_4626,1.0,0.8258253931999207,1
test_protein_4627,1.0,0.8187090754508972,1
test_protein_4628,1.0,0.8281927704811096,1
test_protein_4629,1.0,0.8806658983230591,1
test_protein_4630,0.0,0.9668723940849304,1
test_protein_4631,0.0,0.00012018482811981812,0
test_protein_4632,0.0,0.5358249545097351,1
test_protein_4633,1.0,0.7588720917701721,1
test_protein_4634,0.0,0.46937042474746704,0
test_protein_4635,1.0,0.896206259727478,1
test_protein_4636,1.0,0.9840244650840759,1
test_protein_4637,1.0,0.22402136027812958,0
test_protein_4638,0.0,0.20342953503131866,0
test_protein_4639,0.0,0.0002918443351518363,0
test_protein_4640,0.0,0.37203824520111084,0
test_protein_4641,0.0,0.024403607472777367,0
test_protein_4642,1.0,0.00019783720199484378,0
test_protein_4643,1.0,0.9347670674324036,1
test_protein_4644,1.0,0.40653976798057556,0
test_protein_4645,0.0,0.5314913392066956,1
test_protein_4646,0.0,0.7837357521057129,1
test_protein_4647,0.0,0.0001418010360794142,0
test_protein_4648,0.0,0.00018452451331540942,0
test_protein_4649,0.0,0.030600497499108315,0
test_protein_4650,0.0,0.388374000787735,0
test_protein_4651,0.0,0.8363062739372253,1
test_protein_4652,0.0,0.33793729543685913,0
test_protein_4653,1.0,0.5295196771621704,1
test_protein_4654,1.0,0.5497681498527527,1
test_protein_4655,1.0,0.8247819542884827,1
test_protein_4656,1.0,0.8154491186141968,1
test_protein_4657,0.0,0.6513359546661377,1
test_protein_4658,1.0,0.7920805215835571,1
test_protein_4659,0.0,0.00012450607027858496,0
test_protein_4660,0.0,0.42422807216644287,0
test_protein_4661,0.0,0.9330760836601257,1
test_protein_4662,0.0,0.8846441507339478,1
test_protein_4663,1.0,0.009619759395718575,0
test_protein_4664,0.0,0.8707347512245178,1
test_protein_4665,0.0,0.1491931676864624,0
test_protein_4666,0.0,0.47723522782325745,0
test_protein_4667,0.0,0.8359375,1
test_protein_4668,0.0,0.8546877503395081,1
test_protein_4669,0.0,0.9719091057777405,1
test_protein_4670,0.0,0.5948967337608337,1
test_protein_4671,0.0,0.9098538756370544,1
test_protein_4672,0.0,0.0001865522499429062,0
test_protein_4673,0.0,0.0002902848063968122,0
test_protein_4674,1.0,0.5407645106315613,1
test_protein_4675,0.0,0.5749653577804565,1
test_protein_4676,1.0,0.8681684136390686,1
test_protein_4677,1.0,0.7905234694480896,1
test_protein_4678,1.0,0.7649449110031128,1
test_protein_4679,1.0,0.5411023497581482,1
test_protein_4680,0.0,0.00030787393916398287,0
test_protein_4681,1.0,0.7857396006584167,1
test_protein_4682,1.0,0.6491641402244568,1
test_protein_4683,0.0,0.9176251292228699,1
test_protein_4684,0.0,0.6674113869667053,1
test_protein_4685,0.0,0.8875120878219604,1
test_protein_4686,0.0,0.7532427906990051,1
test_protein_4687,0.0,0.0009517658618278801,0
test_protein_4688,0.0,0.0002403062826488167,0
test_protein_4689,1.0,0.5906524658203125,1
test_protein_4690,0.0,0.03648862615227699,0
test_protein_4691,1.0,0.8009188771247864,1
test_protein_4692,1.0,0.9311285614967346,1
test_protein_4693,0.0,0.9766851663589478,1
test_protein_4694,0.0,0.0001812209957279265,0
test_protein_4695,1.0,0.13446202874183655,0
test_protein_4696,0.0,0.0701083242893219,0
test_protein_4697,0.0,0.00029367784736678004,0
test_protein_4698,0.0,0.975105345249176,1
test_protein_4699,0.0,0.07856959849596024,0
test_protein_4700,0.0,0.3574388027191162,0
test_protein_4701,0.0,0.8948929309844971,1
test_protein_4702,1.0,0.9695386290550232,1
test_protein_4703,1.0,0.9327996969223022,1
test_protein_4704,1.0,0.601909339427948,1
test_protein_4705,1.0,0.9535568952560425,1
test_protein_4706,0.0,0.9372899532318115,1
test_protein_4707,1.0,0.08224648982286453,0
test_protein_4708,1.0,0.927664041519165,1
test_protein_4709,0.0,0.9533656239509583,1
test_protein_4710,0.0,0.9784431457519531,1
test_protein_4711,1.0,0.9854391813278198,1
test_protein_4712,1.0,0.5117270946502686,1
test_protein_4713,0.0,0.00015346432337537408,0
test_protein_4714,1.0,0.00017598838894627988,0
test_protein_4715,0.0,0.628544807434082,1
test_protein_4716,1.0,0.14990481734275818,0
test_protein_4717,0.0,0.17102578282356262,0
test_protein_4718,0.0,0.00027982116444036365,0
test_protein_4719,1.0,0.9312757849693298,1
test_protein_4720,0.0,0.7285279035568237,1
test_protein_4721,0.0,0.2700237035751343,0
test_protein_4722,1.0,0.10030901432037354,0
test_protein_4723,0.0,0.2281920164823532,0
test_protein_4724,1.0,0.6250584125518799,1
test_protein_4725,1.0,0.9212085604667664,1
test_protein_4726,1.0,0.9202944040298462,1
test_protein_4727,0.0,0.6446787714958191,1
test_protein_4728,0.0,0.3617941439151764,0
test_protein_4729,0.0,0.9243519902229309,1
test_protein_4730,0.0,0.5731625556945801,1
test_protein_4731,0.0,0.9916873574256897,1
test_protein_4732,1.0,0.807925820350647,1
test_protein_4733,0.0,0.00013863321510143578,0
test_protein_4734,0.0,0.1400359570980072,0
test_protein_4735,0.0,0.9798871278762817,1
test_protein_4736,0.0,0.5997920632362366,1
test_protein_4737,0.0,0.8019794225692749,1
test_protein_4738,1.0,0.317055344581604,0
test_protein_4739,0.0,0.8801548480987549,1
test_protein_4740,1.0,0.5129353404045105,1
test_protein_4741,1.0,0.822492241859436,1
test_protein_4742,0.0,0.9649533629417419,1
test_protein_4743,0.0,0.00022676515800412744,0
test_protein_4744,0.0,0.5118582844734192,1
test_protein_4745,0.0,0.00012829706247430295,0
test_protein_4746,0.0,0.0004878006293438375,0
test_protein_4747,0.0,0.978846549987793,1
test_protein_4748,1.0,0.8877097964286804,1
test_protein_4749,1.0,0.9653847217559814,1
test_protein_4750,0.0,0.0012065299088135362,0
test_protein_4751,0.0,0.004376797471195459,0
test_protein_4752,1.0,0.7028075456619263,1
test_protein_4753,1.0,0.8743878602981567,1
test_protein_4754,0.0,0.0003290497697889805,0
test_protein_4755,0.0,0.5754241943359375,1
test_protein_4756,0.0,0.27419430017471313,0
test_protein_4757,0.0,0.13908126950263977,0
test_protein_4758,1.0,0.9780094623565674,1
test_protein_4759,0.0,0.9161217212677002,1
test_protein_4760,0.0,0.8483573794364929,1
test_protein_4761,1.0,0.9844397306442261,1
test_protein_4762,1.0,0.11213577538728714,0
test_protein_4763,1.0,0.6041324734687805,1
test_protein_4764,1.0,0.420437216758728,0
test_protein_4765,1.0,0.7067796587944031,1
test_protein_4766,1.0,0.6085198521614075,1
test_protein_4767,0.0,0.007455941289663315,0
test_protein_4768,1.0,0.8452144265174866,1
test_protein_4769,1.0,0.9065297842025757,1
test_protein_4770,1.0,0.9111670851707458,1
test_protein_4771,0.0,0.8162220120429993,1
test_protein_4772,1.0,0.9436722993850708,1
test_protein_4773,1.0,0.2944546937942505,0
test_protein_4774,0.0,0.0005014010239392519,0
test_protein_4775,0.0,0.11975185573101044,0
test_protein_4776,1.0,0.4431968629360199,0
test_protein_4777,0.0,0.25101155042648315,0
test_protein_4778,0.0,0.0173233263194561,0
test_protein_4779,1.0,0.9477254748344421,1
test_protein_4780,1.0,0.9645336270332336,1
test_protein_4781,0.0,0.8857458233833313,1
test_protein_4782,0.0,0.22831255197525024,0
test_protein_4783,0.0,0.00035563166602514684,0
test_protein_4784,1.0,0.890331506729126,1
test_protein_4785,0.0,0.0002123231824953109,0
test_protein_4786,0.0,0.0008970251656137407,0
test_protein_4787,1.0,0.9657924771308899,1
test_protein_4788,1.0,0.5332516431808472,1
test_protein_4789,0.0,0.4356932044029236,0
test_protein_4790,0.0,0.46139252185821533,0
test_protein_4791,0.0,0.6411730647087097,1
test_protein_4792,1.0,0.9614734649658203,1
test_protein_4793,1.0,0.9422023296356201,1
test_protein_4794,1.0,0.08774338662624359,0
test_protein_4795,1.0,0.2855727970600128,0
test_protein_4796,1.0,0.7843233346939087,1
test_protein_4797,1.0,0.33144620060920715,0
test_protein_4798,1.0,0.027300728484988213,0
test_protein_4799,0.0,0.07065369933843613,0
test_protein_4800,0.0,0.8352515697479248,1
test_protein_4801,0.0,0.8405010104179382,1
test_protein_4802,1.0,0.7856300473213196,1
test_protein_4803,1.0,0.9369824528694153,1
test_protein_4804,1.0,0.5191760659217834,1
test_protein_4805,0.0,0.16801322996616364,0
test_protein_4806,1.0,0.47819557785987854,0
test_protein_4807,0.0,0.10036041587591171,0
test_protein_4808,0.0,0.015537608414888382,0
test_protein_4809,0.0,0.06692203879356384,0
test_protein_4810,0.0,0.05772584304213524,0
test_protein_4811,0.0,0.008854817599058151,0
test_protein_4812,0.0,0.05099178105592728,0
test_protein_4813,0.0,0.11600785702466965,0
test_protein_4814,0.0,0.08338512480258942,0
test_protein_4815,1.0,0.6590097546577454,1
test_protein_4816,0.0,0.14792202413082123,0
test_protein_4817,0.0,0.0008499523974023759,0
test_protein_4818,0.0,0.0003349104954395443,0
test_protein_4819,0.0,0.9879618287086487,1
test_protein_4820,0.0,0.5809631943702698,1
test_protein_4821,0.0,0.2294202446937561,0
test_protein_4822,1.0,0.23552550375461578,0
test_protein_4823,1.0,0.21368277072906494,0
test_protein_4824,1.0,0.35060638189315796,0
test_protein_4825,0.0,0.5641351342201233,1
test_protein_4826,0.0,0.17027053236961365,0
test_protein_4827,0.0,0.15556898713111877,0
test_protein_4828,0.0,0.4273998737335205,0
test_protein_4829,1.0,0.0044367085210978985,0
test_protein_4830,0.0,0.00017451588064432144,0
test_protein_4831,0.0,0.008903814479708672,0
test_protein_4832,1.0,0.883001446723938,1
test_protein_4833,0.0,0.08281151950359344,0
test_protein_4834,1.0,0.8117443919181824,1
test_protein_4835,0.0,0.010744363069534302,0
test_protein_4836,0.0,0.9686245322227478,1
test_protein_4837,0.0,0.052511438727378845,0
test_protein_4838,0.0,0.3626045286655426,0
test_protein_4839,0.0,0.00025048223324120045,0
test_protein_4840,0.0,0.27060753107070923,0
test_protein_4841,0.0,0.033316925168037415,0
test_protein_4842,0.0,0.008372095413506031,0
test_protein_4843,1.0,0.02590351551771164,0
test_protein_4844,0.0,0.08830613642930984,0
test_protein_4845,1.0,0.3552500605583191,0
test_protein_4846,1.0,0.12518590688705444,0
test_protein_4847,1.0,0.3407052755355835,0
test_protein_4848,0.0,0.9568806290626526,1
test_protein_4849,0.0,0.013746444135904312,0
test_protein_4850,0.0,0.5056915283203125,1
test_protein_4851,1.0,0.18779371678829193,0
test_protein_4852,1.0,0.70942223072052,1
test_protein_4853,1.0,0.40438368916511536,0
test_protein_4854,0.0,0.04935353994369507,0
test_protein_4855,0.0,0.9604887366294861,1
test_protein_4856,0.0,0.23454032838344574,0
test_protein_4857,1.0,0.9167065024375916,1
test_protein_4858,0.0,0.02176848240196705,0
test_protein_4859,0.0,0.4714389443397522,0
test_protein_4860,0.0,0.9649198651313782,1
test_protein_4861,0.0,0.33563801646232605,0
test_protein_4862,0.0,0.896388590335846,1
test_protein_4863,1.0,0.920581042766571,1
test_protein_4864,0.0,0.9220860600471497,1
test_protein_4865,1.0,0.9526508450508118,1
test_protein_4866,0.0,0.07747632265090942,0
test_protein_4867,0.0,0.0006345758447423577,0
test_protein_4868,1.0,0.8626576662063599,1
test_protein_4869,1.0,0.28613704442977905,0
test_protein_4870,1.0,0.6804537177085876,1
test_protein_4871,0.0,0.0008858133223839104,0
test_protein_4872,1.0,0.7784821391105652,1
test_protein_4873,0.0,0.14226719737052917,0
test_protein_4874,1.0,0.0003382585709914565,0
test_protein_4875,1.0,0.6375974416732788,1
test_protein_4876,1.0,0.9548457264900208,1
test_protein_4877,0.0,0.37183400988578796,0
test_protein_4878,1.0,0.44424983859062195,0
test_protein_4879,1.0,0.9739150404930115,1
test_protein_4880,1.0,0.5189988017082214,1
test_protein_4881,0.0,0.9390456080436707,1
test_protein_4882,1.0,0.6462678909301758,1
test_protein_4883,0.0,0.0001209374750033021,0
test_protein_4884,0.0,0.9457922577857971,1
test_protein_4885,1.0,0.38205885887145996,0
test_protein_4886,1.0,0.015127304941415787,0
test_protein_4887,1.0,0.21092818677425385,0
test_protein_4888,0.0,0.00024280836805701256,0
test_protein_4889,1.0,0.5319442749023438,1
test_protein_4890,1.0,0.00018695609469432384,0
test_protein_4891,0.0,0.6855850219726562,1
test_protein_4892,0.0,0.9435603022575378,1
test_protein_4893,0.0,0.00011600668949540704,0
test_protein_4894,0.0,0.9272864460945129,1
test_protein_4895,1.0,0.9507154226303101,1
test_protein_4896,1.0,0.8358147740364075,1
test_protein_4897,0.0,0.001127208350226283,0
test_protein_4898,0.0,0.924531102180481,1
test_protein_4899,0.0,0.4687567949295044,0
test_protein_4900,0.0,0.5242027044296265,1
test_protein_4901,1.0,0.823241114616394,1
test_protein_4902,0.0,0.2696036696434021,0
test_protein_4903,0.0,0.8493199348449707,1
test_protein_4904,0.0,0.2503190040588379,0
test_protein_4905,1.0,0.346792608499527,0
test_protein_4906,0.0,0.9722909927368164,1
test_protein_4907,1.0,0.5603536367416382,1
test_protein_4908,0.0,0.01772051304578781,0
test_protein_4909,0.0,0.6713590621948242,1
test_protein_4910,0.0,0.8369057774543762,1
test_protein_4911,1.0,0.156332865357399,0
test_protein_4912,1.0,0.3172191083431244,0
test_protein_4913,0.0,0.0020321442279964685,0
test_protein_4914,0.0,0.22928890585899353,0
test_protein_4915,1.0,0.2869914472103119,0
test_protein_4916,0.0,0.31800463795661926,0
test_protein_4917,1.0,0.3284066915512085,0
test_protein_4918,0.0,0.00031804078025743365,0
test_protein_4919,0.0,0.5853760242462158,1
test_protein_4920,0.0,0.09680712223052979,0
test_protein_4921,0.0,0.3103596866130829,0
test_protein_4922,0.0,0.5437070727348328,1
test_protein_4923,0.0,0.7722651362419128,1
test_protein_4924,0.0,0.7992350459098816,1
test_protein_4925,0.0,0.00042872081394307315,0
test_protein_4926,0.0,0.32905226945877075,0
test_protein_4927,1.0,0.8541145920753479,1
test_protein_4928,1.0,0.5544763207435608,1
test_protein_4929,1.0,0.8454503417015076,1
test_protein_4930,0.0,0.9368053078651428,1
test_protein_4931,0.0,0.13300521671772003,0
test_protein_4932,0.0,0.07548454403877258,0
test_protein_4933,0.0,0.0001208376488648355,0
test_protein_4934,1.0,0.08936121314764023,0
test_protein_4935,0.0,0.8988763689994812,1
test_protein_4936,0.0,0.9046531319618225,1
test_protein_4937,1.0,0.9734944105148315,1
test_protein_4938,1.0,0.16028816998004913,0
test_protein_4939,0.0,0.00019403491751290858,0
test_protein_4940,0.0,0.9881275296211243,1
test_protein_4941,1.0,0.8746604919433594,1
test_protein_4942,0.0,0.4286378026008606,0
test_protein_4943,0.0,0.9088811874389648,1
test_protein_4944,0.0,0.00012089723895769566,0
test_protein_4945,0.0,0.6668662428855896,1
test_protein_4946,1.0,0.8505532741546631,1
test_protein_4947,1.0,0.4042077660560608,0
test_protein_4948,0.0,0.15187640488147736,0
test_protein_4949,0.0,0.09914793819189072,0
test_protein_4950,0.0,0.2120768427848816,0
test_protein_4951,1.0,0.7050963044166565,1
test_protein_4952,0.0,0.0036326523404568434,0
test_protein_4953,0.0,0.6228800415992737,1
test_protein_4954,0.0,0.022520286962389946,0
test_protein_4955,0.0,0.9378944635391235,1
test_protein_4956,0.0,0.00856863334774971,0
test_protein_4957,0.0,0.9397644400596619,1
test_protein_4958,0.0,0.16631369292736053,0
test_protein_4959,0.0,0.00019049594993703067,0
test_protein_4960,1.0,0.8286153674125671,1
test_protein_4961,1.0,0.9298074245452881,1
test_protein_4962,1.0,0.09792016446590424,0
test_protein_4963,1.0,0.5241132974624634,1
test_protein_4964,1.0,0.5459600687026978,1
test_protein_4965,1.0,0.2515382766723633,0
test_protein_4966,0.0,0.40597131848335266,0
test_protein_4967,1.0,0.5085806250572205,1
test_protein_4968,0.0,0.00013239006511867046,0
test_protein_4969,0.0,0.02000337652862072,0
test_protein_4970,0.0,0.13500826060771942,0
test_protein_4971,1.0,0.951678991317749,1
test_protein_4972,0.0,0.8935407400131226,1
test_protein_4973,1.0,0.025019116699695587,0
test_protein_4974,1.0,0.8313561677932739,1
test_protein_4975,0.0,0.3074038028717041,0
test_protein_4976,1.0,0.7796716094017029,1
test_protein_4977,0.0,0.0019058632897213101,0
test_protein_4978,1.0,0.7080854177474976,1
test_protein_4979,1.0,0.8835359811782837,1
test_protein_4980,0.0,0.00013970638974569738,0
test_protein_4981,1.0,0.0011532293865457177,0
test_protein_4982,1.0,0.5990695357322693,1
test_protein_4983,0.0,0.00017033317999448627,0
test_protein_4984,1.0,0.39838823676109314,0
test_protein_4985,1.0,0.8718138933181763,1
test_protein_4986,1.0,0.9436336755752563,1
test_protein_4987,1.0,0.01519780419766903,0
test_protein_4988,1.0,0.3878403604030609,0
test_protein_4989,0.0,0.04446621611714363,0
test_protein_4990,1.0,0.4453231692314148,0
test_protein_4991,0.0,0.6035624146461487,1
test_protein_4992,0.0,0.19443580508232117,0
test_protein_4993,0.0,0.000191733444808051,0
test_protein_4994,0.0,0.9371821880340576,1
test_protein_4995,0.0,0.7660861611366272,1
test_protein_4996,0.0,0.04799375310540199,0
test_protein_4997,0.0,0.1373097449541092,0
test_protein_4998,1.0,0.527982234954834,1
test_protein_4999,0.0,0.977931022644043,1
test_protein_5000,0.0,0.792167067527771,1
test_protein_5001,1.0,0.8822895884513855,1
test_protein_5002,1.0,0.9829767942428589,1
test_protein_5003,0.0,0.01830989308655262,0
test_protein_5004,1.0,0.9488331079483032,1
test_protein_5005,1.0,0.9808377623558044,1
test_protein_5006,0.0,0.0715339332818985,0
test_protein_5007,0.0,0.03618850186467171,0
test_protein_5008,0.0,0.8808244466781616,1
test_protein_5009,0.0,0.024145977571606636,0
test_protein_5010,0.0,0.9179425835609436,1
test_protein_5011,0.0,0.062427129596471786,0
test_protein_5012,0.0,0.8790538907051086,1
test_protein_5013,1.0,0.6953351497650146,1
test_protein_5014,0.0,0.929455041885376,1
test_protein_5015,0.0,0.7968249320983887,1
test_protein_5016,0.0,0.053136195987463,0
test_protein_5017,1.0,0.7956591248512268,1
test_protein_5018,0.0,0.8411474823951721,1
test_protein_5019,0.0,0.5971826314926147,1
test_protein_5020,0.0,0.4983510673046112,0
test_protein_5021,0.0,0.3757917284965515,0
test_protein_5022,1.0,0.9578576683998108,1
test_protein_5023,0.0,0.00015945255290716887,0
test_protein_5024,0.0,0.002441141288727522,0
test_protein_5025,1.0,0.29270684719085693,0
test_protein_5026,1.0,0.00019153812900185585,0
test_protein_5027,1.0,0.3859309256076813,0
test_protein_5028,1.0,0.7742422819137573,1
test_protein_5029,0.0,0.1633530855178833,0
test_protein_5030,0.0,0.7764303684234619,1
test_protein_5031,1.0,0.041030507534742355,0
test_protein_5032,0.0,0.28985828161239624,0
test_protein_5033,0.0,0.9071453213691711,1
test_protein_5034,1.0,0.7225071787834167,1
test_protein_5035,1.0,0.754185676574707,1
test_protein_5036,0.0,0.728022038936615,1
test_protein_5037,0.0,0.00016662338748574257,0
test_protein_5038,0.0,0.0005154029931873083,0
test_protein_5039,0.0,0.8157384991645813,1
test_protein_5040,0.0,0.8087158203125,1
test_protein_5041,0.0,0.672112762928009,1
test_protein_5042,0.0,0.05929872393608093,0
test_protein_5043,1.0,0.021529462188482285,0
test_protein_5044,0.0,0.07116267085075378,0
test_protein_5045,0.0,0.00013321787992026657,0
test_protein_5046,0.0,0.4277580678462982,0
test_protein_5047,1.0,0.7777684330940247,1
test_protein_5048,1.0,0.908249020576477,1
test_protein_5049,1.0,0.10306018590927124,0
test_protein_5050,0.0,0.7982029914855957,1
test_protein_5051,0.0,0.3286110460758209,0
test_protein_5052,1.0,0.48368221521377563,0
test_protein_5053,0.0,0.7944920659065247,1
test_protein_5054,0.0,0.9870402216911316,1
test_protein_5055,0.0,0.0005345738609321415,0
test_protein_5056,1.0,0.940137505531311,1
test_protein_5057,0.0,0.5294811129570007,1
test_protein_5058,0.0,0.959526002407074,1
test_protein_5059,1.0,0.8575047254562378,1
test_protein_5060,0.0,0.00016686759772710502,0
test_protein_5061,0.0,0.00031195400515571237,0
test_protein_5062,0.0,0.37209415435791016,0
test_protein_5063,1.0,0.6198280453681946,1
test_protein_5064,1.0,0.4230291545391083,0
test_protein_5065,0.0,0.5066490769386292,1
test_protein_5066,0.0,0.0007503629312850535,0
test_protein_5067,1.0,0.3656807839870453,0
test_protein_5068,0.0,0.1570912003517151,0
test_protein_5069,1.0,0.18215063214302063,0
test_protein_5070,1.0,0.7766323685646057,1
test_protein_5071,1.0,0.45779848098754883,0
test_protein_5072,0.0,0.13625788688659668,0
test_protein_5073,1.0,0.8679888844490051,1
test_protein_5074,1.0,0.07315690815448761,0
test_protein_5075,1.0,0.7211856245994568,1
test_protein_5076,0.0,0.9673919677734375,1
test_protein_5077,1.0,0.6926048398017883,1
test_protein_5078,1.0,0.9068452715873718,1
test_protein_5079,1.0,0.8321599364280701,1
test_protein_5080,0.0,0.3545820415019989,0
test_protein_5081,1.0,0.7830926179885864,1
test_protein_5082,1.0,0.618441641330719,1
test_protein_5083,1.0,0.937990128993988,1
test_protein_5084,1.0,0.3752508759498596,0
test_protein_5085,0.0,0.05534747615456581,0
test_protein_5086,0.0,0.00031318110995925963,0
test_protein_5087,1.0,0.42119964957237244,0
test_protein_5088,0.0,0.00012497756688389927,0
test_protein_5089,1.0,0.6268696188926697,1
test_protein_5090,0.0,0.8862704038619995,1
test_protein_5091,0.0,0.4628417193889618,0
test_protein_5092,1.0,0.25615862011909485,0
test_protein_5093,0.0,0.00030688257538713515,0
test_protein_5094,0.0,0.00018009066116064787,0
test_protein_5095,1.0,0.9622981548309326,1
test_protein_5096,0.0,0.06498986482620239,0
test_protein_5097,0.0,0.0013617551885545254,0
test_protein_5098,1.0,0.5763437151908875,1
test_protein_5099,0.0,0.04085785150527954,0
test_protein_5100,0.0,0.00031398682040162385,0
test_protein_5101,1.0,0.6353582143783569,1
test_protein_5102,1.0,0.28865188360214233,0
test_protein_5103,1.0,0.6121352314949036,1
test_protein_5104,0.0,0.11669643223285675,0
test_protein_5105,0.0,0.5593363046646118,1
test_protein_5106,0.0,0.001305837999098003,0
test_protein_5107,1.0,0.044388752430677414,0
test_protein_5108,0.0,0.6115424036979675,1
test_protein_5109,1.0,0.7365935444831848,1
test_protein_5110,0.0,0.9708187580108643,1
test_protein_5111,0.0,0.8979297876358032,1
test_protein_5112,0.0,0.20017126202583313,0
test_protein_5113,1.0,0.06169046461582184,0
test_protein_5114,1.0,0.7574405074119568,1
test_protein_5115,0.0,0.0022855906281620264,0
test_protein_5116,0.0,0.00027458579279482365,0
test_protein_5117,0.0,0.23709271848201752,0
test_protein_5118,0.0,0.1678127646446228,0
test_protein_5119,0.0,0.29111921787261963,0
test_protein_5120,0.0,0.8545024394989014,1
test_protein_5121,1.0,0.4017975926399231,0
test_protein_5122,1.0,0.5549566745758057,1
test_protein_5123,0.0,0.7331098318099976,1
test_protein_5124,0.0,0.14998207986354828,0
test_protein_5125,1.0,0.8788456320762634,1
test_protein_5126,0.0,0.00010933486191788688,0
test_protein_5127,1.0,0.00014834343164693564,0
test_protein_5128,1.0,0.9352278113365173,1
test_protein_5129,0.0,0.3261692225933075,0
test_protein_5130,0.0,0.32933616638183594,0
test_protein_5131,1.0,0.0027412662748247385,0
test_protein_5132,1.0,0.6952691078186035,1
test_protein_5133,0.0,0.9294857382774353,1
test_protein_5134,0.0,0.09320533275604248,0
test_protein_5135,1.0,0.9113302230834961,1
test_protein_5136,1.0,0.40306219458580017,0
test_protein_5137,1.0,0.03976748138666153,0
test_protein_5138,1.0,0.2608661353588104,0
test_protein_5139,1.0,0.8994628190994263,1
test_protein_5140,1.0,0.21122175455093384,0
test_protein_5141,1.0,0.16042974591255188,0
test_protein_5142,1.0,0.5436779856681824,1
test_protein_5143,0.0,0.9033864140510559,1
test_protein_5144,1.0,0.7990885376930237,1
test_protein_5145,0.0,0.7949129343032837,1
test_protein_5146,0.0,0.23124279081821442,0
test_protein_5147,1.0,0.12890304625034332,0
test_protein_5148,0.0,0.0025549097917973995,0
test_protein_5149,0.0,0.8775021433830261,1
test_protein_5150,0.0,0.966120719909668,1
test_protein_5151,1.0,0.2304786592721939,0
test_protein_5152,1.0,0.34461334347724915,0
test_protein_5153,1.0,0.006843505427241325,0
test_protein_5154,0.0,0.5413317680358887,1
test_protein_5155,0.0,0.0001519499928690493,0
test_protein_5156,1.0,0.38587459921836853,0
test_protein_5157,0.0,0.003542283084243536,0
test_protein_5158,1.0,0.26814088225364685,0
test_protein_5159,0.0,0.03820373862981796,0
test_protein_5160,1.0,0.8922414779663086,1
test_protein_5161,0.0,0.9672036170959473,1
test_protein_5162,0.0,0.000767450372222811,0
test_protein_5163,0.0,0.7458735704421997,1
test_protein_5164,0.0,0.0008925874717533588,0
test_protein_5165,0.0,0.06953734159469604,0
test_protein_5166,0.0,0.9214584827423096,1
test_protein_5167,0.0,0.5092432498931885,1
test_protein_5168,0.0,0.9441460967063904,1
test_protein_5169,0.0,0.008987423963844776,0
test_protein_5170,0.0,0.6036585569381714,1
test_protein_5171,1.0,0.7629389762878418,1
test_protein_5172,0.0,0.0004496472829487175,0
test_protein_5173,1.0,0.8342623710632324,1
test_protein_5174,0.0,0.14685341715812683,0
test_protein_5175,0.0,0.1394612044095993,0
test_protein_5176,0.0,0.328546941280365,0
test_protein_5177,0.0,0.040377914905548096,0
test_protein_5178,0.0,0.35005608201026917,0
test_protein_5179,0.0,0.4544878602027893,0
test_protein_5180,0.0,0.00017519210814498365,0
test_protein_5181,0.0,0.9326655268669128,1
test_protein_5182,0.0,0.00015191492275334895,0
test_protein_5183,0.0,0.12359619140625,0
test_protein_5184,0.0,0.5084293484687805,1
test_protein_5185,0.0,0.10388058423995972,0
test_protein_5186,1.0,0.9193227887153625,1
test_protein_5187,1.0,0.5910351276397705,1
test_protein_5188,1.0,0.9504957795143127,1
test_protein_5189,0.0,0.929167628288269,1
test_protein_5190,0.0,0.5589958429336548,1
test_protein_5191,1.0,0.17781171202659607,0
test_protein_5192,0.0,0.08216062188148499,0
test_protein_5193,1.0,0.14897741377353668,0
test_protein_5194,0.0,0.8651202917098999,1
test_protein_5195,1.0,0.6380148530006409,1
test_protein_5196,1.0,0.7095699310302734,1
test_protein_5197,1.0,0.9542323350906372,1
test_protein_5198,0.0,0.16397474706172943,0
test_protein_5199,1.0,0.29135385155677795,0
test_protein_5200,0.0,0.00011187901691300794,0
test_protein_5201,1.0,0.31427380442619324,0
test_protein_5202,0.0,0.23523378372192383,0
test_protein_5203,1.0,0.41749781370162964,0
test_protein_5204,1.0,0.9692497253417969,1
test_protein_5205,0.0,0.00020452425815165043,0
test_protein_5206,0.0,0.0001410532568115741,0
test_protein_5207,1.0,0.9621140360832214,1
test_protein_5208,1.0,0.8483177423477173,1
test_protein_5209,1.0,0.009944138117134571,0
test_protein_5210,1.0,0.9098624587059021,1
test_protein_5211,0.0,0.15057340264320374,0
test_protein_5212,0.0,0.6311665773391724,1
test_protein_5213,0.0,0.23975148797035217,0
test_protein_5214,0.0,0.3864029049873352,0
test_protein_5215,0.0,0.000294663681415841,0
test_protein_5216,1.0,0.8028419613838196,1
test_protein_5217,0.0,0.9760201573371887,1
test_protein_5218,0.0,0.17829853296279907,0
test_protein_5219,0.0,0.00018704398826230317,0
test_protein_5220,0.0,0.00018323845870327204,0
test_protein_5221,0.0,0.9437384605407715,1
test_protein_5222,1.0,0.9181561470031738,1
test_protein_5223,1.0,0.3405970335006714,0
test_protein_5224,1.0,0.9506876468658447,1
test_protein_5225,1.0,0.9411161541938782,1
test_protein_5226,1.0,0.9509987831115723,1
test_protein_5227,1.0,0.7681463360786438,1
test_protein_5228,1.0,0.7595265507698059,1
test_protein_5229,1.0,0.06334961950778961,0
test_protein_5230,0.0,0.12770327925682068,0
test_protein_5231,0.0,0.6256024837493896,1
test_protein_5232,0.0,0.9656403064727783,1
test_protein_5233,1.0,0.37442392110824585,0
test_protein_5234,0.0,0.037061356008052826,0
test_protein_5235,1.0,0.004183163400739431,0
test_protein_5236,0.0,0.21714270114898682,0
test_protein_5237,0.0,0.7235046625137329,1
test_protein_5238,0.0,0.9371162056922913,1
test_protein_5239,1.0,0.6833004951477051,1
test_protein_5240,1.0,0.5932275652885437,1
test_protein_5241,0.0,0.2840041518211365,0
test_protein_5242,1.0,0.010499528609216213,0
test_protein_5243,0.0,0.023885956034064293,0
test_protein_5244,0.0,0.5899102687835693,1
test_protein_5245,0.0,0.469936341047287,0
test_protein_5246,1.0,0.9393258094787598,1
test_protein_5247,0.0,0.0002684577484615147,0
test_protein_5248,0.0,0.9488176703453064,1
test_protein_5249,1.0,0.8199499845504761,1
test_protein_5250,1.0,0.40067610144615173,0
test_protein_5251,0.0,0.963411271572113,1
test_protein_5252,1.0,0.5817002654075623,1
test_protein_5253,1.0,0.003857946489006281,0
test_protein_5254,0.0,0.00022565526887774467,0
test_protein_5255,0.0,0.00021742704848293215,0
test_protein_5256,1.0,0.8702743053436279,1
test_protein_5257,0.0,0.9686847925186157,1
test_protein_5258,0.0,0.0007318746647797525,0
test_protein_5259,0.0,0.017276277765631676,0
test_protein_5260,0.0,0.09628717601299286,0
test_protein_5261,0.0,0.7491031289100647,1
test_protein_5262,0.0,0.9724220037460327,1
test_protein_5263,0.0,0.9203199744224548,1
test_protein_5264,0.0,0.0002823219110723585,0
test_protein_5265,0.0,0.003714726073667407,0
test_protein_5266,0.0,0.9841064214706421,1
test_protein_5267,1.0,0.8059810996055603,1
test_protein_5268,0.0,0.0012950807576999068,0
test_protein_5269,0.0,0.3539670407772064,0
test_protein_5270,1.0,0.2734663486480713,0
test_protein_5271,1.0,0.9320855736732483,1
test_protein_5272,0.0,0.4475352466106415,0
test_protein_5273,0.0,0.00018003777950070798,0
test_protein_5274,0.0,0.13259141147136688,0
test_protein_5275,0.0,0.0003280302626080811,0
test_protein_5276,0.0,0.0002934531366918236,0
test_protein_5277,0.0,0.00014773446309845895,0
test_protein_5278,1.0,0.8198858499526978,1
test_protein_5279,1.0,0.6848306655883789,1
test_protein_5280,0.0,0.0006258039502426982,0
test_protein_5281,0.0,0.00015716148482169956,0
test_protein_5282,0.0,0.838477373123169,1
test_protein_5283,1.0,0.9625723361968994,1
test_protein_5284,0.0,0.9683898091316223,1
test_protein_5285,0.0,0.13260173797607422,0
test_protein_5286,0.0,0.4935804009437561,0
test_protein_5287,1.0,0.6323922276496887,1
test_protein_5288,0.0,0.0001756544370437041,0
test_protein_5289,0.0,0.8018566966056824,1
test_protein_5290,0.0,0.0001394862192682922,0
test_protein_5291,0.0,0.00014458790246862918,0
test_protein_5292,0.0,0.00015433673979714513,0
test_protein_5293,0.0,0.3632153570652008,0
test_protein_5294,0.0,0.47259417176246643,0
test_protein_5295,0.0,0.267605721950531,0
test_protein_5296,1.0,0.0039796666242182255,0
test_protein_5297,0.0,0.946286141872406,1
test_protein_5298,0.0,0.2434282898902893,0
test_protein_5299,0.0,0.7698150873184204,1
test_protein_5300,0.0,0.775796115398407,1
test_protein_5301,0.0,0.04634685441851616,0
test_protein_5302,0.0,0.993683934211731,1
test_protein_5303,0.0,0.11372064799070358,0
test_protein_5304,0.0,0.0001606493315193802,0
test_protein_5305,0.0,0.2663761377334595,0
test_protein_5306,1.0,0.5812763571739197,1
test_protein_5307,0.0,0.00014747731620445848,0
test_protein_5308,1.0,0.5387939214706421,1
test_protein_5309,1.0,0.48994460701942444,0
test_protein_5310,0.0,0.39793065190315247,0
test_protein_5311,0.0,0.9653951525688171,1
test_protein_5312,1.0,0.7011251449584961,1
test_protein_5313,0.0,0.5995878577232361,1
test_protein_5314,1.0,0.833751380443573,1
test_protein_5315,1.0,0.03561720252037048,0
test_protein_5316,0.0,0.1720173954963684,0
test_protein_5317,0.0,0.00035409352858550847,0
test_protein_5318,0.0,0.1692432314157486,0
test_protein_5319,0.0,0.6035799384117126,1
test_protein_5320,1.0,0.4463421404361725,0
test_protein_5321,1.0,0.4153434932231903,0
test_protein_5322,1.0,0.6988449692726135,1
test_protein_5323,0.0,0.06267647445201874,0
test_protein_5324,0.0,0.0002286522794747725,0
test_protein_5325,1.0,0.15035894513130188,0
test_protein_5326,1.0,0.0015176724409684539,0
test_protein_5327,0.0,0.7272030115127563,1
test_protein_5328,0.0,0.8582940101623535,1
test_protein_5329,1.0,0.8630305528640747,1
test_protein_5330,0.0,0.0001622243580641225,0
test_protein_5331,1.0,0.46895378828048706,0
test_protein_5332,1.0,0.4497853219509125,0
test_protein_5333,1.0,0.03104383312165737,0
test_protein_5334,1.0,0.547124981880188,1
test_protein_5335,0.0,0.00011767612886615098,0
test_protein_5336,0.0,0.9740579128265381,1
test_protein_5337,1.0,0.9143022298812866,1
test_protein_5338,0.0,0.00018367280426900834,0
test_protein_5339,1.0,0.0020795806776732206,0
test_protein_5340,0.0,0.8978353142738342,1
test_protein_5341,1.0,0.6674768924713135,1
test_protein_5342,1.0,0.9753422141075134,1
test_protein_5343,1.0,0.16418494284152985,0
test_protein_5344,1.0,0.6176116466522217,1
test_protein_5345,1.0,0.6814219951629639,1
test_protein_5346,0.0,0.09225745499134064,0
test_protein_5347,0.0,0.8647268414497375,1
test_protein_5348,0.0,0.8545369505882263,1
test_protein_5349,0.0,0.34944432973861694,0
test_protein_5350,1.0,0.6757000684738159,1
test_protein_5351,0.0,0.620851457118988,1
test_protein_5352,0.0,0.00036986827035434544,0
test_protein_5353,0.0,0.00061490957159549,0
test_protein_5354,0.0,0.5834608674049377,1
test_protein_5355,0.0,0.5276559591293335,1
test_protein_5356,1.0,0.25338417291641235,0
test_protein_5357,0.0,0.00022472896671388298,0
test_protein_5358,0.0,0.3539060354232788,0
test_protein_5359,0.0,0.0010134170297533274,0
test_protein_5360,0.0,0.06222573295235634,0
test_protein_5361,0.0,0.11247068643569946,0
test_protein_5362,0.0,0.17192576825618744,0
test_protein_5363,1.0,0.9228622913360596,1
test_protein_5364,0.0,0.0002827415883075446,0
test_protein_5365,0.0,0.8941031694412231,1
test_protein_5366,0.0,0.6635826230049133,1
test_protein_5367,0.0,0.43571552634239197,0
test_protein_5368,1.0,0.4254123866558075,0
test_protein_5369,0.0,0.00026409479323774576,0
test_protein_5370,1.0,0.6928260922431946,1
test_protein_5371,0.0,0.00017586728790774941,0
test_protein_5372,0.0,0.855686604976654,1
test_protein_5373,0.0,0.0034478663001209497,0
test_protein_5374,0.0,0.0006736279465258121,0
test_protein_5375,0.0,0.033565763384103775,0
test_protein_5376,1.0,0.04551136866211891,0
test_protein_5377,1.0,0.011176686733961105,0
test_protein_5378,0.0,0.36072272062301636,0
test_protein_5379,0.0,0.00027907729963772,0
test_protein_5380,0.0,0.8941174149513245,1
test_protein_5381,1.0,0.15801186859607697,0
test_protein_5382,0.0,0.9932918548583984,1
test_protein_5383,0.0,0.00017663362086750567,0
test_protein_5384,1.0,0.2942061722278595,0
test_protein_5385,1.0,0.3957267701625824,0
test_protein_5386,0.0,0.00020042812684550881,0
test_protein_5387,0.0,0.0003150699194520712,0
test_protein_5388,1.0,0.0022016975563019514,0
test_protein_5389,1.0,0.7276380062103271,1
test_protein_5390,0.0,0.00027710210997611284,0
test_protein_5391,0.0,0.00037427752977237105,0
test_protein_5392,1.0,0.9177201986312866,1
test_protein_5393,0.0,0.00020067745936103165,0
test_protein_5394,0.0,0.052139218896627426,0
test_protein_5395,0.0,0.002259402070194483,0
test_protein_5396,0.0,0.3672643303871155,0
test_protein_5397,0.0,0.5001367926597595,1
test_protein_5398,0.0,0.031823452562093735,0
test_protein_5399,1.0,0.24867956340312958,0
test_protein_5400,0.0,0.7158399820327759,1
test_protein_5401,0.0,0.8525523543357849,1
test_protein_5402,1.0,0.1211441159248352,0
test_protein_5403,1.0,0.08695974946022034,0
test_protein_5404,1.0,0.9670212864875793,1
test_protein_5405,0.0,0.03956085070967674,0
test_protein_5406,0.0,0.025427401065826416,0
test_protein_5407,0.0,0.44633209705352783,0
test_protein_5408,1.0,0.8057427406311035,1
test_protein_5409,1.0,0.9552570581436157,1
test_protein_5410,0.0,0.0002395475166849792,0
test_protein_5411,0.0,0.0007954551256261766,0
test_protein_5412,0.0,0.1482587456703186,0
test_protein_5413,0.0,0.0001058441775967367,0
test_protein_5414,0.0,0.0001702221343293786,0
test_protein_5415,0.0,0.0001602099946467206,0
test_protein_5416,0.0,0.0007519459468312562,0
test_protein_5417,1.0,0.8187093138694763,1
test_protein_5418,0.0,0.552581787109375,1
test_protein_5419,1.0,0.18205182254314423,0
test_protein_5420,0.0,0.05335026606917381,0
test_protein_5421,1.0,0.44668611884117126,0
test_protein_5422,0.0,0.006685012485831976,0
test_protein_5423,1.0,0.608485221862793,1
test_protein_5424,1.0,0.027734212577342987,0
test_protein_5425,0.0,0.5006540417671204,1
test_protein_5426,0.0,0.565474271774292,1
test_protein_5427,0.0,0.13166090846061707,0
test_protein_5428,0.0,0.17205283045768738,0
test_protein_5429,0.0,0.00024309399304911494,0
test_protein_5430,0.0,0.8537956476211548,1
test_protein_5431,1.0,0.26621928811073303,0
test_protein_5432,1.0,0.9329779148101807,1
test_protein_5433,0.0,0.5668476819992065,1
test_protein_5434,0.0,0.03779657557606697,0
test_protein_5435,0.0,0.07422250509262085,0
test_protein_5436,0.0,0.00019436301954556257,0
test_protein_5437,0.0,0.1330503523349762,0
test_protein_5438,1.0,0.45254912972450256,0
test_protein_5439,1.0,0.44697585701942444,0
test_protein_5440,0.0,0.0002035216602962464,0
test_protein_5441,0.0,0.00327228382229805,0
test_protein_5442,1.0,0.3570184111595154,0
test_protein_5443,1.0,0.13977038860321045,0
test_protein_5444,0.0,0.9951251149177551,1
test_protein_5445,0.0,0.03280900418758392,0
test_protein_5446,1.0,0.29878339171409607,0
test_protein_5447,0.0,0.01691269315779209,0
test_protein_5448,1.0,0.0029909000732004642,0
test_protein_5449,0.0,0.0001555949420435354,0
test_protein_5450,1.0,0.0003570060071069747,0
test_protein_5451,0.0,0.00021290437143761665,0
test_protein_5452,0.0,0.7523030638694763,1
test_protein_5453,0.0,0.39404404163360596,0
test_protein_5454,0.0,0.0031649137381464243,0
test_protein_5455,1.0,0.004260594956576824,0
test_protein_5456,1.0,0.16434445977210999,0
test_protein_5457,1.0,0.08207626640796661,0
test_protein_5458,0.0,0.005628709215670824,0
test_protein_5459,1.0,0.8097599744796753,1
test_protein_5460,0.0,0.0002246507938252762,0
test_protein_5461,1.0,0.6089972853660583,1
test_protein_5462,1.0,0.9466583132743835,1
test_protein_5463,1.0,0.7235842347145081,1
test_protein_5464,0.0,0.5467020273208618,1
test_protein_5465,0.0,0.6240798234939575,1
test_protein_5466,1.0,0.024127919226884842,0
test_protein_5467,1.0,0.22977511584758759,0
test_protein_5468,0.0,0.18722465634346008,0
test_protein_5469,1.0,0.38644087314605713,0
test_protein_5470,1.0,0.6934340596199036,1
test_protein_5471,0.0,0.0003712774778250605,0
test_protein_5472,1.0,0.9780781865119934,1
test_protein_5473,1.0,0.9639105796813965,1
test_protein_5474,0.0,0.963331937789917,1
test_protein_5475,1.0,0.8651790022850037,1
test_protein_5476,0.0,0.0056673092767596245,0
test_protein_5477,0.0,0.0007712102378718555,0
test_protein_5478,0.0,0.1422550529241562,0
test_protein_5479,1.0,0.24411191046237946,0
test_protein_5480,1.0,0.9512486457824707,1
test_protein_5481,0.0,0.00016275362577289343,0
test_protein_5482,0.0,0.0005760588683187962,0
test_protein_5483,0.0,0.0009725685231387615,0
test_protein_5484,0.0,0.0001883118529804051,0
test_protein_5485,1.0,0.6763196587562561,1
test_protein_5486,1.0,0.4493054449558258,0
test_protein_5487,0.0,0.0006858016713522375,0
test_protein_5488,0.0,0.18607236444950104,0
test_protein_5489,1.0,0.9687045216560364,1
test_protein_5490,0.0,0.18381057679653168,0
test_protein_5491,0.0,0.005223563406616449,0
test_protein_5492,0.0,0.8180729746818542,1
test_protein_5493,0.0,0.2092234194278717,0
test_protein_5494,0.0,0.8574029207229614,1
test_protein_5495,1.0,0.4289025366306305,0
test_protein_5496,0.0,0.664979875087738,1
test_protein_5497,0.0,0.0017513284692540765,0
test_protein_5498,1.0,0.954539954662323,1
test_protein_5499,0.0,0.23055702447891235,0
test_protein_5500,0.0,0.021806031465530396,0
test_protein_5501,1.0,0.8033289313316345,1
test_protein_5502,1.0,0.49899032711982727,0
test_protein_5503,0.0,0.00017975372611545026,0
test_protein_5504,0.0,0.05194531008601189,0
test_protein_5505,0.0,0.03589778020977974,0
test_protein_5506,0.0,0.39900293946266174,0
test_protein_5507,0.0,0.005353224463760853,0
test_protein_5508,0.0,0.8700539469718933,1
test_protein_5509,1.0,0.9748109579086304,1
test_protein_5510,0.0,0.22850503027439117,0
test_protein_5511,1.0,0.9715378880500793,1
test_protein_5512,0.0,0.0017226696945726871,0
test_protein_5513,0.0,0.9255648255348206,1
test_protein_5514,0.0,0.0004762740863952786,0
test_protein_5515,0.0,0.0249940212816,0
test_protein_5516,0.0,0.580095112323761,1
test_protein_5517,1.0,0.9084669947624207,1
test_protein_5518,1.0,0.9822500348091125,1
test_protein_5519,0.0,0.0010826874058693647,0
test_protein_5520,1.0,0.6909564733505249,1
test_protein_5521,1.0,0.9403271675109863,1
test_protein_5522,0.0,0.032401032745838165,0
test_protein_5523,1.0,0.11138489097356796,0
test_protein_5524,1.0,0.9366021752357483,1
test_protein_5525,0.0,0.6657018661499023,1
test_protein_5526,0.0,0.986585259437561,1
test_protein_5527,0.0,0.45846614241600037,0
test_protein_5528,1.0,0.7868590354919434,1
test_protein_5529,0.0,0.1633039116859436,0
test_protein_5530,0.0,0.06191711500287056,0
test_protein_5531,0.0,0.050959862768650055,0
test_protein_5532,0.0,0.954903244972229,1
test_protein_5533,0.0,0.10373978316783905,0
test_protein_5534,1.0,0.7928420305252075,1
test_protein_5535,1.0,0.6474947333335876,1
test_protein_5536,0.0,0.9586775898933411,1
test_protein_5537,0.0,0.21370334923267365,0
test_protein_5538,0.0,0.693270206451416,1
test_protein_5539,1.0,0.9938308000564575,1
test_protein_5540,0.0,0.9786000847816467,1
test_protein_5541,1.0,0.557235062122345,1
test_protein_5542,0.0,0.8909382820129395,1
test_protein_5543,1.0,0.7640187740325928,1
test_protein_5544,1.0,0.04148112237453461,0
test_protein_5545,1.0,0.9143131971359253,1
test_protein_5546,1.0,0.9610849618911743,1
test_protein_5547,0.0,0.15636439621448517,0
test_protein_5548,1.0,0.8800494074821472,1
test_protein_5549,1.0,0.6577428579330444,1
test_protein_5550,1.0,0.14218607544898987,0
test_protein_5551,0.0,0.000165681034559384,0
test_protein_5552,1.0,0.0009562470368109643,0
test_protein_5553,0.0,0.3963717520236969,0
test_protein_5554,0.0,0.062184128910303116,0
test_protein_5555,0.0,0.7796868681907654,1
test_protein_5556,0.0,0.916076123714447,1
test_protein_5557,0.0,0.011866576969623566,0
test_protein_5558,0.0,0.9628411531448364,1
test_protein_5559,1.0,0.6104095578193665,1
test_protein_5560,1.0,0.016521790996193886,0
test_protein_5561,0.0,0.029745742678642273,0
test_protein_5562,1.0,0.4887450039386749,0
test_protein_5563,1.0,0.43175020813941956,0
test_protein_5564,0.0,0.0862770602107048,0
test_protein_5565,0.0,0.00016442358901258558,0
test_protein_5566,0.0,0.00021241005742922425,0
test_protein_5567,0.0,0.701410710811615,1
test_protein_5568,0.0,0.04030073806643486,0
test_protein_5569,1.0,0.025259848684072495,0
test_protein_5570,0.0,0.1264030933380127,0
test_protein_5571,1.0,0.4695747494697571,0
test_protein_5572,0.0,0.15660838782787323,0
test_protein_5573,1.0,0.7994512319564819,1
test_protein_5574,0.0,0.8958432674407959,1
test_protein_5575,0.0,0.004667901899665594,0
test_protein_5576,0.0,0.06460193544626236,0
test_protein_5577,1.0,0.8430606722831726,1
test_protein_5578,0.0,0.0014840522781014442,0
test_protein_5579,0.0,0.007500429637730122,0
test_protein_5580,0.0,0.00020308706734795123,0
test_protein_5581,0.0,0.5498464703559875,1
test_protein_5582,0.0,0.00021378255041781813,0
test_protein_5583,1.0,0.007733049336820841,0
test_protein_5584,0.0,0.08392723649740219,0
test_protein_5585,0.0,0.0009837192483246326,0
test_protein_5586,0.0,0.09664809703826904,0
test_protein_5587,1.0,0.3959776759147644,0
test_protein_5588,1.0,0.9596467614173889,1
test_protein_5589,0.0,0.9439640045166016,1
test_protein_5590,0.0,0.977196991443634,1
test_protein_5591,0.0,0.7210201621055603,1
test_protein_5592,0.0,0.00023435156617779285,0
test_protein_5593,0.0,0.0005314014852046967,0
test_protein_5594,0.0,0.9303510785102844,1
test_protein_5595,0.0,0.0007273658993653953,0
test_protein_5596,1.0,0.8835837244987488,1
test_protein_5597,1.0,0.5351486802101135,1
test_protein_5598,0.0,0.9842680096626282,1
test_protein_5599,1.0,0.9242095947265625,1
test_protein_5600,0.0,0.05978605896234512,0
test_protein_5601,0.0,0.21505007147789001,0
test_protein_5602,0.0,0.971045970916748,1
test_protein_5603,1.0,0.40055081248283386,0
test_protein_5604,0.0,0.02242228388786316,0
test_protein_5605,0.0,0.0005722522619180381,0
test_protein_5606,0.0,0.28832539916038513,0
test_protein_5607,1.0,0.24409285187721252,0
test_protein_5608,1.0,0.4877377152442932,0
test_protein_5609,0.0,0.796842098236084,1
test_protein_5610,0.0,0.11260537058115005,0
test_protein_5611,1.0,0.5253360867500305,1
test_protein_5612,0.0,0.9431671500205994,1
test_protein_5613,0.0,0.08412668853998184,0
test_protein_5614,0.0,0.7612518668174744,1
test_protein_5615,0.0,0.9374921917915344,1
test_protein_5616,0.0,0.12246972322463989,0
test_protein_5617,0.0,0.8652790784835815,1
test_protein_5618,0.0,0.9252446889877319,1
test_protein_5619,0.0,0.00022167261340655386,0
test_protein_5620,1.0,0.037583090364933014,0
test_protein_5621,1.0,0.4293598532676697,0
test_protein_5622,1.0,0.3924044370651245,0
test_protein_5623,0.0,0.9481310844421387,1
test_protein_5624,0.0,0.6862785220146179,1
test_protein_5625,1.0,0.3011555075645447,0
test_protein_5626,0.0,0.6831114292144775,1
test_protein_5627,0.0,0.1209523156285286,0
test_protein_5628,1.0,0.7020122408866882,1
test_protein_5629,0.0,0.9721798300743103,1
test_protein_5630,0.0,0.6284300088882446,1
test_protein_5631,0.0,0.39326387643814087,0
test_protein_5632,1.0,0.18643362820148468,0
test_protein_5633,1.0,0.09678082168102264,0
test_protein_5634,1.0,0.9863694906234741,1
test_protein_5635,0.0,0.11267225444316864,0
test_protein_5636,0.0,0.8701906204223633,1
test_protein_5637,0.0,0.009768172167241573,0
test_protein_5638,1.0,0.8494110703468323,1
test_protein_5639,1.0,0.9379305839538574,1
test_protein_5640,0.0,0.052646756172180176,0
test_protein_5641,0.0,0.00479873875156045,0
test_protein_5642,1.0,0.322193443775177,0
test_protein_5643,0.0,0.8737598061561584,1
test_protein_5644,1.0,0.9282357692718506,1
test_protein_5645,0.0,0.8623387217521667,1
test_protein_5646,1.0,0.7972221970558167,1
test_protein_5647,0.0,0.18587279319763184,0
test_protein_5648,0.0,0.0006203268421813846,0
test_protein_5649,1.0,0.6012648344039917,1
test_protein_5650,1.0,0.9799346327781677,1
test_protein_5651,0.0,0.853065550327301,1
test_protein_5652,0.0,0.7421764135360718,1
test_protein_5653,0.0,0.9855239987373352,1
test_protein_5654,0.0,0.0002748382685240358,0
test_protein_5655,0.0,0.06603743880987167,0
test_protein_5656,0.0,0.2570158541202545,0
test_protein_5657,0.0,0.00012558205344248563,0
test_protein_5658,0.0,0.954013466835022,1
test_protein_5659,1.0,0.00016362563474103808,0
test_protein_5660,1.0,0.4340343475341797,0
test_protein_5661,1.0,0.0008246074430644512,0
test_protein_5662,0.0,0.7587953209877014,1
test_protein_5663,0.0,0.28513360023498535,0
test_protein_5664,0.0,0.9820688366889954,1
test_protein_5665,1.0,0.977229118347168,1
test_protein_5666,0.0,0.07238443940877914,0
test_protein_5667,0.0,0.9170046448707581,1
test_protein_5668,1.0,0.8520156741142273,1
test_protein_5669,1.0,0.2933236360549927,0
test_protein_5670,0.0,0.008463950827717781,0
test_protein_5671,0.0,0.001078470959328115,0
test_protein_5672,0.0,0.1457524448633194,0
test_protein_5673,0.0,0.0002915553923230618,0
test_protein_5674,1.0,0.9309231638908386,1
test_protein_5675,1.0,0.4204065799713135,0
test_protein_5676,0.0,0.004198137205094099,0
test_protein_5677,0.0,0.9954699277877808,1
test_protein_5678,1.0,0.3363398611545563,0
test_protein_5679,0.0,0.8914821147918701,1
test_protein_5680,1.0,0.7075621485710144,1
test_protein_5681,1.0,0.9227380752563477,1
test_protein_5682,0.0,0.07029449939727783,0
test_protein_5683,1.0,0.016927922144532204,0
test_protein_5684,0.0,0.00025202904362231493,0
test_protein_5685,0.0,0.0003742878616321832,0
test_protein_5686,0.0,0.48313671350479126,0
test_protein_5687,0.0,0.3771384656429291,0
test_protein_5688,0.0,0.7836199998855591,1
test_protein_5689,0.0,0.9348025918006897,1
test_protein_5690,1.0,0.48327621817588806,0
test_protein_5691,1.0,0.9122365713119507,1
test_protein_5692,0.0,0.9866083860397339,1
test_protein_5693,1.0,0.08273686468601227,0
test_protein_5694,0.0,0.10069580376148224,0
test_protein_5695,1.0,0.006921448744833469,0
test_protein_5696,0.0,0.37920594215393066,0
test_protein_5697,0.0,0.25403648614883423,0
test_protein_5698,1.0,0.6497424244880676,1
test_protein_5699,0.0,0.03368053957819939,0
test_protein_5700,1.0,0.9028902649879456,1
test_protein_5701,0.0,0.2738085389137268,0
test_protein_5702,1.0,0.006621101405471563,0
test_protein_5703,0.0,0.8546994924545288,1
test_protein_5704,0.0,0.00022007252846378833,0
test_protein_5705,0.0,0.00021139418822713196,0
test_protein_5706,0.0,0.5619322061538696,1
test_protein_5707,1.0,0.9764319658279419,1
test_protein_5708,0.0,0.36425599455833435,0
test_protein_5709,0.0,0.756946325302124,1
test_protein_5710,0.0,0.5944021344184875,1
test_protein_5711,1.0,0.4053802490234375,0
test_protein_5712,0.0,0.9224112629890442,1
test_protein_5713,1.0,0.4364872872829437,0
test_protein_5714,0.0,0.9277626276016235,1
test_protein_5715,0.0,0.5673412084579468,1
test_protein_5716,0.0,0.0006808284088037908,0
test_protein_5717,1.0,0.7442564368247986,1
test_protein_5718,1.0,0.1040099635720253,0
test_protein_5719,1.0,0.28621581196784973,0
test_protein_5720,1.0,0.2644839882850647,0
test_protein_5721,1.0,0.06293074041604996,0
test_protein_5722,0.0,0.13839156925678253,0
test_protein_5723,0.0,0.2322579175233841,0
test_protein_5724,0.0,0.029458945617079735,0
test_protein_5725,0.0,0.00030236627208068967,0
test_protein_5726,1.0,0.46791088581085205,0
test_protein_5727,0.0,0.00022525712847709656,0
test_protein_5728,0.0,0.9007821083068848,1
test_protein_5729,0.0,0.9524236917495728,1
test_protein_5730,0.0,0.21843641996383667,0
test_protein_5731,1.0,0.8093587160110474,1
test_protein_5732,1.0,0.0064005544409155846,0
test_protein_5733,1.0,0.3650587797164917,0
test_protein_5734,0.0,0.000717301678378135,0
test_protein_5735,0.0,0.0659610778093338,0
test_protein_5736,0.0,0.9285315275192261,1
test_protein_5737,0.0,0.8977488279342651,1
test_protein_5738,1.0,0.9523442387580872,1
test_protein_5739,1.0,0.13405455648899078,0
test_protein_5740,0.0,0.9622141718864441,1
test_protein_5741,0.0,0.0001425381051376462,0
test_protein_5742,0.0,0.028775708749890327,0
test_protein_5743,1.0,0.8772802352905273,1
test_protein_5744,1.0,0.8886337280273438,1
test_protein_5745,0.0,0.00011466407886473462,0
test_protein_5746,0.0,0.0001550783053971827,0
test_protein_5747,0.0,0.00242842105217278,0
test_protein_5748,0.0,0.15900389850139618,0
test_protein_5749,0.0,0.00021015742095187306,0
test_protein_5750,0.0,0.024546509608626366,0
test_protein_5751,1.0,0.9305036067962646,1
test_protein_5752,1.0,0.8852459192276001,1
test_protein_5753,0.0,0.887549102306366,1
test_protein_5754,1.0,0.9232787489891052,1
test_protein_5755,0.0,0.7714843153953552,1
test_protein_5756,1.0,0.8842248320579529,1
test_protein_5757,0.0,0.6131076216697693,1
test_protein_5758,0.0,0.6371492743492126,1
test_protein_5759,0.0,0.025800295174121857,0
test_protein_5760,0.0,0.975772500038147,1
test_protein_5761,0.0,0.009798003360629082,0
test_protein_5762,1.0,0.09647126495838165,0
test_protein_5763,1.0,0.042182594537734985,0
test_protein_5764,0.0,0.0001737776183290407,0
test_protein_5765,0.0,0.00020020331430714577,0
test_protein_5766,1.0,0.4733102321624756,0
test_protein_5767,0.0,0.19465988874435425,0
test_protein_5768,0.0,0.9630417823791504,1
test_protein_5769,1.0,0.960098147392273,1
test_protein_5770,1.0,0.0008291157428175211,0
test_protein_5771,0.0,0.0005588180501945317,0
test_protein_5772,1.0,0.21833252906799316,0
test_protein_5773,1.0,0.07130201905965805,0
test_protein_5774,1.0,0.00898232962936163,0
test_protein_5775,0.0,0.13101723790168762,0
test_protein_5776,0.0,0.006486530415713787,0
test_protein_5777,1.0,0.9844939112663269,1
test_protein_5778,1.0,0.815880537033081,1
test_protein_5779,0.0,0.8599572777748108,1
test_protein_5780,0.0,0.06053183227777481,0
test_protein_5781,1.0,0.8642930388450623,1
test_protein_5782,1.0,0.29785796999931335,0
test_protein_5783,1.0,0.9872106313705444,1
test_protein_5784,0.0,0.8879762887954712,1
test_protein_5785,1.0,0.17143970727920532,0
test_protein_5786,0.0,0.025688430294394493,0
test_protein_5787,0.0,0.0003596721508074552,0
test_protein_5788,1.0,0.6240890026092529,1
test_protein_5789,1.0,0.9920732378959656,1
test_protein_5790,0.0,0.2593742907047272,0
test_protein_5791,1.0,0.4352480471134186,0
test_protein_5792,0.0,0.00015332478506024927,0
test_protein_5793,0.0,0.006987184286117554,0
test_protein_5794,1.0,0.51424241065979,1
test_protein_5795,0.0,0.0009408703190274537,0
test_protein_6060,0.0,0.015066033229231834,0
test_protein_6061,0.0,0.05557440593838692,0
test_protein_6062,0.0,0.6326928734779358,1
test_protein_6063,0.0,0.0027763904072344303,0
test_protein_6064,0.0,0.2757946252822876,0
test_protein_6065,0.0,0.44874727725982666,0
test_protein_6066,0.0,0.90272456407547,1
test_protein_6067,0.0,0.8935871124267578,1
test_protein_6068,0.0,0.8286339044570923,1
test_protein_6069,0.0,0.037793055176734924,0
test_protein_6070,0.0,0.00706487288698554,0
test_protein_6071,0.0,0.005553354974836111,0
test_protein_6072,0.0,0.06068273261189461,0
test_protein_6073,0.0,0.27478861808776855,0
test_protein_6074,0.0,0.02653331495821476,0
test_protein_6075,0.0,0.3223380744457245,0
test_protein_6076,0.0,0.015125712379813194,0
test_protein_6077,0.0,0.13838724792003632,0
test_protein_6078,0.0,0.8003126382827759,1
test_protein_6079,0.0,0.32465633749961853,0
test_protein_6080,0.0,0.27330482006073,0
test_protein_6081,0.0,0.008455135859549046,0
test_protein_6082,0.0,0.17367267608642578,0
test_protein_6083,0.0,0.45373666286468506,0
test_protein_6084,0.0,0.2662728726863861,0
test_protein_6085,0.0,0.1327328234910965,0
test_protein_6086,0.0,0.045327577739953995,0
test_protein_6087,0.0,0.04006349295377731,0
test_protein_6088,0.0,0.05559420585632324,0
test_protein_6089,0.0,0.19318784773349762,0
test_protein_6090,0.0,0.025762712582945824,0
test_protein_6091,0.0,0.047624681144952774,0
test_protein_6092,0.0,0.021959977224469185,0
test_protein_6093,0.0,0.6757826805114746,1
test_protein_6094,0.0,0.0054923128336668015,0
test_protein_6095,0.0,0.0491948202252388,0
test_protein_6096,0.0,0.0015646375250071287,0
test_protein_6097,0.0,0.3746613562107086,0
test_protein_6098,0.0,0.7930214405059814,1
test_protein_6099,0.0,0.5837105512619019,1
test_protein_6100,0.0,0.002109602326527238,0
test_protein_6101,0.0,0.034489188343286514,0
test_protein_6102,0.0,0.010511182248592377,0
test_protein_6103,0.0,0.6530895829200745,1
test_protein_6104,0.0,0.5810433030128479,1
test_protein_6105,0.0,0.898880660533905,1
test_protein_6106,0.0,0.008590430952608585,0
test_protein_6107,0.0,0.10917985439300537,0
test_protein_6108,0.0,0.34517401456832886,0
test_protein_6109,0.0,0.17865876853466034,0
test_protein_6110,0.0,0.6943733096122742,1
test_protein_6111,0.0,0.6801190972328186,1
test_protein_6112,0.0,0.9785075187683105,1
test_protein_6113,0.0,0.26731035113334656,0
test_protein_6114,0.0,0.13965263962745667,0
test_protein_6115,0.0,0.8913847804069519,1
test_protein_6116,0.0,0.11162290722131729,0
test_protein_6117,0.0,0.9509706497192383,1
test_protein_6118,0.0,0.955266535282135,1
test_protein_6119,0.0,0.7976464033126831,1
test_protein_6120,0.0,0.9816790223121643,1
test_protein_6121,0.0,0.01625566929578781,0
test_protein_6122,0.0,0.01636672019958496,0
test_protein_6123,0.0,0.025067295879125595,0
test_protein_6124,0.0,0.70820152759552,1
test_protein_6125,0.0,0.13718897104263306,0
test_protein_6126,0.0,0.6281418204307556,1
test_protein_6127,0.0,0.5336782932281494,1
test_protein_6128,0.0,0.4378417432308197,0
test_protein_6129,0.0,0.0012837755493819714,0
test_protein_6130,0.0,0.005802438594400883,0
test_protein_6131,0.0,0.173116534948349,0
test_protein_6132,0.0,0.018215486779808998,0
test_protein_6133,0.0,0.07554350048303604,0
test_protein_6134,0.0,0.16499392688274384,0
test_protein_6135,0.0,0.837149977684021,1
test_protein_6136,0.0,0.5275994539260864,1
test_protein_6137,0.0,0.27266988158226013,0
test_protein_6138,0.0,0.12935519218444824,0
test_protein_6139,0.0,0.12624505162239075,0
test_protein_6140,0.0,0.3824782967567444,0
test_protein_6141,0.0,0.6818420886993408,1
test_protein_6142,0.0,0.011143756099045277,0
test_protein_6143,0.0,0.22173632681369781,0
test_protein_6144,0.0,0.244744211435318,0
test_protein_6145,0.0,0.0009400683338753879,0
test_protein_6146,0.0,0.9118644595146179,1
test_protein_6147,0.0,0.68572998046875,1
test_protein_6148,0.0,0.002279257867485285,0
test_protein_6149,0.0,0.004426891915500164,0
test_protein_6150,0.0,0.043960608541965485,0
test_protein_6151,0.0,0.0010664418805390596,0
test_protein_6152,0.0,0.9322518110275269,1
test_protein_6153,0.0,0.45523184537887573,0
test_protein_6154,0.0,0.10886441916227341,0
test_protein_6155,0.0,0.3612622022628784,0
test_protein_6156,0.0,0.005383803974837065,0
test_protein_6157,0.0,0.857742428779602,1
test_protein_6158,0.0,0.9598122239112854,1
test_protein_6159,0.0,0.5515553951263428,1
test_protein_6160,0.0,0.9101734161376953,1
test_protein_6161,0.0,0.03606661036610603,0
test_protein_6162,0.0,0.9638729095458984,1
test_protein_6163,0.0,0.2800895571708679,0
test_protein_6164,0.0,0.013469130732119083,0
test_protein_6165,0.0,0.47159790992736816,0
test_protein_6166,0.0,0.09562739729881287,0
test_protein_6167,0.0,0.7957775592803955,1
test_protein_6168,0.0,0.4662604331970215,0
test_protein_6169,0.0,0.023848945274949074,0
test_protein_6170,0.0,0.15014615654945374,0
test_protein_6171,0.0,0.010305853560566902,0
test_protein_6172,0.0,0.06606452912092209,0
test_protein_6173,0.0,0.8368069529533386,1
test_protein_6174,0.0,0.0006159706972539425,0
test_protein_6175,0.0,0.003885884303599596,0
test_protein_6176,0.0,0.06868363171815872,0
test_protein_6177,0.0,0.008126260712742805,0
test_protein_6178,0.0,0.27831196784973145,0
test_protein_6179,0.0,0.16070035099983215,0
test_protein_6180,0.0,0.9448202252388,1
test_protein_6181,0.0,0.315331369638443,0
test_protein_6182,0.0,0.9056989550590515,1
test_protein_6183,0.0,0.002501572947949171,0
test_protein_6184,0.0,0.8478177189826965,1
test_protein_6185,0.0,0.8837262392044067,1
test_protein_6186,0.0,0.14209336042404175,0
test_protein_6187,0.0,0.18403089046478271,0
test_protein_6188,0.0,0.020192790776491165,0
test_protein_6189,0.0,0.09565941244363785,0
test_protein_6190,0.0,0.03429417312145233,0
test_protein_6191,0.0,0.08626896142959595,0
test_protein_6192,0.0,0.04348725080490112,0
test_protein_6193,0.0,0.3841058313846588,0
test_protein_6194,0.0,0.6877118945121765,1
test_protein_6195,0.0,0.724172830581665,1
test_protein_6196,0.0,0.834904670715332,1
test_protein_6197,0.0,0.2864537835121155,0
test_protein_6198,0.0,0.0009558434830978513,0
test_protein_6199,0.0,0.8064087629318237,1
test_protein_6200,0.0,0.8380076885223389,1
test_protein_6201,0.0,0.022409573197364807,0
test_protein_6202,0.0,0.220815509557724,0
test_protein_6203,0.0,0.8418891429901123,1
test_protein_6204,0.0,0.30247631669044495,0
test_protein_6205,0.0,0.6213842630386353,1
test_protein_6206,0.0,0.0969996228814125,0
test_protein_6207,0.0,0.3800111711025238,0
test_protein_6208,0.0,0.7433100342750549,1
test_protein_6209,0.0,0.18755407631397247,0
test_protein_6210,0.0,0.45505502820014954,0
test_protein_6211,0.0,0.4196263551712036,0
test_protein_6212,0.0,0.05121303349733353,0
test_protein_6213,0.0,0.07564021646976471,0
test_protein_6214,0.0,0.025852199643850327,0
test_protein_6215,0.0,0.10275908559560776,0
test_protein_6216,0.0,0.9257843494415283,1
test_protein_6217,0.0,0.9868636131286621,1
test_protein_6218,0.0,0.012096378952264786,0
test_protein_6219,0.0,0.11021112650632858,0
test_protein_6220,0.0,0.22891633212566376,0
test_protein_6221,0.0,0.22362011671066284,0
test_protein_6222,0.0,0.19609132409095764,0
test_protein_6223,0.0,0.010952497832477093,0
test_protein_6224,0.0,0.005672868806868792,0
test_protein_6225,0.0,0.053372353315353394,0
test_protein_6226,0.0,0.17934025824069977,0
test_protein_6227,0.0,0.12362099438905716,0
test_protein_6228,0.0,0.6976467967033386,1
test_protein_6229,0.0,0.026711897924542427,0
test_protein_6230,0.0,0.9434724450111389,1
test_protein_6231,0.0,0.05143124610185623,0
test_protein_6232,0.0,0.30568554997444153,0
test_protein_6233,0.0,0.32066380977630615,0
test_protein_6234,0.0,0.0509619265794754,0
test_protein_6235,0.0,0.0016522541409358382,0
test_protein_6236,0.0,0.641481339931488,1
test_protein_6237,0.0,0.9883095026016235,1
test_protein_6238,0.0,0.1401633471250534,0
test_protein_6239,0.0,0.015496393665671349,0
test_protein_6240,0.0,0.01881718821823597,0
test_protein_6241,0.0,0.09713025391101837,0
test_protein_6242,0.0,0.2963277995586395,0
test_protein_6243,0.0,0.029895300045609474,0
test_protein_6244,0.0,0.017467575147747993,0
test_protein_6245,0.0,0.2337331473827362,0
test_protein_6246,0.0,0.2788117229938507,0
test_protein_6247,0.0,0.1512010544538498,0
test_protein_6248,0.0,0.15458200871944427,0
test_protein_6249,0.0,0.795866072177887,1
test_protein_6250,0.0,0.6862613558769226,1
test_protein_6251,0.0,0.5295078754425049,1
test_protein_6252,0.0,0.00665348069742322,0
test_protein_6253,0.0,0.019380655139684677,0
test_protein_6254,0.0,0.0300197284668684,0
test_protein_6255,0.0,0.36191326379776,0
test_protein_6256,0.0,0.03229827061295509,0
test_protein_6257,0.0,0.03890817612409592,0
test_protein_6258,0.0,0.04655352607369423,0
test_protein_6259,0.0,0.09397446364164352,0
test_protein_6260,0.0,0.8949915170669556,1
test_protein_6261,0.0,0.6400325298309326,1
test_protein_6262,0.0,0.5700888633728027,1
test_protein_6263,0.0,0.0024764318950474262,0
test_protein_6264,0.0,0.7678990364074707,1
test_protein_6265,0.0,0.7381365299224854,1
test_protein_6266,0.0,0.012830275110900402,0
test_protein_6267,0.0,0.8828871846199036,1
test_protein_6268,0.0,0.8069414496421814,1
test_protein_6269,0.0,0.03185413032770157,0
test_protein_6270,0.0,0.17868433892726898,0
test_protein_6271,0.0,0.041742920875549316,0
test_protein_6272,0.0,0.2706489861011505,0
test_protein_6273,0.0,0.9633713364601135,1
test_protein_6274,0.0,0.12529203295707703,0
test_protein_6275,0.0,0.33767127990722656,0
test_protein_6276,0.0,0.01885528862476349,0
test_protein_6277,0.0,0.9005174040794373,1
test_protein_6278,0.0,0.6525925993919373,1
test_protein_6279,0.0,0.24806658923625946,0
test_protein_6280,0.0,0.825907289981842,1
test_protein_6281,0.0,0.39394715428352356,0
test_protein_6282,0.0,0.23654049634933472,0
test_protein_6283,0.0,0.6269564032554626,1
test_protein_6284,0.0,0.010607747361063957,0
test_protein_6285,0.0,0.3084002435207367,0
test_protein_6286,0.0,0.28914833068847656,0
test_protein_6287,0.0,0.025737179443240166,0
test_protein_6288,0.0,0.019435252994298935,0
test_protein_6289,0.0,0.005119853653013706,0
test_protein_6290,0.0,0.05112157016992569,0
test_protein_6291,0.0,0.536488950252533,1
test_protein_6292,0.0,0.017840106040239334,0
test_protein_6293,0.0,0.9173239469528198,1
test_protein_6294,0.0,0.9022941589355469,1
test_protein_6295,0.0,0.8147779107093811,1
test_protein_6296,0.0,0.07292801886796951,0
test_protein_6297,0.0,0.038894377648830414,0
test_protein_6298,0.0,0.9548504948616028,1
test_protein_6299,0.0,0.009636678732931614,0
test_protein_6300,0.0,0.5922218561172485,1
test_protein_6301,0.0,0.4053408205509186,0
test_protein_6302,0.0,0.3507417142391205,0
test_protein_6303,0.0,0.9711001515388489,1
test_protein_6304,0.0,0.5560558438301086,1
test_protein_6305,0.0,0.07133962213993073,0
test_protein_6306,0.0,0.0055724554695189,0
test_protein_6307,0.0,0.07511845231056213,0
test_protein_6308,0.0,0.12375332415103912,0
test_protein_6309,0.0,0.014660871587693691,0
test_protein_6310,0.0,0.16642507910728455,0
test_protein_6311,0.0,0.10879740118980408,0
test_protein_6312,0.0,0.09241227060556412,0
test_protein_6313,0.0,0.013070452027022839,0
test_protein_6314,0.0,0.2541142404079437,0
test_protein_6315,0.0,0.42280083894729614,0
test_protein_6316,0.0,0.9403939247131348,1
test_protein_6317,0.0,0.1752963364124298,0
test_protein_6318,0.0,0.9317606687545776,1
test_protein_6319,0.0,0.10477577149868011,0
test_protein_6320,0.0,0.9645611643791199,1
test_protein_6321,0.0,0.17977678775787354,0
test_protein_6322,0.0,0.6310834288597107,1
test_protein_6323,0.0,0.5500909090042114,1
test_protein_6324,0.0,0.24248899519443512,0
test_protein_6325,0.0,0.9532903432846069,1
test_protein_6326,0.0,0.8090498447418213,1
test_protein_6327,0.0,0.055343035608530045,0
test_protein_6328,0.0,0.730820894241333,1
test_protein_6329,0.0,0.11288632452487946,0
test_protein_6330,0.0,0.0007739507127553225,0
test_protein_6331,0.0,0.01697152480483055,0
test_protein_6332,0.0,0.06127319484949112,0
test_protein_6333,0.0,0.09018444269895554,0
test_protein_6334,0.0,0.4938552677631378,0
test_protein_6335,0.0,0.6882766485214233,1
test_protein_6336,0.0,0.002429710468277335,0
test_protein_6337,0.0,0.918766975402832,1
test_protein_6338,0.0,0.5207729935646057,1
test_protein_6339,0.0,0.652958333492279,1
test_protein_6340,0.0,0.018182257190346718,0
test_protein_6341,0.0,0.3094882667064667,0
test_protein_6342,0.0,0.051261547952890396,0
test_protein_6343,0.0,0.016238536685705185,0
test_protein_6344,0.0,0.04469822347164154,0
test_protein_6345,0.0,0.007036469876766205,0
test_protein_6346,0.0,0.005469453055411577,0
test_protein_6347,0.0,0.008001238107681274,0
test_protein_6348,0.0,0.22184103727340698,0
test_protein_6349,0.0,0.4021907448768616,0
test_protein_6350,0.0,0.04929977282881737,0
test_protein_6351,0.0,0.730869472026825,1
test_protein_6352,0.0,0.24259045720100403,0
test_protein_6353,0.0,0.009262227453291416,0
test_protein_6354,0.0,0.14647527039051056,0
test_protein_6355,0.0,0.7173013687133789,1
test_protein_6356,0.0,0.006420256569981575,0
test_protein_6357,0.0,0.7822073101997375,1
test_protein_6358,0.0,0.9815577864646912,1
test_protein_6359,0.0,0.514078676700592,1
test_protein_6360,0.0,0.8830530047416687,1
test_protein_6361,0.0,0.268657386302948,0
test_protein_6362,0.0,0.05606662109494209,0
test_protein_6363,0.0,0.001448006252758205,0
test_protein_6364,0.0,0.0177632924169302,0
test_protein_6365,0.0,0.005619634408503771,0
test_protein_6366,0.0,0.5050112009048462,1
test_protein_6367,0.0,0.030263841152191162,0
test_protein_6368,0.0,0.17425216734409332,0
test_protein_6369,0.0,0.18862372636795044,0
test_protein_6370,0.0,0.9567482471466064,1
test_protein_6371,0.0,0.10903332382440567,0
test_protein_6372,0.0,0.9848350286483765,1
test_protein_6373,0.0,0.1078399121761322,0
test_protein_6374,0.0,0.028281748294830322,0
test_protein_6375,0.0,0.8188021183013916,1
test_protein_6376,0.0,0.0017885580891743302,0
test_protein_6377,0.0,0.4388510584831238,0
test_protein_6378,0.0,0.9408994913101196,1
test_protein_6379,0.0,0.010896831750869751,0
test_protein_6380,0.0,0.08047232776880264,0
test_protein_6381,0.0,0.9542386531829834,1
test_protein_6382,0.0,0.04545827955007553,0
test_protein_6383,0.0,0.002650635549798608,0
test_protein_6384,0.0,0.19208620488643646,0
test_protein_6385,0.0,0.07504014670848846,0
test_protein_6386,0.0,0.4365273416042328,0
test_protein_6387,0.0,0.7599629759788513,1
test_protein_6388,0.0,0.04580812156200409,0
test_protein_6389,0.0,0.10893715173006058,0
test_protein_6390,0.0,0.857038140296936,1
test_protein_6391,0.0,0.0120353102684021,0
test_protein_6392,0.0,0.01004280149936676,0
test_protein_6393,0.0,0.38696426153182983,0
test_protein_6394,0.0,0.11034181714057922,0
test_protein_6395,0.0,0.5150219798088074,1
test_protein_6396,0.0,0.9467354416847229,1
test_protein_6397,0.0,0.822870671749115,1
test_protein_6398,0.0,0.6631417274475098,1
test_protein_6399,0.0,0.9348419308662415,1
test_protein_6400,0.0,0.2593522369861603,0
test_protein_6401,0.0,0.07609228789806366,0
test_protein_6402,0.0,0.11204176396131516,0
test_protein_6403,0.0,0.6225059032440186,1
test_protein_6404,0.0,0.5422757863998413,1
test_protein_6405,0.0,0.015585096552968025,0
test_protein_6406,0.0,0.12271004915237427,0
test_protein_6407,0.0,0.28210267424583435,0
test_protein_6408,0.0,0.9858430027961731,1
test_protein_6409,0.0,0.24516606330871582,0
test_protein_6410,0.0,0.11008178442716599,0
test_protein_6411,0.0,0.7116503119468689,1
test_protein_6412,0.0,0.017297906801104546,0
test_protein_6413,0.0,0.41667813062667847,0
test_protein_6414,0.0,0.8482691049575806,1
test_protein_6415,0.0,0.30796945095062256,0
test_protein_6416,0.0,0.0007205625879578292,0
test_protein_6417,0.0,0.12897050380706787,0
test_protein_6418,0.0,0.051969945430755615,0
test_protein_6419,0.0,0.6713358163833618,1
test_protein_6420,0.0,0.08703295141458511,0
test_protein_6421,0.0,0.2903198003768921,0
test_protein_6422,0.0,0.8091608881950378,1
test_protein_6423,0.0,0.3858480155467987,0
test_protein_6424,0.0,0.0788453072309494,0
test_protein_6425,0.0,0.06594260036945343,0
test_protein_6426,0.0,0.9730091691017151,1
test_protein_6427,0.0,0.034478895366191864,0
test_protein_6428,0.0,0.9632984399795532,1
test_protein_6429,0.0,0.604114294052124,1
test_protein_6430,0.0,0.7119816541671753,1
test_protein_6431,0.0,0.02121720276772976,0
test_protein_6432,0.0,0.5509966611862183,1
test_protein_6433,0.0,0.7938647866249084,1
test_protein_6434,0.0,0.4558447301387787,0
test_protein_6435,0.0,0.19208396971225739,0
test_protein_6436,0.0,0.09135661274194717,0
test_protein_6437,0.0,0.5310078859329224,1
test_protein_6438,0.0,0.103770911693573,0
test_protein_6439,0.0,0.6921550035476685,1
test_protein_6440,0.0,0.7708492279052734,1
test_protein_6441,0.0,0.8782064914703369,1
test_protein_6442,0.0,0.5118213891983032,1
test_protein_6443,0.0,0.0026339716278016567,0
test_protein_6444,0.0,0.7586795687675476,1
test_protein_6445,0.0,0.03401651978492737,0
test_protein_6446,0.0,0.06392121315002441,0
test_protein_6447,0.0,0.5013583898544312,1
test_protein_6448,0.0,0.05721422657370567,0
test_protein_6449,0.0,0.5679399967193604,1
test_protein_6450,0.0,0.002556219696998596,0
test_protein_6451,0.0,0.005677262786775827,0
test_protein_6452,0.0,0.9127721786499023,1
test_protein_6453,0.0,0.3470006287097931,0
test_protein_6454,0.0,0.012960629537701607,0
test_protein_6455,0.0,0.6926292181015015,1
test_protein_6456,0.0,0.012017413042485714,0
test_protein_6457,0.0,0.10943791270256042,0
test_protein_6458,0.0,0.15897512435913086,0
test_protein_6459,0.0,0.04271905869245529,0
test_protein_6460,0.0,0.922358512878418,1
test_protein_6461,0.0,0.030636411160230637,0
test_protein_6462,0.0,0.13021498918533325,0
test_protein_6463,0.0,0.9427806735038757,1
test_protein_6464,0.0,0.8305188417434692,1
test_protein_6465,0.0,0.02313186600804329,0
test_protein_6466,0.0,0.15563355386257172,0
test_protein_6467,0.0,0.09597752243280411,0
test_protein_6468,0.0,0.12236833572387695,0
test_protein_6469,0.0,0.020368268713355064,0
test_protein_6470,0.0,0.9160093069076538,1
test_protein_6471,0.0,0.9738578796386719,1
test_protein_6472,0.0,0.41860854625701904,0
test_protein_6473,0.0,0.11895786970853806,0
test_protein_6474,0.0,0.8496363759040833,1
test_protein_6475,0.0,0.4396511912345886,0
test_protein_6476,0.0,0.003993247170001268,0
test_protein_6477,0.0,0.2794891893863678,0
test_protein_6478,0.0,0.36903488636016846,0
test_protein_6479,0.0,0.1907295286655426,0
test_protein_6480,0.0,0.07927775382995605,0
test_protein_6481,0.0,0.9222765564918518,1
test_protein_6482,0.0,0.06648948043584824,0
test_protein_6483,0.0,0.8190944790840149,1
test_protein_6484,0.0,0.7551104426383972,1
test_protein_6485,0.0,0.30875298380851746,0
test_protein_6486,0.0,0.09090600907802582,0
test_protein_6487,0.0,0.169417142868042,0
test_protein_6488,0.0,0.001398150809109211,0
test_protein_6489,0.0,0.7024177312850952,1
test_protein_6490,0.0,0.35290125012397766,0
test_protein_6491,0.0,0.11599382013082504,0
test_protein_6492,0.0,0.9104856252670288,1
test_protein_6493,0.0,0.2970072627067566,0
test_protein_6494,0.0,0.9514883756637573,1
test_protein_6495,0.0,0.5782877206802368,1
test_protein_6496,0.0,0.3995879888534546,0
test_protein_6497,0.0,0.06733139604330063,0
test_protein_6498,0.0,0.03510604426264763,0
test_protein_6499,0.0,0.5287301540374756,1
test_protein_6500,0.0,0.4784713089466095,0
test_protein_6501,0.0,0.5268557071685791,1
test_protein_6502,0.0,0.0257050022482872,0
test_protein_6503,0.0,0.07551734894514084,0
test_protein_6504,0.0,0.2010999619960785,0
test_protein_6505,0.0,0.9516197443008423,1
test_protein_6506,0.0,0.5326374769210815,1
test_protein_6507,0.0,0.16167128086090088,0
test_protein_6508,0.0,0.1358593851327896,0
test_protein_6509,0.0,0.4554010331630707,0
test_protein_6510,0.0,0.4413985311985016,0
test_protein_6511,0.0,0.7527146339416504,1
test_protein_6512,0.0,0.9735497236251831,1
test_protein_6513,0.0,0.04338211193680763,0
test_protein_6514,0.0,0.07965647429227829,0
test_protein_6515,0.0,0.033808089792728424,0
test_protein_6516,0.0,0.9777840375900269,1
test_protein_6517,0.0,0.26335006952285767,0
test_protein_6518,0.0,0.21463273465633392,0
test_protein_6519,0.0,0.014868559315800667,0
test_protein_6520,0.0,0.21506592631340027,0
test_protein_6521,0.0,0.0039113666862249374,0
test_protein_6522,0.0,0.7832212448120117,1
test_protein_6523,0.0,0.021060502156615257,0
test_protein_6524,0.0,0.9226614236831665,1
test_protein_6525,0.0,0.24841615557670593,0
test_protein_6526,0.0,0.9576083421707153,1
test_protein_6527,0.0,0.7535212635993958,1
test_protein_6528,0.0,0.2665272355079651,0
test_protein_6529,0.0,0.0061646695248782635,0
test_protein_6530,0.0,0.006946113891899586,0
test_protein_6531,0.0,0.1548345685005188,0
test_protein_6532,0.0,0.4924384355545044,0
test_protein_6533,0.0,0.11959972232580185,0
test_protein_6534,0.0,0.30936408042907715,0
test_protein_6535,0.0,0.008772173896431923,0
test_protein_6536,0.0,0.26896002888679504,0
test_protein_6537,0.0,0.007882495410740376,0
test_protein_6538,0.0,0.9342864751815796,1
test_protein_6539,0.0,0.4508392810821533,0
test_protein_6540,0.0,0.56110680103302,1
test_protein_6541,0.0,0.4455205202102661,0
test_protein_6542,0.0,0.18948212265968323,0
test_protein_6543,0.0,0.04109117016196251,0
test_protein_6544,0.0,0.3144076466560364,0
test_protein_6545,0.0,0.10562482476234436,0
test_protein_6546,0.0,0.36016079783439636,0
test_protein_6547,0.0,0.5702111721038818,1
test_protein_6548,0.0,0.013737494125962257,0
test_protein_6549,0.0,0.014665969647467136,0
test_protein_6550,0.0,0.0532989427447319,0
test_protein_6551,0.0,0.012392920441925526,0
test_protein_6552,0.0,0.12535595893859863,0
test_protein_6553,0.0,0.5047349333763123,1
test_protein_6554,0.0,0.2569356858730316,0
test_protein_6555,0.0,0.9970295429229736,1
test_protein_6556,0.0,0.21000054478645325,0
test_protein_6557,0.0,0.005418284796178341,0
test_protein_6558,0.0,0.01665521413087845,0
test_protein_6559,0.0,0.06343119591474533,0
test_protein_6560,0.0,0.05590164661407471,0
test_protein_6561,0.0,0.787344217300415,1
test_protein_6562,0.0,0.8832575678825378,1
test_protein_6563,0.0,0.8805574774742126,1
test_protein_6564,0.0,0.9625523090362549,1
test_protein_6565,0.0,0.02621074952185154,0
test_protein_6566,0.0,0.026720305904746056,0
test_protein_6567,0.0,0.7970824241638184,1
test_protein_6568,0.0,0.6445633172988892,1
test_protein_6569,0.0,0.005969703663140535,0
test_protein_6570,0.0,0.019497599452733994,0
test_protein_6571,0.0,0.07888087630271912,0
test_protein_6572,0.0,0.33394548296928406,0
test_protein_6573,0.0,0.9629588723182678,1
test_protein_6574,0.0,0.00852177944034338,0
test_protein_6575,0.0,0.0031902091577649117,0
test_protein_6576,0.0,0.3032476305961609,0
test_protein_6577,0.0,0.763533353805542,1
test_protein_6578,0.0,0.3904815912246704,0
test_protein_6579,0.0,0.9703875184059143,1
test_protein_6580,0.0,0.0030635858420282602,0
test_protein_6581,0.0,0.6053755879402161,1
test_protein_6582,0.0,0.9615553617477417,1
test_protein_6583,0.0,0.09462958574295044,0
test_protein_6584,0.0,0.13554705679416656,0
test_protein_6585,0.0,0.6239742040634155,1
test_protein_6586,0.0,0.06219983473420143,0
test_protein_6587,0.0,0.0007809849921613932,0
test_protein_6588,0.0,0.11824186891317368,0
test_protein_6589,0.0,0.4455365240573883,0
test_protein_6590,0.0,0.15738005936145782,0
test_protein_6591,0.0,0.10290811955928802,0
test_protein_6592,0.0,0.2298322319984436,0
test_protein_6593,0.0,0.067048080265522,0
test_protein_6594,0.0,0.06410399824380875,0
test_protein_6595,0.0,0.10194894671440125,0
test_protein_6596,0.0,0.0350395031273365,0
test_protein_6597,0.0,0.1463150829076767,0
test_protein_6598,0.0,0.01835484243929386,0
test_protein_6599,0.0,0.3598348796367645,0
test_protein_6600,0.0,0.9559147357940674,1
test_protein_6601,0.0,0.45715591311454773,0
test_protein_6602,0.0,0.8206286430358887,1
test_protein_6603,0.0,0.9435768723487854,1
test_protein_6604,0.0,0.059610940515995026,0
test_protein_6605,0.0,0.23901793360710144,0
test_protein_6606,0.0,0.3708779513835907,0
test_protein_6607,0.0,0.03313459828495979,0
test_protein_6608,0.0,0.014771807007491589,0
test_protein_6609,0.0,0.49573081731796265,0
test_protein_6610,0.0,0.03523394465446472,0
test_protein_6611,0.0,0.2287570834159851,0
test_protein_6612,0.0,0.837462306022644,1
test_protein_6613,0.0,0.7730617523193359,1
test_protein_6614,0.0,0.024065271019935608,0
test_protein_6615,0.0,0.3076401650905609,0
test_protein_6616,0.0,0.2406030148267746,0
test_protein_6617,0.0,0.10476116836071014,0
test_protein_6618,0.0,0.0047421581111848354,0
test_protein_6619,0.0,0.8042014241218567,1
test_protein_6620,0.0,0.483590692281723,0
test_protein_6621,0.0,0.6507001519203186,1
test_protein_6622,0.0,0.951586902141571,1
test_protein_6623,0.0,0.04167410358786583,0
test_protein_6624,0.0,0.394455224275589,0
test_protein_6625,0.0,0.2100747674703598,0
test_protein_6626,0.0,0.887161910533905,1
test_protein_6627,0.0,0.649715006351471,1
test_protein_6628,0.0,0.5745792984962463,1
test_protein_6629,0.0,0.0005741811473853886,0
test_protein_6630,0.0,0.9067679047584534,1
test_protein_6631,0.0,0.0574808195233345,0
test_protein_6632,0.0,0.6728278398513794,1
test_protein_6633,0.0,0.5528683662414551,1
test_protein_6634,0.0,0.5887125134468079,1
test_protein_6635,0.0,0.3311661183834076,0
test_protein_6636,0.0,0.0011866637505590916,0
test_protein_6637,0.0,0.20939742028713226,0
test_protein_6638,0.0,0.1470903605222702,0
test_protein_6639,0.0,0.31739598512649536,0
test_protein_6640,0.0,0.4392821788787842,0
test_protein_6641,0.0,0.5382956862449646,1
test_protein_6642,0.0,0.15801021456718445,0
test_protein_6643,0.0,0.37569496035575867,0
test_protein_6644,0.0,0.20511125028133392,0
test_protein_6645,0.0,0.9178594946861267,1
test_protein_6646,0.0,0.7731305360794067,1
test_protein_6647,0.0,0.7816784381866455,1
test_protein_6648,0.0,0.15643250942230225,0
test_protein_6649,0.0,0.8830798864364624,1
test_protein_6650,0.0,0.9749153852462769,1
test_protein_6651,0.0,0.9336476922035217,1
test_protein_6652,0.0,0.6948729753494263,1
test_protein_6653,0.0,0.5927623510360718,1
test_protein_6654,0.0,0.8371469378471375,1
test_protein_6655,0.0,0.7565628290176392,1
test_protein_6656,0.0,0.3857223689556122,0
test_protein_6657,0.0,0.7772110104560852,1
test_protein_6658,0.0,0.2621402144432068,0
test_protein_6659,0.0,0.059199023991823196,0
test_protein_6660,0.0,0.08587613701820374,0
test_protein_6661,0.0,0.28930848836898804,0
test_protein_6662,0.0,0.5032920837402344,1
test_protein_6663,0.0,0.2846001982688904,0
test_protein_6664,0.0,0.00017821945948526263,0
test_protein_6665,0.0,0.9378404021263123,1
test_protein_6666,0.0,0.9596302509307861,1
test_protein_6667,0.0,0.04047882556915283,0
test_protein_6668,0.0,0.8317214846611023,1
test_protein_6669,0.0,0.6947061419487,1
test_protein_6670,0.0,0.00956692360341549,0
test_protein_6671,0.0,0.018447667360305786,0
test_protein_6672,0.0,0.0029969036113470793,0
test_protein_6673,0.0,0.4021681249141693,0
test_protein_6674,0.0,0.24204875528812408,0
test_protein_6675,0.0,0.2368636280298233,0
test_protein_6676,0.0,0.1453189104795456,0
test_protein_6677,0.0,0.3689640164375305,0
test_protein_6678,0.0,0.38912683725357056,0
test_protein_6679,0.0,0.818071722984314,1
test_protein_6680,0.0,0.6449718475341797,1
test_protein_6681,0.0,0.06324867159128189,0
test_protein_6682,0.0,0.205851212143898,0
test_protein_6683,0.0,0.04670033976435661,0
test_protein_6684,0.0,0.0033389884047210217,0
test_protein_6685,0.0,0.9188280701637268,1
test_protein_6686,0.0,0.05396490544080734,0
test_protein_6687,0.0,0.3128136098384857,0
test_protein_6688,0.0,0.4188273251056671,0
test_protein_6689,0.0,0.30506211519241333,0
test_protein_6690,0.0,0.9766299724578857,1
test_protein_6691,0.0,0.0005727351526729763,0
test_protein_6692,0.0,0.5477679967880249,1
test_protein_6693,0.0,0.6963831782341003,1
test_protein_6694,0.0,0.6547157168388367,1
test_protein_6695,0.0,0.8608782887458801,1
test_protein_6696,0.0,0.15024031698703766,0
test_protein_6697,0.0,0.8433791995048523,1
test_protein_6698,0.0,0.44530442357063293,0
test_protein_6699,0.0,0.1102597638964653,0
test_protein_6700,0.0,0.6035910248756409,1
test_protein_6701,0.0,0.08994022756814957,0
test_protein_6702,0.0,0.8537034392356873,1
test_protein_6703,0.0,0.05157032981514931,0
test_protein_6704,0.0,0.0002722005301620811,0
test_protein_6705,0.0,0.055936459451913834,0
test_protein_6706,0.0,0.7605605125427246,1
test_protein_6707,0.0,0.895188570022583,1
test_protein_6708,0.0,0.9231969714164734,1
test_protein_6709,0.0,0.015279188752174377,0
test_protein_6710,0.0,0.9635019302368164,1
test_protein_6711,0.0,0.547172486782074,1
test_protein_6712,0.0,0.6733503937721252,1
test_protein_6713,0.0,0.056493327021598816,0
test_protein_6714,0.0,0.030061153694987297,0
test_protein_6715,0.0,0.10644836723804474,0
test_protein_6716,0.0,0.013532319106161594,0
test_protein_6717,0.0,0.7865301966667175,1
test_protein_6718,0.0,0.2876807451248169,0
test_protein_6719,0.0,0.9107460975646973,1
test_protein_6720,0.0,0.014921298250555992,0
test_protein_6721,0.0,0.5256205797195435,1
test_protein_6722,0.0,0.04352259263396263,0
test_protein_6723,0.0,0.02490304969251156,0
test_protein_6724,0.0,0.8130286931991577,1
test_protein_6725,0.0,0.23336325585842133,0
test_protein_6726,0.0,0.2740930914878845,0
test_protein_6727,0.0,0.043581899255514145,0
test_protein_6728,0.0,0.9523388147354126,1
test_protein_6729,0.0,0.04735015332698822,0
test_protein_6730,0.0,0.7415158152580261,1
test_protein_6731,0.0,0.6073659062385559,1
test_protein_6732,0.0,0.19628717005252838,0
test_protein_6733,0.0,0.08567021787166595,0
test_protein_6734,0.0,0.18846143782138824,0
test_protein_6735,0.0,0.12543047964572906,0
test_protein_6736,0.0,0.4740276634693146,0
test_protein_6737,0.0,0.29659560322761536,0
test_protein_6738,0.0,0.08093170821666718,0
test_protein_6739,0.0,0.8713988065719604,1
test_protein_6740,0.0,0.6813843846321106,1
test_protein_6741,0.0,0.822792649269104,1
test_protein_6742,0.0,0.22626692056655884,0
test_protein_6743,0.0,0.9775851368904114,1
test_protein_6744,0.0,0.8869938850402832,1
test_protein_6745,0.0,0.14689098298549652,0
test_protein_6746,0.0,0.2874825596809387,0
test_protein_6747,0.0,0.9726306796073914,1
test_protein_6748,0.0,0.46581438183784485,0
test_protein_6749,0.0,0.05093409866094589,0
test_protein_6750,0.0,0.13104446232318878,0
test_protein_6751,0.0,0.5111256241798401,1
test_protein_6752,0.0,0.001164903398603201,0
test_protein_6753,0.0,0.8191984295845032,1
test_protein_6754,0.0,0.08824284374713898,0
test_protein_6755,0.0,0.9748862981796265,1
test_protein_6756,0.0,0.9020287990570068,1
test_protein_6757,0.0,0.689536452293396,1
test_protein_6758,0.0,0.794338047504425,1
test_protein_6759,0.0,0.008267072960734367,0
test_protein_6760,0.0,0.04251808673143387,0
test_protein_6761,0.0,0.51060551404953,1
test_protein_6762,0.0,0.5648698210716248,1
test_protein_6763,0.0,0.4947153925895691,0
test_protein_6764,0.0,0.6285329461097717,1
test_protein_6765,0.0,0.03770079463720322,0
test_protein_6766,0.0,0.14339986443519592,0
test_protein_6767,0.0,0.2921816110610962,0
test_protein_6768,0.0,0.005801030434668064,0
test_protein_6769,0.0,0.0031015065032988787,0
test_protein_6770,0.0,0.3659636378288269,0
test_protein_6771,0.0,0.046937309205532074,0
test_protein_6772,0.0,0.1312629133462906,0
test_protein_6773,0.0,0.05803151801228523,0
test_protein_6774,0.0,0.12067675590515137,0
test_protein_6775,0.0,0.0010770109947770834,0
test_protein_6776,0.0,0.030954616144299507,0
test_protein_6777,0.0,0.9823304414749146,1
test_protein_6778,0.0,0.0727771669626236,0
test_protein_6779,0.0,0.9582724571228027,1
test_protein_6780,0.0,0.07877757400274277,0
test_protein_6781,0.0,0.35741502046585083,0
test_protein_6782,0.0,0.5388782620429993,1
test_protein_6783,0.0,0.0038388350512832403,0
test_protein_6784,0.0,0.7416888475418091,1
test_protein_6785,0.0,0.10784946382045746,0
test_protein_6786,0.0,0.08764995634555817,0
test_protein_6787,0.0,0.6607585549354553,1
test_protein_6788,0.0,0.001858522417023778,0
test_protein_6789,0.0,0.0035621600691229105,0
test_protein_6790,0.0,0.9751200675964355,1
test_protein_6791,0.0,0.07561786472797394,0
test_protein_6792,1.0,0.049126677215099335,0
test_protein_6793,1.0,0.7025413513183594,1
test_protein_6794,1.0,0.578218936920166,1
test_protein_6795,1.0,0.943034291267395,1
test_protein_6796,1.0,0.1600257307291031,0
test_protein_6797,1.0,0.06809386610984802,0
test_protein_6798,1.0,0.8643555045127869,1
test_protein_6799,1.0,0.6193428635597229,1
test_protein_6800,1.0,0.9096423387527466,1
test_protein_6801,1.0,0.9440407156944275,1
test_protein_6802,1.0,0.13802310824394226,0
test_protein_6803,1.0,0.04365067556500435,0
test_protein_6804,1.0,0.9105385541915894,1
test_protein_6805,1.0,0.33195796608924866,0
test_protein_6806,1.0,0.9510349035263062,1
test_protein_6807,1.0,0.0077809221111238,0
test_protein_6808,1.0,0.2350766509771347,0
test_protein_6809,1.0,0.6342633366584778,1
test_protein_6810,1.0,0.051706112921237946,0
test_protein_6811,1.0,0.6541198492050171,1
test_protein_6812,1.0,0.1088704764842987,0
test_protein_6813,1.0,0.2057434320449829,0
test_protein_6814,1.0,0.4094175100326538,0
test_protein_6815,1.0,0.9199234247207642,1
test_protein_6816,1.0,0.8710759878158569,1
test_protein_6817,1.0,0.36854198575019836,0
test_protein_6818,1.0,0.6762064695358276,1
test_protein_6819,1.0,0.8731420040130615,1
test_protein_6820,1.0,0.03342382237315178,0
test_protein_6821,1.0,0.20419447124004364,0
test_protein_6822,1.0,0.007791853044182062,0
test_protein_6823,1.0,0.5318554639816284,1
test_protein_6824,1.0,0.004486799240112305,0
test_protein_6825,1.0,0.7418168783187866,1
test_protein_6826,1.0,0.9059038162231445,1
test_protein_6827,1.0,0.7201969027519226,1
test_protein_6828,1.0,0.9465088844299316,1
test_protein_6829,1.0,0.001462210901081562,0
test_protein_6830,1.0,0.17536728084087372,0
test_protein_6831,1.0,0.05322589352726936,0
test_protein_6832,1.0,0.9269604086875916,1
test_protein_6833,1.0,0.4859083890914917,0
test_protein_6834,1.0,0.1346801370382309,0
test_protein_6835,1.0,0.8653814792633057,1
test_protein_6836,1.0,0.9559133648872375,1
test_protein_6837,1.0,0.0015090053202584386,0
test_protein_6838,1.0,0.45384860038757324,0
test_protein_6839,1.0,0.9237396121025085,1
test_protein_6840,1.0,0.167665034532547,0
test_protein_6841,1.0,0.4008084535598755,0
test_protein_6842,1.0,0.6461575627326965,1
test_protein_6843,1.0,0.22987480461597443,0
test_protein_6844,1.0,0.886121928691864,1
test_protein_6845,1.0,0.9538360238075256,1
test_protein_6846,1.0,0.029728930443525314,0
test_protein_6847,1.0,0.12724418938159943,0
test_protein_6848,1.0,0.34700727462768555,0
test_protein_6849,1.0,0.34479615092277527,0
test_protein_6850,1.0,0.3477447032928467,0
test_protein_6851,1.0,0.5275317430496216,1
test_protein_6852,1.0,0.6342740654945374,1
test_protein_6853,1.0,0.42942896485328674,0
test_protein_6854,1.0,0.6402459144592285,1
test_protein_6855,1.0,0.7231386303901672,1
test_protein_6856,1.0,0.9136984348297119,1
test_protein_6857,1.0,0.7366300821304321,1
test_protein_6858,1.0,0.0027918426785618067,0
test_protein_6859,1.0,0.09116383641958237,0
test_protein_6860,1.0,0.07333572953939438,0
test_protein_6861,1.0,0.07635492086410522,0
test_protein_6862,1.0,0.5142784118652344,1
test_protein_6863,1.0,0.23598909378051758,0
test_protein_6864,1.0,0.006385219283401966,0
test_protein_6865,1.0,0.9402995705604553,1
test_protein_6866,1.0,0.492361843585968,0
test_protein_6867,1.0,0.7943459153175354,1
test_protein_6868,1.0,0.1731095165014267,0
test_protein_6869,1.0,0.5198056697845459,1
test_protein_6870,1.0,0.21249806880950928,0
test_protein_6871,1.0,0.00016536633484065533,0
test_protein_6872,1.0,0.7418822646141052,1
test_protein_6873,1.0,0.8743745684623718,1
test_protein_6874,1.0,0.18825584650039673,0
test_protein_6875,1.0,0.9230824708938599,1
test_protein_6876,1.0,0.894415557384491,1
test_protein_6877,1.0,0.15174639225006104,0
test_protein_6878,1.0,0.26243874430656433,0
test_protein_6879,1.0,0.3499029278755188,0
test_protein_6880,1.0,0.8330427408218384,1
test_protein_6881,1.0,0.2669501304626465,0
test_protein_6882,1.0,0.7707110047340393,1
test_protein_6883,1.0,0.049638472497463226,0
test_protein_6884,1.0,0.9133561253547668,1
test_protein_6885,1.0,0.057275135070085526,0
test_protein_6886,1.0,0.0989316776394844,0
test_protein_6887,1.0,0.4323164224624634,0
test_protein_6888,1.0,0.837303102016449,1
test_protein_6889,1.0,0.04957267642021179,0
test_protein_6890,1.0,0.524943470954895,1
test_protein_6891,1.0,0.18330442905426025,0
test_protein_6892,1.0,0.012398431077599525,0
test_protein_6893,1.0,0.001069569494575262,0
test_protein_6894,1.0,0.6909722685813904,1
test_protein_6895,1.0,0.9861332774162292,1
test_protein_6896,1.0,0.5963000059127808,1
test_protein_6897,1.0,0.35410061478614807,0
test_protein_6898,1.0,0.7837819457054138,1
test_protein_6899,1.0,0.022962672635912895,0
test_protein_6900,1.0,0.4251037538051605,0
test_protein_6901,1.0,0.39348042011260986,0
test_protein_6902,1.0,0.46157607436180115,0
test_protein_6903,1.0,0.890816330909729,1
test_protein_6904,1.0,0.5388618111610413,1
test_protein_6905,1.0,0.18870988488197327,0
test_protein_6906,1.0,0.08417446911334991,0
test_protein_6907,1.0,0.10311900079250336,0
test_protein_6908,1.0,0.9608226418495178,1
test_protein_6909,1.0,0.1583329141139984,0
test_protein_6910,1.0,0.016158217564225197,0
test_protein_6911,1.0,0.10589177161455154,0
test_protein_6912,1.0,0.08794776350259781,0
test_protein_6913,1.0,0.8128918409347534,1
test_protein_6914,1.0,0.5850998163223267,1
test_protein_6915,1.0,0.9151990413665771,1
test_protein_6916,1.0,0.0364629365503788,0
test_protein_6917,1.0,0.3871494233608246,0
test_protein_6918,1.0,0.18743851780891418,0
test_protein_6919,1.0,0.8291991353034973,1
test_protein_6920,1.0,0.5071748495101929,1
test_protein_6921,1.0,0.715894877910614,1
test_protein_6922,1.0,0.489603728055954,0
test_protein_6923,1.0,0.02973579615354538,0
test_protein_6924,1.0,0.9120267033576965,1
test_protein_6925,1.0,0.8673567771911621,1
test_protein_6926,1.0,0.6523069739341736,1
test_protein_6927,1.0,0.9249482154846191,1
test_protein_6928,1.0,0.5906201004981995,1
test_protein_6929,1.0,0.022346531972289085,0
test_protein_6930,1.0,0.34793171286582947,0
test_protein_6931,1.0,0.006810775492340326,0
test_protein_6932,1.0,0.35121458768844604,0
test_protein_6933,1.0,0.9408861398696899,1
test_protein_6934,1.0,0.259543776512146,0
test_protein_6935,1.0,0.19580112397670746,0
test_protein_6936,1.0,0.19896644353866577,0
test_protein_6937,1.0,0.08567925542593002,0
test_protein_6938,1.0,0.4837646186351776,0
test_protein_6939,1.0,0.5294897556304932,1
test_protein_6940,1.0,0.8044143319129944,1
test_protein_6941,1.0,0.4520482122898102,0
test_protein_6942,1.0,0.7472196817398071,1
test_protein_6943,1.0,0.5431380271911621,1
test_protein_6944,1.0,0.0056792329996824265,0
test_protein_6945,1.0,0.6775158047676086,1
test_protein_6946,1.0,0.523810088634491,1
test_protein_6947,1.0,0.1178039088845253,0
test_protein_6948,1.0,0.22898292541503906,0
test_protein_6949,1.0,0.5827977657318115,1
test_protein_6950,1.0,0.08087842911481857,0
test_protein_6951,1.0,0.8923542499542236,1
test_protein_6952,1.0,0.11087822914123535,0
test_protein_6953,1.0,0.96409010887146,1
test_protein_6954,1.0,0.7805955410003662,1
test_protein_6955,1.0,0.5770158767700195,1
test_protein_6956,1.0,0.9724957346916199,1
test_protein_6957,1.0,0.8442389965057373,1
test_protein_6958,1.0,0.6923415064811707,1
test_protein_6959,1.0,0.44466638565063477,0
test_protein_6960,1.0,0.1756219118833542,0
test_protein_6961,1.0,0.8907256126403809,1
test_protein_6962,1.0,0.08914778381586075,0
test_protein_6963,1.0,0.024030236527323723,0
test_protein_6964,1.0,0.9796451330184937,1
test_protein_6965,1.0,0.9216909408569336,1
test_protein_6966,1.0,0.04855548217892647,0
test_protein_6967,1.0,0.06210143491625786,0
test_protein_6968,1.0,0.1080208420753479,0
test_protein_6969,1.0,0.36097171902656555,0
test_protein_6970,1.0,0.8449241518974304,1
test_protein_6971,1.0,0.5827193856239319,1
test_protein_6972,1.0,0.9586011171340942,1
test_protein_6973,1.0,0.40794914960861206,0
test_protein_6974,1.0,0.596099317073822,1
test_protein_6975,1.0,0.9471176862716675,1
test_protein_6976,1.0,0.04376723989844322,0
test_protein_6977,1.0,0.00748316990211606,0
test_protein_6978,1.0,0.948398232460022,1
test_protein_6979,1.0,0.39092573523521423,0
test_protein_6980,1.0,0.28744781017303467,0
test_protein_6981,1.0,0.054712533950805664,0
test_protein_6982,1.0,0.940366268157959,1
test_protein_6983,1.0,0.0012217328185215592,0
test_protein_6984,1.0,0.14664272964000702,0
test_protein_6985,1.0,0.8133144378662109,1
test_protein_6986,1.0,0.5893651843070984,1
test_protein_6987,1.0,0.17956511676311493,0
test_protein_6988,1.0,0.3934197425842285,0
test_protein_6989,1.0,0.7853586077690125,1
test_protein_6990,1.0,0.7306174635887146,1
test_protein_6991,1.0,0.6356559991836548,1
test_protein_6992,1.0,0.3871972858905792,0
test_protein_6993,1.0,0.7962596416473389,1
test_protein_6994,1.0,0.0001403610804118216,0
test_protein_6995,1.0,0.1386779099702835,0
test_protein_6996,1.0,0.1792842298746109,0
test_protein_6997,1.0,0.9782477021217346,1
test_protein_6998,1.0,0.8324165344238281,1
test_protein_6999,1.0,0.9046774506568909,1
test_protein_7000,1.0,0.0020645768381655216,0
test_protein_7001,1.0,0.6321452260017395,1
test_protein_7002,1.0,0.04598627984523773,0
test_protein_7003,1.0,0.9870851635932922,1
test_protein_7004,1.0,0.6365417242050171,1
test_protein_7005,1.0,0.982638955116272,1
test_protein_7006,1.0,0.9799976348876953,1
test_protein_7007,1.0,0.20564527809619904,0
test_protein_7008,1.0,0.05557085573673248,0
test_protein_7009,1.0,0.9279804229736328,1
test_protein_7010,1.0,0.9087721705436707,1
test_protein_7011,1.0,0.901387631893158,1
test_protein_7012,1.0,0.9448403120040894,1
test_protein_7013,1.0,0.03696082532405853,0
test_protein_7014,1.0,0.04047248139977455,0
test_protein_7015,1.0,0.006239378824830055,0
test_protein_7016,1.0,0.1461637318134308,0
test_protein_7017,1.0,0.7344560623168945,1
test_protein_7018,1.0,0.38325175642967224,0
test_protein_7019,1.0,0.909557044506073,1
test_protein_7020,1.0,0.8520225286483765,1
test_protein_7021,1.0,0.4714851379394531,0
test_protein_7022,1.0,0.6686540842056274,1
test_protein_7023,1.0,0.8136694431304932,1
test_protein_7024,1.0,0.9531566500663757,1
test_protein_7025,1.0,0.14245913922786713,0
test_protein_7026,1.0,0.0011027135187759995,0
test_protein_7027,1.0,0.07063525915145874,0
test_protein_7028,1.0,0.8545230031013489,1
test_protein_7029,1.0,0.6046146750450134,1
test_protein_7030,1.0,0.6010594367980957,1
test_protein_7031,1.0,0.5124550461769104,1
test_protein_7032,1.0,0.1777123361825943,0
test_protein_7033,1.0,0.004164863843470812,0
test_protein_7034,1.0,0.7643319964408875,1
test_protein_7035,1.0,0.38381433486938477,0
test_protein_7036,1.0,0.9633687734603882,1
test_protein_7037,1.0,0.7595246434211731,1
test_protein_7038,1.0,0.47481387853622437,0
test_protein_7039,1.0,0.13349159061908722,0
test_protein_7040,1.0,0.9588471055030823,1
test_protein_7041,1.0,0.9410181045532227,1
test_protein_7042,1.0,0.4930548369884491,0
test_protein_7043,1.0,0.2940727174282074,0
test_protein_7044,1.0,0.023950785398483276,0
test_protein_7045,1.0,0.011789647862315178,0
test_protein_7046,1.0,0.2729576826095581,0
test_protein_7047,1.0,0.002059495309367776,0
test_protein_7048,1.0,0.9895815849304199,1
test_protein_7049,1.0,0.7073588967323303,1
test_protein_7050,1.0,0.17946600914001465,0
test_protein_7051,1.0,0.6226154565811157,1
test_protein_7052,1.0,0.45435744524002075,0
test_protein_7053,1.0,0.9124861359596252,1
test_protein_7054,1.0,0.5556129813194275,1
test_protein_7055,1.0,0.20062661170959473,0
test_protein_7056,1.0,0.971969723701477,1
test_protein_7057,1.0,0.93797767162323,1
test_protein_7058,1.0,0.6383243799209595,1
test_protein_7059,1.0,0.00030388752929866314,0
test_protein_7060,1.0,0.15528881549835205,0
test_protein_7061,1.0,0.1040472462773323,0
test_protein_7062,1.0,0.08745831251144409,0
test_protein_7063,1.0,0.6936863660812378,1
test_protein_7064,1.0,0.02654992789030075,0
test_protein_7065,1.0,0.5406959056854248,1
test_protein_7066,1.0,0.010128465481102467,0
test_protein_7067,1.0,0.21025043725967407,0
test_protein_7068,1.0,0.07544949650764465,0
test_protein_7069,1.0,0.8558269739151001,1
test_protein_7070,1.0,0.08948779106140137,0
test_protein_7071,1.0,0.7810486555099487,1
test_protein_7072,1.0,0.35742756724357605,0
test_protein_7073,1.0,0.5608851313591003,1
test_protein_7074,1.0,0.9063974022865295,1
test_protein_7075,1.0,0.57058185338974,1
test_protein_7076,1.0,0.23179404437541962,0
test_protein_7077,1.0,0.11157207190990448,0
test_protein_7078,1.0,0.5910369753837585,1
test_protein_7079,1.0,0.021009430289268494,0
test_protein_7080,1.0,0.37475571036338806,0
test_protein_7081,1.0,0.19019940495491028,0
test_protein_7082,1.0,0.05423733964562416,0
test_protein_7083,1.0,0.9497406482696533,1
test_protein_7084,1.0,0.007662023417651653,0
test_protein_7085,1.0,0.7056646347045898,1
test_protein_7086,1.0,0.11003884673118591,0
test_protein_7087,1.0,0.925320029258728,1
test_protein_7088,1.0,0.20767520368099213,0
test_protein_7089,1.0,0.4255674183368683,0
test_protein_7090,1.0,0.8862387537956238,1
test_protein_7091,1.0,0.9031722545623779,1
test_protein_7092,1.0,0.05162941291928291,0
test_protein_7093,1.0,0.9745956659317017,1
test_protein_7094,1.0,0.5075858235359192,1
test_protein_7095,1.0,0.23323781788349152,0
test_protein_7096,1.0,0.5603693127632141,1
test_protein_7097,1.0,0.8956952691078186,1
test_protein_7098,1.0,0.3137650489807129,0
test_protein_7099,1.0,0.08357629925012589,0
test_protein_7100,1.0,0.8057685494422913,1
test_protein_7101,1.0,0.2576693296432495,0
test_protein_7102,1.0,0.7871804237365723,1
test_protein_7103,1.0,0.03459882736206055,0
test_protein_7104,1.0,0.7446533441543579,1
test_protein_7105,1.0,0.015805235132575035,0
test_protein_7106,1.0,0.013207586482167244,0
test_protein_7107,1.0,0.5715600252151489,1
test_protein_7108,1.0,0.09825937449932098,0
test_protein_7109,1.0,0.2659037709236145,0
test_protein_7110,1.0,0.8621509671211243,1
test_protein_7111,1.0,0.04716742783784866,0
test_protein_7112,1.0,0.9136139750480652,1
test_protein_7113,1.0,0.1922769546508789,0
test_protein_7114,1.0,0.0020877160131931305,0
test_protein_7115,1.0,0.9734525084495544,1
test_protein_7116,1.0,0.2355501502752304,0
test_protein_7117,1.0,0.14057214558124542,0
test_protein_7118,1.0,0.05795380845665932,0
test_protein_7119,1.0,0.08292371034622192,0
test_protein_7120,1.0,0.9035866856575012,1
test_protein_7121,1.0,0.3861345648765564,0
test_protein_7122,1.0,0.5182223320007324,1
test_protein_7123,1.0,0.5071576237678528,1
test_protein_7124,1.0,0.9389727711677551,1
test_protein_7125,1.0,0.6896151304244995,1
test_protein_7126,1.0,0.42014870047569275,0
test_protein_7127,1.0,0.33394432067871094,0
test_protein_7128,1.0,0.8265729546546936,1
test_protein_7129,1.0,0.22783581912517548,0
test_protein_7130,1.0,0.001355674583464861,0
test_protein_7131,1.0,0.9603983759880066,1
test_protein_7132,1.0,0.19258487224578857,0
test_protein_7133,1.0,0.7984977960586548,1
test_protein_7134,1.0,0.13309736549854279,0
test_protein_7135,1.0,0.2606795132160187,0
test_protein_7136,1.0,0.10408086329698563,0
test_protein_7137,1.0,0.19583247601985931,0
test_protein_7138,1.0,0.971410870552063,1
test_protein_7139,1.0,0.00299526727758348,0
test_protein_7140,1.0,0.9652926921844482,1
test_protein_7141,1.0,0.5018359422683716,1
test_protein_7142,1.0,0.21600444614887238,0
test_protein_7143,1.0,0.1495753973722458,0
test_protein_7144,1.0,0.5132178068161011,1
test_protein_7145,1.0,0.043606676161289215,0
test_protein_7146,1.0,0.515392541885376,1
test_protein_7147,1.0,0.42452117800712585,0
test_protein_7148,1.0,0.01805116795003414,0
test_protein_7149,1.0,0.04421701282262802,0
test_protein_7150,1.0,0.16837772727012634,0
test_protein_7151,1.0,0.20156390964984894,0
test_protein_7152,1.0,0.3658459782600403,0
test_protein_7153,1.0,0.15949872136116028,0
test_protein_7154,1.0,0.36916348338127136,0
test_protein_7155,1.0,0.06538345664739609,0
test_protein_7156,1.0,0.043406419456005096,0
test_protein_7157,1.0,0.18372710049152374,0
test_protein_7158,1.0,0.6406408548355103,1
test_protein_7159,1.0,0.04293514043092728,0
test_protein_7160,1.0,0.4904223680496216,0
test_protein_7161,1.0,0.40571102499961853,0
test_protein_7162,1.0,0.6330246329307556,1
test_protein_7163,1.0,0.03564319759607315,0
test_protein_7164,1.0,0.002523666713386774,0
test_protein_7165,1.0,0.3096913695335388,0
test_protein_7166,1.0,0.8832579255104065,1
test_protein_7167,1.0,0.6804044842720032,1
test_protein_7168,1.0,0.7445868849754333,1
test_protein_7169,1.0,0.7436668276786804,1
test_protein_7170,1.0,0.008719454519450665,0
test_protein_7171,1.0,0.9147845506668091,1
test_protein_7172,1.0,0.812190592288971,1
test_protein_7173,1.0,0.0803840160369873,0
test_protein_7174,1.0,0.20380879938602448,0
test_protein_7175,1.0,0.9066610932350159,1
test_protein_7176,1.0,0.17101001739501953,0
test_protein_7177,1.0,0.8508433103561401,1
test_protein_7178,1.0,0.9830986857414246,1
test_protein_7179,1.0,0.08650200814008713,0
test_protein_7180,1.0,0.32609373331069946,0
test_protein_7181,1.0,0.12190645933151245,0
test_protein_7182,1.0,0.43283605575561523,0
test_protein_7183,1.0,0.26115667819976807,0
test_protein_7184,1.0,0.8351789712905884,1
test_protein_7185,1.0,0.4093426465988159,0
test_protein_7186,1.0,0.04238714277744293,0
test_protein_7187,1.0,0.01981928013265133,0
test_protein_7188,1.0,0.5909286737442017,1
test_protein_7189,1.0,0.21678870916366577,0
test_protein_7190,1.0,0.04873647913336754,0
test_protein_7191,1.0,0.33644935488700867,0
test_protein_7192,1.0,0.9864823818206787,1
test_protein_7193,1.0,0.6495633125305176,1
test_protein_7194,1.0,0.7553813457489014,1
test_protein_7195,1.0,0.11964545398950577,0
test_protein_7196,1.0,0.09501627087593079,0
test_protein_7197,1.0,0.0054302639327943325,0
test_protein_7198,1.0,0.007887154817581177,0
test_protein_7199,1.0,0.03601015359163284,0
test_protein_7200,1.0,0.24283598363399506,0
test_protein_7201,1.0,0.5723941922187805,1
test_protein_7202,1.0,0.9805772304534912,1
test_protein_7203,1.0,0.1723545640707016,0
test_protein_7204,1.0,0.040373362600803375,0
test_protein_7205,1.0,0.5363566875457764,1
test_protein_7206,1.0,0.6122152805328369,1
test_protein_7207,1.0,0.08183666318655014,0
test_protein_7208,1.0,0.000956924632191658,0
test_protein_7209,1.0,0.40627968311309814,0
test_protein_7210,1.0,0.7350221872329712,1
test_protein_7211,1.0,0.5265559554100037,1
test_protein_7212,1.0,0.8780755400657654,1
test_protein_7213,1.0,0.23393332958221436,0
test_protein_7214,1.0,0.7151508331298828,1
test_protein_7215,1.0,0.9024703502655029,1
test_protein_7216,1.0,0.11998765915632248,0
test_protein_7217,1.0,0.4030506908893585,0
test_protein_7218,1.0,0.3177376687526703,0
test_protein_7219,1.0,0.878406822681427,1
test_protein_7220,1.0,0.16919352114200592,0
test_protein_7221,1.0,0.9040442705154419,1
test_protein_7222,1.0,0.9851590991020203,1
test_protein_7223,1.0,0.016721684485673904,0
test_protein_7224,1.0,0.9670411348342896,1
test_protein_7225,1.0,0.04778359457850456,0
test_protein_7226,1.0,0.1397433578968048,0
test_protein_7227,1.0,0.3061997592449188,0
test_protein_7228,1.0,0.17190159857273102,0
test_protein_7229,1.0,0.13793915510177612,0
test_protein_7230,1.0,0.6955370306968689,1
test_protein_7231,1.0,0.13694311678409576,0
test_protein_7232,1.0,0.014871513471007347,0
test_protein_7233,1.0,0.01733614131808281,0
test_protein_7234,1.0,0.6135726571083069,1
test_protein_7235,1.0,0.1900918334722519,0
test_protein_7236,1.0,0.8747882843017578,1
test_protein_7237,1.0,0.9783385396003723,1
test_protein_7238,1.0,0.11986950784921646,0
test_protein_7239,1.0,0.11529175937175751,0
test_protein_7240,1.0,0.07220450788736343,0
test_protein_7241,1.0,0.8944844007492065,1
test_protein_7242,1.0,0.9261665344238281,1
test_protein_7243,1.0,0.017574511468410492,0
test_protein_7244,1.0,0.16080127656459808,0
test_protein_7245,1.0,0.8030751943588257,1
test_protein_7246,1.0,0.1360657960176468,0
test_protein_7247,1.0,0.9805864095687866,1
test_protein_7248,1.0,0.9297483563423157,1
test_protein_7249,1.0,0.9211457371711731,1
test_protein_7250,1.0,0.5138980746269226,1
test_protein_7251,1.0,0.7496059536933899,1
test_protein_7252,1.0,0.035248905420303345,0
test_protein_7253,1.0,0.019016502425074577,0
test_protein_7254,1.0,0.00036384633858688176,0
test_protein_7255,1.0,0.9866001009941101,1
test_protein_7256,1.0,0.05916658416390419,0
test_protein_7257,1.0,0.8748326897621155,1
test_protein_7258,1.0,0.004299188032746315,0
test_protein_7259,1.0,0.17687729001045227,0
test_protein_7260,1.0,0.4679545760154724,0
test_protein_7261,1.0,0.026387088000774384,0
test_protein_7262,1.0,0.6550976037979126,1
test_protein_7263,1.0,0.5573136210441589,1
test_protein_7264,1.0,0.8155210614204407,1
test_protein_7265,1.0,0.5460432171821594,1
test_protein_7266,1.0,0.02128584124147892,0
test_protein_7267,1.0,0.12141318619251251,0
test_protein_7268,1.0,0.6541191339492798,1
test_protein_7269,1.0,0.9491506814956665,1
test_protein_7270,1.0,0.8556472063064575,1
test_protein_7271,1.0,0.32100149989128113,0
test_protein_7272,1.0,0.25931882858276367,0
test_protein_7273,1.0,0.6472580432891846,1
test_protein_7274,1.0,0.9698230028152466,1
test_protein_7275,1.0,0.6406338810920715,1
test_protein_7276,1.0,0.92850661277771,1
test_protein_7277,1.0,0.6726081967353821,1
test_protein_7278,1.0,0.5904651284217834,1
test_protein_7279,1.0,0.03246399387717247,0
test_protein_7280,1.0,0.9208304286003113,1
test_protein_7281,1.0,0.036811087280511856,0
test_protein_7282,1.0,0.3472394049167633,0
test_protein_7283,1.0,0.22477108240127563,0
test_protein_7284,1.0,0.3941335082054138,0
test_protein_7285,1.0,0.07451296597719193,0
test_protein_7286,1.0,0.7159364819526672,1
test_protein_7287,1.0,0.364802747964859,0
test_protein_7288,1.0,0.5198941230773926,1
test_protein_7289,1.0,0.033956509083509445,0
test_protein_7290,1.0,0.0011114934459328651,0
test_protein_7291,1.0,0.90301114320755,1
test_protein_7292,1.0,0.3378748297691345,0
test_protein_7293,1.0,0.9051519632339478,1
test_protein_7294,1.0,0.984902560710907,1
test_protein_7295,1.0,0.04056653752923012,0
test_protein_7296,1.0,0.05652288720011711,0
test_protein_7297,1.0,0.4137248992919922,0
test_protein_7298,1.0,0.00214327871799469,0
test_protein_7299,1.0,0.14984652400016785,0
test_protein_7300,1.0,0.7086549401283264,1
test_protein_7301,1.0,0.3380186855792999,0
test_protein_7302,1.0,0.11296451091766357,0
test_protein_7303,1.0,0.2133161872625351,0
test_protein_7304,1.0,0.6667514443397522,1
test_protein_7305,1.0,0.09500432014465332,0
test_protein_7306,1.0,0.03369978815317154,0
test_protein_7307,1.0,0.32419198751449585,0
test_protein_7308,1.0,0.2396974116563797,0
test_protein_7309,1.0,0.2034527212381363,0
test_protein_7310,1.0,0.011139752343297005,0
test_protein_7311,1.0,0.37190258502960205,0
test_protein_7312,1.0,0.008166029118001461,0
test_protein_7313,1.0,0.32702356576919556,0
test_protein_7314,1.0,0.6282796859741211,1
test_protein_7315,1.0,0.2239658385515213,0
test_protein_7316,1.0,0.5297964215278625,1
test_protein_7317,1.0,0.0018257726915180683,0
test_protein_7318,1.0,0.8424327969551086,1
test_protein_7319,1.0,0.19154784083366394,0
test_protein_7320,1.0,0.004830418154597282,0
test_protein_7321,1.0,0.06026129797101021,0
test_protein_7322,1.0,0.589693009853363,1
test_protein_7323,1.0,0.0713782086968422,0
test_protein_7324,1.0,0.00827847421169281,0
test_protein_7325,1.0,0.5968933701515198,1
test_protein_7326,1.0,0.9801161289215088,1
test_protein_7327,1.0,0.9669308662414551,1
test_protein_7328,1.0,0.7751401662826538,1
test_protein_7329,1.0,0.9709968566894531,1
test_protein_7330,1.0,0.18685835599899292,0
test_protein_7331,1.0,0.2681628465652466,0
test_protein_7332,1.0,0.017997125163674355,0
test_protein_7333,1.0,0.09004559367895126,0
test_protein_7334,1.0,0.06816696375608444,0
test_protein_7335,1.0,0.3988730311393738,0
test_protein_7336,1.0,0.011353484354913235,0
test_protein_7337,1.0,0.4173451066017151,0
test_protein_7338,1.0,0.6527227759361267,1
test_protein_7339,1.0,0.3347594439983368,0
test_protein_7340,1.0,0.8763996362686157,1
test_protein_7341,1.0,0.2741891145706177,0
test_protein_7342,1.0,0.04998379573225975,0
test_protein_7343,1.0,0.018930187448859215,0
test_protein_7344,1.0,0.06690450012683868,0
test_protein_7345,1.0,0.9936169385910034,1
test_protein_7346,1.0,0.00828115176409483,0
test_protein_7347,1.0,0.955810546875,1
test_protein_7348,1.0,0.13138295710086823,0
test_protein_7349,1.0,0.2981205880641937,0
test_protein_7350,1.0,0.06987937539815903,0
test_protein_7351,1.0,0.6571980118751526,1
test_protein_7352,1.0,0.9837055206298828,1
test_protein_7353,1.0,0.6878270506858826,1
test_protein_7354,1.0,0.9745001196861267,1
test_protein_7355,1.0,0.31243443489074707,0
test_protein_7356,1.0,0.3331089913845062,0
test_protein_7357,1.0,0.22648471593856812,0
test_protein_7358,1.0,0.32237398624420166,0
test_protein_7359,1.0,0.5162248015403748,1
test_protein_7360,1.0,0.2356303483247757,0
test_protein_7361,1.0,0.15510983765125275,0
test_protein_7362,1.0,0.17234456539154053,0
test_protein_7363,1.0,0.9330744743347168,1
test_protein_7364,1.0,0.7542099952697754,1
test_protein_7365,1.0,0.0013373163528740406,0
test_protein_7366,1.0,0.15723787248134613,0
test_protein_7367,1.0,0.9237759709358215,1
test_protein_7368,1.0,0.2172020971775055,0
test_protein_7369,1.0,0.8813075423240662,1
test_protein_7370,1.0,0.05042487010359764,0
test_protein_7371,1.0,0.02609449066221714,0
test_protein_7372,1.0,0.7996794581413269,1
test_protein_7373,1.0,0.580215573310852,1
test_protein_7374,1.0,0.3448368310928345,0
test_protein_7375,1.0,0.9534939527511597,1
test_protein_7376,1.0,0.01991988718509674,0
test_protein_7377,1.0,0.12615279853343964,0
test_protein_7378,1.0,0.8254491686820984,1
test_protein_7379,1.0,0.9673206806182861,1
test_protein_7380,1.0,0.07217478007078171,0
test_protein_7381,1.0,0.5976896286010742,1
test_protein_7382,1.0,0.9834057092666626,1
test_protein_7383,1.0,0.19571879506111145,0
test_protein_7384,1.0,0.9192988872528076,1
test_protein_7385,1.0,0.9292700290679932,1
test_protein_7386,1.0,0.10045454651117325,0
test_protein_7387,1.0,0.4951287508010864,0
test_protein_7388,1.0,0.12364361435174942,0
test_protein_7389,1.0,0.6213148832321167,1
test_protein_7390,1.0,0.014950835146009922,0
test_protein_7391,1.0,0.6018690466880798,1
test_protein_7392,1.0,0.8483959436416626,1
test_protein_7393,1.0,0.24192433059215546,0
test_protein_7394,1.0,0.4633026719093323,0
test_protein_7395,1.0,0.962471067905426,1
test_protein_7396,1.0,0.0169565137475729,0
test_protein_7397,1.0,0.9470223188400269,1
test_protein_7398,1.0,0.2484225332736969,0
test_protein_7399,1.0,0.8924576044082642,1
test_protein_7400,1.0,0.1417878419160843,0
test_protein_7401,1.0,0.6938192844390869,1
test_protein_7402,1.0,0.0006712225149385631,0
test_protein_7403,1.0,0.12066947668790817,0
test_protein_7404,1.0,0.9441152811050415,1
test_protein_7405,1.0,0.0011044087586924434,0
test_protein_7406,1.0,0.3412017226219177,0
test_protein_7407,1.0,0.019829342141747475,0
test_protein_7408,1.0,0.7958920001983643,1
test_protein_7409,1.0,0.9762366414070129,1
test_protein_7410,1.0,0.2195134460926056,0
test_protein_7411,1.0,0.5923017263412476,1
test_protein_7412,1.0,0.030681239441037178,0
test_protein_7413,1.0,0.9688940048217773,1
test_protein_7414,1.0,0.005279690958559513,0
test_protein_7415,1.0,0.1917257159948349,0
test_protein_7416,1.0,0.005775535013526678,0
test_protein_7417,1.0,0.026853980496525764,0
test_protein_7418,1.0,0.8541873693466187,1
test_protein_7419,1.0,0.27747347950935364,0
test_protein_7420,1.0,0.01437373273074627,0
test_protein_7421,1.0,0.4086201786994934,0
test_protein_7422,1.0,0.002783634467050433,0
test_protein_7423,1.0,0.9880779385566711,1
test_protein_7424,1.0,0.7361295223236084,1
test_protein_7425,1.0,0.08270180970430374,0
test_protein_7426,1.0,0.9358238577842712,1
test_protein_7427,1.0,0.0003474184777587652,0
test_protein_7428,1.0,0.5871078372001648,1
test_protein_7429,1.0,0.9365931749343872,1
test_protein_7430,1.0,0.11800729483366013,0
test_protein_7431,1.0,0.7289420366287231,1
test_protein_7432,1.0,0.4594705104827881,0
test_protein_7433,1.0,0.5536453127861023,1
test_protein_7434,1.0,0.4143945574760437,0
test_protein_7435,1.0,0.13433854281902313,0
test_protein_7436,1.0,0.8865899443626404,1
test_protein_7437,1.0,0.08038666844367981,0
test_protein_7438,1.0,0.1354638636112213,0
test_protein_7439,1.0,0.9133502840995789,1
test_protein_7440,1.0,0.031971581280231476,0
test_protein_7441,1.0,0.9108058214187622,1
test_protein_7442,1.0,0.31291428208351135,0
test_protein_7443,1.0,0.2093207985162735,0
test_protein_7444,1.0,0.10383576154708862,0
test_protein_7445,1.0,0.0766560509800911,0
test_protein_7446,1.0,0.6612420678138733,1
test_protein_7447,1.0,0.7052780985832214,1
test_protein_7448,1.0,0.8009767532348633,1
test_protein_7449,1.0,0.001576923648826778,0
test_protein_7450,1.0,0.004658487159758806,0
test_protein_7451,1.0,0.8896401524543762,1
test_protein_7452,1.0,0.757603108882904,1
test_protein_7453,1.0,0.966535747051239,1
test_protein_7454,1.0,0.6055993437767029,1
test_protein_7455,1.0,0.594124436378479,1
test_protein_7456,1.0,0.7302873134613037,1
test_protein_7457,1.0,0.04147634655237198,0
test_protein_7458,1.0,0.081050343811512,0
test_protein_7459,1.0,0.07811979204416275,0
test_protein_7460,1.0,0.962273120880127,1
test_protein_7461,1.0,0.7283034324645996,1
test_protein_7462,1.0,0.049883633852005005,0
test_protein_7463,1.0,0.8846472501754761,1
test_protein_7464,1.0,0.710395336151123,1
test_protein_7465,1.0,0.9095225930213928,1
test_protein_7466,1.0,0.9676218628883362,1
test_protein_7467,1.0,0.6217187643051147,1
test_protein_7468,1.0,0.0032236487604677677,0
test_protein_7469,1.0,0.8420013785362244,1
test_protein_7470,1.0,0.046183738857507706,0
test_protein_7471,1.0,0.874554455280304,1
test_protein_7472,1.0,0.741584300994873,1
test_protein_7473,1.0,0.9490428566932678,1
test_protein_7474,1.0,0.5049660205841064,1
test_protein_7475,1.0,0.7817840576171875,1
test_protein_7476,1.0,0.9735856652259827,1
test_protein_7477,1.0,0.8244042992591858,1
test_protein_7478,1.0,0.8867553472518921,1
test_protein_7479,1.0,0.834754228591919,1
test_protein_7480,1.0,0.0010768617503345013,0
test_protein_7481,1.0,0.330331951379776,0
test_protein_7482,1.0,0.9592355489730835,1
test_protein_7483,1.0,0.0004166751750744879,0
test_protein_7484,1.0,0.40576449036598206,0
test_protein_7485,1.0,0.2315843552350998,0
test_protein_7486,1.0,0.02856210432946682,0
test_protein_7487,1.0,0.18330754339694977,0
test_protein_7488,1.0,0.9840800166130066,1
test_protein_7489,1.0,0.520744800567627,1
test_protein_7490,1.0,0.515350878238678,1
test_protein_7491,1.0,0.9335005879402161,1
test_protein_7492,1.0,0.018991269171237946,0
test_protein_7493,1.0,0.26929888129234314,0
test_protein_7494,1.0,0.6055004596710205,1
test_protein_7495,1.0,0.016551880165934563,0
test_protein_7496,1.0,0.42041635513305664,0
test_protein_7497,1.0,0.9017055034637451,1
test_protein_7498,1.0,0.007159794680774212,0
test_protein_7499,1.0,0.008520047180354595,0
test_protein_7500,1.0,0.26063019037246704,0
test_protein_7501,1.0,0.04176272451877594,0
test_protein_7502,1.0,0.9309868812561035,1
test_protein_7503,1.0,0.10317372530698776,0
test_protein_7504,1.0,0.7977844476699829,1
test_protein_7505,1.0,0.6906421184539795,1
test_protein_7506,1.0,0.5574586987495422,1
test_protein_7507,1.0,0.041651271283626556,0
test_protein_7508,1.0,0.9632657170295715,1
test_protein_7509,1.0,0.7454760074615479,1
test_protein_7510,1.0,0.9098663330078125,1
test_protein_7511,1.0,0.8932948708534241,1
test_protein_7512,1.0,0.2756263017654419,0
test_protein_7513,1.0,0.48270490765571594,0
test_protein_7514,1.0,0.4241323173046112,0
test_protein_7515,1.0,0.11484812200069427,0
test_protein_7516,1.0,0.12995819747447968,0
test_protein_7517,1.0,0.05960368365049362,0
test_protein_7518,1.0,0.04009109362959862,0
test_protein_7519,1.0,0.2777807116508484,0
test_protein_7520,1.0,0.9029529690742493,1
test_protein_7521,1.0,0.007093385327607393,0
test_protein_7522,1.0,0.12149421870708466,0
test_protein_7523,1.0,0.965643048286438,1
test_protein_7524,1.0,0.9744547009468079,1
test_protein_7525,1.0,0.0018437700346112251,0
test_protein_7526,1.0,0.19390857219696045,0
test_protein_7527,1.0,0.0323454849421978,0
test_protein_7528,1.0,0.15154528617858887,0
test_protein_7529,1.0,0.6554919481277466,1
test_protein_7530,1.0,0.21660034358501434,0
test_protein_7531,1.0,0.9712063074111938,1
test_protein_7532,1.0,0.6907627582550049,1
test_protein_7533,1.0,0.8142101168632507,1
test_protein_7534,1.0,0.01568635366857052,0
test_protein_7535,1.0,0.2598061263561249,0
test_protein_7536,1.0,0.03385019302368164,0
test_protein_7537,1.0,0.05467371270060539,0
test_protein_7538,1.0,0.0021198138128966093,0
test_protein_7539,1.0,0.9582975506782532,1
test_protein_7540,1.0,0.7940319776535034,1
test_protein_7541,1.0,0.04466036707162857,0
test_protein_7542,1.0,0.09634266048669815,0
test_protein_7543,1.0,0.20631873607635498,0
test_protein_7544,1.0,0.31758826971054077,0
test_protein_7545,1.0,0.4556514024734497,0
test_protein_7546,1.0,0.5312683582305908,1
test_protein_7547,1.0,0.029139313846826553,0
test_protein_7548,1.0,0.22457747161388397,0
test_protein_7549,1.0,0.18336892127990723,0
test_protein_7550,1.0,0.012242537923157215,0
test_protein_7551,1.0,0.32688820362091064,0
test_protein_7552,1.0,0.061130594462156296,0
test_protein_7553,1.0,0.7302371859550476,1
test_protein_7554,1.0,0.009474437683820724,0
test_protein_7555,1.0,0.8714134693145752,1
test_protein_7556,1.0,0.7443978190422058,1
test_protein_7557,1.0,0.0005817541386932135,0
test_protein_7558,1.0,0.2487502247095108,0
test_protein_7559,1.0,0.2499447613954544,0
test_protein_7560,1.0,0.0017973737558349967,0
test_protein_7561,1.0,0.9547436833381653,1
test_protein_7562,1.0,0.3018910586833954,0
test_protein_7563,1.0,0.15064707398414612,0
test_protein_7564,1.0,0.1398860663175583,0
test_protein_7565,1.0,0.4644327759742737,0
test_protein_7566,1.0,0.29869627952575684,0
test_protein_7567,1.0,0.042433589696884155,0
test_protein_7568,1.0,0.17302846908569336,0
test_protein_7569,1.0,0.4728735387325287,0
test_protein_7570,1.0,0.07481648772954941,0
test_protein_7571,1.0,0.1479191929101944,0
test_protein_7572,1.0,0.46127039194107056,0
test_protein_7573,1.0,0.3420020639896393,0
test_protein_7574,1.0,0.02128465287387371,0
test_protein_7575,1.0,0.26136314868927,0
test_protein_7576,1.0,0.06026667356491089,0
test_protein_7577,1.0,0.005046503152698278,0
test_protein_7578,1.0,0.006601469125598669,0
test_protein_7579,1.0,0.9654124975204468,1
test_protein_7580,1.0,0.2066277414560318,0
test_protein_7581,1.0,0.01625286415219307,0
test_protein_7582,1.0,0.002971185138449073,0
test_protein_7583,1.0,0.08603333681821823,0
test_protein_7584,1.0,0.6794754862785339,1
test_protein_7585,1.0,0.8363737463951111,1
test_protein_7586,1.0,0.6100525856018066,1
test_protein_7587,1.0,0.14533747732639313,0
test_protein_7588,1.0,0.7856138348579407,1
test_protein_7589,1.0,0.22395536303520203,0
test_protein_7590,1.0,0.06447947770357132,0
test_protein_7591,1.0,0.39393848180770874,0
test_protein_7592,1.0,0.9888710379600525,1
test_protein_7593,1.0,0.26656630635261536,0
test_protein_7594,1.0,0.0035336941946297884,0
test_protein_7595,1.0,0.8606376051902771,1
test_protein_7596,1.0,0.013693914748728275,0
test_protein_7597,1.0,0.33118942379951477,0
test_protein_7598,1.0,0.5401720404624939,1
test_protein_7599,1.0,0.46487346291542053,0
test_protein_7600,1.0,0.6077913045883179,1
test_protein_7601,1.0,0.19438529014587402,0
test_protein_7602,1.0,0.005560854449868202,0
test_protein_7603,1.0,0.3699283003807068,0
test_protein_7604,1.0,0.9728482961654663,1
test_protein_7605,1.0,0.6367003321647644,1
test_protein_7606,1.0,0.41554003953933716,0
test_protein_7607,1.0,0.33555904030799866,0
test_protein_7608,1.0,0.09851285070180893,0
test_protein_7609,1.0,0.9579254984855652,1
test_protein_7610,1.0,0.0424295999109745,0
test_protein_7611,1.0,0.9341301321983337,1
test_protein_7612,1.0,0.0008282152120955288,0
test_protein_7613,1.0,0.13179287314414978,0
test_protein_7614,1.0,0.7215423583984375,1
test_protein_7615,1.0,0.3295127749443054,0
test_protein_7616,1.0,0.8837710618972778,1
test_protein_7617,1.0,0.3177628219127655,0
test_protein_7618,1.0,0.1792854517698288,0
test_protein_7619,1.0,0.5019042491912842,1
test_protein_7620,1.0,0.7254034876823425,1
test_protein_7621,1.0,0.30166786909103394,0
test_protein_7622,1.0,0.007042426150292158,0
test_protein_7623,1.0,0.3442918658256531,0
test_protein_7624,1.0,0.9910745024681091,1
test_protein_7625,1.0,0.8504210114479065,1
test_protein_7626,1.0,0.09912675619125366,0
test_protein_7627,1.0,0.5910193920135498,1
test_protein_7628,1.0,0.28903689980506897,0
test_protein_7629,1.0,0.9341647624969482,1
test_protein_7630,1.0,0.48382002115249634,0
test_protein_7631,1.0,0.1150970607995987,0
test_protein_7632,1.0,0.7473822832107544,1
test_protein_7633,1.0,0.9208553433418274,1
test_protein_7634,1.0,0.8571363091468811,1
test_protein_7635,1.0,0.2515617609024048,0
test_protein_7636,1.0,0.08490364998579025,0
test_protein_7637,1.0,0.04562532529234886,0
test_protein_7638,1.0,0.4270996153354645,0
test_protein_7639,1.0,0.40432825684547424,0
test_protein_7640,1.0,0.9230400919914246,1
test_protein_7641,1.0,0.7574473023414612,1
test_protein_7642,1.0,0.8793020248413086,1
test_protein_7643,1.0,0.711630642414093,1
test_protein_7644,1.0,0.5618821978569031,1
test_protein_7645,1.0,0.9944477081298828,1
test_protein_7646,1.0,0.46391183137893677,0
test_protein_7647,1.0,0.9533167481422424,1
test_protein_7648,1.0,0.9011279344558716,1
test_protein_7649,1.0,0.5751831531524658,1
test_protein_7650,1.0,0.007025078404694796,0
test_protein_7651,1.0,0.19115860760211945,0
test_protein_7652,1.0,0.9730184674263,1
test_protein_7653,1.0,0.4235900640487671,0
test_protein_7654,1.0,0.602523922920227,1
test_protein_7655,1.0,0.6578449010848999,1
test_protein_7656,1.0,0.5251657962799072,1
test_protein_7657,1.0,0.8607386946678162,1
test_protein_7658,1.0,0.011741168797016144,0
test_protein_7659,1.0,0.25745299458503723,0
test_protein_7660,1.0,0.751663327217102,1
test_protein_7661,1.0,0.8361286520957947,1
test_protein_7662,1.0,0.25356152653694153,0
test_protein_7663,1.0,0.7354099750518799,1
test_protein_7664,1.0,0.9396567344665527,1
test_protein_7665,1.0,0.07490770518779755,0
test_protein_7666,1.0,0.0024048974737524986,0
test_protein_7667,1.0,0.45663490891456604,0
test_protein_7668,1.0,0.558236837387085,1
test_protein_7669,1.0,0.004626317881047726,0
test_protein_7670,1.0,0.9941114783287048,1
test_protein_7671,1.0,0.27370932698249817,0
test_protein_7672,1.0,0.8419763445854187,1
test_protein_7673,1.0,0.022573236376047134,0
test_protein_7674,1.0,0.9444246292114258,1
test_protein_7675,1.0,0.9955676198005676,1
test_protein_7676,1.0,0.7770065069198608,1
test_protein_7677,1.0,0.4222906529903412,0
test_protein_7678,1.0,0.027362443506717682,0
test_protein_7679,1.0,0.8310139775276184,1
test_protein_7680,1.0,0.912285566329956,1
test_protein_7681,1.0,0.40330612659454346,0
test_protein_7682,1.0,0.7110039591789246,1
test_protein_7683,1.0,0.00359911285340786,0
test_protein_7684,1.0,0.6103111505508423,1
test_protein_7685,1.0,0.4306870400905609,0
test_protein_7686,1.0,0.9001289010047913,1
test_protein_7687,1.0,0.9774183630943298,1
test_protein_7688,1.0,0.9853934645652771,1
test_protein_7689,1.0,0.6439880132675171,1
test_protein_7690,1.0,0.3165368437767029,0
test_protein_7691,1.0,0.016714708879590034,0
test_protein_7692,1.0,0.9661070704460144,1
test_protein_7693,1.0,0.10018334537744522,0
test_protein_7694,1.0,0.5390353798866272,1
test_protein_7695,1.0,0.15843361616134644,0
test_protein_7696,1.0,0.08637341111898422,0
test_protein_7697,1.0,0.17517800629138947,0
test_protein_7698,1.0,0.27858972549438477,0
test_protein_7699,1.0,0.7820076942443848,1
test_protein_7700,1.0,0.818051278591156,1
test_protein_7701,1.0,0.931837797164917,1
test_protein_7702,1.0,0.6416959762573242,1
test_protein_7703,1.0,0.8762725591659546,1
test_protein_7704,1.0,0.8498336672782898,1
test_protein_7705,1.0,0.534488320350647,1
test_protein_7706,1.0,0.036568641662597656,0
test_protein_7707,1.0,0.4384448230266571,0
test_protein_7708,1.0,0.053921643644571304,0
test_protein_7709,1.0,0.9601609110832214,1
test_protein_7710,1.0,0.7233884930610657,1
test_protein_7711,1.0,0.3588976263999939,0
test_protein_7712,1.0,0.021718820556998253,0
test_protein_7713,1.0,0.9816510677337646,1
test_protein_7714,1.0,0.4604659676551819,0
test_protein_7715,1.0,0.04684077575802803,0
test_protein_7716,1.0,0.8605556488037109,1
test_protein_7717,1.0,0.5350225567817688,1
test_protein_7718,1.0,0.021327609196305275,0
test_protein_7719,1.0,0.031006768345832825,0
test_protein_7720,1.0,0.5122900009155273,1
test_protein_7721,1.0,0.29855605959892273,0
test_protein_7722,1.0,0.31406262516975403,0
test_protein_7723,1.0,0.9624584913253784,1
test_protein_7724,1.0,0.04521521180868149,0
test_protein_7725,1.0,0.33716779947280884,0
test_protein_7726,1.0,0.9446194767951965,1
test_protein_7727,1.0,0.9729259014129639,1
test_protein_7728,1.0,0.6196739673614502,1
test_protein_7729,1.0,0.9486449956893921,1
test_protein_7730,1.0,0.6784583330154419,1
test_protein_7731,1.0,0.19356682896614075,0
test_protein_7732,1.0,0.6480787396430969,1
test_protein_7733,1.0,0.6954622268676758,1
test_protein_7734,1.0,0.3639450669288635,0
test_protein_7735,1.0,0.4719480276107788,0
test_protein_7736,1.0,0.9750064015388489,1
test_protein_7737,1.0,0.038337592035532,0
test_protein_7738,1.0,0.7583427429199219,1
test_protein_7739,1.0,0.6133708357810974,1
test_protein_7740,1.0,0.3608357608318329,0
test_protein_7741,1.0,0.9833758473396301,1
test_protein_7742,1.0,0.12117208540439606,0
test_protein_7743,1.0,0.207453191280365,0
test_protein_7744,1.0,0.014195268973708153,0
test_protein_7745,1.0,0.9018829464912415,1
test_protein_7746,1.0,0.9533308744430542,1
test_protein_7747,1.0,0.011568396352231503,0
test_protein_7748,1.0,0.8826777935028076,1
test_protein_7749,1.0,0.975166916847229,1
test_protein_7750,1.0,0.9788098335266113,1
test_protein_7751,1.0,0.5685333013534546,1
test_protein_7752,1.0,0.3339157700538635,0
test_protein_7753,1.0,0.43828141689300537,0
test_protein_7754,1.0,0.9311556220054626,1
test_protein_7755,1.0,0.1889733374118805,0
test_protein_7756,1.0,0.14832302927970886,0
test_protein_7757,1.0,0.8865386843681335,1
test_protein_7758,1.0,0.9563996195793152,1
test_protein_7759,1.0,0.03246625140309334,0
test_protein_7760,1.0,0.6327312588691711,1
test_protein_7761,1.0,0.19191333651542664,0
test_protein_7762,1.0,0.6497942805290222,1
test_protein_7763,1.0,0.1532106101512909,0
test_protein_7764,1.0,0.00020128456526435912,0
test_protein_7765,1.0,0.8373851776123047,1
test_protein_7766,1.0,0.0026601774152368307,0
test_protein_7767,1.0,0.006671430077403784,0
test_protein_7768,1.0,0.4838305711746216,0
test_protein_7769,1.0,0.012037958018481731,0
test_protein_7770,1.0,0.6082366704940796,1
test_protein_7771,1.0,0.27048882842063904,0
test_protein_7772,1.0,0.6667200326919556,1
test_protein_7773,1.0,0.09878668189048767,0
test_protein_7774,1.0,0.9634338617324829,1
test_protein_7775,1.0,0.9817312955856323,1
test_protein_7776,1.0,0.0036374039482325315,0
test_protein_7777,1.0,0.012972730211913586,0
test_protein_7778,1.0,0.3974168002605438,0
test_protein_7779,1.0,0.007743931375443935,0
test_protein_7780,1.0,0.3487284183502197,0
test_protein_7781,1.0,0.5129105448722839,1
test_protein_7782,1.0,0.7422505021095276,1
test_protein_7783,1.0,0.0778789222240448,0
test_protein_7784,1.0,0.9573774337768555,1
test_protein_7785,1.0,0.7483314275741577,1
test_protein_7786,1.0,0.08473745733499527,0
test_protein_7787,1.0,0.9560861587524414,1
test_protein_7788,1.0,0.05205292999744415,0
test_protein_7789,1.0,0.8249754905700684,1
test_protein_7790,1.0,0.11076285690069199,0
test_protein_7791,1.0,0.46884962916374207,0
test_protein_7792,1.0,0.16341079771518707,0
test_protein_7793,1.0,0.35498717427253723,0
test_protein_7794,1.0,0.37615883350372314,0
test_protein_7795,1.0,0.8999456763267517,1
test_protein_7796,1.0,0.15828990936279297,0
test_protein_7797,1.0,0.3487740159034729,0
test_protein_7798,1.0,0.11278953403234482,0
test_protein_7799,1.0,0.6804545521736145,1
test_protein_7800,1.0,0.00954608153551817,0
test_protein_7801,1.0,0.13684839010238647,0
test_protein_7802,1.0,0.19146056473255157,0
test_protein_7803,1.0,0.26701420545578003,0
test_protein_7804,1.0,0.3076949119567871,0
test_protein_7805,1.0,0.5818463563919067,1
test_protein_7806,1.0,0.46960359811782837,0
test_protein_7807,1.0,0.0031554982997477055,0
test_protein_7808,1.0,0.44403141736984253,0
test_protein_7809,1.0,0.18544016778469086,0
test_protein_7810,1.0,0.35751259326934814,0
test_protein_7811,1.0,0.7283196449279785,1
test_protein_7812,1.0,0.9666196703910828,1
test_protein_7813,1.0,0.5573679208755493,1
test_protein_7814,1.0,0.20310986042022705,0
test_protein_7815,1.0,0.04030447453260422,0
test_protein_7816,1.0,0.5361568927764893,1
test_protein_7817,1.0,0.004742192104458809,0
test_protein_7818,1.0,0.058799467980861664,0
test_protein_7819,1.0,0.04019501805305481,0
test_protein_7820,1.0,0.1290421038866043,0
test_protein_7821,1.0,0.09773564338684082,0
test_protein_7822,1.0,0.6219445466995239,1
test_protein_7823,1.0,0.42142754793167114,0
test_protein_7824,1.0,0.7431156039237976,1
test_protein_7825,1.0,0.30197617411613464,0
test_protein_7826,1.0,0.09668507426977158,0
test_protein_7827,1.0,0.07458119094371796,0
test_protein_7828,1.0,0.18282337486743927,0
test_protein_7829,1.0,0.0003696191997732967,0
test_protein_7830,1.0,0.12040209025144577,0
test_protein_7831,1.0,0.7321924567222595,1
test_protein_7832,1.0,0.0004421760968398303,0
test_protein_7833,1.0,0.5914859771728516,1
test_protein_7834,1.0,0.5701080560684204,1
test_protein_7835,1.0,0.00021672560251317918,0
test_protein_7836,1.0,0.42307937145233154,0
test_protein_7837,1.0,0.0859772264957428,0
test_protein_7838,1.0,0.6520248055458069,1
test_protein_7839,1.0,0.9302932620048523,1
test_protein_7840,1.0,0.023644817993044853,0
test_protein_7841,1.0,0.9402249455451965,1
test_protein_7842,1.0,0.17623263597488403,0
test_protein_7843,1.0,0.24001997709274292,0
