name,label,prob,pred
protein_6212,0.0,0.06890869140625,0
protein_38356,1.0,0.021453857421875,0
protein_6134,1.0,0.994140625,1
protein_12910,1.0,0.990234375,1
protein_62388,1.0,0.27490234375,0
protein_50803,1.0,0.994140625,1
protein_29043,1.0,0.99267578125,1
protein_48931,0.0,0.063232421875,0
protein_44357,1.0,0.9287109375,1
protein_54403,1.0,0.99169921875,1
protein_9999,0.0,0.50439453125,1
protein_26411,1.0,0.994140625,1
protein_50630,0.0,0.00443267822265625,0
protein_3004,0.0,0.048858642578125,0
protein_47533,0.0,0.070068359375,0
protein_53425,1.0,0.91259765625,1
protein_5032,0.0,0.75439453125,1
protein_22035,0.0,0.00600433349609375,0
protein_32080,0.0,0.01287078857421875,0
protein_44834,1.0,0.6357421875,1
protein_2325,1.0,0.99072265625,1
protein_53,0.0,0.10894775390625,0
protein_28340,1.0,0.9658203125,1
protein_46930,0.0,0.1357421875,0
protein_61401,1.0,0.419189453125,0
protein_19485,0.0,0.0256195068359375,0
protein_2248,0.0,0.08929443359375,0
protein_55745,0.0,0.007122039794921875,0
protein_1642,0.0,0.006439208984375,0
protein_61319,1.0,0.56640625,1
protein_16236,0.0,0.430419921875,0
protein_17993,0.0,0.9853515625,1
protein_55722,1.0,0.0247039794921875,0
protein_39353,1.0,0.0843505859375,0
protein_38383,1.0,0.5009765625,1
protein_11807,1.0,0.990234375,1
protein_24829,0.0,0.0284423828125,0
protein_23012,1.0,0.7314453125,1
protein_64279,1.0,0.90087890625,1
protein_59841,0.0,0.004665374755859375,0
protein_16956,1.0,0.9951171875,1
protein_9463,0.0,0.043212890625,0
protein_39209,1.0,0.9931640625,1
protein_45147,1.0,0.488525390625,0
protein_21857,0.0,0.0045928955078125,0
protein_17472,0.0,0.0816650390625,0
protein_43208,0.0,0.0706787109375,0
protein_11193,0.0,0.044677734375,0
protein_57190,1.0,0.99560546875,1
protein_46326,1.0,0.96923828125,1
protein_38640,1.0,0.9951171875,1
protein_64324,0.0,0.6982421875,1
protein_28462,1.0,0.99560546875,1
protein_33212,0.0,0.52392578125,1
protein_34301,1.0,0.908203125,1
protein_50620,0.0,0.004627227783203125,0
protein_52382,0.0,0.01238250732421875,0
protein_18439,1.0,0.057373046875,0
protein_25000,0.0,0.043609619140625,0
protein_17968,0.0,0.485107421875,0
protein_64101,0.0,0.00428009033203125,0
protein_54795,0.0,0.029876708984375,0
protein_57774,0.0,0.241455078125,0
protein_42280,0.0,0.5537109375,1
protein_24877,1.0,0.994140625,1
protein_9632,0.0,0.03753662109375,0
protein_12937,1.0,0.99169921875,1
protein_61808,1.0,0.04638671875,0
protein_20037,0.0,0.0246124267578125,0
protein_61888,1.0,0.99462890625,1
protein_32997,0.0,0.072509765625,0
protein_54641,1.0,0.974609375,1
protein_43825,0.0,0.06292724609375,0
protein_28598,1.0,0.8955078125,1
protein_3100,1.0,0.994140625,1
protein_1633,0.0,0.0225067138671875,0
protein_7144,1.0,0.99462890625,1
protein_51098,1.0,0.98583984375,1
protein_47864,0.0,0.6357421875,1
protein_42445,1.0,0.05059814453125,0
protein_3223,0.0,0.02880859375,0
protein_22946,1.0,0.9921875,1
protein_32714,0.0,0.017578125,0
protein_54407,1.0,0.98828125,1
protein_33834,0.0,0.00400543212890625,0
protein_3860,0.0,0.06927490234375,0
protein_42127,1.0,0.0153045654296875,0
protein_26703,1.0,0.039947509765625,0
protein_46400,1.0,0.98486328125,1
protein_7413,0.0,0.9560546875,1
protein_11049,1.0,0.59423828125,1
protein_53812,0.0,0.0154266357421875,0
protein_34757,1.0,0.9013671875,1
protein_24889,1.0,0.99072265625,1
protein_64062,0.0,0.011962890625,0
protein_32490,1.0,0.9951171875,1
protein_57090,1.0,0.49072265625,0
protein_45765,1.0,0.99267578125,1
protein_31142,1.0,0.6279296875,1
protein_2142,0.0,0.427734375,0
protein_50454,0.0,0.00861358642578125,0
protein_56695,0.0,0.0333251953125,0
protein_22473,1.0,0.9931640625,1
protein_53034,1.0,0.79248046875,1
protein_7252,1.0,0.9951171875,1
protein_48790,1.0,0.090087890625,0
protein_429,0.0,0.67626953125,1
protein_1491,0.0,0.07666015625,0
protein_45485,1.0,0.99365234375,1
protein_40981,0.0,0.55224609375,1
protein_30459,0.0,0.00400543212890625,0
protein_8249,1.0,0.046905517578125,0
protein_25844,1.0,0.06768798828125,0
protein_31937,0.0,0.578125,1
protein_54416,1.0,0.61962890625,1
protein_12144,1.0,0.56640625,1
protein_56939,1.0,0.97802734375,1
protein_29515,1.0,0.99267578125,1
protein_10277,0.0,0.058013916015625,0
protein_24578,1.0,0.9931640625,1
protein_31524,1.0,0.53173828125,1
protein_43735,0.0,0.03240966796875,0
protein_61398,1.0,0.47314453125,0
protein_22346,1.0,0.67529296875,1
protein_22446,1.0,0.98193359375,1
protein_38805,1.0,0.98876953125,1
protein_2323,1.0,0.7470703125,1
protein_24494,0.0,0.0154876708984375,0
protein_30649,0.0,0.006641387939453125,0
protein_20871,0.0,0.2237548828125,0
protein_2236,0.0,0.004116058349609375,0
protein_11405,1.0,0.99365234375,1
protein_772,0.0,0.004756927490234375,0
protein_31948,0.0,0.0390625,0
protein_13677,1.0,0.994140625,1
protein_27311,1.0,0.9931640625,1
protein_43181,0.0,0.00392913818359375,0
protein_32555,1.0,0.9951171875,1
protein_7515,1.0,0.9951171875,1
protein_56635,0.0,0.7236328125,1
protein_48743,1.0,0.96630859375,1
protein_39752,0.0,0.0104522705078125,0
protein_61326,1.0,0.080078125,0
protein_6976,1.0,0.2130126953125,0
protein_25870,1.0,0.1392822265625,0
protein_11251,0.0,0.98828125,1
protein_13127,1.0,0.98388671875,1
protein_13421,1.0,0.99365234375,1
protein_12472,1.0,0.0328369140625,0
protein_16518,0.0,0.04620361328125,0
protein_61216,0.0,0.0379638671875,0
protein_45525,1.0,0.97802734375,1
protein_26497,0.0,0.5927734375,1
protein_5138,0.0,0.06719970703125,0
protein_56026,0.0,0.56494140625,1
protein_36768,0.0,0.0190887451171875,0
protein_6917,1.0,0.994140625,1
protein_25218,0.0,0.056640625,0
protein_40477,0.0,0.0615234375,0
protein_18586,0.0,0.005001068115234375,0
protein_61485,1.0,0.65283203125,1
protein_26780,0.0,0.66015625,1
protein_9661,0.0,0.1033935546875,0
protein_43322,0.0,0.003765106201171875,0
protein_57986,0.0,0.0369873046875,0
protein_29498,1.0,0.9951171875,1
protein_23942,1.0,0.986328125,1
protein_20959,1.0,0.13818359375,0
protein_12594,1.0,0.7734375,1
protein_7452,0.0,0.06878662109375,0
protein_28261,1.0,0.9833984375,1
protein_3594,0.0,0.03533935546875,0
protein_17221,0.0,0.96826171875,1
protein_54043,0.0,0.0299224853515625,0
protein_15983,0.0,0.035400390625,0
protein_6523,1.0,0.984375,1
protein_17397,0.0,0.58154296875,1
protein_3804,0.0,0.00428009033203125,0
protein_46544,1.0,0.994140625,1
protein_18601,0.0,0.60546875,1
protein_22880,1.0,0.9951171875,1
protein_36107,0.0,0.0059814453125,0
protein_14321,0.0,0.011505126953125,0
protein_2102,0.0,0.9794921875,1
protein_44737,1.0,0.55615234375,1
protein_30104,0.0,0.0231475830078125,0
protein_34895,1.0,0.0285491943359375,0
protein_33305,0.0,0.490966796875,0
protein_58959,1.0,0.6748046875,1
protein_13374,1.0,0.10577392578125,0
protein_17868,0.0,0.005664825439453125,0
protein_56162,0.0,0.446533203125,0
protein_7360,0.0,0.087890625,0
protein_34546,1.0,0.56787109375,1
protein_48697,1.0,0.62451171875,1
protein_43519,0.0,0.03192138671875,0
protein_249,0.0,0.01554107666015625,0
protein_29982,1.0,0.78515625,1
protein_42655,0.0,0.74853515625,1
protein_9036,1.0,0.07452392578125,0
protein_31495,1.0,0.7841796875,1
protein_62927,1.0,0.9931640625,1
protein_62374,0.0,0.041229248046875,0
protein_690,0.0,0.018096923828125,0
protein_64458,1.0,0.9912109375,1
protein_13743,1.0,0.677734375,1
protein_6949,1.0,0.95556640625,1
protein_23379,0.0,0.03021240234375,0
protein_40236,0.0,0.0255584716796875,0
protein_58631,0.0,0.005889892578125,0
protein_37513,0.0,0.9931640625,1
protein_21094,1.0,0.9931640625,1
protein_16529,0.0,0.01395416259765625,0
protein_39202,1.0,0.054412841796875,0
protein_39999,1.0,0.4619140625,0
protein_6485,1.0,0.62158203125,1
protein_18608,0.0,0.061981201171875,0
protein_13884,1.0,0.99365234375,1
protein_42741,1.0,0.609375,1
protein_47937,0.0,0.0230712890625,0
protein_625,1.0,0.96044921875,1
protein_6484,1.0,0.10540771484375,0
protein_44425,1.0,0.3828125,0
protein_62755,1.0,0.98828125,1
protein_43438,0.0,0.1927490234375,0
protein_51240,0.0,0.01512908935546875,0
protein_8926,1.0,0.99462890625,1
protein_62041,0.0,0.00424957275390625,0
protein_40620,0.0,0.004299163818359375,0
protein_26100,1.0,0.036773681640625,0
protein_9925,0.0,0.004039764404296875,0
protein_48043,0.0,0.0136871337890625,0
protein_16126,1.0,0.98876953125,1
protein_46823,1.0,0.99462890625,1
protein_21667,1.0,0.97216796875,1
protein_6426,1.0,0.05389404296875,0
protein_28098,1.0,0.57568359375,1
protein_33553,0.0,0.6015625,1
protein_15558,1.0,0.994140625,1
protein_38498,1.0,0.9794921875,1
protein_21648,1.0,0.61474609375,1
protein_37637,0.0,0.489990234375,0
protein_56859,1.0,0.98681640625,1
protein_21271,1.0,0.6796875,1
protein_34292,1.0,0.52001953125,1
protein_18054,0.0,0.59423828125,1
protein_44587,1.0,0.5888671875,1
protein_58360,0.0,0.0401611328125,0
protein_31909,1.0,0.712890625,1
protein_32642,1.0,0.6845703125,1
protein_33178,0.0,0.0135345458984375,0
protein_19479,0.0,0.287353515625,0
protein_3074,1.0,0.60302734375,1
protein_48300,0.0,0.50634765625,1
protein_56826,1.0,0.1488037109375,0
protein_23767,1.0,0.73388671875,1
protein_6593,1.0,0.68017578125,1
protein_62125,1.0,0.06439208984375,0
protein_38407,1.0,0.994140625,1
protein_21328,1.0,0.333740234375,0
protein_59959,0.0,0.014007568359375,0
protein_20665,1.0,0.98876953125,1
protein_5772,0.0,0.0207672119140625,0
protein_2991,0.0,0.03594970703125,0
protein_18556,1.0,0.99462890625,1
protein_32775,0.0,0.990234375,1
protein_49309,0.0,0.027801513671875,0
protein_10022,0.0,0.0097808837890625,0
protein_28704,1.0,0.91796875,1
protein_42034,1.0,0.04248046875,0
protein_1054,0.0,0.59814453125,1
protein_62616,1.0,0.63134765625,1
protein_44331,1.0,0.6611328125,1
protein_20280,1.0,0.99462890625,1
protein_6101,1.0,0.99267578125,1
protein_3496,0.0,0.00577545166015625,0
protein_44245,0.0,0.00426483154296875,0
protein_33779,0.0,0.04052734375,0
protein_44578,1.0,0.9912109375,1
protein_46963,0.0,0.01495361328125,0
protein_34704,1.0,0.9951171875,1
protein_9986,0.0,0.00455474853515625,0
protein_54497,0.0,0.032958984375,0
protein_48030,0.0,0.004215240478515625,0
protein_30818,0.0,0.352783203125,0
protein_63615,0.0,0.015960693359375,0
protein_48351,0.0,0.01107025146484375,0
protein_57198,1.0,0.99560546875,1
protein_62567,1.0,0.9921875,1
protein_2213,0.0,0.64501953125,1
protein_5429,0.0,0.004962921142578125,0
protein_14776,0.0,0.3125,0
protein_3180,1.0,0.99365234375,1
protein_50357,1.0,0.341552734375,0
protein_31734,1.0,0.364501953125,0
protein_33256,0.0,0.350341796875,0
protein_36144,0.0,0.07366943359375,0
protein_24139,0.0,0.09808349609375,0
protein_53935,0.0,0.0078125,0
protein_64405,0.0,0.81396484375,1
protein_27086,1.0,0.98388671875,1
protein_37134,1.0,0.61083984375,1
protein_30225,1.0,0.9765625,1
protein_22048,0.0,0.120849609375,0
protein_16884,1.0,0.87890625,1
protein_20960,1.0,0.890625,1
protein_61736,1.0,0.83837890625,1
protein_26795,0.0,0.014007568359375,0
protein_7542,1.0,0.99365234375,1
protein_18594,0.0,0.00395965576171875,0
protein_46758,1.0,0.00971221923828125,0
protein_20201,1.0,0.994140625,1
protein_25807,1.0,0.974609375,1
protein_6424,1.0,0.98876953125,1
protein_22306,1.0,0.509765625,1
protein_7221,1.0,0.9921875,1
protein_55330,1.0,0.994140625,1
protein_40117,1.0,0.9951171875,1
protein_8116,1.0,0.984375,1
protein_6035,1.0,0.99462890625,1
protein_57435,1.0,0.54931640625,1
protein_10575,0.0,0.199951171875,0
protein_50725,1.0,0.80517578125,1
protein_1749,0.0,0.021484375,0
protein_49187,0.0,0.5419921875,1
protein_6329,0.0,0.0209197998046875,0
protein_46867,0.0,0.59033203125,1
protein_29066,1.0,0.96435546875,1
protein_46361,1.0,0.98974609375,1
protein_2550,0.0,0.021820068359375,0
protein_24196,0.0,0.412109375,0
protein_55608,0.0,0.58154296875,1
protein_35495,0.0,0.007785797119140625,0
protein_40603,0.0,0.0038852691650390625,0
protein_58996,1.0,0.97998046875,1
protein_16395,0.0,0.07183837890625,0
protein_6574,1.0,0.7392578125,1
protein_23776,1.0,0.94189453125,1
protein_16426,0.0,0.445556640625,0
protein_23030,1.0,0.994140625,1
protein_55844,0.0,0.004085540771484375,0
protein_62762,1.0,0.9951171875,1
protein_27601,1.0,0.994140625,1
protein_24384,1.0,0.958984375,1
protein_60426,1.0,0.0301055908203125,0
protein_59939,1.0,0.99365234375,1
protein_25488,1.0,0.310302734375,0
protein_57729,0.0,0.6376953125,1
protein_53489,0.0,0.434814453125,0
protein_14284,1.0,0.9951171875,1
protein_36773,0.0,0.03326416015625,0
protein_6562,1.0,0.884765625,1
protein_30136,0.0,0.00626373291015625,0
protein_2993,0.0,0.01177978515625,0
protein_40987,0.0,0.02655029296875,0
protein_17965,0.0,0.007122039794921875,0
protein_38885,1.0,0.99365234375,1
protein_17214,0.0,0.36328125,0
protein_37371,1.0,0.99365234375,1
protein_2329,1.0,0.990234375,1
protein_35395,0.0,0.00441741943359375,0
protein_7299,1.0,0.99462890625,1
protein_38444,1.0,0.63623046875,1
protein_2211,0.0,0.004039764404296875,0
protein_64196,0.0,0.00394439697265625,0
protein_45561,1.0,0.56982421875,1
protein_42971,0.0,0.079345703125,0
protein_58574,1.0,0.6953125,1
protein_22228,0.0,0.04327392578125,0
protein_455,0.0,0.04534912109375,0
protein_59367,0.0,0.890625,1
protein_39278,1.0,0.98779296875,1
protein_12458,1.0,0.98779296875,1
protein_32213,0.0,0.00455474853515625,0
protein_64326,0.0,0.6005859375,1
protein_9554,0.0,0.00989532470703125,0
protein_42383,1.0,0.97705078125,1
protein_15909,1.0,0.9951171875,1
protein_54792,0.0,0.01322174072265625,0
protein_61782,1.0,0.9951171875,1
protein_24622,1.0,0.141845703125,0
protein_62280,0.0,0.619140625,1
protein_17056,0.0,0.384033203125,0
protein_44665,1.0,0.611328125,1
protein_35552,0.0,0.00399017333984375,0
protein_41512,0.0,0.0216217041015625,0
protein_35214,0.0,0.00760650634765625,0
protein_1591,0.0,0.005619049072265625,0
protein_63326,1.0,0.97265625,1
protein_52296,0.0,0.0295867919921875,0
protein_28654,1.0,0.58251953125,1
protein_37914,0.0,0.004772186279296875,0
protein_17433,0.0,0.00600433349609375,0
protein_16619,1.0,0.9951171875,1
protein_1323,0.0,0.004680633544921875,0
protein_58564,1.0,0.9951171875,1
protein_23201,0.0,0.03131103515625,0
protein_64590,0.0,0.0090179443359375,0
protein_8318,1.0,0.04046630859375,0
protein_17864,0.0,0.1964111328125,0
protein_15728,1.0,0.99365234375,1
protein_45493,1.0,0.76025390625,1
protein_57534,1.0,0.99169921875,1
protein_12859,1.0,0.99267578125,1
protein_51254,0.0,0.5458984375,1
protein_35024,1.0,0.015960693359375,0
protein_885,0.0,0.458251953125,0
protein_24689,0.0,0.84619140625,1
protein_11703,1.0,0.88720703125,1
protein_15714,1.0,0.99169921875,1
protein_39921,0.0,0.028106689453125,0
protein_9421,0.0,0.078369140625,0
protein_42522,1.0,0.96240234375,1
protein_43644,0.0,0.1224365234375,0
protein_22791,1.0,0.64599609375,1
protein_24923,0.0,0.9814453125,1
protein_16681,1.0,0.98828125,1
protein_47904,0.0,0.17431640625,0
protein_23002,1.0,0.9921875,1
protein_60734,1.0,0.458251953125,0
protein_55019,0.0,0.045867919921875,0
protein_51623,0.0,0.98779296875,1
protein_38194,1.0,0.038818359375,0
protein_59094,1.0,0.0364990234375,0
protein_23900,1.0,0.99169921875,1
protein_2500,0.0,0.1512451171875,0
protein_51218,0.0,0.07305908203125,0
protein_51636,0.0,0.0038700103759765625,0
protein_3289,0.0,0.0269622802734375,0
protein_55971,1.0,0.99462890625,1
protein_49830,0.0,0.159912109375,0
protein_39412,1.0,0.9775390625,1
protein_26025,1.0,0.58056640625,1
protein_25311,0.0,0.120849609375,0
protein_33304,0.0,0.0293731689453125,0
protein_51987,1.0,0.97509765625,1
protein_14544,0.0,0.005218505859375,0
protein_37127,1.0,0.99462890625,1
protein_27347,1.0,0.75,1
protein_21470,1.0,0.994140625,1
protein_53394,1.0,0.9951171875,1
protein_58846,1.0,0.99462890625,1
protein_60728,1.0,0.98974609375,1
protein_6931,1.0,0.59619140625,1
protein_2781,0.0,0.004299163818359375,0
protein_41333,1.0,0.9912109375,1
protein_25541,1.0,0.9951171875,1
protein_40501,0.0,0.00426483154296875,0
protein_22906,1.0,0.10174560546875,0
protein_53549,0.0,0.11614990234375,0
protein_9893,0.0,0.047332763671875,0
protein_57332,1.0,0.708984375,1
protein_15960,1.0,0.9951171875,1
protein_33712,0.0,0.43505859375,0
protein_45474,1.0,0.97900390625,1
protein_41414,0.0,0.41162109375,0
protein_13302,1.0,0.81103515625,1
protein_8778,1.0,0.8330078125,1
protein_36593,1.0,0.72265625,1
protein_46896,0.0,0.01142120361328125,0
protein_63080,0.0,0.01358795166015625,0
protein_27228,1.0,0.99267578125,1
protein_59409,0.0,0.499755859375,0
protein_35645,1.0,0.99462890625,1
protein_62933,1.0,0.5986328125,1
protein_9790,0.0,0.03424072265625,0
protein_8232,1.0,0.9931640625,1
protein_19589,0.0,0.004573822021484375,0
protein_29543,0.0,0.02801513671875,0
protein_47696,0.0,0.09075927734375,0
protein_63533,0.0,0.52783203125,1
protein_23701,0.0,0.022674560546875,0
protein_56479,1.0,0.96044921875,1
protein_29327,1.0,0.99462890625,1
protein_12682,1.0,0.990234375,1
protein_11097,0.0,0.03216552734375,0
protein_61568,1.0,0.00760650634765625,0
protein_286,0.0,0.0169219970703125,0
protein_17487,0.0,0.0255584716796875,0
protein_43917,0.0,0.53369140625,1
protein_63290,1.0,0.99072265625,1
protein_25896,1.0,0.99169921875,1
protein_50196,1.0,0.459228515625,0
protein_36234,0.0,0.027435302734375,0
protein_34243,1.0,0.99462890625,1
protein_50667,0.0,0.004314422607421875,0
protein_17976,0.0,0.06109619140625,0
protein_19439,0.0,0.73291015625,1
protein_18554,1.0,0.994140625,1
protein_2529,0.0,0.04107666015625,0
protein_36478,1.0,0.99462890625,1
protein_19350,0.0,0.0048675537109375,0
protein_48705,1.0,0.90283203125,1
protein_30377,0.0,0.379638671875,0
protein_56098,0.0,0.318115234375,0
protein_17905,0.0,0.005687713623046875,0
protein_55800,0.0,0.003795623779296875,0
protein_27705,1.0,0.91015625,1
protein_12800,1.0,0.99072265625,1
protein_18489,0.0,0.05572509765625,0
protein_26006,1.0,0.8779296875,1
protein_30770,0.0,0.54833984375,1
protein_62133,1.0,0.01953125,0
protein_47473,0.0,0.49072265625,0
protein_30019,1.0,0.9794921875,1
protein_53263,1.0,0.98388671875,1
protein_17456,0.0,0.4638671875,0
protein_55274,1.0,0.25048828125,0
protein_10927,1.0,0.90625,1
protein_2606,1.0,0.994140625,1
protein_39944,0.0,0.047149658203125,0
protein_35574,1.0,0.994140625,1
protein_26134,1.0,0.99267578125,1
protein_3616,0.0,0.712890625,1
protein_32972,0.0,0.009857177734375,0
protein_47151,0.0,0.03704833984375,0
protein_26483,0.0,0.0269622802734375,0
protein_38756,1.0,0.8447265625,1
protein_19081,0.0,0.0150146484375,0
protein_51726,1.0,0.57080078125,1
protein_38423,1.0,0.97021484375,1
protein_55909,0.0,0.004180908203125,0
protein_4365,0.0,0.005428314208984375,0
protein_63969,0.0,0.007518768310546875,0
protein_22936,1.0,0.04986572265625,0
protein_57323,1.0,0.994140625,1
protein_32913,0.0,0.06683349609375,0
protein_37995,0.0,0.004100799560546875,0
protein_11519,1.0,0.9912109375,1
protein_49807,0.0,0.162353515625,0
protein_46445,1.0,0.99365234375,1
protein_25293,0.0,0.1380615234375,0
protein_28176,1.0,0.98974609375,1
protein_42644,0.0,0.037689208984375,0
protein_6693,1.0,0.984375,1
protein_57699,0.0,0.006290435791015625,0
protein_6542,1.0,0.9912109375,1
protein_35624,1.0,0.994140625,1
protein_53401,1.0,0.9951171875,1
protein_13506,1.0,0.7470703125,1
protein_24482,0.0,0.00498199462890625,0
protein_34245,1.0,0.8046875,1
protein_10905,1.0,0.01490020751953125,0
protein_21198,1.0,0.8046875,1
protein_36874,0.0,0.489990234375,0
protein_16223,0.0,0.040771484375,0
protein_53237,1.0,0.994140625,1
protein_32365,1.0,0.10968017578125,0
protein_9671,0.0,0.037109375,0
protein_63616,0.0,0.05987548828125,0
protein_9956,0.0,0.037200927734375,0
protein_36550,1.0,0.07965087890625,0
protein_64385,0.0,0.98388671875,1
protein_38153,1.0,0.99365234375,1
protein_37417,1.0,0.9931640625,1
protein_48511,0.0,0.0043487548828125,0
protein_63785,0.0,0.0039005279541015625,0
protein_28238,1.0,0.98583984375,1
protein_37210,1.0,0.99365234375,1
protein_1711,1.0,0.0521240234375,0
protein_17125,0.0,0.0247039794921875,0
protein_29480,1.0,0.99560546875,1
protein_17560,0.0,0.036163330078125,0
protein_20291,1.0,0.99365234375,1
protein_1228,0.0,0.0108184814453125,0
protein_30358,0.0,0.020172119140625,0
protein_38849,1.0,0.58349609375,1
protein_63660,0.0,0.0043487548828125,0
protein_9688,0.0,0.04083251953125,0
protein_44194,0.0,0.1990966796875,0
protein_5315,0.0,0.06585693359375,0
protein_13025,1.0,0.583984375,1
protein_13502,1.0,0.60205078125,1
protein_3438,0.0,0.296142578125,0
protein_36392,0.0,0.0038242340087890625,0
protein_12609,1.0,0.994140625,1
protein_47122,0.0,0.0082550048828125,0
protein_52268,0.0,0.036346435546875,0
protein_19760,0.0,0.50830078125,1
protein_30439,0.0,0.0038852691650390625,0
protein_16975,1.0,0.9931640625,1
protein_26978,1.0,0.9921875,1
protein_57180,1.0,0.994140625,1
protein_61671,1.0,0.96728515625,1
protein_21982,0.0,0.2393798828125,0
protein_54926,0.0,0.00498199462890625,0
protein_58990,1.0,0.9658203125,1
protein_36472,1.0,0.9951171875,1
protein_58693,1.0,0.9951171875,1
protein_8881,1.0,0.9853515625,1
protein_63778,0.0,0.0038852691650390625,0
protein_8994,1.0,0.9873046875,1
protein_19984,0.0,0.003765106201171875,0
protein_24522,0.0,0.051361083984375,0
protein_58830,1.0,0.994140625,1
protein_9581,0.0,0.93798828125,1
protein_48025,0.0,0.00646209716796875,0
protein_46411,1.0,0.6513671875,1
protein_49019,0.0,0.06744384765625,0
protein_10539,0.0,0.023651123046875,0
protein_54637,1.0,0.133544921875,0
protein_26064,1.0,0.9951171875,1
protein_27225,1.0,0.97900390625,1
protein_46103,1.0,0.99365234375,1
protein_7726,1.0,0.7646484375,1
protein_506,0.0,0.264404296875,0
protein_2886,1.0,0.034088134765625,0
protein_39510,0.0,0.004199981689453125,0
protein_16417,0.0,0.039794921875,0
protein_22143,0.0,0.0192413330078125,0
protein_59843,0.0,0.04376220703125,0
protein_8659,1.0,0.974609375,1
protein_60370,1.0,0.6845703125,1
protein_61008,1.0,0.7900390625,1
protein_36495,1.0,0.9951171875,1
protein_35680,0.0,0.00399017333984375,0
protein_62495,1.0,0.9501953125,1
protein_18915,0.0,0.99072265625,1
protein_48162,0.0,0.0953369140625,0
protein_4158,0.0,0.1380615234375,0
protein_62715,1.0,0.98974609375,1
protein_44531,1.0,0.137939453125,0
protein_54780,0.0,0.00605010986328125,0
protein_2758,0.0,0.01422882080078125,0
protein_59593,1.0,0.9951171875,1
protein_26187,1.0,0.057708740234375,0
protein_63574,0.0,0.0171051025390625,0
protein_4615,1.0,0.99462890625,1
protein_14169,1.0,0.99365234375,1
protein_16913,1.0,0.0325927734375,0
protein_26154,1.0,0.57958984375,1
protein_54588,1.0,0.076416015625,0
protein_22176,0.0,0.043212890625,0
protein_14607,0.0,0.0272674560546875,0
protein_32888,0.0,0.00916290283203125,0
protein_32322,1.0,0.994140625,1
protein_18340,1.0,0.9951171875,1
protein_33706,0.0,0.03875732421875,0
protein_1593,0.0,0.005512237548828125,0
protein_39615,1.0,0.99365234375,1
protein_46424,1.0,0.59814453125,1
protein_32678,1.0,0.537109375,1
protein_9723,0.0,0.06854248046875,0
protein_9649,0.0,0.0094146728515625,0
protein_26159,1.0,0.9873046875,1
protein_47697,0.0,0.0165863037109375,0
protein_45577,1.0,0.98388671875,1
protein_42524,1.0,0.01348114013671875,0
protein_38669,1.0,0.96044921875,1
protein_53268,1.0,0.1689453125,0
protein_6050,1.0,0.984375,1
protein_6331,0.0,0.0302734375,0
protein_43545,0.0,0.059539794921875,0
protein_2565,0.0,0.053314208984375,0
protein_50633,0.0,0.00395965576171875,0
protein_25944,1.0,0.15234375,0
protein_58263,0.0,0.00908660888671875,0
protein_31459,1.0,0.96875,1
protein_11988,1.0,0.01433563232421875,0
protein_46367,1.0,0.294677734375,0
protein_49452,0.0,0.033599853515625,0
protein_17164,0.0,0.057708740234375,0
protein_23894,1.0,0.9931640625,1
protein_41246,1.0,0.974609375,1
protein_2437,0.0,0.0101318359375,0
protein_4029,0.0,0.007843017578125,0
protein_12488,1.0,0.96337890625,1
protein_45298,1.0,0.646484375,1
protein_15672,1.0,0.99462890625,1
protein_41844,1.0,0.99169921875,1
protein_64269,1.0,0.9951171875,1
protein_7822,1.0,0.98876953125,1
protein_53126,0.0,0.7900390625,1
protein_2778,0.0,0.0323486328125,0
protein_31078,1.0,0.99169921875,1
protein_28596,1.0,0.53076171875,1
protein_25099,1.0,0.994140625,1
protein_4061,1.0,0.98681640625,1
protein_5327,0.0,0.01085662841796875,0
protein_56924,1.0,0.986328125,1
protein_57738,0.0,0.00989532470703125,0
protein_10075,0.0,0.036224365234375,0
protein_47655,0.0,0.01495361328125,0
protein_21624,1.0,0.03753662109375,0
protein_14170,1.0,0.98974609375,1
protein_25848,1.0,0.0141754150390625,0
protein_20276,1.0,0.9921875,1
protein_6995,1.0,0.9619140625,1
protein_23026,1.0,0.994140625,1
protein_49308,0.0,0.6962890625,1
protein_23920,1.0,0.61669921875,1
protein_47104,0.0,0.97119140625,1
protein_26185,1.0,0.994140625,1
protein_43698,0.0,0.0230712890625,0
protein_39839,0.0,0.64013671875,1
protein_34716,1.0,0.57470703125,1
protein_9937,0.0,0.004116058349609375,0
protein_5397,0.0,0.00494384765625,0
protein_19246,0.0,0.00948333740234375,0
protein_16063,1.0,0.93994140625,1
protein_63851,0.0,0.264892578125,0
protein_22705,1.0,0.99169921875,1
protein_5370,0.0,0.047088623046875,0
protein_46243,1.0,0.97119140625,1
protein_47240,1.0,0.68896484375,1
protein_33248,0.0,0.00443267822265625,0
protein_63988,0.0,0.434326171875,0
protein_34401,1.0,0.49560546875,0
protein_40023,1.0,0.1744384765625,0
protein_17272,0.0,0.033660888671875,0
protein_10370,1.0,0.1702880859375,0
protein_40285,0.0,0.0066680908203125,0
protein_5383,0.0,0.482421875,0
protein_51078,1.0,0.57177734375,1
protein_42012,1.0,0.050323486328125,0
protein_13822,1.0,0.994140625,1
protein_26431,0.0,0.1466064453125,0
protein_34914,1.0,0.767578125,1
protein_10242,0.0,0.99169921875,1
protein_59358,0.0,0.0390625,0
protein_20067,0.0,0.5341796875,1
protein_31165,1.0,0.0268096923828125,0
protein_28740,1.0,0.8935546875,1
protein_14849,0.0,0.97314453125,1
protein_53191,0.0,0.09185791015625,0
protein_589,0.0,0.88623046875,1
protein_20762,0.0,0.250244140625,0
protein_48398,0.0,0.01061248779296875,0
protein_16153,1.0,0.9755859375,1
protein_50983,1.0,0.9931640625,1
protein_14792,0.0,0.90673828125,1
protein_30246,1.0,0.2091064453125,0
protein_41376,0.0,0.01107025146484375,0
protein_10254,0.0,0.072509765625,0
protein_33200,0.0,0.0293121337890625,0
protein_21513,1.0,0.994140625,1
protein_54498,0.0,0.004299163818359375,0
protein_46454,1.0,0.62109375,1
protein_13133,1.0,0.5205078125,1
protein_25125,1.0,0.424560546875,0
protein_5115,0.0,0.0154266357421875,0
protein_26626,1.0,0.98876953125,1
protein_63494,0.0,0.009521484375,0
protein_21294,1.0,0.60400390625,1
protein_57675,0.0,0.00482940673828125,0
protein_2617,1.0,0.98876953125,1
protein_48066,0.0,0.047698974609375,0
protein_6011,1.0,0.9853515625,1
protein_60601,0.0,0.255859375,0
protein_56111,0.0,0.03240966796875,0
protein_40256,0.0,0.004924774169921875,0
protein_3453,0.0,0.01036834716796875,0
protein_37734,0.0,0.1446533203125,0
protein_21742,0.0,0.01061248779296875,0
protein_28415,1.0,0.994140625,1
protein_14226,1.0,0.994140625,1
protein_64598,0.0,0.007038116455078125,0
protein_26541,0.0,0.0164031982421875,0
protein_63875,0.0,0.7841796875,1
protein_11583,1.0,0.47265625,0
protein_4096,0.0,0.57470703125,1
protein_14598,0.0,0.004314422607421875,0
protein_53076,0.0,0.04803466796875,0
protein_32169,0.0,0.0104522705078125,0
protein_45200,1.0,0.66064453125,1
protein_43713,0.0,0.00482940673828125,0
protein_48361,0.0,0.01861572265625,0
protein_13444,1.0,0.10931396484375,0
protein_7653,1.0,0.99365234375,1
protein_40952,0.0,0.03656005859375,0
protein_16656,1.0,0.994140625,1
protein_34798,1.0,0.98486328125,1
protein_24382,1.0,0.14892578125,0
protein_24127,0.0,0.6875,1
protein_19058,0.0,0.0784912109375,0
protein_16970,1.0,0.994140625,1
protein_5605,0.0,0.062103271484375,0
protein_12213,1.0,0.99560546875,1
protein_22082,0.0,0.047943115234375,0
protein_11271,0.0,0.60888671875,1
protein_44830,1.0,0.9892578125,1
protein_32177,0.0,0.005001068115234375,0
protein_56799,1.0,0.9921875,1
protein_3560,0.0,0.9912109375,1
protein_6686,1.0,0.9931640625,1
protein_56762,1.0,0.99365234375,1
protein_43559,0.0,0.53955078125,1
protein_12145,1.0,0.60888671875,1
protein_45794,1.0,0.9931640625,1
protein_34003,0.0,0.0616455078125,0
protein_56748,1.0,0.99462890625,1
protein_63323,1.0,0.09503173828125,0
protein_12640,1.0,0.08251953125,0
protein_49528,0.0,0.0242767333984375,0
protein_48086,0.0,0.57763671875,1
protein_44636,1.0,0.0251312255859375,0
protein_17181,0.0,0.007755279541015625,0
protein_11618,1.0,0.98779296875,1
protein_45143,1.0,0.9921875,1
protein_15615,0.0,0.048126220703125,0
protein_8226,1.0,0.994140625,1
protein_45014,1.0,0.030731201171875,0
protein_16887,1.0,0.669921875,1
protein_47749,0.0,0.03533935546875,0
protein_38426,1.0,0.99462890625,1
protein_4640,1.0,0.286376953125,0
protein_1098,0.0,0.005260467529296875,0
protein_18699,1.0,0.9677734375,1
protein_12725,1.0,0.9794921875,1
protein_57642,0.0,0.00572967529296875,0
protein_33230,0.0,0.0214080810546875,0
protein_47771,0.0,0.00955963134765625,0
protein_23314,0.0,0.6708984375,1
protein_25594,1.0,0.994140625,1
protein_7837,1.0,0.994140625,1
protein_33286,0.0,0.258544921875,0
protein_34831,1.0,0.99462890625,1
protein_58212,0.0,0.03338623046875,0
protein_45323,1.0,0.03143310546875,0
protein_25975,1.0,0.9951171875,1
protein_24903,1.0,0.99462890625,1
protein_28136,1.0,0.98974609375,1
protein_29035,1.0,0.994140625,1
protein_34406,1.0,0.671875,1
protein_55695,1.0,0.15087890625,0
protein_38333,1.0,0.9951171875,1
protein_50448,0.0,0.13720703125,0
protein_53232,1.0,0.978515625,1
protein_19488,0.0,0.1719970703125,0
protein_22633,1.0,0.994140625,1
protein_62259,1.0,0.96044921875,1
protein_27227,1.0,0.9833984375,1
protein_40624,0.0,0.0038242340087890625,0
protein_28910,1.0,0.99462890625,1
protein_41600,1.0,0.9951171875,1
protein_21325,1.0,0.67529296875,1
protein_55693,1.0,0.77587890625,1
protein_24857,1.0,0.99462890625,1
protein_5027,0.0,0.5048828125,1
protein_60297,0.0,0.49267578125,0
protein_49930,0.0,0.05072021484375,0
protein_52056,1.0,0.994140625,1
protein_42056,1.0,0.73486328125,1
protein_44430,1.0,0.99169921875,1
protein_49274,0.0,0.0535888671875,0
protein_35556,0.0,0.00394439697265625,0
protein_37832,0.0,0.03265380859375,0
protein_3462,0.0,0.021087646484375,0
protein_45823,1.0,0.8115234375,1
protein_15522,1.0,0.89501953125,1
protein_53925,0.0,0.568359375,1
protein_43401,0.0,0.017852783203125,0
protein_2450,0.0,0.1915283203125,0
protein_38562,1.0,0.994140625,1
protein_32128,0.0,0.00600433349609375,0
protein_57536,1.0,0.17041015625,0
protein_5395,0.0,0.026458740234375,0
protein_62606,1.0,0.98876953125,1
protein_3032,0.0,0.5185546875,1
protein_55204,1.0,0.04327392578125,0
protein_9060,1.0,0.9951171875,1
protein_34389,1.0,0.98828125,1
protein_3029,0.0,0.0129241943359375,0
protein_43440,0.0,0.07977294921875,0
protein_42119,1.0,0.99462890625,1
protein_45684,1.0,0.9921875,1
protein_3389,0.0,0.0118255615234375,0
protein_2631,1.0,0.0244293212890625,0
protein_22730,1.0,0.9931640625,1
protein_29637,1.0,0.038238525390625,0
protein_12895,1.0,0.98583984375,1
protein_28967,1.0,0.98876953125,1
protein_38223,1.0,0.99462890625,1
protein_46881,0.0,0.6337890625,1
protein_8880,1.0,0.98876953125,1
protein_4919,0.0,0.00812530517578125,0
protein_125,0.0,0.08447265625,0
protein_32138,0.0,0.1728515625,0
protein_52581,1.0,0.98193359375,1
protein_87,0.0,0.004467010498046875,0
protein_13646,1.0,0.6259765625,1
protein_11525,1.0,0.0869140625,0
protein_10418,1.0,0.99267578125,1
protein_41265,1.0,0.98974609375,1
protein_629,1.0,0.1295166015625,0
protein_44256,0.0,0.369140625,0
protein_12487,1.0,0.98388671875,1
protein_43957,1.0,0.06256103515625,0
protein_19619,0.0,0.0059356689453125,0
protein_49543,0.0,0.03790283203125,0
protein_14144,1.0,0.273193359375,0
protein_8619,1.0,0.99462890625,1
protein_22155,0.0,0.0177154541015625,0
protein_2966,0.0,0.0240020751953125,0
protein_12957,1.0,0.1273193359375,0
protein_24641,0.0,0.004962921142578125,0
protein_38189,1.0,0.9951171875,1
protein_56283,1.0,0.07977294921875,0
protein_49413,0.0,0.0706787109375,0
protein_52154,0.0,0.11517333984375,0
protein_30089,0.0,0.011871337890625,0
protein_50611,0.0,0.004329681396484375,0
protein_6434,1.0,0.11279296875,0
protein_33791,0.0,0.022979736328125,0
protein_33868,0.0,0.92822265625,1
protein_37588,0.0,0.030731201171875,0
protein_56994,1.0,0.98779296875,1
protein_49958,0.0,0.9658203125,1
protein_20575,1.0,0.98828125,1
protein_31113,1.0,0.71337890625,1
protein_23492,0.0,0.63037109375,1
protein_5673,0.0,0.135009765625,0
protein_37921,0.0,0.011871337890625,0
protein_64197,0.0,0.6083984375,1
protein_46994,0.0,0.5498046875,1
protein_17715,0.0,0.00818634033203125,0
protein_445,0.0,0.404296875,0
protein_270,0.0,0.544921875,1
protein_19459,0.0,0.125732421875,0
protein_21213,1.0,0.042083740234375,0
protein_36266,0.0,0.576171875,1
protein_8740,1.0,0.5224609375,1
protein_19940,0.0,0.003795623779296875,0
protein_6753,1.0,0.99072265625,1
protein_43903,0.0,0.08209228515625,0
protein_23880,1.0,0.994140625,1
protein_17836,0.0,0.004505157470703125,0
protein_25814,1.0,0.9638671875,1
protein_57916,0.0,0.56640625,1
protein_51500,0.0,0.01433563232421875,0
protein_55449,0.0,0.0616455078125,0
protein_58491,0.0,0.362060546875,0
protein_16766,0.0,0.00391387939453125,0
protein_12605,1.0,0.9833984375,1
protein_9076,1.0,0.9931640625,1
protein_32110,0.0,0.2685546875,0
protein_23679,0.0,0.00582122802734375,0
protein_35966,0.0,0.0187225341796875,0
protein_4149,0.0,0.1419677734375,0
protein_40237,0.0,0.0273284912109375,0
protein_36430,0.0,0.00399017333984375,0
protein_8787,1.0,0.67333984375,1
protein_30949,0.0,0.2017822265625,0
protein_39469,0.0,0.98681640625,1
protein_40520,0.0,0.6884765625,1
protein_27646,1.0,0.99462890625,1
protein_29876,1.0,0.994140625,1
protein_36987,0.0,0.46923828125,0
protein_26933,1.0,0.9521484375,1
protein_38860,1.0,0.54248046875,1
protein_2021,0.0,0.0185394287109375,0
protein_7402,0.0,0.9501953125,1
protein_6205,0.0,0.11126708984375,0
protein_58826,1.0,0.97802734375,1
protein_38658,1.0,0.99462890625,1
protein_61204,0.0,0.009124755859375,0
protein_30491,0.0,0.0038547515869140625,0
protein_51316,1.0,0.328125,0
protein_21136,1.0,0.9951171875,1
protein_44995,1.0,0.9423828125,1
protein_55344,1.0,0.359130859375,0
protein_60514,0.0,0.0250396728515625,0
protein_14159,1.0,0.98095703125,1
protein_47874,0.0,0.00464630126953125,0
protein_18576,1.0,0.99462890625,1
protein_55156,1.0,0.115966796875,0
protein_18727,1.0,0.63623046875,1
protein_40718,1.0,0.99462890625,1
protein_48629,1.0,0.2371826171875,0
protein_20721,1.0,0.99365234375,1
protein_36634,1.0,0.99462890625,1
protein_41988,0.0,0.48291015625,0
protein_59542,1.0,0.0574951171875,0
protein_26921,1.0,0.994140625,1
protein_23746,0.0,0.0059356689453125,0
protein_51264,0.0,0.4970703125,0
protein_50796,1.0,0.45751953125,0
protein_44205,0.0,0.01678466796875,0
protein_8480,1.0,0.98828125,1
protein_59913,1.0,0.8134765625,1
protein_21780,0.0,0.51513671875,1
protein_29084,0.0,0.076416015625,0
protein_6861,1.0,0.63720703125,1
protein_23146,1.0,0.46533203125,0
protein_55090,0.0,0.003780364990234375,0
protein_41858,1.0,0.951171875,1
protein_3956,0.0,0.00464630126953125,0
protein_34909,1.0,0.98681640625,1
protein_34803,1.0,0.56787109375,1
protein_39447,1.0,0.8955078125,1
protein_17842,0.0,0.063232421875,0
protein_25456,1.0,0.515625,1
protein_24994,0.0,0.042877197265625,0
protein_60980,1.0,0.65234375,1
protein_4816,0.0,0.07891845703125,0
protein_49678,0.0,0.006145477294921875,0
protein_28074,1.0,0.9951171875,1
protein_41034,0.0,0.0184326171875,0
protein_19275,0.0,0.0217742919921875,0
protein_63064,1.0,0.9951171875,1
protein_8920,1.0,0.9833984375,1
protein_26011,1.0,0.9912109375,1
protein_46237,1.0,0.9931640625,1
protein_7361,0.0,0.044342041015625,0
protein_52054,1.0,0.99462890625,1
protein_22576,1.0,0.98974609375,1
protein_41302,1.0,0.9931640625,1
protein_296,0.0,0.15966796875,0
protein_24297,0.0,0.08135986328125,0
protein_36263,0.0,0.1259765625,0
protein_37857,0.0,0.00555419921875,0
protein_12838,1.0,0.9951171875,1
protein_17961,0.0,0.8447265625,1
protein_27838,1.0,0.1014404296875,0
protein_36380,0.0,0.004810333251953125,0
protein_777,0.0,0.368408203125,0
protein_20950,1.0,0.6123046875,1
protein_35827,0.0,0.65478515625,1
protein_46343,1.0,0.9873046875,1
protein_25810,1.0,0.006587982177734375,0
protein_16736,0.0,0.087890625,0
protein_54587,1.0,0.99365234375,1
protein_50365,1.0,0.81005859375,1
protein_46928,0.0,0.451416015625,0
protein_38387,1.0,0.9912109375,1
protein_55368,1.0,0.34423828125,0
protein_7845,1.0,0.79541015625,1
protein_54107,1.0,0.9951171875,1
protein_39363,1.0,0.2034912109375,0
protein_46965,0.0,0.0263519287109375,0
protein_10269,0.0,0.8857421875,1
protein_4033,0.0,0.0101318359375,0
protein_25211,0.0,0.028167724609375,0
protein_7344,0.0,0.0374755859375,0
protein_40127,1.0,0.99462890625,1
protein_16382,0.0,0.501953125,1
protein_3625,0.0,0.00464630126953125,0
protein_62910,1.0,0.607421875,1
protein_31273,1.0,0.047088623046875,0
protein_21745,0.0,0.0635986328125,0
protein_8816,1.0,0.9765625,1
protein_54578,1.0,0.99462890625,1
protein_10308,1.0,0.9912109375,1
protein_7271,1.0,0.99462890625,1
protein_27584,1.0,0.0765380859375,0
protein_8351,1.0,0.99365234375,1
protein_50304,1.0,0.0460205078125,0
protein_18390,1.0,0.1070556640625,0
protein_4362,0.0,0.00397491455078125,0
protein_64468,1.0,0.1270751953125,0
protein_52712,0.0,0.061187744140625,0
protein_50864,1.0,0.994140625,1
protein_21633,1.0,0.048126220703125,0
protein_37471,0.0,0.9248046875,1
protein_27888,1.0,0.9951171875,1
protein_61953,0.0,0.040618896484375,0
protein_27345,1.0,0.9775390625,1
protein_64217,0.0,0.55615234375,1
protein_13898,1.0,0.99462890625,1
protein_9127,1.0,0.9619140625,1
protein_34666,1.0,0.0792236328125,0
protein_19416,0.0,0.0323486328125,0
protein_3639,0.0,0.04595947265625,0
protein_63240,0.0,0.04986572265625,0
protein_58681,1.0,0.9951171875,1
protein_19659,0.0,0.026763916015625,0
protein_64366,0.0,0.05987548828125,0
protein_18811,0.0,0.5576171875,1
protein_34432,1.0,0.9921875,1
protein_26138,1.0,0.97412109375,1
protein_4040,0.0,0.02276611328125,0
protein_8722,1.0,0.994140625,1
protein_55807,0.0,0.0038242340087890625,0
protein_33682,0.0,0.12890625,0
protein_63040,1.0,0.4462890625,0
protein_7787,1.0,0.98486328125,1
protein_2523,0.0,0.092529296875,0
protein_20189,0.0,0.99365234375,1
protein_40332,0.0,0.006641387939453125,0
protein_19102,0.0,0.0723876953125,0
protein_47899,0.0,0.493896484375,0
protein_33231,0.0,0.024932861328125,0
protein_10637,1.0,0.994140625,1
protein_54380,1.0,0.3408203125,0
protein_49825,0.0,0.2476806640625,0
protein_28298,1.0,0.99267578125,1
protein_16051,1.0,0.5302734375,1
protein_54148,1.0,0.99365234375,1
protein_4058,1.0,0.0276947021484375,0
protein_36781,0.0,0.9462890625,1
protein_12891,1.0,0.077392578125,0
protein_2196,0.0,0.0050811767578125,0
protein_51262,0.0,0.004810333251953125,0
protein_48542,1.0,0.923828125,1
protein_62351,0.0,0.118408203125,0
protein_14110,0.0,0.0154266357421875,0
protein_57325,1.0,0.64892578125,1
protein_43800,0.0,0.90625,1
protein_42467,1.0,0.98876953125,1
protein_32326,0.0,0.026702880859375,0
protein_16225,0.0,0.392822265625,0
protein_41357,0.0,0.033966064453125,0
protein_35972,0.0,0.68896484375,1
protein_23823,1.0,0.984375,1
protein_60660,0.0,0.01422882080078125,0
protein_7202,1.0,0.9951171875,1
protein_14889,0.0,0.03033447265625,0
protein_11862,1.0,0.7177734375,1
protein_21931,1.0,0.9833984375,1
protein_57162,1.0,0.99462890625,1
protein_55005,0.0,0.0041656494140625,0
protein_16435,0.0,0.525390625,1
protein_12415,1.0,0.8671875,1
protein_23274,0.0,0.7119140625,1
protein_30911,0.0,0.011962890625,0
protein_30292,1.0,0.611328125,1
protein_38421,1.0,0.95263671875,1
protein_20794,0.0,0.2215576171875,0
protein_18127,0.0,0.281005859375,0
protein_12274,1.0,0.9931640625,1
protein_43708,0.0,0.07666015625,0
protein_14496,0.0,0.6435546875,1
protein_39271,1.0,0.9951171875,1
protein_20748,1.0,0.99365234375,1
protein_63680,0.0,0.12451171875,0
protein_30902,0.0,0.0217742919921875,0
protein_19809,0.0,0.00424957275390625,0
protein_24495,0.0,0.005138397216796875,0
protein_63170,1.0,0.06256103515625,0
protein_52540,1.0,0.69921875,1
protein_47132,0.0,0.56884765625,1
protein_35418,0.0,0.004100799560546875,0
protein_53431,1.0,0.8544921875,1
protein_33095,0.0,0.0115509033203125,0
protein_42129,1.0,0.11163330078125,0
protein_21740,0.0,0.0197601318359375,0
protein_1220,0.0,0.71533203125,1
protein_29134,0.0,0.458251953125,0
protein_145,0.0,0.012237548828125,0
protein_8742,1.0,0.99462890625,1
protein_57208,1.0,0.1915283203125,0
protein_8197,1.0,0.88916015625,1
protein_43019,0.0,0.0254669189453125,0
protein_986,0.0,0.00821685791015625,0
protein_3703,0.0,0.2093505859375,0
protein_41667,1.0,0.9853515625,1
protein_50766,1.0,0.994140625,1
protein_25727,1.0,0.98681640625,1
protein_21478,1.0,0.9951171875,1
protein_9646,0.0,0.4775390625,0
protein_49303,0.0,0.004180908203125,0
protein_29184,1.0,0.9912109375,1
protein_56340,1.0,0.06439208984375,0
protein_21122,1.0,0.97509765625,1
protein_32965,0.0,0.015838623046875,0
protein_55096,0.0,0.00971221923828125,0
protein_19517,0.0,0.035491943359375,0
protein_38359,1.0,0.955078125,1
protein_30200,0.0,0.55029296875,1
protein_4213,0.0,0.1973876953125,0
protein_46350,1.0,0.689453125,1
protein_4520,0.0,0.00400543212890625,0
protein_39737,0.0,0.0165252685546875,0
protein_62361,0.0,0.00933837890625,0
protein_59465,0.0,0.03704833984375,0
protein_46735,1.0,0.5078125,1
protein_60627,0.0,0.5703125,1
protein_5778,0.0,0.0723876953125,0
protein_60686,1.0,0.06243896484375,0
protein_29116,0.0,0.0099334716796875,0
protein_10035,0.0,0.05865478515625,0
protein_33812,0.0,0.005039215087890625,0
protein_1166,0.0,0.00424957275390625,0
protein_36972,0.0,0.133544921875,0
protein_60957,1.0,0.62841796875,1
protein_45859,1.0,0.9638671875,1
protein_16340,0.0,0.60888671875,1
protein_25788,1.0,0.783203125,1
protein_9351,0.0,0.00424957275390625,0
protein_44825,1.0,0.9951171875,1
protein_7226,1.0,0.99560546875,1
protein_21091,1.0,0.908203125,1
protein_19313,0.0,0.008544921875,0
protein_24554,1.0,0.99267578125,1
protein_38201,1.0,0.994140625,1
protein_56967,1.0,0.99365234375,1
protein_37975,0.0,0.003765106201171875,0
protein_30728,0.0,0.97998046875,1
protein_63003,1.0,0.9951171875,1
protein_33968,0.0,0.01107025146484375,0
protein_32045,0.0,0.05145263671875,0
protein_5116,0.0,0.006824493408203125,0
protein_60219,0.0,0.045257568359375,0
protein_41769,1.0,0.061431884765625,0
protein_56938,1.0,0.10968017578125,0
protein_27230,1.0,0.99267578125,1
protein_4886,0.0,0.028106689453125,0
protein_28439,1.0,0.88134765625,1
protein_54830,1.0,0.9951171875,1
protein_55089,0.0,0.00392913818359375,0
protein_60050,0.0,0.06500244140625,0
protein_62194,1.0,0.67138671875,1
protein_23688,0.0,0.1077880859375,0
protein_9827,0.0,0.5283203125,1
protein_20738,1.0,0.99365234375,1
protein_50300,1.0,0.54541015625,1
protein_57075,1.0,0.994140625,1
protein_6528,1.0,0.288330078125,0
protein_27846,1.0,0.9951171875,1
protein_25394,1.0,0.994140625,1
protein_61047,1.0,0.65625,1
protein_26052,1.0,0.99267578125,1
protein_45504,1.0,0.984375,1
protein_59700,1.0,0.384033203125,0
protein_37374,1.0,0.994140625,1
protein_42074,1.0,0.9931640625,1
protein_50873,1.0,0.99462890625,1
protein_33157,0.0,0.54443359375,1
protein_27897,1.0,0.9951171875,1
protein_50511,0.0,0.004680633544921875,0
protein_62745,1.0,0.9248046875,1
protein_60673,0.0,0.04986572265625,0
protein_36251,0.0,0.047607421875,0
protein_55314,0.0,0.0038547515869140625,0
protein_57840,0.0,0.92578125,1
protein_57303,1.0,0.1953125,0
protein_52676,0.0,0.06732177734375,0
protein_2162,0.0,0.038909912109375,0
protein_12336,1.0,0.99267578125,1
protein_12614,1.0,0.98583984375,1
protein_27423,1.0,0.994140625,1
protein_23851,1.0,0.04534912109375,0
protein_5014,0.0,0.024383544921875,0
protein_47339,0.0,0.06524658203125,0
protein_35040,1.0,0.994140625,1
protein_56298,1.0,0.06658935546875,0
protein_31235,1.0,0.99267578125,1
protein_43333,0.0,0.740234375,1
protein_50322,1.0,0.4423828125,0
protein_58194,0.0,0.58984375,1
protein_13432,1.0,0.96728515625,1
protein_2785,0.0,0.004100799560546875,0
protein_5200,0.0,0.02801513671875,0
protein_42902,0.0,0.0165252685546875,0
protein_19215,0.0,0.047882080078125,0
protein_30953,0.0,0.0070648193359375,0
protein_46002,1.0,0.994140625,1
protein_1537,0.0,0.00536346435546875,0
protein_1221,0.0,0.60009765625,1
protein_13686,1.0,0.52099609375,1
protein_11311,0.0,0.0229339599609375,0
protein_16107,1.0,0.98486328125,1
protein_64335,0.0,0.015899658203125,0
protein_8172,1.0,0.64208984375,1
protein_23784,1.0,0.80859375,1
protein_19718,0.0,0.2093505859375,0
protein_29117,0.0,0.0301055908203125,0
protein_13070,1.0,0.96240234375,1
protein_21582,1.0,0.86767578125,1
protein_6537,1.0,0.1630859375,0
protein_40781,0.0,0.040374755859375,0
protein_17118,0.0,0.98779296875,1
protein_1415,1.0,0.95458984375,1
protein_58995,1.0,0.994140625,1
protein_47413,0.0,0.00395965576171875,0
protein_34136,1.0,0.110107421875,0
protein_18755,1.0,0.58251953125,1
protein_6758,1.0,0.74951171875,1
protein_25506,1.0,0.9931640625,1
protein_63990,0.0,0.007122039794921875,0
protein_57106,1.0,0.99365234375,1
protein_44626,1.0,0.6533203125,1
protein_33822,0.0,0.004520416259765625,0
protein_21865,0.0,0.039703369140625,0
protein_45439,1.0,0.046478271484375,0
protein_38386,1.0,0.732421875,1
protein_713,0.0,0.0582275390625,0
protein_12083,1.0,0.990234375,1
protein_34907,1.0,0.990234375,1
protein_3428,0.0,0.0095977783203125,0
protein_47441,0.0,0.94140625,1
protein_46631,1.0,0.99072265625,1
protein_55256,1.0,0.7998046875,1
protein_15470,1.0,0.91162109375,1
protein_33324,1.0,0.9951171875,1
protein_3841,0.0,0.92529296875,1
protein_5326,0.0,0.05645751953125,0
protein_9173,1.0,0.97509765625,1
protein_58805,1.0,0.99462890625,1
protein_20614,1.0,0.9951171875,1
protein_17010,1.0,0.99462890625,1
protein_36607,1.0,0.98876953125,1
protein_31789,1.0,0.88037109375,1
protein_7030,1.0,0.99462890625,1
protein_33138,0.0,0.03948974609375,0
protein_21202,1.0,0.0401611328125,0
protein_19175,0.0,0.03216552734375,0
protein_44480,1.0,0.9853515625,1
protein_11437,0.0,0.0204925537109375,0
protein_13322,1.0,0.986328125,1
protein_45297,1.0,0.9833984375,1
protein_9521,0.0,0.004150390625,0
protein_21285,1.0,0.83203125,1
protein_477,0.0,0.0872802734375,0
protein_60419,1.0,0.0311431884765625,0
protein_42802,0.0,0.77734375,1
protein_48773,1.0,0.994140625,1
protein_34412,1.0,0.9931640625,1
protein_37865,0.0,0.0083160400390625,0
protein_34690,1.0,0.994140625,1
protein_54965,0.0,0.018402099609375,0
protein_37386,1.0,0.99365234375,1
protein_26685,1.0,0.994140625,1
protein_20572,1.0,0.994140625,1
protein_22618,1.0,0.99365234375,1
protein_42938,0.0,0.01262664794921875,0
protein_21975,0.0,0.61279296875,1
protein_9282,0.0,0.9501953125,1
protein_41948,1.0,0.94482421875,1
protein_4465,0.0,0.0038700103759765625,0
protein_24051,0.0,0.007205963134765625,0
protein_17053,0.0,0.008544921875,0
protein_56151,0.0,0.0095977783203125,0
protein_63447,0.0,0.005001068115234375,0
protein_49185,0.0,0.580078125,1
protein_62778,1.0,0.994140625,1
protein_39330,1.0,0.98095703125,1
protein_37224,1.0,0.98876953125,1
protein_34260,1.0,0.99462890625,1
protein_50135,0.0,0.021453857421875,0
protein_27092,1.0,0.990234375,1
protein_49514,0.0,0.07183837890625,0
protein_27456,1.0,0.54541015625,1
protein_21105,1.0,0.90625,1
protein_45751,1.0,0.99365234375,1
protein_32427,1.0,0.466552734375,0
protein_29017,1.0,0.99462890625,1
protein_21374,1.0,0.76904296875,1
protein_34449,1.0,0.99462890625,1
protein_55636,1.0,0.06512451171875,0
protein_3243,0.0,0.1014404296875,0
protein_30527,0.0,0.482666015625,0
protein_34367,1.0,0.990234375,1
protein_17645,0.0,0.06256103515625,0
protein_50779,1.0,0.9951171875,1
protein_52290,0.0,0.02203369140625,0
protein_50383,1.0,0.9677734375,1
protein_19091,0.0,0.06463623046875,0
protein_18875,0.0,0.0156707763671875,0
protein_54559,1.0,0.9892578125,1
protein_698,0.0,0.049224853515625,0
protein_36624,1.0,0.043365478515625,0
protein_28033,1.0,0.556640625,1
protein_11349,0.0,0.4287109375,0
protein_41531,1.0,0.8837890625,1
protein_34500,1.0,0.994140625,1
protein_39857,0.0,0.06951904296875,0
protein_370,1.0,0.55126953125,1
protein_46311,1.0,0.6240234375,1
protein_35407,0.0,0.0038394927978515625,0
protein_51427,1.0,0.9921875,1
protein_23312,0.0,0.0141754150390625,0
protein_47677,0.0,0.0272216796875,0
protein_49703,0.0,0.71484375,1
protein_64534,0.0,0.00536346435546875,0
protein_42464,1.0,0.99267578125,1
protein_1034,0.0,0.61572265625,1
protein_30464,0.0,0.0039005279541015625,0
protein_52148,0.0,0.06573486328125,0
protein_42180,1.0,0.994140625,1
protein_36824,0.0,0.544921875,1
protein_15216,1.0,0.52099609375,1
protein_60783,1.0,0.98876953125,1
protein_46322,1.0,0.98876953125,1
protein_24154,0.0,0.004100799560546875,0
protein_13169,1.0,0.99462890625,1
protein_27628,1.0,0.09912109375,0
protein_30411,0.0,0.03289794921875,0
protein_42527,1.0,0.9814453125,1
protein_54721,1.0,0.6015625,1
protein_18193,0.0,0.54638671875,1
protein_24047,0.0,0.544921875,1
protein_26832,0.0,0.041778564453125,0
protein_48498,0.0,0.00443267822265625,0
protein_6690,1.0,0.73388671875,1
protein_41931,1.0,0.99365234375,1
protein_29343,1.0,0.9951171875,1
protein_3790,0.0,0.06927490234375,0
protein_60125,0.0,0.06671142578125,0
protein_5254,0.0,0.474853515625,0
protein_26102,1.0,0.70849609375,1
protein_19111,0.0,0.0250396728515625,0
protein_46007,1.0,0.6416015625,1
protein_25771,1.0,0.99365234375,1
protein_56841,1.0,0.99462890625,1
protein_31209,1.0,0.09332275390625,0
protein_42977,0.0,0.044586181640625,0
protein_23373,0.0,0.01142120361328125,0
protein_32453,1.0,0.501953125,1
protein_7948,1.0,0.599609375,1
protein_17122,0.0,0.98828125,1
protein_6014,1.0,0.701171875,1
protein_11260,0.0,0.024383544921875,0
protein_24540,0.0,0.005199432373046875,0
protein_32745,0.0,0.007518768310546875,0
protein_27380,1.0,0.99462890625,1
protein_23935,1.0,0.5830078125,1
protein_48205,0.0,0.024383544921875,0
protein_17134,0.0,0.057586669921875,0
protein_20769,0.0,0.0083160400390625,0
protein_36055,0.0,0.023651123046875,0
protein_61779,1.0,0.994140625,1
protein_48180,0.0,0.01129150390625,0
protein_24317,0.0,0.0236053466796875,0
protein_51295,1.0,0.990234375,1
protein_49805,0.0,0.08648681640625,0
protein_4066,1.0,0.04620361328125,0
protein_26046,1.0,0.091552734375,0
protein_49964,0.0,0.65771484375,1
protein_24322,0.0,0.0225830078125,0
protein_15335,1.0,0.92138671875,1
protein_59088,1.0,0.0560302734375,0
protein_54210,0.0,0.0205230712890625,0
protein_52408,0.0,0.30517578125,0
protein_24375,1.0,0.84130859375,1
protein_54291,1.0,0.06097412109375,0
protein_33446,0.0,0.006511688232421875,0
protein_62163,1.0,0.9951171875,1
protein_56003,1.0,0.99462890625,1
protein_48945,0.0,0.0043487548828125,0
protein_32419,1.0,0.9892578125,1
protein_36545,1.0,0.3876953125,0
protein_579,0.0,0.026153564453125,0
protein_26181,1.0,0.76025390625,1
protein_11317,0.0,0.014556884765625,0
protein_5749,0.0,0.63330078125,1
protein_5107,0.0,0.428466796875,0
protein_3232,0.0,0.0546875,0
protein_9936,0.0,0.9150390625,1
protein_54085,1.0,0.9951171875,1
protein_64422,0.0,0.007518768310546875,0
protein_6080,1.0,0.98828125,1
protein_3133,0.0,0.0546875,0
protein_27064,1.0,0.2208251953125,0
protein_35928,0.0,0.96728515625,1
protein_45086,1.0,0.9716796875,1
protein_64525,0.0,0.005260467529296875,0
protein_38619,1.0,0.9912109375,1
protein_7614,1.0,0.9951171875,1
protein_31633,1.0,0.796875,1
protein_50557,0.0,0.5,1
protein_33477,0.0,0.00524139404296875,0
protein_64331,0.0,0.036224365234375,0
protein_51281,1.0,0.9951171875,1
protein_31426,1.0,0.67529296875,1
protein_38282,1.0,0.99365234375,1
protein_20547,0.0,0.0548095703125,0
protein_12448,1.0,0.006122589111328125,0
protein_54760,1.0,0.955078125,1
protein_7210,1.0,0.72021484375,1
protein_4700,0.0,0.013427734375,0
protein_39365,1.0,0.9814453125,1
protein_49111,0.0,0.00395965576171875,0
protein_50050,0.0,0.32763671875,0
protein_41448,0.0,0.035491943359375,0
protein_5361,0.0,0.7080078125,1
protein_64480,1.0,0.0615234375,0
protein_41529,1.0,0.99169921875,1
protein_32435,1.0,0.99365234375,1
protein_63932,0.0,0.599609375,1
protein_61286,1.0,0.77587890625,1
protein_22147,0.0,0.021240234375,0
protein_21715,0.0,0.529296875,1
protein_45595,1.0,0.489013671875,0
protein_39660,0.0,0.994140625,1
protein_59125,1.0,0.9384765625,1
protein_4531,1.0,0.9951171875,1
protein_32604,1.0,0.006771087646484375,0
protein_55867,0.0,0.004680633544921875,0
protein_18283,0.0,0.9736328125,1
protein_22249,0.0,0.01332855224609375,0
protein_28564,1.0,0.9931640625,1
protein_11714,1.0,0.046112060546875,0
protein_60694,1.0,0.030670166015625,0
protein_19108,0.0,0.429931640625,0
protein_12419,1.0,0.006389617919921875,0
protein_36617,1.0,0.9951171875,1
protein_53417,1.0,0.99365234375,1
protein_43866,0.0,0.578125,1
protein_14166,1.0,0.99462890625,1
protein_12386,1.0,0.876953125,1
protein_52124,0.0,0.022796630859375,0
protein_22329,1.0,0.9931640625,1
protein_35592,1.0,0.99462890625,1
protein_49552,0.0,0.0460205078125,0
protein_1979,0.0,0.97119140625,1
protein_49918,0.0,0.0115509033203125,0
protein_26116,1.0,0.9697265625,1
protein_40222,1.0,0.99169921875,1
protein_47498,0.0,0.64501953125,1
protein_10762,1.0,0.94140625,1
protein_55690,1.0,0.99072265625,1
protein_45615,1.0,0.99462890625,1
protein_34787,1.0,0.72509765625,1
protein_25002,0.0,0.05108642578125,0
protein_57923,0.0,0.01483917236328125,0
protein_49325,0.0,0.034881591796875,0
protein_64496,1.0,0.1014404296875,0
protein_6502,1.0,0.95556640625,1
protein_38874,1.0,0.99365234375,1
protein_31688,1.0,0.58154296875,1
protein_24106,0.0,0.0225830078125,0
protein_10255,0.0,0.53369140625,1
protein_58935,1.0,0.99365234375,1
protein_57574,0.0,0.0211639404296875,0
protein_24634,0.0,0.587890625,1
protein_1806,0.0,0.04107666015625,0
protein_46817,1.0,0.2117919921875,0
protein_38648,1.0,0.96435546875,1
protein_62037,0.0,0.00428009033203125,0
protein_41306,1.0,0.96826171875,1
protein_22347,1.0,0.9921875,1
protein_61724,1.0,0.634765625,1
protein_45289,1.0,0.9853515625,1
protein_20852,0.0,0.9892578125,1
protein_64509,0.0,0.004364013671875,0
protein_434,0.0,0.027801513671875,0
protein_45395,1.0,0.97314453125,1
protein_9198,1.0,0.99462890625,1
protein_52459,1.0,0.98779296875,1
protein_15237,1.0,0.61572265625,1
protein_47369,0.0,0.005428314208984375,0
protein_26680,1.0,0.00609588623046875,0
protein_59957,0.0,0.0097808837890625,0
protein_7003,1.0,0.9794921875,1
protein_22977,1.0,0.98974609375,1
protein_21836,0.0,0.0982666015625,0
protein_40996,0.0,0.0343017578125,0
protein_52525,1.0,0.84619140625,1
protein_11077,0.0,0.045257568359375,0
protein_42304,0.0,0.06756591796875,0
protein_52659,1.0,0.58154296875,1
protein_16324,0.0,0.004573822021484375,0
protein_51058,1.0,0.994140625,1
protein_10553,0.0,0.11029052734375,0
protein_35785,0.0,0.024383544921875,0
protein_37789,0.0,0.662109375,1
protein_55192,1.0,0.62255859375,1
protein_25517,1.0,0.8720703125,1
protein_30914,0.0,0.038177490234375,0
protein_19578,0.0,0.00864410400390625,0
protein_60613,0.0,0.004299163818359375,0
protein_14112,0.0,0.0230712890625,0
protein_6146,1.0,0.9951171875,1
protein_62401,1.0,0.045684814453125,0
protein_52329,0.0,0.046630859375,0
protein_21239,1.0,0.65185546875,1
protein_26436,0.0,0.047607421875,0
protein_22529,1.0,0.8701171875,1
protein_40170,1.0,0.9208984375,1
protein_34108,1.0,0.99267578125,1
protein_38294,1.0,0.99462890625,1
protein_18381,1.0,0.99267578125,1
protein_12359,1.0,0.96142578125,1
protein_38794,1.0,0.54052734375,1
protein_54379,1.0,0.98388671875,1
protein_64302,1.0,0.53466796875,1
protein_39022,1.0,0.03582763671875,0
protein_8035,1.0,0.990234375,1
protein_52521,1.0,0.990234375,1
protein_16905,1.0,0.5986328125,1
protein_907,0.0,0.0154266357421875,0
protein_31296,1.0,0.047882080078125,0
protein_3990,0.0,0.00945281982421875,0
protein_33115,0.0,0.962890625,1
protein_25590,1.0,0.97314453125,1
protein_4047,0.0,0.6455078125,1
protein_51175,0.0,0.01085662841796875,0
protein_1524,0.0,0.039337158203125,0
protein_39805,0.0,0.98388671875,1
protein_18435,1.0,0.88134765625,1
protein_48366,0.0,0.63623046875,1
protein_21248,1.0,0.46240234375,0
protein_53962,0.0,0.0199432373046875,0
protein_21627,1.0,0.093017578125,0
protein_4045,0.0,0.336669921875,0
protein_33394,0.0,0.0038547515869140625,0
protein_32488,1.0,0.99462890625,1
protein_28664,1.0,0.99560546875,1
protein_27750,1.0,0.720703125,1
protein_18533,1.0,0.99560546875,1
protein_57586,0.0,0.058013916015625,0
protein_62082,1.0,0.07366943359375,0
protein_42291,0.0,0.509765625,1
protein_40239,0.0,0.029815673828125,0
protein_35616,1.0,0.0885009765625,0
protein_51186,0.0,0.0059814453125,0
protein_937,0.0,0.67626953125,1
protein_18797,0.0,0.08770751953125,0
protein_38284,1.0,0.5263671875,1
protein_40530,0.0,0.9228515625,1
protein_915,0.0,0.06451416015625,0
protein_25370,1.0,0.99267578125,1
protein_44475,1.0,0.98828125,1
protein_61174,0.0,0.556640625,1
protein_20703,1.0,0.9951171875,1
protein_20693,0.0,0.126708984375,0
protein_5928,1.0,0.1063232421875,0
protein_16108,1.0,0.9033203125,1
protein_28167,1.0,0.994140625,1
protein_62334,0.0,0.048126220703125,0
protein_59250,1.0,0.98291015625,1
protein_1183,0.0,0.290771484375,0
protein_6529,1.0,0.82861328125,1
protein_2494,0.0,0.0156707763671875,0
protein_50562,0.0,0.01384735107421875,0
protein_29526,0.0,0.048583984375,0
protein_13271,1.0,0.96484375,1
protein_14492,0.0,0.54736328125,1
protein_5135,0.0,0.11517333984375,0
protein_9805,0.0,0.53515625,1
protein_33110,0.0,0.054290771484375,0
protein_61692,1.0,0.0728759765625,0
protein_38565,1.0,0.99365234375,1
protein_32347,1.0,0.044189453125,0
protein_61751,1.0,0.04052734375,0
protein_18830,0.0,0.35302734375,0
protein_4773,0.0,0.53466796875,1
protein_17017,0.0,0.0095977783203125,0
protein_40016,1.0,0.253662109375,0
protein_12039,1.0,0.0439453125,0
protein_25991,1.0,0.99462890625,1
protein_63657,0.0,0.004100799560546875,0
protein_60178,0.0,0.57666015625,1
protein_36792,0.0,0.00908660888671875,0
protein_24811,0.0,0.01229095458984375,0
protein_18873,0.0,0.039947509765625,0
protein_9764,0.0,0.041778564453125,0
protein_30372,0.0,0.08929443359375,0
protein_3028,0.0,0.0199432373046875,0
protein_14296,1.0,0.99462890625,1
protein_7480,1.0,0.994140625,1
protein_23288,0.0,0.042816162109375,0
protein_26037,1.0,0.99462890625,1
protein_13447,1.0,0.8837890625,1
protein_21504,1.0,0.99462890625,1
protein_38449,1.0,0.9951171875,1
protein_33500,0.0,0.00524139404296875,0
protein_17325,0.0,0.5478515625,1
protein_9842,0.0,0.043609619140625,0
protein_21403,1.0,0.98828125,1
protein_45818,1.0,0.82958984375,1
protein_11606,1.0,0.9951171875,1
protein_53455,1.0,0.994140625,1
protein_3121,1.0,0.99267578125,1
protein_46593,1.0,0.98095703125,1
protein_24759,0.0,0.89404296875,1
protein_34043,0.0,0.716796875,1
protein_46552,1.0,0.98974609375,1
protein_8902,1.0,0.99462890625,1
protein_32349,1.0,0.53759765625,1
protein_25668,1.0,0.9892578125,1
protein_47181,0.0,0.0162811279296875,0
protein_28763,1.0,0.91552734375,1
protein_61176,0.0,0.92529296875,1
protein_4163,0.0,0.63330078125,1
protein_54818,1.0,0.99365234375,1
protein_37776,0.0,0.020599365234375,0
protein_42462,1.0,0.0999755859375,0
protein_41032,0.0,0.042572021484375,0
protein_40602,0.0,0.003795623779296875,0
protein_55,0.0,0.9912109375,1
protein_63479,0.0,0.006565093994140625,0
protein_18719,1.0,0.96533203125,1
protein_46091,1.0,0.98681640625,1
protein_45725,1.0,0.994140625,1
protein_27873,1.0,0.93603515625,1
protein_4912,0.0,0.016845703125,0
protein_23404,0.0,0.03289794921875,0
protein_37872,0.0,0.00600433349609375,0
protein_57542,1.0,0.458740234375,0
protein_36740,1.0,0.99462890625,1
protein_52716,0.0,0.2110595703125,0
protein_57870,0.0,0.05718994140625,0
protein_29729,1.0,0.96337890625,1
protein_53649,1.0,0.9951171875,1
protein_17861,0.0,0.0161590576171875,0
protein_24165,0.0,0.004024505615234375,0
protein_37282,1.0,0.99462890625,1
protein_8910,1.0,0.99365234375,1
protein_47512,0.0,0.4091796875,0
protein_43369,0.0,0.00605010986328125,0
protein_59466,0.0,0.0194244384765625,0
protein_19248,0.0,0.034820556640625,0
protein_21803,0.0,0.04803466796875,0
protein_4294,1.0,0.99462890625,1
protein_6384,0.0,0.047882080078125,0
protein_14615,0.0,0.6630859375,1
protein_13392,1.0,0.99072265625,1
protein_4789,0.0,0.045867919921875,0
protein_58843,1.0,0.99462890625,1
protein_6351,0.0,0.00600433349609375,0
protein_30539,0.0,0.04083251953125,0
protein_13204,1.0,0.8994140625,1
protein_30645,0.0,0.00473785400390625,0
protein_46991,0.0,0.434814453125,0
protein_35317,0.0,0.003749847412109375,0
protein_58834,1.0,0.994140625,1
protein_61748,1.0,0.0526123046875,0
protein_13813,1.0,0.89892578125,1
protein_53099,0.0,0.64404296875,1
protein_613,1.0,0.9521484375,1
protein_4403,0.0,0.00661468505859375,0
protein_15506,1.0,0.994140625,1
protein_28410,1.0,0.299560546875,0
protein_44335,1.0,0.6572265625,1
protein_31879,1.0,0.1585693359375,0
protein_56188,1.0,0.9912109375,1
protein_9846,0.0,0.054901123046875,0
protein_48204,0.0,0.00397491455078125,0
protein_51821,1.0,0.103759765625,0
protein_58674,1.0,0.9951171875,1
protein_4400,0.0,0.01137542724609375,0
protein_40891,0.0,0.03265380859375,0
protein_42248,0.0,0.0115509033203125,0
protein_34874,1.0,0.6875,1
protein_25428,1.0,0.9873046875,1
protein_57934,0.0,0.0225830078125,0
protein_51662,0.0,0.004100799560546875,0
protein_28197,1.0,0.99560546875,1
protein_42636,0.0,0.006313323974609375,0
protein_18155,0.0,0.004383087158203125,0
protein_40452,0.0,0.0153656005859375,0
protein_21362,1.0,0.84326171875,1
protein_26403,1.0,0.99365234375,1
protein_38496,1.0,0.464111328125,0
protein_9614,0.0,0.99072265625,1
protein_59990,0.0,0.045013427734375,0
protein_48256,0.0,0.035888671875,0
protein_30680,0.0,0.1859130859375,0
protein_354,1.0,0.07135009765625,0
protein_29110,0.0,0.58251953125,1
protein_34008,0.0,0.99072265625,1
protein_19738,0.0,0.0638427734375,0
protein_14468,0.0,0.058563232421875,0
protein_30453,0.0,0.004100799560546875,0
protein_17944,0.0,0.05572509765625,0
protein_39512,0.0,0.004230499267578125,0
protein_47445,0.0,0.734375,1
protein_5343,0.0,0.60400390625,1
protein_24097,0.0,0.04803466796875,0
protein_27374,1.0,0.5546875,1
protein_5467,0.0,0.2078857421875,0
protein_48242,0.0,0.03662109375,0
protein_30948,0.0,0.59375,1
protein_11459,1.0,0.99169921875,1
protein_37150,1.0,0.99462890625,1
protein_11210,0.0,0.005100250244140625,0
protein_42639,0.0,0.453857421875,0
protein_59425,0.0,0.51806640625,1
protein_19915,0.0,0.005100250244140625,0
protein_22009,0.0,0.023956298828125,0
protein_19917,0.0,0.00399017333984375,0
protein_52160,0.0,0.59521484375,1
protein_50782,1.0,0.03460693359375,0
protein_18387,1.0,0.0994873046875,0
protein_16746,0.0,0.20849609375,0
protein_40925,0.0,0.98681640625,1
protein_33984,0.0,0.67041015625,1
protein_16599,0.0,0.406982421875,0
protein_41475,0.0,0.0070953369140625,0
protein_27391,1.0,0.99267578125,1
protein_24926,0.0,0.4833984375,0
protein_46680,1.0,0.99462890625,1
protein_30903,0.0,0.050811767578125,0
protein_12511,1.0,0.9951171875,1
protein_26390,1.0,0.129638671875,0
protein_36551,1.0,0.7138671875,1
protein_45293,1.0,0.05511474609375,0
protein_40518,0.0,0.01229095458984375,0
protein_16312,0.0,0.9208984375,1
protein_46225,1.0,0.61767578125,1
protein_26638,1.0,0.99365234375,1
protein_57439,1.0,0.994140625,1
protein_30192,0.0,0.0147857666015625,0
protein_60623,0.0,0.0060272216796875,0
protein_5971,1.0,0.8974609375,1
protein_54362,1.0,0.994140625,1
protein_29287,1.0,0.99462890625,1
protein_31388,1.0,0.00821685791015625,0
protein_1318,0.0,0.00844573974609375,0
protein_59822,1.0,0.5478515625,1
protein_14145,1.0,0.058135986328125,0
protein_44776,1.0,0.6669921875,1
protein_9823,0.0,0.060760498046875,0
protein_1044,0.0,0.0237274169921875,0
protein_60110,0.0,0.06463623046875,0
protein_61190,0.0,0.020416259765625,0
protein_1485,0.0,0.02276611328125,0
protein_22978,1.0,0.95751953125,1
protein_34416,1.0,0.9931640625,1
protein_28627,1.0,0.994140625,1
protein_271,0.0,0.040313720703125,0
protein_48106,0.0,0.85595703125,1
protein_5170,0.0,0.00815582275390625,0
protein_64435,1.0,0.99072265625,1
protein_5555,0.0,0.044281005859375,0
protein_25912,1.0,0.9921875,1
protein_52838,1.0,0.06781005859375,0
protein_32425,1.0,0.99169921875,1
protein_22751,1.0,0.9931640625,1
protein_55111,0.0,0.0039005279541015625,0
protein_45865,1.0,0.99267578125,1
protein_52365,0.0,0.1077880859375,0
protein_30114,0.0,0.206298828125,0
protein_44938,1.0,0.68408203125,1
protein_53759,1.0,0.9951171875,1
protein_6624,1.0,0.994140625,1
protein_31334,1.0,0.58935546875,1
protein_60255,0.0,0.447021484375,0
protein_46513,1.0,0.98486328125,1
protein_17527,0.0,0.0165252685546875,0
protein_5995,1.0,0.92724609375,1
protein_28803,1.0,0.9931640625,1
protein_47214,0.0,0.023193359375,0
protein_16542,0.0,0.054107666015625,0
protein_56664,0.0,0.04779052734375,0
protein_14774,0.0,0.9619140625,1
protein_42065,1.0,0.99267578125,1
protein_55869,0.0,0.003765106201171875,0
protein_10181,0.0,0.1077880859375,0
protein_35270,0.0,0.0038700103759765625,0
protein_7278,1.0,0.9931640625,1
protein_47739,0.0,0.0173797607421875,0
protein_43313,0.0,0.004299163818359375,0
protein_18849,0.0,0.13330078125,0
protein_21981,0.0,0.00490570068359375,0
protein_50325,1.0,0.68994140625,1
protein_6433,1.0,0.9931640625,1
protein_25424,1.0,0.79296875,1
protein_1401,1.0,0.97607421875,1
protein_29437,0.0,0.054107666015625,0
protein_58703,1.0,0.99365234375,1
protein_49737,0.0,0.05072021484375,0
protein_53864,0.0,0.051849365234375,0
protein_28497,1.0,0.9814453125,1
protein_3799,0.0,0.0213623046875,0
protein_9352,0.0,0.00391387939453125,0
protein_40287,0.0,0.00498199462890625,0
protein_60862,0.0,0.0196075439453125,0
protein_47288,0.0,0.55810546875,1
protein_46412,1.0,0.97607421875,1
protein_10884,0.0,0.017578125,0
protein_8664,1.0,0.65625,1
protein_1132,0.0,0.1585693359375,0
protein_24713,0.0,0.056549072265625,0
protein_30513,0.0,0.71923828125,1
protein_23121,1.0,0.99365234375,1
protein_51875,1.0,0.9931640625,1
protein_52313,0.0,0.01090240478515625,0
protein_37795,0.0,0.0069580078125,0
protein_18139,0.0,0.0411376953125,0
protein_33694,0.0,0.06427001953125,0
protein_49758,0.0,0.491943359375,0
protein_48046,0.0,0.0147857666015625,0
protein_32036,0.0,0.03607177734375,0
protein_23540,0.0,0.205078125,0
protein_55978,1.0,0.994140625,1
protein_58905,1.0,0.990234375,1
protein_55235,1.0,0.05224609375,0
protein_32869,0.0,0.041229248046875,0
protein_41340,1.0,0.9951171875,1
protein_37008,1.0,0.98583984375,1
protein_49613,0.0,0.1190185546875,0
protein_5684,0.0,0.05706787109375,0
protein_28819,1.0,0.03656005859375,0
protein_56679,0.0,0.50341796875,1
protein_61559,1.0,0.1083984375,0
protein_9142,1.0,0.99462890625,1
protein_52136,0.0,0.11920166015625,0
protein_4999,0.0,0.276611328125,0
protein_26822,0.0,0.01029205322265625,0
protein_12543,1.0,0.98974609375,1
protein_49490,0.0,0.026702880859375,0
protein_32679,1.0,0.417236328125,0
protein_35314,0.0,0.004810333251953125,0
protein_47720,0.0,0.003780364990234375,0
protein_41219,1.0,0.99462890625,1
protein_51748,1.0,0.99169921875,1
protein_58167,0.0,0.98828125,1
protein_24523,0.0,0.03228759765625,0
protein_51545,0.0,0.09893798828125,0
protein_16431,0.0,0.01094818115234375,0
protein_25829,1.0,0.99365234375,1
protein_5611,0.0,0.0229339599609375,0
protein_4811,0.0,0.0147857666015625,0
protein_15201,1.0,0.049591064453125,0
protein_57461,1.0,0.2425537109375,0
protein_19867,1.0,0.93359375,1
protein_47440,0.0,0.97021484375,1
protein_11888,1.0,0.039276123046875,0
protein_27994,1.0,0.98486328125,1
protein_42235,1.0,0.0413818359375,0
protein_46877,0.0,0.0147857666015625,0
protein_59282,1.0,0.95458984375,1
protein_16333,0.0,0.564453125,1
protein_44204,0.0,0.149658203125,0
protein_13720,1.0,0.99462890625,1
protein_55813,0.0,0.003780364990234375,0
protein_21762,0.0,0.021942138671875,0
protein_20187,0.0,0.0048675537109375,0
protein_7564,1.0,0.9951171875,1
protein_1585,0.0,0.036712646484375,0
protein_32366,1.0,0.0189056396484375,0
protein_17557,0.0,0.00469970703125,0
protein_30077,0.0,0.6962890625,1
protein_11779,1.0,0.265380859375,0
protein_36515,1.0,0.9951171875,1
protein_23996,0.0,0.25390625,0
protein_42017,1.0,0.1505126953125,0
protein_32123,0.0,0.03753662109375,0
protein_28604,1.0,0.55078125,1
protein_2087,0.0,0.93505859375,1
protein_59267,1.0,0.97021484375,1
protein_3174,1.0,0.03125,0
protein_53147,0.0,0.024749755859375,0
protein_39986,0.0,0.018341064453125,0
protein_8421,1.0,0.6962890625,1
protein_54903,0.0,0.0211639404296875,0
protein_11314,0.0,0.485595703125,0
protein_16424,0.0,0.1326904296875,0
protein_63429,0.0,0.0457763671875,0
protein_6683,1.0,0.9931640625,1
protein_31330,1.0,0.0274810791015625,0
protein_62218,1.0,0.09967041015625,0
protein_28592,1.0,0.9931640625,1
protein_15178,1.0,0.059661865234375,0
protein_55840,0.0,0.004070281982421875,0
protein_14234,1.0,0.08526611328125,0
protein_59953,0.0,0.51904296875,1
protein_26265,1.0,0.97705078125,1
protein_61703,1.0,0.7568359375,1
protein_51598,0.0,0.38818359375,0
protein_8756,1.0,0.0325927734375,0
protein_42883,0.0,0.290283203125,0
protein_30279,1.0,0.106689453125,0
protein_11904,1.0,0.783203125,1
protein_42441,1.0,0.9638671875,1
protein_45872,1.0,0.66015625,1
protein_31188,1.0,0.061309814453125,0
protein_61832,1.0,0.99072265625,1
protein_36598,1.0,0.6357421875,1
protein_58677,1.0,0.9951171875,1
protein_1060,0.0,0.023193359375,0
protein_59629,0.0,0.0390625,0
protein_20658,1.0,0.62890625,1
protein_21814,0.0,0.005512237548828125,0
protein_9442,0.0,0.00536346435546875,0
protein_12355,1.0,0.7119140625,1
protein_3076,1.0,0.98193359375,1
protein_17458,0.0,0.53662109375,1
protein_2894,1.0,0.048583984375,0
protein_39584,1.0,0.9912109375,1
protein_14400,0.0,0.0311431884765625,0
protein_59858,0.0,0.576171875,1
protein_64115,0.0,0.0038700103759765625,0
protein_41807,1.0,0.99462890625,1
protein_61009,1.0,0.62109375,1
protein_38875,1.0,0.99462890625,1
protein_33781,0.0,0.004085540771484375,0
protein_11505,1.0,0.99169921875,1
protein_11494,1.0,0.97802734375,1
protein_40465,0.0,0.87109375,1
protein_59246,1.0,0.99169921875,1
protein_2332,1.0,0.97021484375,1
protein_13014,1.0,0.99462890625,1
protein_5477,0.0,0.0177154541015625,0
protein_6007,1.0,0.994140625,1
protein_39716,0.0,0.0102081298828125,0
protein_61851,1.0,0.99462890625,1
protein_13244,1.0,0.9619140625,1
protein_7977,1.0,0.99462890625,1
protein_1165,0.0,0.31982421875,0
protein_50269,1.0,0.67236328125,1
protein_39109,1.0,0.60546875,1
protein_51067,1.0,0.99462890625,1
protein_58254,0.0,0.063720703125,0
protein_31531,1.0,0.93603515625,1
protein_28684,1.0,0.98974609375,1
protein_31164,1.0,0.58203125,1
protein_15042,1.0,0.990234375,1
protein_35625,1.0,0.994140625,1
protein_3086,1.0,0.9912109375,1
protein_41193,1.0,0.826171875,1
protein_7129,1.0,0.99462890625,1
protein_15277,1.0,0.98876953125,1
protein_53973,0.0,0.027801513671875,0
protein_18528,0.0,0.009521484375,0
protein_11853,1.0,0.994140625,1
protein_51043,1.0,0.98046875,1
protein_25485,1.0,0.99462890625,1
protein_11513,1.0,0.9931640625,1
protein_22233,0.0,0.006168365478515625,0
protein_21583,1.0,0.9521484375,1
protein_36368,0.0,0.0066680908203125,0
protein_24288,0.0,0.040008544921875,0
protein_53996,0.0,0.284423828125,0
protein_33669,0.0,0.006587982177734375,0
protein_31118,1.0,0.05511474609375,0
protein_20628,1.0,0.5068359375,1
protein_5266,0.0,0.0129241943359375,0
protein_60958,1.0,0.0278472900390625,0
protein_44177,0.0,0.0043487548828125,0
protein_28840,1.0,0.5859375,1
protein_54617,1.0,0.99365234375,1
protein_54493,0.0,0.6669921875,1
protein_20215,1.0,0.99462890625,1
protein_397,0.0,0.004756927490234375,0
protein_4108,0.0,0.63818359375,1
protein_22238,0.0,0.01495361328125,0
protein_13672,1.0,0.7080078125,1
protein_23097,1.0,0.72998046875,1
protein_49871,0.0,0.1571044921875,0
protein_43101,0.0,0.004772186279296875,0
protein_12533,1.0,0.9921875,1
protein_14505,0.0,0.003795623779296875,0
protein_17878,0.0,0.0592041015625,0
protein_47818,0.0,0.004791259765625,0
protein_13947,1.0,0.9765625,1
protein_30720,0.0,0.0196075439453125,0
protein_54023,0.0,0.97412109375,1
protein_47285,0.0,0.01073455810546875,0
protein_18964,0.0,0.10595703125,0
protein_417,0.0,0.089111328125,0
protein_29930,1.0,0.7548828125,1
protein_48051,0.0,0.0041656494140625,0
protein_30253,1.0,0.99169921875,1
protein_49383,0.0,0.98681640625,1
protein_39158,1.0,0.994140625,1
protein_25086,1.0,0.9736328125,1
protein_3432,0.0,0.01267242431640625,0
protein_37179,1.0,0.9951171875,1
protein_3190,1.0,0.7451171875,1
protein_32881,0.0,0.0284881591796875,0
protein_39177,1.0,0.6103515625,1
protein_57077,1.0,0.9951171875,1
protein_60746,1.0,0.042633056640625,0
protein_23633,0.0,0.060516357421875,0
protein_7479,1.0,0.994140625,1
protein_15543,1.0,0.63818359375,1
protein_10709,1.0,0.98779296875,1
protein_22042,0.0,0.043701171875,0
protein_6112,1.0,0.99462890625,1
protein_4645,1.0,0.9951171875,1
protein_6180,1.0,0.994140625,1
protein_53775,1.0,0.99169921875,1
protein_4071,1.0,0.5751953125,1
protein_26688,1.0,0.9931640625,1
protein_4880,0.0,0.0231475830078125,0
protein_6235,0.0,0.05450439453125,0
protein_34289,1.0,0.994140625,1
protein_9520,0.0,0.0038700103759765625,0
protein_30850,0.0,0.00443267822265625,0
protein_39705,0.0,0.6806640625,1
protein_7056,1.0,0.5341796875,1
protein_30554,0.0,0.048675537109375,0
protein_30418,0.0,0.0038700103759765625,0
protein_18492,0.0,0.06634521484375,0
protein_7482,1.0,0.994140625,1
protein_1006,0.0,0.505859375,1
protein_49835,0.0,0.95361328125,1
protein_36025,0.0,0.0154876708984375,0
protein_31210,1.0,0.58837890625,1
protein_28508,1.0,0.9951171875,1
protein_43383,0.0,0.51953125,1
protein_27007,1.0,0.99462890625,1
protein_39581,1.0,0.04052734375,0
protein_53573,0.0,0.00428009033203125,0
protein_49873,0.0,0.65966796875,1
protein_55426,1.0,0.5556640625,1
protein_51110,1.0,0.99462890625,1
protein_5758,0.0,0.004772186279296875,0
protein_27363,1.0,0.94384765625,1
protein_4173,0.0,0.317138671875,0
protein_64338,0.0,0.043701171875,0
protein_49497,0.0,0.021240234375,0
protein_28749,1.0,0.994140625,1
protein_18674,0.0,0.0038547515869140625,0
protein_15364,1.0,0.5595703125,1
protein_19861,1.0,0.560546875,1
protein_8515,1.0,0.037109375,0
protein_63623,0.0,0.0333251953125,0
protein_41530,1.0,0.9951171875,1
protein_13934,1.0,0.99462890625,1
protein_43837,0.0,0.76318359375,1
protein_56300,1.0,0.5947265625,1
protein_4466,0.0,0.004398345947265625,0
protein_2936,1.0,0.98876953125,1
protein_38731,1.0,0.99365234375,1
protein_32594,1.0,0.030731201171875,0
protein_9591,0.0,0.01678466796875,0
protein_42959,0.0,0.0604248046875,0
protein_52470,1.0,0.9931640625,1
protein_2361,1.0,0.99365234375,1
protein_32416,1.0,0.64111328125,1
protein_20934,1.0,0.56689453125,1
protein_30851,0.0,0.0125274658203125,0
protein_11467,1.0,0.99267578125,1
protein_13191,1.0,0.98779296875,1
protein_34123,1.0,0.994140625,1
protein_62695,1.0,0.99462890625,1
protein_44751,1.0,0.99267578125,1
protein_40749,1.0,0.99365234375,1
protein_52144,0.0,0.07708740234375,0
protein_24987,0.0,0.61279296875,1
protein_33627,0.0,0.49853515625,0
protein_12372,1.0,0.994140625,1
protein_54544,1.0,0.9931640625,1
protein_41320,1.0,0.99072265625,1
protein_40805,0.0,0.039703369140625,0
protein_46946,0.0,0.2073974609375,0
protein_44043,0.0,0.004886627197265625,0
protein_17888,0.0,0.07904052734375,0
protein_40260,0.0,0.004070281982421875,0
protein_18593,0.0,0.094482421875,0
protein_17938,0.0,0.0101318359375,0
protein_25296,0.0,0.0341796875,0
protein_33345,1.0,0.92041015625,1
protein_37230,1.0,0.0706787109375,0
protein_9799,0.0,0.6142578125,1
protein_21440,1.0,0.9951171875,1
protein_5712,0.0,0.0199127197265625,0
protein_43145,0.0,0.0038394927978515625,0
protein_35265,0.0,0.003795623779296875,0
protein_47432,0.0,0.063720703125,0
protein_16535,0.0,0.01061248779296875,0
protein_18399,1.0,0.70068359375,1
protein_55590,0.0,0.0259552001953125,0
protein_49404,0.0,0.91015625,1
protein_60637,0.0,0.018585205078125,0
protein_63090,0.0,0.28564453125,0
protein_40680,0.0,0.00395965576171875,0
protein_45055,1.0,0.98583984375,1
protein_3930,0.0,0.055419921875,0
protein_23758,0.0,0.58642578125,1
protein_50871,1.0,0.99560546875,1
protein_3586,0.0,0.78955078125,1
protein_35178,0.0,0.005100250244140625,0
protein_27149,1.0,0.6572265625,1
protein_55079,0.0,0.0041656494140625,0
protein_43590,0.0,0.53515625,1
protein_52963,0.0,0.50146484375,1
protein_41163,1.0,0.9951171875,1
protein_26553,0.0,0.12432861328125,0
protein_45880,1.0,0.98291015625,1
protein_63462,0.0,0.0066680908203125,0
protein_21431,1.0,0.99462890625,1
protein_849,1.0,0.55224609375,1
protein_40842,0.0,0.8193359375,1
protein_43959,1.0,0.98046875,1
protein_62240,1.0,0.94384765625,1
protein_34984,1.0,0.99462890625,1
protein_58779,1.0,0.048858642578125,0
protein_62025,0.0,0.6484375,1
protein_11715,1.0,0.1295166015625,0
protein_45942,1.0,0.60302734375,1
protein_7823,1.0,0.97607421875,1
protein_8189,1.0,0.99169921875,1
protein_33042,0.0,0.98583984375,1
protein_37145,1.0,0.994140625,1
protein_43343,0.0,0.03448486328125,0
protein_53047,1.0,0.0125274658203125,0
protein_55142,1.0,0.4873046875,0
protein_57547,1.0,0.6064453125,1
protein_42911,0.0,0.045684814453125,0
protein_41455,0.0,0.124755859375,0
protein_20669,1.0,0.9677734375,1
protein_3661,0.0,0.00600433349609375,0
protein_35119,0.0,0.654296875,1
protein_12897,1.0,0.99365234375,1
protein_54709,1.0,0.65234375,1
protein_49168,0.0,0.1614990234375,0
protein_12970,1.0,0.84326171875,1
protein_47661,0.0,0.986328125,1
protein_43260,0.0,0.004230499267578125,0
protein_37062,1.0,0.99365234375,1
protein_53851,0.0,0.0251312255859375,0
protein_6688,1.0,0.99365234375,1
protein_64522,0.0,0.00605010986328125,0
protein_20353,1.0,0.9951171875,1
protein_33413,0.0,0.00397491455078125,0
protein_11814,1.0,0.89599609375,1
protein_48117,0.0,0.0038394927978515625,0
protein_31180,1.0,0.55322265625,1
protein_48342,0.0,0.0306243896484375,0
protein_37837,0.0,0.039703369140625,0
protein_58746,1.0,0.99365234375,1
protein_59355,0.0,0.02069091796875,0
protein_44343,1.0,0.97705078125,1
protein_41243,1.0,0.994140625,1
protein_20155,0.0,0.0295867919921875,0
protein_35751,0.0,0.0043487548828125,0
protein_48907,0.0,0.017181396484375,0
protein_61637,1.0,0.1285400390625,0
protein_36458,1.0,0.9951171875,1
protein_27737,1.0,0.9697265625,1
protein_34115,1.0,0.994140625,1
protein_38163,1.0,0.98876953125,1
protein_33466,0.0,0.037261962890625,0
protein_14113,0.0,0.037689208984375,0
protein_24783,0.0,0.05889892578125,0
protein_27828,1.0,0.99365234375,1
protein_36218,0.0,0.42626953125,0
protein_50969,1.0,0.95263671875,1
protein_22431,1.0,0.94140625,1
protein_58499,0.0,0.250732421875,0
protein_37830,0.0,0.61962890625,1
protein_27211,1.0,0.10894775390625,0
protein_23569,0.0,0.083740234375,0
protein_22568,1.0,0.88720703125,1
protein_6197,1.0,0.9951171875,1
protein_19560,0.0,0.57568359375,1
protein_59262,1.0,0.68994140625,1
protein_41682,1.0,0.9912109375,1
protein_64342,0.0,0.040924072265625,0
protein_51557,0.0,0.043212890625,0
protein_1315,0.0,0.004085540771484375,0
protein_31135,1.0,0.51806640625,1
protein_40553,0.0,0.182373046875,0
protein_645,1.0,0.81005859375,1
protein_41133,0.0,0.5,1
protein_54684,1.0,0.64013671875,1
protein_33665,0.0,0.8916015625,1
protein_47979,0.0,0.0204925537109375,0
protein_4884,0.0,0.046112060546875,0
protein_19849,1.0,0.9951171875,1
protein_26681,1.0,0.95751953125,1
protein_10724,1.0,0.994140625,1
protein_60432,1.0,0.615234375,1
protein_4569,1.0,0.994140625,1
protein_13099,1.0,0.98974609375,1
protein_7163,1.0,0.99462890625,1
protein_5206,0.0,0.00867462158203125,0
protein_1581,0.0,0.09124755859375,0
protein_45874,1.0,0.89794921875,1
protein_3336,0.0,0.08648681640625,0
protein_43557,0.0,0.041534423828125,0
protein_51697,0.0,0.004024505615234375,0
protein_45636,1.0,0.11798095703125,0
protein_16299,0.0,0.055816650390625,0
protein_35050,1.0,0.153076171875,0
protein_23647,0.0,0.994140625,1
protein_28421,1.0,0.5712890625,1
protein_44599,1.0,0.1383056640625,0
protein_45601,1.0,0.9951171875,1
protein_9285,0.0,0.2420654296875,0
protein_28548,1.0,0.98291015625,1
protein_5876,1.0,0.59814453125,1
protein_12567,1.0,0.947265625,1
protein_10435,1.0,0.99462890625,1
protein_30938,0.0,0.011962890625,0
protein_32470,1.0,0.9951171875,1
protein_59564,1.0,0.98974609375,1
protein_5069,0.0,0.07501220703125,0
protein_29642,1.0,0.970703125,1
protein_56191,1.0,0.990234375,1
protein_8364,1.0,0.986328125,1
protein_42711,1.0,0.04803466796875,0
protein_55671,1.0,0.54150390625,1
protein_29155,0.0,0.0116424560546875,0
protein_12075,1.0,0.99462890625,1
protein_737,0.0,0.00498199462890625,0
protein_2759,0.0,0.01395416259765625,0
protein_58517,0.0,0.54248046875,1
protein_36174,1.0,0.69287109375,1
protein_50755,1.0,0.60791015625,1
protein_56934,1.0,0.0318603515625,0
protein_27926,1.0,0.99365234375,1
protein_59020,1.0,0.9921875,1
protein_2350,1.0,0.974609375,1
protein_33319,1.0,0.55810546875,1
protein_26815,0.0,0.005512237548828125,0
protein_50359,1.0,0.05792236328125,0
protein_26828,0.0,0.0129241943359375,0
protein_43378,0.0,0.61865234375,1
protein_44013,1.0,0.99462890625,1
protein_32539,1.0,0.462890625,0
protein_5131,0.0,0.5703125,1
protein_12002,1.0,0.99365234375,1
protein_44062,0.0,0.54296875,1
protein_41228,1.0,0.99462890625,1
protein_9406,0.0,0.055511474609375,0
protein_47598,0.0,0.00701141357421875,0
protein_1492,0.0,0.050140380859375,0
protein_57140,1.0,0.99365234375,1
protein_26060,1.0,0.9951171875,1
protein_60238,0.0,0.027069091796875,0
protein_20420,1.0,0.67333984375,1
protein_9989,0.0,0.005199432373046875,0
protein_24744,0.0,0.04193115234375,0
protein_238,0.0,0.55322265625,1
protein_62400,1.0,0.062225341796875,0
protein_61591,1.0,0.65771484375,1
protein_19429,0.0,0.99462890625,1
protein_3137,0.0,0.0120086669921875,0
protein_14108,0.0,0.01085662841796875,0
protein_25570,1.0,0.99267578125,1
protein_944,0.0,0.006191253662109375,0
protein_31245,1.0,0.6201171875,1
protein_31784,1.0,0.98193359375,1
protein_46710,1.0,0.9921875,1
protein_4801,0.0,0.6611328125,1
protein_27312,1.0,0.99267578125,1
protein_58326,0.0,0.017913818359375,0
protein_59818,1.0,0.475341796875,0
protein_52630,1.0,0.99462890625,1
protein_46714,1.0,0.99462890625,1
protein_58877,0.0,0.03643798828125,0
protein_17553,0.0,0.344970703125,0
protein_40425,0.0,0.0235137939453125,0
protein_24885,1.0,0.994140625,1
protein_20254,1.0,0.9931640625,1
protein_40828,0.0,0.009521484375,0
protein_30665,0.0,0.00555419921875,0
protein_40337,0.0,0.008575439453125,0
protein_20066,0.0,0.1055908203125,0
protein_22544,1.0,0.75830078125,1
protein_30027,0.0,0.014007568359375,0
protein_41442,0.0,0.0235595703125,0
protein_35814,0.0,0.01358795166015625,0
protein_262,0.0,0.6123046875,1
protein_57113,1.0,0.95703125,1
protein_49241,0.0,0.0043487548828125,0
protein_14732,0.0,0.01085662841796875,0
protein_8162,1.0,0.974609375,1
protein_19792,0.0,0.005161285400390625,0
protein_647,1.0,0.5322265625,1
protein_27862,1.0,0.06292724609375,0
protein_36275,0.0,0.53369140625,1
protein_12634,1.0,0.6796875,1
protein_15999,0.0,0.038116455078125,0
protein_61737,1.0,0.82275390625,1
protein_38919,1.0,0.9931640625,1
protein_4977,0.0,0.149658203125,0
protein_4093,0.0,0.59521484375,1
protein_54908,0.0,0.07354736328125,0
protein_64189,0.0,0.019989013671875,0
protein_24640,0.0,0.027069091796875,0
protein_46357,1.0,0.505859375,1
protein_54631,1.0,0.0220794677734375,0
protein_58579,1.0,0.016021728515625,0
protein_29103,0.0,0.48828125,0
protein_49795,0.0,0.026153564453125,0
protein_29235,1.0,0.994140625,1
protein_61638,1.0,0.56884765625,1
protein_35998,0.0,0.0100555419921875,0
protein_59625,0.0,0.039703369140625,0
protein_60711,1.0,0.04595947265625,0
protein_32394,1.0,0.07696533203125,0
protein_56609,0.0,0.05059814453125,0
protein_34211,0.0,0.0150146484375,0
protein_32111,0.0,0.023101806640625,0
protein_50867,1.0,0.080810546875,0
protein_31204,1.0,0.4677734375,0
protein_41648,1.0,0.99462890625,1
protein_59772,1.0,0.591796875,1
protein_37838,0.0,0.024749755859375,0
protein_4885,0.0,0.07366943359375,0
protein_48193,0.0,0.0255584716796875,0
protein_7918,1.0,0.98974609375,1
protein_63884,0.0,0.1480712890625,0
protein_28534,1.0,0.66357421875,1
protein_10090,0.0,0.03948974609375,0
protein_63697,0.0,0.0199127197265625,0
protein_31957,0.0,0.004810333251953125,0
protein_10394,1.0,0.640625,1
protein_8242,1.0,0.5166015625,1
protein_63714,0.0,0.52587890625,1
protein_54784,0.0,0.70751953125,1
protein_40519,0.0,0.93408203125,1
protein_44275,0.0,0.003765106201171875,0
protein_57965,0.0,0.050506591796875,0
protein_57790,0.0,0.1436767578125,0
protein_44266,0.0,0.0038089752197265625,0
protein_33915,0.0,0.04913330078125,0
protein_50439,0.0,0.02508544921875,0
protein_56852,1.0,0.99462890625,1
protein_11891,1.0,0.73193359375,1
protein_56451,1.0,0.5048828125,1
protein_13915,1.0,0.9921875,1
protein_51453,1.0,0.9921875,1
protein_58876,0.0,0.02801513671875,0
protein_46431,1.0,0.6884765625,1
protein_51071,1.0,0.994140625,1
protein_60499,1.0,0.98974609375,1
protein_40799,0.0,0.658203125,1
protein_60174,0.0,0.94580078125,1
protein_63100,0.0,0.025665283203125,0
protein_54258,0.0,0.01348114013671875,0
protein_58633,0.0,0.01763916015625,0
protein_62955,1.0,0.97021484375,1
protein_62959,1.0,0.9931640625,1
protein_42548,1.0,0.99462890625,1
protein_17484,0.0,0.04302978515625,0
protein_34598,1.0,0.98876953125,1
protein_56221,1.0,0.418212890625,0
protein_11643,1.0,0.59033203125,1
protein_1411,1.0,0.78857421875,1
protein_41252,1.0,0.9873046875,1
protein_1371,1.0,0.041778564453125,0
protein_57810,1.0,0.9951171875,1
protein_45575,1.0,0.99267578125,1
protein_61436,1.0,0.61181640625,1
protein_54801,0.0,0.9892578125,1
protein_40555,0.0,0.09844970703125,0
protein_35721,0.0,0.0041351318359375,0
protein_56559,1.0,0.09844970703125,0
protein_33487,0.0,0.00530242919921875,0
protein_2908,1.0,0.98828125,1
protein_32548,1.0,0.9521484375,1
protein_41155,1.0,0.99462890625,1
protein_22549,1.0,0.98095703125,1
protein_59979,0.0,0.5751953125,1
protein_25467,1.0,0.986328125,1
protein_47882,0.0,0.021942138671875,0
protein_50275,1.0,0.04345703125,0
protein_31860,1.0,0.6181640625,1
protein_23869,1.0,0.99462890625,1
protein_44996,1.0,0.9921875,1
protein_7442,0.0,0.026153564453125,0
protein_41416,0.0,0.00997161865234375,0
protein_39846,0.0,0.0460205078125,0
protein_6757,1.0,0.61962890625,1
protein_56287,1.0,0.900390625,1
protein_53854,0.0,0.038238525390625,0
protein_61493,1.0,0.5078125,1
protein_43262,0.0,0.004199981689453125,0
protein_2274,0.0,0.061187744140625,0
protein_6651,1.0,0.99462890625,1
protein_58541,1.0,0.0199127197265625,0
protein_54172,1.0,0.99462890625,1
protein_39102,1.0,0.99462890625,1
protein_56840,1.0,0.9951171875,1
protein_60230,0.0,0.80859375,1
protein_37935,0.0,0.029541015625,0
protein_24873,1.0,0.99462890625,1
protein_60330,1.0,0.5107421875,1
protein_63609,0.0,0.007843017578125,0
protein_3185,1.0,0.84716796875,1
protein_41691,1.0,0.994140625,1
protein_59815,1.0,0.625,1
protein_8908,1.0,0.98779296875,1
protein_53082,0.0,0.01490020751953125,0
protein_62776,1.0,0.97705078125,1
protein_23977,0.0,0.04302978515625,0
protein_45310,1.0,0.9951171875,1
protein_7641,1.0,0.21533203125,0
protein_6226,0.0,0.0164642333984375,0
protein_34805,1.0,0.927734375,1
protein_20525,0.0,0.91015625,1
protein_55312,0.0,0.00482940673828125,0
protein_28404,1.0,0.99365234375,1
protein_115,0.0,0.39306640625,0
protein_32899,0.0,0.05572509765625,0
protein_35108,0.0,0.72119140625,1
protein_45082,1.0,0.62158203125,1
protein_30990,0.0,0.1083984375,0
protein_59997,0.0,0.010528564453125,0
protein_54016,0.0,0.0268096923828125,0
protein_31400,1.0,0.12493896484375,0
protein_12441,1.0,0.5947265625,1
protein_12267,1.0,0.9921875,1
protein_45294,1.0,0.5322265625,1
protein_46138,1.0,0.00731658935546875,0
protein_15269,1.0,0.56689453125,1
protein_2808,0.0,0.004467010498046875,0
protein_4188,0.0,0.982421875,1
protein_61739,1.0,0.31201171875,0
protein_15102,1.0,0.044281005859375,0
protein_10470,1.0,0.99462890625,1
protein_32713,0.0,0.03948974609375,0
protein_42612,0.0,0.018585205078125,0
protein_7983,1.0,0.97216796875,1
protein_48965,0.0,0.0120086669921875,0
protein_6166,1.0,0.9951171875,1
protein_62058,1.0,0.5341796875,1
protein_40673,0.0,0.00397491455078125,0
protein_28582,1.0,0.994140625,1
protein_4092,1.0,0.04742431640625,0
protein_22727,1.0,0.99072265625,1
protein_59592,1.0,0.98583984375,1
protein_21980,0.0,0.97021484375,1
protein_48977,0.0,0.027740478515625,0
protein_24639,0.0,0.039276123046875,0
protein_31702,1.0,0.09124755859375,0
protein_58046,0.0,0.5576171875,1
protein_36766,0.0,0.017242431640625,0
protein_24607,1.0,0.9482421875,1
protein_57731,0.0,0.004680633544921875,0
protein_54726,1.0,0.99462890625,1
protein_17596,0.0,0.01049041748046875,0
protein_20161,0.0,0.0106964111328125,0
protein_9729,0.0,0.4521484375,0
protein_42196,1.0,0.99462890625,1
protein_62559,1.0,0.99462890625,1
protein_25673,1.0,0.95166015625,1
protein_47974,0.0,0.0762939453125,0
protein_6492,1.0,0.96435546875,1
protein_24202,0.0,0.5361328125,1
protein_17300,0.0,0.023773193359375,0
protein_37803,0.0,0.384521484375,0
protein_63569,0.0,0.51220703125,1
protein_42446,1.0,0.061309814453125,0
protein_37315,1.0,0.99365234375,1
protein_34340,1.0,0.99365234375,1
protein_28987,1.0,0.089111328125,0
protein_36677,1.0,0.6201171875,1
protein_10280,0.0,0.63330078125,1
protein_3417,0.0,0.004791259765625,0
protein_42611,0.0,0.030670166015625,0
protein_64129,0.0,0.004924774169921875,0
protein_40266,0.0,0.00464630126953125,0
protein_53252,1.0,0.99560546875,1
protein_40446,0.0,0.105224609375,0
protein_2827,0.0,0.00518035888671875,0
protein_39816,0.0,0.042724609375,0
protein_55975,1.0,0.99462890625,1
protein_274,0.0,0.54248046875,1
protein_5195,0.0,0.0253753662109375,0
protein_22698,1.0,0.7080078125,1
protein_50170,1.0,0.04132080078125,0
protein_31691,1.0,0.56494140625,1
protein_54067,0.0,0.041473388671875,0
protein_12188,1.0,0.99462890625,1
protein_24563,1.0,0.99072265625,1
protein_20501,0.0,0.0880126953125,0
protein_58857,0.0,0.04345703125,0
protein_58176,0.0,0.0726318359375,0
protein_35048,1.0,0.99560546875,1
protein_50696,0.0,0.0069580078125,0
protein_49489,0.0,0.041229248046875,0
protein_52325,0.0,0.7294921875,1
protein_61611,1.0,0.0574951171875,0
protein_27736,1.0,0.8115234375,1
protein_64261,1.0,0.9921875,1
protein_59197,1.0,0.994140625,1
protein_59988,0.0,0.106689453125,0
protein_6794,1.0,0.09234619140625,0
protein_48313,0.0,0.6669921875,1
protein_843,1.0,0.09185791015625,0
protein_2680,0.0,0.00595855712890625,0
protein_39539,1.0,0.484375,0
protein_57304,1.0,0.990234375,1
protein_50206,1.0,0.346435546875,0
protein_14223,1.0,0.99365234375,1
protein_6667,1.0,0.9951171875,1
protein_3264,0.0,0.036285400390625,0
protein_14314,0.0,0.00894927978515625,0
protein_26085,1.0,0.99267578125,1
protein_1004,0.0,0.0222930908203125,0
protein_29354,1.0,0.024932861328125,0
protein_61331,1.0,0.038818359375,0
protein_15944,1.0,0.9912109375,1
protein_48603,1.0,0.76123046875,1
protein_10407,0.0,0.00661468505859375,0
protein_19280,0.0,0.045013427734375,0
protein_19962,0.0,0.00937652587890625,0
protein_52830,1.0,0.98974609375,1
protein_39155,1.0,0.9951171875,1
protein_33569,0.0,0.0118255615234375,0
protein_52165,0.0,0.049041748046875,0
protein_60676,0.0,0.0855712890625,0
protein_46797,1.0,0.99267578125,1
protein_9807,0.0,0.0269622802734375,0
protein_38807,1.0,0.994140625,1
protein_12382,1.0,0.99072265625,1
protein_42267,0.0,0.174072265625,0
protein_46760,1.0,0.9736328125,1
protein_60800,1.0,0.9951171875,1
protein_55529,0.0,0.004024505615234375,0
protein_19039,0.0,0.791015625,1
protein_12595,1.0,0.54541015625,1
protein_1567,0.0,0.037689208984375,0
protein_26700,1.0,0.53271484375,1
protein_11790,1.0,0.10125732421875,0
protein_45875,1.0,0.9912109375,1
protein_22127,0.0,0.04913330078125,0
protein_12791,1.0,0.99169921875,1
protein_53199,0.0,0.1279296875,0
protein_28817,1.0,0.66064453125,1
protein_15895,1.0,0.60498046875,1
protein_55900,0.0,0.00555419921875,0
protein_18818,0.0,0.034423828125,0
protein_34958,1.0,0.98974609375,1
protein_4037,0.0,0.0287628173828125,0
protein_1716,1.0,0.9072265625,1
protein_44795,1.0,0.99267578125,1
protein_5693,0.0,0.96728515625,1
protein_45750,1.0,0.48486328125,0
protein_6634,1.0,0.99462890625,1
protein_41897,1.0,0.97021484375,1
protein_58315,0.0,0.009124755859375,0
protein_63078,0.0,0.88232421875,1
protein_13562,1.0,0.99267578125,1
protein_54880,1.0,0.79052734375,1
protein_45075,1.0,0.9609375,1
protein_42391,1.0,0.990234375,1
protein_23871,1.0,0.990234375,1
protein_10926,1.0,0.024993896484375,0
protein_12654,1.0,0.9375,1
protein_7681,1.0,0.99462890625,1
protein_36168,1.0,0.99169921875,1
protein_47392,0.0,0.01267242431640625,0
protein_58044,0.0,0.7138671875,1
protein_15068,1.0,0.07476806640625,0
protein_12762,1.0,0.9951171875,1
protein_42869,0.0,0.0125732421875,0
protein_18276,0.0,0.07476806640625,0
protein_13565,1.0,0.9931640625,1
protein_27859,1.0,0.99365234375,1
protein_32930,0.0,0.043609619140625,0
protein_53592,1.0,0.99267578125,1
protein_61178,0.0,0.004314422607421875,0
protein_17826,0.0,0.018829345703125,0
protein_10325,1.0,0.98681640625,1
protein_3215,0.0,0.52490234375,1
protein_49856,0.0,0.875,1
protein_56029,0.0,0.073974609375,0
protein_27336,1.0,0.06671142578125,0
protein_24309,0.0,0.007205963134765625,0
protein_31780,1.0,0.99267578125,1
protein_58606,1.0,0.6591796875,1
protein_43142,0.0,0.003765106201171875,0
protein_32301,1.0,0.56201171875,1
protein_57072,1.0,0.9951171875,1
protein_6516,1.0,0.07330322265625,0
protein_63339,0.0,0.7958984375,1
protein_11000,1.0,0.9921875,1
protein_53632,1.0,0.9921875,1
protein_11042,1.0,0.9833984375,1
protein_5771,0.0,0.09912109375,0
protein_39334,1.0,0.99267578125,1
protein_49123,0.0,0.00579833984375,0
protein_25542,1.0,0.9951171875,1
protein_64040,0.0,0.33251953125,0
protein_17903,0.0,0.58935546875,1
protein_28887,1.0,0.994140625,1
protein_13746,1.0,0.99365234375,1
protein_56047,0.0,0.98193359375,1
protein_6649,1.0,0.9931640625,1
protein_41176,1.0,0.9951171875,1
protein_20822,0.0,0.6123046875,1
protein_24314,0.0,0.63818359375,1
protein_27698,1.0,0.5419921875,1
protein_4022,0.0,0.0169219970703125,0
protein_50243,1.0,0.55615234375,1
protein_18238,1.0,0.69189453125,1
protein_22955,1.0,0.0816650390625,0
protein_15263,1.0,0.97314453125,1
protein_53568,0.0,0.00391387939453125,0
protein_26861,0.0,0.7138671875,1
protein_38856,1.0,0.99462890625,1
protein_26578,1.0,0.990234375,1
protein_24009,0.0,0.0592041015625,0
protein_55359,1.0,0.0885009765625,0
protein_4087,1.0,0.451416015625,0
protein_57799,1.0,0.99072265625,1
protein_33036,0.0,0.0115966796875,0
protein_53875,0.0,0.58935546875,1
protein_35877,0.0,0.52587890625,1
protein_63577,0.0,0.00981903076171875,0
protein_39401,1.0,0.9462890625,1
protein_39068,1.0,0.99365234375,1
protein_15392,1.0,0.029815673828125,0
protein_25354,1.0,0.60791015625,1
protein_49621,0.0,0.041778564453125,0
protein_3738,0.0,0.009674072265625,0
protein_12515,1.0,0.73779296875,1
protein_44766,1.0,0.71484375,1
protein_56726,0.0,0.045440673828125,0
protein_56665,0.0,0.1781005859375,0
protein_46060,1.0,0.9931640625,1
protein_448,0.0,0.263671875,0
protein_57832,0.0,0.99365234375,1
protein_62090,1.0,0.96240234375,1
protein_31493,1.0,0.03790283203125,0
protein_47694,0.0,0.004665374755859375,0
protein_30251,1.0,0.59716796875,1
protein_63114,0.0,0.8720703125,1
protein_63097,0.0,0.040679931640625,0
protein_50499,0.0,0.0212860107421875,0
protein_16265,0.0,0.625,1
protein_33252,0.0,0.45751953125,0
protein_23976,0.0,0.044281005859375,0
protein_47587,0.0,0.004085540771484375,0
protein_43548,0.0,0.0058441162109375,0
protein_33310,1.0,0.99365234375,1
protein_21097,1.0,0.98583984375,1
protein_38813,1.0,0.6162109375,1
protein_61348,1.0,0.548828125,1
protein_19332,0.0,0.109130859375,0
protein_24543,1.0,0.994140625,1
protein_9599,0.0,0.876953125,1
protein_28389,1.0,0.038177490234375,0
protein_49780,0.0,0.03167724609375,0
protein_10802,0.0,0.01678466796875,0
protein_59399,0.0,0.007404327392578125,0
protein_27001,1.0,0.9921875,1
protein_63743,0.0,0.004608154296875,0
protein_25027,1.0,0.15380859375,0
protein_42175,1.0,0.9892578125,1
protein_19682,0.0,0.038604736328125,0
protein_5541,0.0,0.07794189453125,0
protein_5713,0.0,0.0282745361328125,0
protein_35130,0.0,0.5908203125,1
protein_17137,0.0,0.051544189453125,0
protein_31257,1.0,0.06695556640625,0
protein_38301,1.0,0.58203125,1
protein_36408,0.0,0.003795623779296875,0
protein_29026,1.0,0.994140625,1
protein_1222,0.0,0.004608154296875,0
protein_8505,1.0,0.94091796875,1
protein_53081,0.0,0.024749755859375,0
protein_56178,1.0,0.09967041015625,0
protein_29647,1.0,0.994140625,1
protein_46966,0.0,0.004055023193359375,0
protein_19259,0.0,0.07598876953125,0
protein_18242,1.0,0.05975341796875,0
protein_4504,0.0,0.0038089752197265625,0
protein_59859,0.0,0.02203369140625,0
protein_33011,0.0,0.0173797607421875,0
protein_61506,1.0,0.97412109375,1
protein_20680,1.0,0.99462890625,1
protein_57688,0.0,0.019378662109375,0
protein_12832,1.0,0.92333984375,1
protein_55521,0.0,0.004085540771484375,0
protein_57414,1.0,0.0215301513671875,0
protein_22396,1.0,0.9951171875,1
protein_39300,1.0,0.99169921875,1
protein_49740,0.0,0.04248046875,0
protein_17835,0.0,0.1259765625,0
protein_61118,0.0,0.0217437744140625,0
protein_14870,0.0,0.9287109375,1
protein_51246,0.0,0.0238189697265625,0
protein_43608,0.0,0.0726318359375,0
protein_28355,1.0,0.99169921875,1
protein_34492,1.0,0.9912109375,1
protein_32561,1.0,0.9951171875,1
protein_27617,1.0,0.012054443359375,0
protein_2153,0.0,0.98876953125,1
protein_485,0.0,0.24658203125,0
protein_44886,1.0,0.65478515625,1
protein_18529,0.0,0.0102081298828125,0
protein_63951,0.0,0.005321502685546875,0
protein_54188,1.0,0.994140625,1
protein_63873,0.0,0.9892578125,1
protein_57218,1.0,0.83154296875,1
protein_7723,1.0,0.9931640625,1
protein_11598,1.0,0.970703125,1
protein_62366,0.0,0.04052734375,0
protein_3054,0.0,0.771484375,1
protein_10030,0.0,0.011688232421875,0
protein_35276,0.0,0.0038394927978515625,0
protein_38841,1.0,0.716796875,1
protein_22501,1.0,0.88330078125,1
protein_40022,1.0,0.042572021484375,0
protein_3132,0.0,0.39697265625,0
protein_21380,1.0,0.86865234375,1
protein_62791,1.0,0.994140625,1
protein_28945,1.0,0.99462890625,1
protein_63877,0.0,0.403564453125,0
protein_5564,0.0,0.97412109375,1
protein_23585,0.0,0.05889892578125,0
protein_2970,0.0,0.041778564453125,0
protein_31449,1.0,0.5224609375,1
protein_47266,0.0,0.89111328125,1
protein_13268,1.0,0.76806640625,1
protein_55990,1.0,0.99365234375,1
protein_3182,1.0,0.048858642578125,0
protein_9147,1.0,0.994140625,1
protein_44296,0.0,0.01406097412109375,0
protein_58844,1.0,0.99462890625,1
protein_58279,0.0,0.310791015625,0
protein_9024,1.0,0.62548828125,1
protein_275,0.0,0.9619140625,1
protein_3883,0.0,0.4794921875,0
protein_38408,1.0,0.81298828125,1
protein_24638,0.0,0.0070953369140625,0
protein_8501,1.0,0.239013671875,0
protein_15839,1.0,0.9951171875,1
protein_59351,0.0,0.830078125,1
protein_47892,0.0,0.6103515625,1
protein_4208,0.0,0.5634765625,1
protein_56387,1.0,0.390869140625,0
protein_13405,1.0,0.6748046875,1
protein_16731,0.0,0.007404327392578125,0
protein_36399,0.0,0.004772186279296875,0
protein_61768,1.0,0.1302490234375,0
protein_56913,1.0,0.865234375,1
protein_19371,0.0,0.037261962890625,0
protein_60677,0.0,0.0165252685546875,0
protein_21485,1.0,0.994140625,1
protein_22834,1.0,0.84033203125,1
protein_10563,0.0,0.56787109375,1
protein_33699,0.0,0.07501220703125,0
protein_58086,0.0,0.970703125,1
protein_23362,0.0,0.0293731689453125,0
protein_38319,1.0,0.9541015625,1
protein_45291,1.0,0.98974609375,1
protein_14604,0.0,0.00399017333984375,0
protein_46078,1.0,0.71923828125,1
protein_30761,0.0,0.90478515625,1
protein_9451,0.0,0.9912109375,1
protein_46483,1.0,0.99462890625,1
protein_3051,0.0,0.3642578125,0
protein_15696,1.0,0.04779052734375,0
protein_23923,1.0,0.61767578125,1
protein_13695,1.0,0.63623046875,1
protein_16232,0.0,0.03948974609375,0
protein_48688,1.0,0.7197265625,1
protein_29973,1.0,0.994140625,1
protein_12995,1.0,0.259521484375,0
protein_18856,0.0,0.9892578125,1
protein_56325,1.0,0.04010009765625,0
protein_31992,0.0,0.54345703125,1
protein_11602,1.0,0.9951171875,1
protein_42122,1.0,0.994140625,1
protein_432,0.0,0.38720703125,0
protein_20716,1.0,0.994140625,1
protein_41918,1.0,0.99365234375,1
protein_52824,1.0,0.99365234375,1
protein_49310,0.0,0.03326416015625,0
protein_43520,0.0,0.056243896484375,0
protein_22345,1.0,0.98974609375,1
protein_31791,1.0,0.61376953125,1
protein_62205,1.0,0.083740234375,0
protein_59803,1.0,0.0831298828125,0
protein_48683,1.0,0.03179931640625,0
protein_38372,1.0,0.9423828125,1
protein_50821,1.0,0.994140625,1
protein_11780,1.0,0.96826171875,1
protein_35825,0.0,0.0535888671875,0
protein_1320,0.0,0.0038547515869140625,0
protein_5946,1.0,0.99267578125,1
protein_64180,0.0,0.62451171875,1
protein_18358,1.0,0.9951171875,1
protein_44882,1.0,0.0223236083984375,0
protein_62159,1.0,0.9892578125,1
protein_38895,1.0,0.05792236328125,0
protein_47130,0.0,0.98486328125,1
protein_37111,1.0,0.9951171875,1
protein_61046,1.0,0.994140625,1
protein_56237,1.0,0.9931640625,1
protein_29624,1.0,0.057708740234375,0
protein_12170,1.0,0.9921875,1
protein_20019,0.0,0.01678466796875,0
protein_21177,1.0,0.7744140625,1
protein_57513,1.0,0.99462890625,1
protein_18361,1.0,0.0205230712890625,0
protein_40458,0.0,0.0062408447265625,0
protein_36023,0.0,0.01229095458984375,0
protein_44968,1.0,0.051849365234375,0
protein_27179,1.0,0.62841796875,1
protein_29339,0.0,0.015777587890625,0
protein_49502,0.0,0.046905517578125,0
protein_56228,1.0,0.99365234375,1
protein_22041,0.0,0.02288818359375,0
protein_54521,1.0,0.216552734375,0
protein_42380,0.0,0.978515625,1
protein_60549,0.0,0.005405426025390625,0
protein_63261,0.0,0.05499267578125,0
protein_28642,1.0,0.9921875,1
protein_48476,0.0,0.044586181640625,0
protein_16843,1.0,0.99462890625,1
protein_36872,0.0,0.04949951171875,0
protein_34672,1.0,0.045196533203125,0
protein_3187,1.0,0.9951171875,1
protein_43684,0.0,0.54638671875,1
protein_36152,0.0,0.004383087158203125,0
protein_5344,0.0,0.045867919921875,0
protein_345,1.0,0.65478515625,1
protein_50149,0.0,0.0083160400390625,0
protein_52193,0.0,0.01262664794921875,0
protein_57849,0.0,0.061187744140625,0
protein_33498,0.0,0.0489501953125,0
protein_57131,1.0,0.98583984375,1
protein_6876,1.0,0.994140625,1
protein_42260,0.0,0.95849609375,1
protein_31621,1.0,0.03515625,0
protein_30074,0.0,0.8671875,1
protein_58776,1.0,0.994140625,1
protein_30127,0.0,0.094482421875,0
protein_19295,0.0,0.00948333740234375,0
protein_25528,1.0,0.99365234375,1
protein_55080,0.0,0.0038700103759765625,0
protein_51804,1.0,0.66357421875,1
protein_55001,0.0,0.04595947265625,0
protein_37310,1.0,0.87548828125,1
protein_32225,0.0,0.00395965576171875,0
protein_61471,1.0,0.6552734375,1
protein_18495,0.0,0.029144287109375,0
protein_40156,1.0,0.039337158203125,0
protein_59866,0.0,0.1248779296875,0
protein_16704,1.0,0.11395263671875,0
protein_5518,0.0,0.8076171875,1
protein_63637,0.0,0.0296478271484375,0
protein_34825,1.0,0.927734375,1
protein_50273,1.0,0.76171875,1
protein_20004,0.0,0.2127685546875,0
protein_40308,0.0,0.005279541015625,0
protein_14712,0.0,0.5869140625,1
protein_59733,1.0,0.9736328125,1
protein_33670,0.0,0.00518035888671875,0
protein_55455,0.0,0.0251312255859375,0
protein_20348,1.0,0.96630859375,1
protein_31470,1.0,0.035003662109375,0
protein_52452,1.0,0.9912109375,1
protein_37156,1.0,0.99462890625,1
protein_38528,1.0,0.9951171875,1
protein_64138,0.0,0.890625,1
protein_56862,1.0,0.53125,1
protein_39956,0.0,0.00394439697265625,0
protein_48166,0.0,0.412353515625,0
protein_26243,1.0,0.9873046875,1
protein_33469,0.0,0.070068359375,0
protein_51087,1.0,0.98681640625,1
protein_14945,0.0,0.06256103515625,0
protein_14522,0.0,0.00518035888671875,0
protein_37001,1.0,0.99365234375,1
protein_47005,0.0,0.0240020751953125,0
protein_13827,1.0,0.80517578125,1
protein_44686,1.0,0.994140625,1
protein_18559,1.0,0.994140625,1
protein_10290,0.0,0.06622314453125,0
protein_26507,0.0,0.59765625,1
protein_5090,0.0,0.63720703125,1
protein_47061,0.0,0.139404296875,0
protein_18268,0.0,0.306396484375,0
protein_11903,1.0,0.98583984375,1
protein_29581,1.0,0.9931640625,1
protein_38272,1.0,0.96435546875,1
protein_56718,0.0,0.0180511474609375,0
protein_5492,0.0,0.98388671875,1
protein_36926,0.0,0.090087890625,0
protein_28213,1.0,0.591796875,1
protein_13130,1.0,0.978515625,1
protein_42545,1.0,0.98974609375,1
protein_58867,0.0,0.05242919921875,0
protein_63318,1.0,0.97705078125,1
protein_3788,0.0,0.52880859375,1
protein_13610,1.0,0.99365234375,1
protein_21979,0.0,0.040679931640625,0
protein_31364,1.0,0.0521240234375,0
protein_30841,0.0,0.83203125,1
protein_36420,0.0,0.0038394927978515625,0
protein_22861,1.0,0.9921875,1
protein_52063,1.0,0.98828125,1
protein_49169,0.0,0.98974609375,1
protein_17821,0.0,0.560546875,1
protein_18886,0.0,0.015716552734375,0
protein_25754,1.0,0.81201171875,1
protein_1793,0.0,0.007122039794921875,0
protein_48222,0.0,0.0343017578125,0
protein_470,0.0,0.01837158203125,0
protein_11360,1.0,0.99169921875,1
protein_20719,1.0,0.9951171875,1
protein_51522,0.0,0.366455078125,0
protein_21133,1.0,0.9677734375,1
protein_12994,1.0,0.99365234375,1
protein_29142,0.0,0.5107421875,1
protein_22953,1.0,0.78369140625,1
protein_7539,1.0,0.99462890625,1
protein_3919,0.0,0.029754638671875,0
protein_15209,1.0,0.68310546875,1
protein_32571,1.0,0.9951171875,1
protein_19369,0.0,0.0207977294921875,0
protein_2531,0.0,0.09075927734375,0
protein_29952,1.0,0.5205078125,1
protein_36217,0.0,0.0299224853515625,0
protein_53218,0.0,0.0153045654296875,0
protein_19314,0.0,0.033203125,0
protein_53551,0.0,0.00930023193359375,0
protein_55233,1.0,0.994140625,1
protein_25505,1.0,0.99560546875,1
protein_48059,0.0,0.495849609375,0
protein_27238,1.0,0.99462890625,1
protein_60602,0.0,0.095703125,0
protein_10759,1.0,0.98974609375,1
protein_50285,1.0,0.04168701171875,0
protein_64527,0.0,0.004215240478515625,0
protein_58812,1.0,0.994140625,1
protein_22775,1.0,0.99365234375,1
protein_61050,1.0,0.986328125,1
protein_55004,0.0,0.003795623779296875,0
protein_39668,0.0,0.035400390625,0
protein_28978,1.0,0.99462890625,1
protein_7218,1.0,0.9912109375,1
protein_27537,1.0,0.5,1
protein_27623,1.0,0.9931640625,1
protein_43553,0.0,0.986328125,1
protein_34460,1.0,0.99267578125,1
protein_51860,1.0,0.99462890625,1
protein_13034,1.0,0.02801513671875,0
protein_36852,0.0,0.05340576171875,0
protein_2464,0.0,0.94873046875,1
protein_17617,0.0,0.6240234375,1
protein_41145,0.0,0.011688232421875,0
protein_55985,1.0,0.603515625,1
protein_54660,1.0,0.99365234375,1
protein_36203,0.0,0.382080078125,0
protein_27212,1.0,0.401611328125,0
protein_21563,1.0,0.9931640625,1
protein_59039,1.0,0.9755859375,1
protein_14488,0.0,0.00400543212890625,0
protein_35260,0.0,0.0043487548828125,0
protein_21526,1.0,0.9951171875,1
protein_53993,0.0,0.0560302734375,0
protein_18796,0.0,0.0038547515869140625,0
protein_47216,0.0,0.007289886474609375,0
protein_12827,1.0,0.9921875,1
protein_50224,1.0,0.64208984375,1
protein_28397,1.0,0.994140625,1
protein_1319,0.0,0.004070281982421875,0
protein_60345,1.0,0.984375,1
protein_46876,0.0,0.004772186279296875,0
protein_27850,1.0,0.99267578125,1
protein_30844,0.0,0.98974609375,1
protein_46888,0.0,0.007549285888671875,0
protein_53819,0.0,0.017303466796875,0
protein_28588,1.0,0.99365234375,1
protein_10576,0.0,0.07476806640625,0
protein_13264,1.0,0.9931640625,1
protein_46363,1.0,0.99462890625,1
protein_2981,0.0,0.59912109375,1
protein_3109,1.0,0.99365234375,1
protein_64448,1.0,0.9833984375,1
protein_38621,1.0,0.990234375,1
protein_2296,1.0,0.6103515625,1
protein_51677,0.0,0.004314422607421875,0
protein_11548,1.0,0.986328125,1
protein_9101,1.0,0.99072265625,1
protein_33339,1.0,0.01483917236328125,0
protein_17846,0.0,0.018798828125,0
protein_47143,0.0,0.98486328125,1
protein_20729,1.0,0.99365234375,1
protein_52762,0.0,0.953125,1
protein_53220,1.0,0.062225341796875,0
protein_1946,0.0,0.0180206298828125,0
protein_8781,1.0,0.39208984375,0
protein_47295,0.0,0.07135009765625,0
protein_18645,0.0,0.5322265625,1
protein_30154,0.0,0.59423828125,1
protein_52462,1.0,0.99365234375,1
protein_36713,1.0,0.994140625,1
protein_46614,1.0,0.63671875,1
protein_2609,1.0,0.279052734375,0
protein_13792,1.0,0.99365234375,1
protein_4581,1.0,0.994140625,1
protein_2593,1.0,0.98095703125,1
protein_24972,0.0,0.110107421875,0
protein_9802,0.0,0.027374267578125,0
protein_61315,1.0,0.59130859375,1
protein_9056,1.0,0.5791015625,1
protein_59968,0.0,0.03875732421875,0
protein_63262,0.0,0.0411376953125,0
protein_54377,1.0,0.02691650390625,0
protein_3266,0.0,0.042877197265625,0
protein_40271,0.0,0.006122589111328125,0
protein_33392,0.0,0.003765106201171875,0
protein_58277,0.0,0.03643798828125,0
protein_58921,1.0,0.9912109375,1
protein_24916,0.0,0.44189453125,0
protein_58686,1.0,0.9931640625,1
protein_51894,1.0,0.9951171875,1
protein_42872,0.0,0.0125732421875,0
protein_1289,0.0,0.0139007568359375,0
protein_39073,1.0,0.99462890625,1
protein_35618,1.0,0.9931640625,1
protein_31476,1.0,0.69140625,1
protein_55875,0.0,0.0041656494140625,0
protein_21680,1.0,0.4111328125,0
protein_24906,1.0,0.99365234375,1
protein_31960,0.0,0.0306243896484375,0
protein_40018,1.0,0.0272216796875,0
protein_32105,0.0,0.0253753662109375,0
protein_32341,1.0,0.6552734375,1
protein_12620,1.0,0.10321044921875,0
protein_18764,1.0,0.603515625,1
protein_15231,1.0,0.67919921875,1
protein_21269,1.0,0.95947265625,1
protein_28043,1.0,0.97900390625,1
protein_6176,1.0,0.990234375,1
protein_1575,0.0,0.04986572265625,0
protein_51355,1.0,0.994140625,1
protein_47728,0.0,0.0240478515625,0
protein_18057,0.0,0.04620361328125,0
protein_45089,1.0,0.994140625,1
protein_39345,1.0,0.8896484375,1
protein_21052,1.0,0.92138671875,1
protein_43182,0.0,0.0038089752197265625,0
protein_12249,1.0,0.986328125,1
protein_6167,1.0,0.99462890625,1
protein_5035,0.0,0.035064697265625,0
protein_53610,1.0,0.85791015625,1
protein_21496,1.0,0.98974609375,1
protein_26601,1.0,0.56787109375,1
protein_15332,1.0,0.2054443359375,0
protein_1690,1.0,0.11474609375,0
protein_5820,1.0,0.04327392578125,0
protein_25044,1.0,0.1346435546875,0
protein_11861,1.0,0.9921875,1
protein_43218,0.0,0.00453948974609375,0
protein_14378,0.0,0.97412109375,1
protein_19154,0.0,0.147705078125,0
protein_39356,1.0,0.56982421875,1
protein_44088,0.0,0.004180908203125,0
protein_30237,1.0,0.65380859375,1
protein_50031,0.0,0.9931640625,1
protein_23658,0.0,0.99365234375,1
protein_38897,1.0,0.051544189453125,0
protein_31610,1.0,0.057586669921875,0
protein_58756,1.0,0.994140625,1
protein_28407,1.0,0.98828125,1
protein_59552,1.0,0.089111328125,0
protein_50647,0.0,0.005001068115234375,0
protein_16064,1.0,0.68017578125,1
protein_42473,1.0,0.046630859375,0
protein_27103,1.0,0.986328125,1
protein_2182,0.0,0.8408203125,1
protein_46892,0.0,0.4677734375,0
protein_13295,1.0,0.99169921875,1
protein_13353,1.0,0.9951171875,1
protein_18776,0.0,0.1121826171875,0
protein_47889,0.0,0.053497314453125,0
protein_44614,1.0,0.99365234375,1
protein_51917,1.0,0.99267578125,1
protein_47484,0.0,0.03436279296875,0
protein_5247,0.0,0.013275146484375,0
protein_47018,0.0,0.5947265625,1
protein_30752,0.0,0.79150390625,1
protein_33344,1.0,0.9560546875,1
protein_897,0.0,0.057281494140625,0
protein_16779,0.0,0.004230499267578125,0
protein_21559,1.0,0.01934814453125,0
protein_32319,1.0,0.9951171875,1
protein_43309,0.0,0.0309600830078125,0
protein_3662,0.0,0.06842041015625,0
protein_40138,1.0,0.9931640625,1
protein_25229,0.0,0.007038116455078125,0
protein_23038,1.0,0.994140625,1
protein_1073,0.0,0.00679779052734375,0
protein_33803,0.0,0.00591278076171875,0
protein_63207,0.0,0.07208251953125,0
protein_63515,0.0,0.02606201171875,0
protein_38559,1.0,0.6103515625,1
protein_6991,1.0,0.98583984375,1
protein_46415,1.0,0.994140625,1
protein_16010,1.0,0.8154296875,1
protein_6248,0.0,0.017181396484375,0
protein_40204,1.0,0.99462890625,1
protein_9932,0.0,0.0304412841796875,0
protein_22646,1.0,0.97314453125,1
protein_44092,0.0,0.0180206298828125,0
protein_35916,0.0,0.60009765625,1
protein_56918,1.0,0.6748046875,1
protein_34184,0.0,0.04638671875,0
protein_34713,1.0,0.07330322265625,0
protein_11266,0.0,0.890625,1
protein_18237,1.0,0.99462890625,1
protein_31752,1.0,0.133056640625,0
protein_15498,1.0,0.5888671875,1
protein_58730,1.0,0.99462890625,1
protein_21028,1.0,0.5400390625,1
protein_56219,1.0,0.994140625,1
protein_60335,1.0,0.548828125,1
protein_18792,0.0,0.779296875,1
protein_32360,1.0,0.62548828125,1
protein_16777,0.0,0.004180908203125,0
protein_183,0.0,0.033660888671875,0
protein_34440,1.0,0.994140625,1
protein_60073,0.0,0.0199127197265625,0
protein_15076,1.0,0.80615234375,1
protein_23595,0.0,0.042388916015625,0
protein_51040,1.0,0.99267578125,1
protein_2299,1.0,0.98876953125,1
protein_57386,1.0,0.9951171875,1
protein_29089,0.0,0.576171875,1
protein_30673,0.0,0.03326416015625,0
protein_47553,0.0,0.04351806640625,0
protein_21863,0.0,0.103759765625,0
protein_51374,1.0,0.97802734375,1
protein_22465,1.0,0.99365234375,1
protein_61966,0.0,0.0141143798828125,0
protein_16862,1.0,0.5986328125,1
protein_53904,0.0,0.9423828125,1
protein_31973,0.0,0.0055999755859375,0
protein_61125,0.0,0.6689453125,1
protein_40628,0.0,0.004085540771484375,0
protein_4337,0.0,0.974609375,1
protein_48928,0.0,0.0083160400390625,0
protein_28382,1.0,0.98291015625,1
protein_52011,1.0,0.99462890625,1
protein_14555,0.0,0.00392913818359375,0
protein_11788,1.0,0.87451171875,1
protein_41173,1.0,0.99462890625,1
protein_15770,1.0,0.98681640625,1
protein_8043,1.0,0.9951171875,1
protein_6430,1.0,0.59765625,1
protein_50011,0.0,0.66162109375,1
protein_22768,1.0,0.9921875,1
protein_42484,1.0,0.9921875,1
protein_62845,1.0,0.99267578125,1
protein_29109,0.0,0.056854248046875,0
protein_18069,0.0,0.64697265625,1
protein_42457,1.0,0.07684326171875,0
protein_56489,1.0,0.50634765625,1
protein_58927,1.0,0.513671875,1
protein_49095,0.0,0.06683349609375,0
protein_39129,1.0,0.99169921875,1
protein_4197,0.0,0.57763671875,1
protein_33467,0.0,0.037384033203125,0
protein_38706,1.0,0.9140625,1
protein_20577,1.0,0.541015625,1
protein_37591,0.0,0.0125732421875,0
protein_1247,0.0,0.62451171875,1
protein_9061,1.0,0.9951171875,1
protein_1986,0.0,0.058013916015625,0
protein_25551,1.0,0.8330078125,1
protein_57224,1.0,0.9755859375,1
protein_19705,0.0,0.0364990234375,0
