source_row_index,protein_id,abs_delta,impact_group,pdb_path,pdb_chain,pdb_resseq,pdb_icode,neighbor_count,hydrophobic_count,hydrophobic_ratio,mean_hydrophobicity,positive_count,negative_count,charged_count,net_charge,charged_ratio,positive_ratio,negative_ratio
1,dd53566f0750ba508a966b2b8d2cd667 2KO2_1 A-1,0.9301571622490884,High impact,3Dstructure\afdb_correct_to_wrong_2500_structures\A0AAW0HYR4.pdb,A,64,,8,5,0.625,0.7875000000000001,1,0,1,1,0.125,0.125,0.0
2,dd53566f0750ba508a966b2b8d2cd667 2KO2_1 A-1,0.8507556542754173,High impact,3Dstructure\afdb_correct_to_wrong_2500_structures\A0AAW0HYR4.pdb,A,112,,8,3,0.375,-0.7500000000000001,3,1,4,2,0.5,0.375,0.125
3,dd53566f0750ba508a966b2b8d2cd667 2KO2_1 A-1,0.7292119264602661,High impact,3Dstructure\afdb_correct_to_wrong_2500_structures\A0AAW0HYR4.pdb,A,87,,8,3,0.375,-0.25,0,3,3,-3,0.375,0.0,0.375
4,dd53566f0750ba508a966b2b8d2cd667 2KO2_1 A-1,0.6804773211479187,High impact,3Dstructure\afdb_correct_to_wrong_2500_structures\A0AAW0HYR4.pdb,A,69,,8,3,0.375,0.10000000000000009,1,0,1,1,0.125,0.125,0.0
5,dd53566f0750ba508a966b2b8d2cd667 2KO2_1 A-1,0.6133680939674377,High impact,3Dstructure\afdb_correct_to_wrong_2500_structures\A0AAW0HYR4.pdb,A,117,,9,5,0.5555555555555556,0.3111111111111111,2,2,4,0,0.4444444444444444,0.2222222222222222,0.2222222222222222
6,dd53566f0750ba508a966b2b8d2cd667 2KO2_1 A-1,0.5497024655342102,High impact,3Dstructure\afdb_correct_to_wrong_2500_structures\A0AAW0HYR4.pdb,A,82,,7,3,0.42857142857142855,-0.5571428571428572,1,2,3,-1,0.42857142857142855,0.14285714285714285,0.2857142857142857
7,dd53566f0750ba508a966b2b8d2cd667 2KO2_1 A-1,0.5211044251918793,High impact,3Dstructure\afdb_correct_to_wrong_2500_structures\A0AAW0HYR4.pdb,A,86,,8,5,0.625,0.9874999999999999,0,1,1,-1,0.125,0.0,0.125
8,6e5fdb6eb047a6dfdf341f1cabc789f3 SSGCID-RibeA.17832.c A-0,0.9020034298300744,High impact,3Dstructure\afdb_correct_to_wrong_2500_structures\Q1RK63.pdb,A,1,,3,1,0.3333333333333333,-0.3666666666666667,0,1,1,-1,0.3333333333333333,0.0,0.3333333333333333
9,05d68d0bbba9feaf273b4f834eeb36c7 SECSG-Pfu-919736-001 A-0,0.8996924608945847,High impact,3Dstructure\afdb_correct_to_wrong_2500_structures\A0A5C0XNV6.pdb,A,68,,5,1,0.2,-0.24000000000000005,0,0,0,0,0.0,0.0,0.0
10,05d68d0bbba9feaf273b4f834eeb36c7 SECSG-Pfu-919736-001 A-0,0.881172701716423,High impact,3Dstructure\afdb_correct_to_wrong_2500_structures\A0A5C0XNV6.pdb,A,67,,7,2,0.2857142857142857,-0.12857142857142861,0,1,1,-1,0.14285714285714285,0.0,0.14285714285714285
11,05d68d0bbba9feaf273b4f834eeb36c7 SECSG-Pfu-919736-001 A-0,0.6978643387556076,High impact,3Dstructure\afdb_correct_to_wrong_2500_structures\A0A5C0XNV6.pdb,A,52,,8,4,0.5,0.21249999999999997,0,2,2,-2,0.25,0.0,0.25
12,05d68d0bbba9feaf273b4f834eeb36c7 SECSG-Pfu-919736-001 A-0,0.5848787277936935,High impact,3Dstructure\afdb_correct_to_wrong_2500_structures\A0A5C0XNV6.pdb,A,75,,3,2,0.6666666666666666,2.3,0,0,0,0,0.0,0.0,0.0
13,05d68d0bbba9feaf273b4f834eeb36c7 SECSG-Pfu-919736-001 A-0,0.5687549561262131,High impact,3Dstructure\afdb_correct_to_wrong_2500_structures\A0A5C0XNV6.pdb,A,45,,6,4,0.6666666666666666,2.0833333333333335,0,1,1,-1,0.16666666666666666,0.0,0.16666666666666666
14,05d68d0bbba9feaf273b4f834eeb36c7 SECSG-Pfu-919736-001 A-0,0.5026632398366928,High impact,3Dstructure\afdb_correct_to_wrong_2500_structures\A0A5C0XNV6.pdb,A,59,,8,3,0.375,-1.2375000000000003,2,2,4,0,0.5,0.25,0.25
16,a0aaa1adb27b554e562e9f05b4ec2a43 SECSG-Pfu-918553-001 A-0,0.854574728757143,High impact,3Dstructure\afdb_correct_to_wrong_2500_structures\A0A5C0XPN0.pdb,A,55,,7,3,0.42857142857142855,0.10000000000000002,1,1,2,0,0.2857142857142857,0.14285714285714285,0.14285714285714285
17,c2a002b0454e9178dae56c678141f8cb NYSGRC-033532 A-0,0.8688254058361053,High impact,3Dstructure\afdb_correct_to_wrong_2500_structures\A0A854Q888.pdb,A,121,,9,6,0.6666666666666666,1.1222222222222222,0,1,1,-1,0.1111111111111111,0.0,0.1111111111111111
19,e6d2b7aaea2fa38968b3cbd39d566890 NESG-RR264 A-0,0.8298028036952019,High impact,3Dstructure\afdb_correct_to_wrong_2500_structures\A0A7U9DZ84.pdb,A,1,,2,2,1.0,0.45,0,0,0,0,0.0,0.0,0.0
20,3a46686a05b4d6c205f9ba8a6dc50a17 JCSG-244 A-0,0.8122731298208237,High impact,3Dstructure\afdb_correct_to_wrong_2500_structures\O16189.pdb,A,1,,2,2,1.0,3.3,0,0,0,0,0.0,0.0,0.0
21,9ac52310e5d3feccbab0e541e2b06716 MCSG-APC65199 A-0,0.8086349964141846,High impact,3Dstructure\afdb_correct_to_wrong_2500_structures\A0AAE9Y469.pdb,A,21,,4,1,0.25,0.19999999999999996,0,0,0,0,0.0,0.0,0.0
24,432de6dac3155dd3d4df0a5f4a46689f MCSG-APC102434 A-0,0.7592356540262699,High impact,3Dstructure\afdb_correct_to_wrong_2500_structures\Q2IER1.pdb,A,1,,2,2,1.0,2.3,0,0,0,0,0.0,0.0,0.0
25,12d162aba3c8e92ed4adbf8fcbd11964 NESG-YR243 A-0,0.7478982731699944,High impact,3Dstructure\afdb_correct_to_wrong_2500_structures\G2WGV8.pdb,A,1,,2,1,0.5,0.55,0,0,0,0,0.0,0.0,0.0
26,985b664feb123f78aa2dbbda79a2c64d NESG-AR2916 A-0,0.7442765086889267,High impact,3Dstructure\afdb_correct_to_wrong_2500_structures\A0A178WI25.pdb,A,1,,4,1,0.25,-0.9000000000000001,1,0,1,1,0.25,0.25,0.0
28,7b7d66330f111c326f1b4ae0982ebbd2 MCSG-APC41500.0 A-0,0.6731990873813629,High impact,3Dstructure\afdb_correct_to_wrong_2500_structures\B6AKZ1.pdb,A,1,,2,0,0.0,-1.2000000000000002,0,0,0,0,0.0,0.0,0.0
29,7b7d66330f111c326f1b4ae0982ebbd2 MCSG-APC41500.0 A-0,0.3427533209323883,High impact,3Dstructure\afdb_correct_to_wrong_2500_structures\B6AKZ1.pdb,A,195,,16,8,0.5,0.35,2,2,4,0,0.25,0.125,0.125
30,7b7d66330f111c326f1b4ae0982ebbd2 MCSG-APC41500.0 A-0,0.3329215347766876,High impact,3Dstructure\afdb_correct_to_wrong_2500_structures\B6AKZ1.pdb,A,238,,9,5,0.5555555555555556,1.1444444444444446,0,0,0,0,0.0,0.0,0.0
31,7b7d66330f111c326f1b4ae0982ebbd2 MCSG-APC41500.0 A-0,0.3232193887233734,High impact,3Dstructure\afdb_correct_to_wrong_2500_structures\B6AKZ1.pdb,A,202,,9,4,0.4444444444444444,-0.20000000000000004,1,0,1,1,0.1111111111111111,0.1111111111111111,0.0
32,7b7d66330f111c326f1b4ae0982ebbd2 MCSG-APC41500.0 A-0,0.3203344047069549,High impact,3Dstructure\afdb_correct_to_wrong_2500_structures\B6AKZ1.pdb,A,231,,12,8,0.6666666666666666,1.0750000000000002,1,0,1,1,0.08333333333333333,0.08333333333333333,0.0
33,7b7d66330f111c326f1b4ae0982ebbd2 MCSG-APC41500.0 A-0,0.3190430104732513,High impact,3Dstructure\afdb_correct_to_wrong_2500_structures\B6AKZ1.pdb,A,205,,7,4,0.5714285714285714,0.25714285714285723,0,0,0,0,0.0,0.0,0.0
34,7b7d66330f111c326f1b4ae0982ebbd2 MCSG-APC41500.0 A-0,0.3189831078052521,High impact,3Dstructure\afdb_correct_to_wrong_2500_structures\B6AKZ1.pdb,A,198,,14,8,0.5714285714285714,0.4857142857142859,1,1,2,0,0.14285714285714285,0.07142857142857142,0.07142857142857142
36,8cf961c52d667a826d54994b15855605 SECSG-Pfu-238451-001 A-0,0.199408084154129,High impact,3Dstructure\afdb_correct_to_wrong_2500_structures\A0A5C0XMC2.pdb,A,49,,5,2,0.4,0.10000000000000009,2,0,2,2,0.4,0.4,0.0
38,7da6012bf9707171f4690f9cf509c20a JCSG-392452 A-0,0.6595511138439178,High impact,3Dstructure\afdb_correct_to_wrong_2500_structures\Q8NQX4.pdb,A,1,,5,3,0.6,1.32,0,0,0,0,0.0,0.0,0.0
41,ef5a20f7b351198661cb339f567e3540 NESG-SvR354 A-0,0.6435098946094513,High impact,3Dstructure\afdb_correct_to_wrong_2500_structures\Q827C9.pdb,A,1,,2,1,0.5,0.1499999999999999,0,0,0,0,0.0,0.0,0.0
42,f4a0ad7f16412e904289b7386e9f2d83 NESG-TfR28 A-0,0.6428461223840714,High impact,3Dstructure\afdb_correct_to_wrong_2500_structures\Q47N13.pdb,A,1,,2,1,0.5,-0.85,0,1,1,-1,0.5,0.0,0.5
43,2b99726e79459842b5a8832c2a29507b MCSG-APC83998 A-0,0.6401860415935516,High impact,3Dstructure\afdb_correct_to_wrong_2500_structures\A0A0Y6NUD0.pdb,A,517,,11,5,0.45454545454545453,-0.7545454545454546,2,1,3,1,0.2727272727272727,0.18181818181818182,0.09090909090909091
46,c94706ad3c2252abe289c02ccb198eef MCSG-APC109373 A-0,0.6365459859371185,High impact,3Dstructure\afdb_correct_to_wrong_2500_structures\K4NYK2.pdb,A,1,,4,2,0.5,0.32499999999999996,1,0,1,1,0.25,0.25,0.0
48,55a74e79f77766fda9058895f7f7077b JCSG-360728 A-0,0.600353941321373,High impact,3Dstructure\afdb_correct_to_wrong_2500_structures\A0A0H3M4H1.pdb,A,1,,2,1,0.5,2.65,0,0,0,0,0.0,0.0,0.0
49,1848ad3577d87b10524ffd365c295279 SGPP-Tcru006467AAA A-0,0.598635345697403,High impact,3Dstructure\afdb_correct_to_wrong_2500_structures\A0A2V2WGM0.pdb,A,1,,2,2,1.0,2.3499999999999996,0,0,0,0,0.0,0.0,0.0
51,a552bc0903a7e225f246213d3477baf5 JCSG-416864 A-1,0.593650683760643,High impact,3Dstructure\afdb_correct_to_wrong_2500_structures\A7B0U3.pdb,A,36,,4,1,0.25,-1.825,2,0,2,2,0.5,0.5,0.0
52,a552bc0903a7e225f246213d3477baf5 JCSG-416864 A-1,0.5534261763095856,High impact,3Dstructure\afdb_correct_to_wrong_2500_structures\A7B0U3.pdb,A,80,,6,2,0.3333333333333333,-1.3333333333333333,1,2,3,-1,0.5,0.16666666666666666,0.3333333333333333
53,a552bc0903a7e225f246213d3477baf5 JCSG-416864 A-1,0.5054641962051392,High impact,3Dstructure\afdb_correct_to_wrong_2500_structures\A7B0U3.pdb,A,119,,7,2,0.2857142857142857,-0.8714285714285713,2,1,3,1,0.42857142857142855,0.2857142857142857,0.14285714285714285
54,a552bc0903a7e225f246213d3477baf5 JCSG-416864 A-1,0.500197023153305,High impact,3Dstructure\afdb_correct_to_wrong_2500_structures\A7B0U3.pdb,A,62,,8,3,0.375,-0.2250000000000001,1,1,2,0,0.25,0.125,0.125
55,a552bc0903a7e225f246213d3477baf5 JCSG-416864 A-1,0.4282419085502624,High impact,3Dstructure\afdb_correct_to_wrong_2500_structures\A7B0U3.pdb,A,58,,8,4,0.5,0.7625,1,0,1,1,0.125,0.125,0.0
56,a552bc0903a7e225f246213d3477baf5 JCSG-416864 A-1,0.3878514170646667,High impact,3Dstructure\afdb_correct_to_wrong_2500_structures\A7B0U3.pdb,A,43,,4,0,0.0,-2.725,0,1,1,-1,0.25,0.0,0.25
57,eccbea547cdc2d573b5ef2c7b269e50c JCSG-354415 A-0,0.5874751433730125,High impact,3Dstructure\afdb_correct_to_wrong_2500_structures\Q97K57.pdb,A,1,,2,0,0.0,-2.15,0,0,0,0,0.0,0.0,0.0
61,46a523ed17dbc8d8d513286adc1d6981 SGPP-Pfal005504AAA A-0,0.5789370685815811,High impact,3Dstructure\afdb_correct_to_wrong_2500_structures\A0A2I0BQY9.pdb,A,1,,2,0,0.0,-2.45,1,0,1,1,0.5,0.5,0.0
66,d7ecf8300cbfdbe14dd4f772076526e5 NESG-MsR151 A-0,0.5563861429691315,High impact,3Dstructure\afdb_correct_to_wrong_2500_structures\A0A653FD65.pdb,A,1,,2,1,0.5,0.09999999999999998,0,0,0,0,0.0,0.0,0.0
70,8389a66877fb9c1ceaa215bee695ef80 NESG-FR531 A-0,0.5487989485263824,High impact,3Dstructure\afdb_correct_to_wrong_2500_structures\Q9VPV1.pdb,A,1,,13,5,0.38461538461538464,-1.4692307692307691,5,1,6,4,0.46153846153846156,0.38461538461538464,0.07692307692307693
71,50f530bc57df6cc6cb8a4b4e21832ee3 SECSG-Y39A1A.5B A-0,0.5484319999814034,High impact,3Dstructure\afdb_correct_to_wrong_2500_structures\Q9XX20.pdb,A,1,,4,3,0.75,1.9749999999999999,0,1,1,-1,0.25,0.0,0.25
75,fcf4ff8f0b35839659a41874147acb31 JCSG-385491 A-1,0.5392589867115021,High impact,3Dstructure\afdb_correct_to_wrong_2500_structures\A0Q2K4.pdb,A,38,,5,0,0.0,-0.72,0,0,0,0,0.0,0.0,0.0
76,0a1f71293106cdb894476501596bc18a JCSG-421553 A-1,0.5388128757476807,High impact,3Dstructure\afdb_correct_to_wrong_2500_structures\A5Z8M8.pdb,A,24,,10,2,0.2,-0.51,1,1,2,0,0.2,0.1,0.1
77,6ee67ef224f19466ca548d6e8f5f7920 MCSG-APC103435 A-0,0.5365152060985565,High impact,3Dstructure\afdb_correct_to_wrong_2500_structures\C6VY73.pdb,A,1,,2,0,0.0,-2.45,1,0,1,1,0.5,0.5,0.0
83,1fe3d87f02417fb29f48a151c64b7532 NYSGRC-004168 A-0,0.532037615776062,High impact,3Dstructure\afdb_correct_to_wrong_2500_structures\V6TRK3.pdb,A,1,,2,1,0.5,0.30000000000000004,1,0,1,1,0.5,0.5,0.0
84,9ffd4510720cfd1d2a17975519702c83 MCSG-APC102538 A-0,0.5314308404922485,High impact,3Dstructure\afdb_correct_to_wrong_2500_structures\A0A1E7PHV2.pdb,A,1,,2,1,0.5,1.9,0,0,0,0,0.0,0.0,0.0
89,1ac0a6d381f98488e57b244870403693 SSGCID-NegoA.19194.a A-0,0.5236938297748566,High impact,3Dstructure\afdb_correct_to_wrong_2500_structures\A0AA44UAC5.pdb,A,1,,4,1,0.25,-0.9750000000000001,0,0,0,0,0.0,0.0,0.0
90,1ac0a6d381f98488e57b244870403693 SSGCID-NegoA.19194.a A-0,0.275840014219284,High impact,3Dstructure\afdb_correct_to_wrong_2500_structures\A0AA44UAC5.pdb,A,10,,8,5,0.625,0.8499999999999999,1,0,1,1,0.125,0.125,0.0
91,1ac0a6d381f98488e57b244870403693 SSGCID-NegoA.19194.a A-0,0.2736659944057464,High impact,3Dstructure\afdb_correct_to_wrong_2500_structures\A0AA44UAC5.pdb,A,77,,9,2,0.2222222222222222,-2.066666666666667,2,1,3,1,0.3333333333333333,0.2222222222222222,0.1111111111111111
100,9e5f69592aae6a0aa799702845296484 MCSG-APC22419 A-0,0.3940198123455047,High impact,3Dstructure\afdb_correct_to_wrong_2500_structures\O67208.pdb,A,15,,9,4,0.4444444444444444,0.6222222222222222,0,0,0,0,0.0,0.0,0.0
101,9e5f69592aae6a0aa799702845296484 MCSG-APC22419 A-0,0.3736915290355682,High impact,3Dstructure\afdb_correct_to_wrong_2500_structures\O67208.pdb,A,13,,8,4,0.5,1.175,0,0,0,0,0.0,0.0,0.0
102,9e5f69592aae6a0aa799702845296484 MCSG-APC22419 A-0,0.2147396504878997,High impact,3Dstructure\afdb_correct_to_wrong_2500_structures\O67208.pdb,A,24,,8,5,0.625,0.7250000000000001,1,2,3,-1,0.375,0.125,0.25
103,9e5f69592aae6a0aa799702845296484 MCSG-APC22419 A-0,0.2057998478412628,High impact,3Dstructure\afdb_correct_to_wrong_2500_structures\O67208.pdb,A,90,,10,4,0.4,-0.95,3,1,4,2,0.4,0.3,0.1
104,9e5f69592aae6a0aa799702845296484 MCSG-APC22419 A-0,0.2015135586261749,High impact,3Dstructure\afdb_correct_to_wrong_2500_structures\O67208.pdb,A,177,,8,2,0.25,-1.2874999999999999,2,3,5,-1,0.625,0.25,0.375
105,9e5f69592aae6a0aa799702845296484 MCSG-APC22419 A-0,0.1920001804828643,High impact,3Dstructure\afdb_correct_to_wrong_2500_structures\O67208.pdb,A,158,,10,4,0.4,-1.5699999999999998,2,1,3,1,0.3,0.2,0.1
106,9e5f69592aae6a0aa799702845296484 MCSG-APC22419 A-0,0.1901524364948272,High impact,3Dstructure\afdb_correct_to_wrong_2500_structures\O67208.pdb,A,211,,8,4,0.5,-0.16249999999999998,0,1,1,-1,0.125,0.0,0.125
107,9e5f69592aae6a0aa799702845296484 MCSG-APC22419 A-0,0.1876387298107147,High impact,3Dstructure\afdb_correct_to_wrong_2500_structures\O67208.pdb,A,305,,8,3,0.375,-0.8750000000000001,2,1,3,1,0.375,0.25,0.125
108,9e5f69592aae6a0aa799702845296484 MCSG-APC22419 A-0,0.1843714416027069,High impact,3Dstructure\afdb_correct_to_wrong_2500_structures\O67208.pdb,A,42,,8,3,0.375,-1.35,2,1,3,1,0.375,0.25,0.125
109,9e5f69592aae6a0aa799702845296484 MCSG-APC22419 A-0,0.1809715330600738,High impact,3Dstructure\afdb_correct_to_wrong_2500_structures\O67208.pdb,A,173,,9,7,0.7777777777777778,2.5555555555555554,0,1,1,-1,0.1111111111111111,0.0,0.1111111111111111
110,9e5f69592aae6a0aa799702845296484 MCSG-APC22419 A-0,0.1769619286060333,High impact,3Dstructure\afdb_correct_to_wrong_2500_structures\O67208.pdb,A,323,,8,3,0.375,-0.8500000000000001,3,0,3,3,0.375,0.375,0.0
111,9e5f69592aae6a0aa799702845296484 MCSG-APC22419 A-0,0.1729433238506317,High impact,3Dstructure\afdb_correct_to_wrong_2500_structures\O67208.pdb,A,128,,10,8,0.8,1.8699999999999999,1,1,2,0,0.2,0.1,0.1
112,9e5f69592aae6a0aa799702845296484 MCSG-APC22419 A-0,0.1726209819316864,High impact,3Dstructure\afdb_correct_to_wrong_2500_structures\O67208.pdb,A,292,,8,5,0.625,0.5625,2,1,3,1,0.375,0.25,0.125
113,9e5f69592aae6a0aa799702845296484 MCSG-APC22419 A-0,0.1709857881069183,High impact,3Dstructure\afdb_correct_to_wrong_2500_structures\O67208.pdb,A,350,,11,7,0.6363636363636364,0.7272727272727271,1,2,3,-1,0.2727272727272727,0.09090909090909091,0.18181818181818182
114,9e5f69592aae6a0aa799702845296484 MCSG-APC22419 A-0,0.1707183420658111,High impact,3Dstructure\afdb_correct_to_wrong_2500_structures\O67208.pdb,A,47,,14,6,0.42857142857142855,-0.21428571428571433,3,1,4,2,0.2857142857142857,0.21428571428571427,0.07142857142857142
115,9e5f69592aae6a0aa799702845296484 MCSG-APC22419 A-0,0.1667055189609527,High impact,3Dstructure\afdb_correct_to_wrong_2500_structures\O67208.pdb,A,237,,9,3,0.3333333333333333,-1.0222222222222224,2,2,4,0,0.4444444444444444,0.2222222222222222,0.2222222222222222
116,9e5f69592aae6a0aa799702845296484 MCSG-APC22419 A-0,0.1664201915264129,High impact,3Dstructure\afdb_correct_to_wrong_2500_structures\O67208.pdb,A,176,,11,5,0.45454545454545453,-0.36363636363636354,3,2,5,1,0.45454545454545453,0.2727272727272727,0.18181818181818182
117,9e5f69592aae6a0aa799702845296484 MCSG-APC22419 A-0,0.1642493903636932,High impact,3Dstructure\afdb_correct_to_wrong_2500_structures\O67208.pdb,A,19,,10,4,0.4,-0.6199999999999999,1,2,3,-1,0.3,0.1,0.2
118,9e5f69592aae6a0aa799702845296484 MCSG-APC22419 A-0,0.1612142026424408,High impact,3Dstructure\afdb_correct_to_wrong_2500_structures\O67208.pdb,A,37,,8,4,0.5,-0.3750000000000001,2,1,3,1,0.375,0.25,0.125
119,9e5f69592aae6a0aa799702845296484 MCSG-APC22419 A-0,0.1560302674770355,High impact,3Dstructure\afdb_correct_to_wrong_2500_structures\O67208.pdb,A,116,,9,3,0.3333333333333333,-1.2555555555555555,3,3,6,0,0.6666666666666666,0.3333333333333333,0.3333333333333333
120,9e5f69592aae6a0aa799702845296484 MCSG-APC22419 A-0,0.1509616076946258,High impact,3Dstructure\afdb_correct_to_wrong_2500_structures\O67208.pdb,A,43,,12,5,0.4166666666666667,-0.7333333333333333,4,1,5,3,0.4166666666666667,0.3333333333333333,0.08333333333333333
121,9e5f69592aae6a0aa799702845296484 MCSG-APC22419 A-0,0.1499504148960113,High impact,3Dstructure\afdb_correct_to_wrong_2500_structures\O67208.pdb,A,130,,10,8,0.8,1.09,1,0,1,1,0.1,0.1,0.0
122,9e5f69592aae6a0aa799702845296484 MCSG-APC22419 A-0,0.1474103033542633,High impact,3Dstructure\afdb_correct_to_wrong_2500_structures\O67208.pdb,A,150,,8,4,0.5,-0.48750000000000004,0,3,3,-3,0.375,0.0,0.375
123,9e5f69592aae6a0aa799702845296484 MCSG-APC22419 A-0,0.1461246311664581,High impact,3Dstructure\afdb_correct_to_wrong_2500_structures\O67208.pdb,A,18,,8,4,0.5,0.75,0,2,2,-2,0.25,0.0,0.25
124,9c6a5ae54aa204fd367f93da18d81e1f MCSG-APC104059 A-0,0.5190481841564178,High impact,3Dstructure\afdb_correct_to_wrong_2500_structures\A0A1Z4KTW7.pdb,A,1,,4,0,0.0,-3.075,1,0,1,1,0.25,0.25,0.0
140,b9a8c44ca6e0f06b5ef0ecca45c607b7 6IXP_2 A-1,0.4765024781227112,High impact,3Dstructure\afdb_correct_to_wrong_2500_structures\H0GYC2.pdb,A,399,,4,0,0.0,-1.075,1,0,1,1,0.25,0.25,0.0
142,f578fd117004d9c779dff99b9c641902 6TCT_1 A-1,0.50855353474617,High impact,3Dstructure\afdb_correct_to_wrong_2500_structures\A0A0H3ADY0.pdb,A,5,,11,5,0.45454545454545453,0.24545454545454556,2,1,3,1,0.2727272727272727,0.18181818181818182,0.09090909090909091
143,f578fd117004d9c779dff99b9c641902 6TCT_1 A-1,0.4862180650234222,High impact,3Dstructure\afdb_correct_to_wrong_2500_structures\A0A0H3ADY0.pdb,A,11,,11,7,0.6363636363636364,1.8454545454545452,0,0,0,0,0.0,0.0,0.0
145,f03f2b9fcc2b2251ea30833d92bf10da JCSG-354462 A-0,0.5056280493736267,High impact,3Dstructure\afdb_correct_to_wrong_2500_structures\A0A1Z4KND2.pdb,A,1,,2,2,1.0,1.25,0,0,0,0,0.0,0.0,0.0
146,a9f2d1028145bb67a9d73d0681c26797 MCSG-APC23512 A-0,0.5039052963256836,High impact,3Dstructure\afdb_correct_to_wrong_2500_structures\A0A0F6B3I5.pdb,A,1,,4,2,0.5,0.575,0,1,1,-1,0.25,0.0,0.25
147,754a4b456e5e5e4c79a3c50be7a2988c NYSGRC-033746 A-1,0.4982657134532928,High impact,3Dstructure\afdb_correct_to_wrong_2500_structures\A0A2R9B4W9.pdb,A,2,,3,1,0.3333333333333333,-0.6666666666666666,0,1,1,-1,0.3333333333333333,0.0,0.3333333333333333
149,4de1fdfe07d26cc56db9c6b82a65a47a TB-Rv1434 A-0,0.4959859549999237,High impact,3Dstructure\afdb_correct_to_wrong_2500_structures\A0A0H3M4S9.pdb,A,1,,2,1,0.5,-1.35,1,0,1,1,0.5,0.5,0.0
150,48d191db375f02ee7ca2563c943bc906 SSGCID-RifeA.01656.a A-0,0.4946457296609878,High impact,3Dstructure\afdb_correct_to_wrong_2500_structures\A0A0F3MSF8.pdb,A,1,,2,1,0.5,1.5499999999999998,0,0,0,0,0.0,0.0,0.0
151,f47ba509573abcca6fcd7aaebfae6d5e SGPP-Lmaj01207AAA A-0,0.4941974282264709,High impact,3Dstructure\afdb_correct_to_wrong_2500_structures\Q4QGA2.pdb,A,84,,8,2,0.25,-1.75,2,3,5,-1,0.625,0.25,0.375
152,4f349686caae2ace4162a8bfe11832b1 MCSG-APC83934 A-0,0.4923442006111145,High impact,3Dstructure\afdb_correct_to_wrong_2500_structures\Q9JS43.pdb,A,1,,2,0,0.0,-2.6,1,0,1,1,0.5,0.5,0.0
153,42db6ec1669ab33f3de423d7c7f67af9 MCSG-APC36092 A-0,0.4904367327690124,High impact,3Dstructure\afdb_correct_to_wrong_2500_structures\Q5KZM6.pdb,A,107,,5,2,0.4,-1.56,2,0,2,2,0.4,0.4,0.0
154,42db6ec1669ab33f3de423d7c7f67af9 MCSG-APC36092 A-0,0.1227295994758606,High impact,3Dstructure\afdb_correct_to_wrong_2500_structures\Q5KZM6.pdb,A,141,,10,3,0.3,-0.9,3,1,4,2,0.4,0.3,0.1
155,42db6ec1669ab33f3de423d7c7f67af9 MCSG-APC36092 A-0,0.1174890398979187,High impact,3Dstructure\afdb_correct_to_wrong_2500_structures\Q5KZM6.pdb,A,156,,8,5,0.625,0.08749999999999986,1,1,2,0,0.25,0.125,0.125
156,42db6ec1669ab33f3de423d7c7f67af9 MCSG-APC36092 A-0,0.1054127216339111,High impact,3Dstructure\afdb_correct_to_wrong_2500_structures\Q5KZM6.pdb,A,134,,10,6,0.6,1.0100000000000002,1,0,1,1,0.1,0.1,0.0
157,42db6ec1669ab33f3de423d7c7f67af9 MCSG-APC36092 A-0,0.1033017635345459,High impact,3Dstructure\afdb_correct_to_wrong_2500_structures\Q5KZM6.pdb,A,146,,13,8,0.6153846153846154,0.6769230769230768,1,2,3,-1,0.23076923076923078,0.07692307692307693,0.15384615384615385
158,42db6ec1669ab33f3de423d7c7f67af9 MCSG-APC36092 A-0,0.0948414206504821,High impact,3Dstructure\afdb_correct_to_wrong_2500_structures\Q5KZM6.pdb,A,120,,11,6,0.5454545454545454,0.19090909090909094,1,1,2,0,0.18181818181818182,0.09090909090909091,0.09090909090909091
159,42db6ec1669ab33f3de423d7c7f67af9 MCSG-APC36092 A-0,0.0916139483451843,High impact,3Dstructure\afdb_correct_to_wrong_2500_structures\Q5KZM6.pdb,A,111,,8,4,0.5,0.12499999999999997,1,0,1,1,0.125,0.125,0.0
160,42db6ec1669ab33f3de423d7c7f67af9 MCSG-APC36092 A-0,0.0827297568321228,High impact,3Dstructure\afdb_correct_to_wrong_2500_structures\Q5KZM6.pdb,A,152,,9,8,0.8888888888888888,1.9666666666666666,0,0,0,0,0.0,0.0,0.0
161,64fe897d9a94e4a06265c8d50c89536b MCSG-APC103014 A-0,0.4894867688417434,High impact,3Dstructure\afdb_correct_to_wrong_2500_structures\C7M277.pdb,A,1,,2,1,0.5,1.5,0,0,0,0,0.0,0.0,0.0
167,789553879254abf9122bcdb1677dfea5 SECSG-R07B7.8 A-0,0.4882232546806335,High impact,3Dstructure\afdb_correct_to_wrong_2500_structures\Q21799.pdb,A,89,,6,2,0.3333333333333333,-0.5500000000000002,1,0,1,1,0.16666666666666666,0.16666666666666666,0.0
170,2ee9a657c4681aa4bca20993d28032ed SECSG-Pfu-1499439-001 A-0,0.1050933897495269,High impact,3Dstructure\afdb_correct_to_wrong_2500_structures\Q8U0I1.pdb,A,98,,7,2,0.2857142857142857,-0.7000000000000002,1,2,3,-1,0.42857142857142855,0.14285714285714285,0.2857142857142857
171,2ee9a657c4681aa4bca20993d28032ed SECSG-Pfu-1499439-001 A-0,0.0948559939861297,High impact,3Dstructure\afdb_correct_to_wrong_2500_structures\Q8U0I1.pdb,A,124,,6,2,0.3333333333333333,-2.416666666666667,3,0,3,3,0.5,0.5,0.0
172,2ee9a657c4681aa4bca20993d28032ed SECSG-Pfu-1499439-001 A-0,0.0762447416782379,High impact,3Dstructure\afdb_correct_to_wrong_2500_structures\Q8U0I1.pdb,A,90,,12,8,0.6666666666666666,0.5166666666666666,1,2,3,-1,0.25,0.08333333333333333,0.16666666666666666
173,2ee9a657c4681aa4bca20993d28032ed SECSG-Pfu-1499439-001 A-0,0.067589670419693,High impact,3Dstructure\afdb_correct_to_wrong_2500_structures\Q8U0I1.pdb,A,134,,3,0,0.0,-2.6,1,1,2,0,0.6666666666666666,0.3333333333333333,0.3333333333333333
207,5bc06faed68c611be9f299d10955edfd MCSG-APC84032 A-0,0.4867196679115295,High impact,3Dstructure\afdb_correct_to_wrong_2500_structures\A0A0Y6CQ45.pdb,A,1,,4,3,0.75,0.5,0,0,0,0,0.0,0.0,0.0
209,16c24d50685bc0d512ee21d41cdff123 SSGCID-HepyC.19485.a A-0,0.4853273630142212,High impact,3Dstructure\afdb_correct_to_wrong_2500_structures\A0A377IF43.pdb,A,10,,10,5,0.5,-0.09999999999999991,3,0,3,3,0.3,0.3,0.0
210,2099d73b8dfb2891d2f7e499fe70be8d MCSG-APC83840 A-0,0.4842376112937927,High impact,3Dstructure\afdb_correct_to_wrong_2500_structures\Q9JYK9.pdb,A,1,,2,1,0.5,1.0499999999999998,0,0,0,0,0.0,0.0,0.0
211,2ee963b23250abf146c65a1c3bdbdee2 MCSG-APC23887 A-0,0.4840128719806671,High impact,3Dstructure\afdb_correct_to_wrong_2500_structures\A0A0D6IIP9.pdb,A,1,,2,0,0.0,-2.1,0,1,1,-1,0.5,0.0,0.5
212,4a3a6aef487e005fddfe2f52fad4ea6f SSGCID-PsaeA.18875.a A-0,0.4835597276687622,High impact,3Dstructure\afdb_correct_to_wrong_2500_structures\A0A659BMY8.pdb,A,1,,2,1,0.5,1.3,0,0,0,0,0.0,0.0,0.0
213,3d34938e7ecfe9a5c49c29c9c0469ad8 NYSGRC-024588 A-0,0.4824962466955185,High impact,3Dstructure\afdb_correct_to_wrong_2500_structures\A0A2P7MZE5.pdb,A,1,,2,1,0.5,0.5,0,0,0,0,0.0,0.0,0.0
214,c14c9607f622f81643efa698b48449dc 6L81_1 A-1,0.4804099500179291,High impact,3Dstructure\afdb_correct_to_wrong_2500_structures\A8K1E4.pdb,A,55,,4,3,0.75,1.8250000000000002,0,0,0,0,0.0,0.0,0.0
215,c14c9607f622f81643efa698b48449dc 6L81_1 A-1,0.4569794833660126,High impact,3Dstructure\afdb_correct_to_wrong_2500_structures\A8K1E4.pdb,A,119,,6,2,0.3333333333333333,1.1499999999999997,0,0,0,0,0.0,0.0,0.0
216,c14c9607f622f81643efa698b48449dc 6L81_1 A-1,0.4459534287452698,High impact,3Dstructure\afdb_correct_to_wrong_2500_structures\A8K1E4.pdb,A,80,,10,7,0.7,0.71,0,1,1,-1,0.1,0.0,0.1
217,c14c9607f622f81643efa698b48449dc 6L81_1 A-1,0.4347759783267975,High impact,3Dstructure\afdb_correct_to_wrong_2500_structures\A8K1E4.pdb,A,65,,8,3,0.375,-0.5374999999999999,1,2,3,-1,0.375,0.125,0.25
218,c14c9607f622f81643efa698b48449dc 6L81_1 A-1,0.4310633540153503,High impact,3Dstructure\afdb_correct_to_wrong_2500_structures\A8K1E4.pdb,A,67,,8,3,0.375,-0.975,2,2,4,0,0.5,0.25,0.25
219,c14c9607f622f81643efa698b48449dc 6L81_1 A-1,0.4146583378314972,High impact,3Dstructure\afdb_correct_to_wrong_2500_structures\A8K1E4.pdb,A,91,,8,3,0.375,-0.6250000000000001,1,2,3,-1,0.375,0.125,0.25
220,c14c9607f622f81643efa698b48449dc 6L81_1 A-1,0.4044700264930725,High impact,3Dstructure\afdb_correct_to_wrong_2500_structures\A8K1E4.pdb,A,105,,8,3,0.375,-0.5874999999999999,2,0,2,2,0.25,0.25,0.0
222,c14c9607f622f81643efa698b48449dc 6L81_1 A-1,0.4008656144142151,High impact,3Dstructure\afdb_correct_to_wrong_2500_structures\A8K1E4.pdb,A,58,,8,3,0.375,-1.275,2,2,4,0,0.5,0.25,0.25
223,c14c9607f622f81643efa698b48449dc 6L81_1 A-1,0.3981374204158783,High impact,3Dstructure\afdb_correct_to_wrong_2500_structures\A8K1E4.pdb,A,28,,7,4,0.5714285714285714,0.8000000000000002,1,0,1,1,0.14285714285714285,0.14285714285714285,0.0
224,c14c9607f622f81643efa698b48449dc 6L81_1 A-1,0.3967475593090057,High impact,3Dstructure\afdb_correct_to_wrong_2500_structures\A8K1E4.pdb,A,93,,8,4,0.5,0.04999999999999996,1,2,3,-1,0.375,0.125,0.25
225,c14c9607f622f81643efa698b48449dc 6L81_1 A-1,0.3965105414390564,High impact,3Dstructure\afdb_correct_to_wrong_2500_structures\A8K1E4.pdb,A,39,,8,4,0.5,-0.11250000000000004,0,0,0,0,0.0,0.0,0.0
226,c14c9607f622f81643efa698b48449dc 6L81_1 A-1,0.3927353024482727,High impact,3Dstructure\afdb_correct_to_wrong_2500_structures\A8K1E4.pdb,A,51,,7,3,0.42857142857142855,-0.7000000000000001,2,0,2,2,0.2857142857142857,0.2857142857142857,0.0
227,c14c9607f622f81643efa698b48449dc 6L81_1 A-1,0.3905298113822937,High impact,3Dstructure\afdb_correct_to_wrong_2500_structures\A8K1E4.pdb,A,33,,6,1,0.16666666666666666,-2.1333333333333333,0,3,3,-3,0.5,0.0,0.5
228,c14c9607f622f81643efa698b48449dc 6L81_1 A-1,0.3871170282363891,High impact,3Dstructure\afdb_correct_to_wrong_2500_structures\A8K1E4.pdb,A,43,,8,5,0.625,0.31249999999999994,0,0,0,0,0.0,0.0,0.0
229,c14c9607f622f81643efa698b48449dc 6L81_1 A-1,0.3836967349052429,High impact,3Dstructure\afdb_correct_to_wrong_2500_structures\A8K1E4.pdb,A,100,,7,3,0.42857142857142855,0.7571428571428571,0,1,1,-1,0.14285714285714285,0.0,0.14285714285714285
230,c14c9607f622f81643efa698b48449dc 6L81_1 A-1,0.3819963932037353,High impact,3Dstructure\afdb_correct_to_wrong_2500_structures\A8K1E4.pdb,A,44,,9,6,0.6666666666666666,0.7444444444444444,0,0,0,0,0.0,0.0,0.0
231,c14c9607f622f81643efa698b48449dc 6L81_1 A-1,0.3816607296466827,High impact,3Dstructure\afdb_correct_to_wrong_2500_structures\A8K1E4.pdb,A,41,,11,8,0.7272727272727273,0.8181818181818182,1,0,1,1,0.09090909090909091,0.09090909090909091,0.0
232,c14c9607f622f81643efa698b48449dc 6L81_1 A-1,0.3807379305362701,High impact,3Dstructure\afdb_correct_to_wrong_2500_structures\A8K1E4.pdb,A,79,,6,3,0.5,-0.13333333333333333,1,1,2,0,0.3333333333333333,0.16666666666666666,0.16666666666666666
233,c14c9607f622f81643efa698b48449dc 6L81_1 A-1,0.3796713054180145,High impact,3Dstructure\afdb_correct_to_wrong_2500_structures\A8K1E4.pdb,A,25,,8,5,0.625,1.175,1,1,2,0,0.25,0.125,0.125
234,c14c9607f622f81643efa698b48449dc 6L81_1 A-1,0.3774612247943878,High impact,3Dstructure\afdb_correct_to_wrong_2500_structures\A8K1E4.pdb,A,56,,8,2,0.25,-1.3,0,2,2,-2,0.25,0.0,0.25
235,c14c9607f622f81643efa698b48449dc 6L81_1 A-1,0.3766409158706665,High impact,3Dstructure\afdb_correct_to_wrong_2500_structures\A8K1E4.pdb,A,48,,8,3,0.375,-1.6,3,0,3,3,0.375,0.375,0.0
236,c14c9607f622f81643efa698b48449dc 6L81_1 A-1,0.3757060766220093,High impact,3Dstructure\afdb_correct_to_wrong_2500_structures\A8K1E4.pdb,A,84,,9,4,0.4444444444444444,-0.8555555555555556,3,0,3,3,0.3333333333333333,0.3333333333333333,0.0
237,c14c9607f622f81643efa698b48449dc 6L81_1 A-1,0.3716275095939636,High impact,3Dstructure\afdb_correct_to_wrong_2500_structures\A8K1E4.pdb,A,8,,6,1,0.16666666666666666,-1.7,1,1,2,0,0.3333333333333333,0.16666666666666666,0.16666666666666666
238,c14c9607f622f81643efa698b48449dc 6L81_1 A-1,0.3677695989608764,High impact,3Dstructure\afdb_correct_to_wrong_2500_structures\A8K1E4.pdb,A,42,,8,6,0.75,1.0999999999999999,0,0,0,0,0.0,0.0,0.0
239,c14c9607f622f81643efa698b48449dc 6L81_1 A-1,0.363016813993454,High impact,3Dstructure\afdb_correct_to_wrong_2500_structures\A8K1E4.pdb,A,27,,6,3,0.5,1.1500000000000001,1,0,1,1,0.16666666666666666,0.16666666666666666,0.0
240,c14c9607f622f81643efa698b48449dc 6L81_1 A-1,0.3623582124710083,High impact,3Dstructure\afdb_correct_to_wrong_2500_structures\A8K1E4.pdb,A,3,,4,2,0.5,0.024999999999999994,1,0,1,1,0.25,0.25,0.0
241,c14c9607f622f81643efa698b48449dc 6L81_1 A-1,0.362286239862442,High impact,3Dstructure\afdb_correct_to_wrong_2500_structures\A8K1E4.pdb,A,101,,6,2,0.3333333333333333,-0.18333333333333332,2,0,2,2,0.3333333333333333,0.3333333333333333,0.0
242,c14c9607f622f81643efa698b48449dc 6L81_1 A-1,0.3605120480060577,High impact,3Dstructure\afdb_correct_to_wrong_2500_structures\A8K1E4.pdb,A,106,,6,2,0.3333333333333333,-0.8333333333333336,1,1,2,0,0.3333333333333333,0.16666666666666666,0.16666666666666666
243,c14c9607f622f81643efa698b48449dc 6L81_1 A-1,0.3604103922843933,High impact,3Dstructure\afdb_correct_to_wrong_2500_structures\A8K1E4.pdb,A,114,,8,5,0.625,2.575,0,0,0,0,0.0,0.0,0.0
244,c14c9607f622f81643efa698b48449dc 6L81_1 A-1,0.3477172255516052,High impact,3Dstructure\afdb_correct_to_wrong_2500_structures\A8K1E4.pdb,A,92,,10,4,0.4,-1.05,2,2,4,0,0.4,0.2,0.2
245,c14c9607f622f81643efa698b48449dc 6L81_1 A-1,0.3411111533641815,High impact,3Dstructure\afdb_correct_to_wrong_2500_structures\A8K1E4.pdb,A,83,,9,4,0.4444444444444444,-1.1222222222222222,3,1,4,2,0.4444444444444444,0.3333333333333333,0.1111111111111111
246,c14c9607f622f81643efa698b48449dc 6L81_1 A-1,0.3405512571334839,High impact,3Dstructure\afdb_correct_to_wrong_2500_structures\A8K1E4.pdb,A,86,,8,3,0.375,-0.9625,1,2,3,-1,0.375,0.125,0.25
247,c14c9607f622f81643efa698b48449dc 6L81_1 A-1,0.3356969058513641,High impact,3Dstructure\afdb_correct_to_wrong_2500_structures\A8K1E4.pdb,A,71,,9,5,0.5555555555555556,0.7555555555555556,1,1,2,0,0.2222222222222222,0.1111111111111111,0.1111111111111111
248,38fe7d66701c2b1489592172da231dee JCSG-419120 A-1,0.4801689982414245,High impact,3Dstructure\afdb_correct_to_wrong_2500_structures\A0AAX3QYC2.pdb,A,93,,4,4,1.0,3.9000000000000004,0,0,0,0,0.0,0.0,0.0
249,38fe7d66701c2b1489592172da231dee JCSG-419120 A-1,0.441571295261383,High impact,3Dstructure\afdb_correct_to_wrong_2500_structures\A0AAX3QYC2.pdb,A,146,,7,5,0.7142857142857143,1.257142857142857,0,0,0,0,0.0,0.0,0.0
250,38fe7d66701c2b1489592172da231dee JCSG-419120 A-1,0.423203706741333,High impact,3Dstructure\afdb_correct_to_wrong_2500_structures\A0AAX3QYC2.pdb,A,39,,6,3,0.5,0.7833333333333335,0,1,1,-1,0.16666666666666666,0.0,0.16666666666666666
251,38fe7d66701c2b1489592172da231dee JCSG-419120 A-1,0.4141506850719452,High impact,3Dstructure\afdb_correct_to_wrong_2500_structures\A0AAX3QYC2.pdb,A,100,,4,1,0.25,-2.1,1,1,2,0,0.5,0.25,0.25
252,38fe7d66701c2b1489592172da231dee JCSG-419120 A-1,0.3713001310825348,High impact,3Dstructure\afdb_correct_to_wrong_2500_structures\A0AAX3QYC2.pdb,A,109,,8,5,0.625,-0.15000000000000002,2,0,2,2,0.25,0.25,0.0
253,38fe7d66701c2b1489592172da231dee JCSG-419120 A-1,0.3468353152275085,High impact,3Dstructure\afdb_correct_to_wrong_2500_structures\A0AAX3QYC2.pdb,A,126,,5,1,0.2,-1.1400000000000001,1,1,2,0,0.4,0.2,0.2
254,f9657c6aea39f3184277a4d6de6f19a2 MCSG-APC23803 A-0,0.4792990982532501,High impact,3Dstructure\afdb_correct_to_wrong_2500_structures\A0A0H3JR69.pdb,A,1,,4,3,0.75,1.7249999999999999,1,0,1,1,0.25,0.25,0.0
255,f9657c6aea39f3184277a4d6de6f19a2 MCSG-APC23803 A-0,0.1510513126850128,High impact,3Dstructure\afdb_correct_to_wrong_2500_structures\A0A0H3JR69.pdb,A,46,,9,5,0.5555555555555556,-0.18888888888888888,0,1,1,-1,0.1111111111111111,0.0,0.1111111111111111
256,f9657c6aea39f3184277a4d6de6f19a2 MCSG-APC23803 A-0,0.1208535134792327,High impact,3Dstructure\afdb_correct_to_wrong_2500_structures\A0A0H3JR69.pdb,A,29,,9,6,0.6666666666666666,-0.08888888888888896,2,1,3,1,0.3333333333333333,0.2222222222222222,0.1111111111111111
257,f9657c6aea39f3184277a4d6de6f19a2 MCSG-APC23803 A-0,0.1128517091274261,High impact,3Dstructure\afdb_correct_to_wrong_2500_structures\A0A0H3JR69.pdb,A,36,,6,3,0.5,-0.44999999999999996,0,1,1,-1,0.16666666666666666,0.0,0.16666666666666666
258,f9657c6aea39f3184277a4d6de6f19a2 MCSG-APC23803 A-0,0.1064126193523407,High impact,3Dstructure\afdb_correct_to_wrong_2500_structures\A0A0H3JR69.pdb,A,37,,10,6,0.6,-0.060000000000000143,2,0,2,2,0.2,0.2,0.0
259,f9657c6aea39f3184277a4d6de6f19a2 MCSG-APC23803 A-0,0.1023361980915069,High impact,3Dstructure\afdb_correct_to_wrong_2500_structures\A0A0H3JR69.pdb,A,33,,10,6,0.6,-0.19000000000000003,2,1,3,1,0.3,0.2,0.1
260,f9657c6aea39f3184277a4d6de6f19a2 MCSG-APC23803 A-0,0.0933583080768585,High impact,3Dstructure\afdb_correct_to_wrong_2500_structures\A0A0H3JR69.pdb,A,5,,8,4,0.5,-0.16249999999999998,2,0,2,2,0.25,0.25,0.0
261,f9657c6aea39f3184277a4d6de6f19a2 MCSG-APC23803 A-0,0.0907261669635772,High impact,3Dstructure\afdb_correct_to_wrong_2500_structures\A0A0H3JR69.pdb,A,51,,6,2,0.3333333333333333,-1.0,1,1,2,0,0.3333333333333333,0.16666666666666666,0.16666666666666666
262,f9657c6aea39f3184277a4d6de6f19a2 MCSG-APC23803 A-0,0.0900658071041107,High impact,3Dstructure\afdb_correct_to_wrong_2500_structures\A0A0H3JR69.pdb,A,55,,8,2,0.25,-1.075,1,1,2,0,0.25,0.125,0.125
263,f9657c6aea39f3184277a4d6de6f19a2 MCSG-APC23803 A-0,0.0874257385730743,High impact,3Dstructure\afdb_correct_to_wrong_2500_structures\A0A0H3JR69.pdb,A,34,,6,4,0.6666666666666666,-0.6,1,1,2,0,0.3333333333333333,0.16666666666666666,0.16666666666666666
264,f9657c6aea39f3184277a4d6de6f19a2 MCSG-APC23803 A-0,0.0869234502315521,High impact,3Dstructure\afdb_correct_to_wrong_2500_structures\A0A0H3JR69.pdb,A,60,,11,4,0.36363636363636365,-0.3181818181818181,4,0,4,4,0.36363636363636365,0.36363636363636365,0.0
265,f9657c6aea39f3184277a4d6de6f19a2 MCSG-APC23803 A-0,0.0845670402050018,High impact,3Dstructure\afdb_correct_to_wrong_2500_structures\A0A0H3JR69.pdb,A,4,,7,4,0.5714285714285714,-0.07142857142857137,2,0,2,2,0.2857142857142857,0.2857142857142857,0.0
266,f9657c6aea39f3184277a4d6de6f19a2 MCSG-APC23803 A-0,0.0813429057598114,High impact,3Dstructure\afdb_correct_to_wrong_2500_structures\A0A0H3JR69.pdb,A,70,,7,1,0.14285714285714285,-2.2285714285714286,1,3,4,-2,0.5714285714285714,0.14285714285714285,0.42857142857142855
267,f9657c6aea39f3184277a4d6de6f19a2 MCSG-APC23803 A-0,0.0782496631145477,High impact,3Dstructure\afdb_correct_to_wrong_2500_structures\A0A0H3JR69.pdb,A,56,,7,3,0.42857142857142855,-0.4285714285714287,2,0,2,2,0.2857142857142857,0.2857142857142857,0.0
268,f9657c6aea39f3184277a4d6de6f19a2 MCSG-APC23803 A-0,0.076969176530838,High impact,3Dstructure\afdb_correct_to_wrong_2500_structures\A0A0H3JR69.pdb,A,26,,9,3,0.3333333333333333,-0.6333333333333333,3,1,4,2,0.4444444444444444,0.3333333333333333,0.1111111111111111
269,f9657c6aea39f3184277a4d6de6f19a2 MCSG-APC23803 A-0,0.0762076675891876,High impact,3Dstructure\afdb_correct_to_wrong_2500_structures\A0A0H3JR69.pdb,A,59,,8,2,0.25,-1.2125,4,0,4,4,0.5,0.5,0.0
270,f9657c6aea39f3184277a4d6de6f19a2 MCSG-APC23803 A-0,0.0698350965976715,High impact,3Dstructure\afdb_correct_to_wrong_2500_structures\A0A0H3JR69.pdb,A,75,,7,2,0.2857142857142857,-1.1857142857142857,2,0,2,2,0.2857142857142857,0.2857142857142857,0.0
271,f9657c6aea39f3184277a4d6de6f19a2 MCSG-APC23803 A-0,0.068019300699234,High impact,3Dstructure\afdb_correct_to_wrong_2500_structures\A0A0H3JR69.pdb,A,58,,6,1,0.16666666666666666,-1.6499999999999997,2,0,2,2,0.3333333333333333,0.3333333333333333,0.0
291,344b4ac77e57375e153587bd1c1a83ba JCSG-420307 A-1,0.4746838808059692,High impact,3Dstructure\afdb_correct_to_wrong_2500_structures\Q8DRV4.pdb,A,29,,10,5,0.5,0.42000000000000004,1,1,2,0,0.2,0.1,0.1
296,0dffa5ac513b7617529bd13a2298b8df NYSGRC-023389 A-0,0.4672163426876068,High impact,3Dstructure\afdb_correct_to_wrong_2500_structures\A0A222IF07.pdb,A,1,,2,1,0.5,1.3,0,0,0,0,0.0,0.0,0.0
352,05058973351454f46866a2e01467668f JCSG-360709 A-0,0.4632377326488495,High impact,3Dstructure\afdb_correct_to_wrong_2500_structures\H7C642.pdb,A,1,,7,4,0.5714285714285714,1.3714285714285714,1,0,1,1,0.14285714285714285,0.14285714285714285,0.0
353,878c91a9e17e4cfbcd1356431cd37ea4 MCSG-APC103483 A-0,0.4617998600006103,High impact,3Dstructure\afdb_correct_to_wrong_2500_structures\D0LRC6.pdb,A,1,,6,4,0.6666666666666666,0.5333333333333332,1,1,2,0,0.3333333333333333,0.16666666666666666,0.16666666666666666
354,878c91a9e17e4cfbcd1356431cd37ea4 MCSG-APC103483 A-0,0.1807489395141601,High impact,3Dstructure\afdb_correct_to_wrong_2500_structures\D0LRC6.pdb,A,266,,12,5,0.4166666666666667,0.8166666666666664,2,0,2,2,0.16666666666666666,0.16666666666666666,0.0
357,1d1194c3f01224fd8c3953c1a98f1077 SGPP-Tbru019432AAA A-0,0.1351464092731475,High impact,3Dstructure\afdb_correct_to_wrong_2500_structures\Q4FKV6.pdb,A,36,,7,3,0.42857142857142855,-0.12857142857142864,2,1,3,1,0.42857142857142855,0.2857142857142857,0.14285714285714285
358,1d1194c3f01224fd8c3953c1a98f1077 SGPP-Tbru019432AAA A-0,0.1232268512248992,High impact,3Dstructure\afdb_correct_to_wrong_2500_structures\Q4FKV6.pdb,A,1,,2,0,0.0,-1.95,0,1,1,-1,0.5,0.0,0.5
359,bc81800a6e3ad3d7faa9feb23142bb0c JCSG-370121 A-0,0.4609093964099884,High impact,3Dstructure\afdb_correct_to_wrong_2500_structures\A0A0H3C839.pdb,A,1,,2,0,0.0,-2.45,1,0,1,1,0.5,0.5,0.0
360,bc81800a6e3ad3d7faa9feb23142bb0c JCSG-370121 A-0,0.0825308263301849,High impact,3Dstructure\afdb_correct_to_wrong_2500_structures\A0A0H3C839.pdb,A,21,,4,0,0.0,-1.5750000000000002,1,0,1,1,0.25,0.25,0.0
361,bc81800a6e3ad3d7faa9feb23142bb0c JCSG-370121 A-0,0.0697194039821624,High impact,3Dstructure\afdb_correct_to_wrong_2500_structures\A0A0H3C839.pdb,A,70,,9,5,0.5555555555555556,0.7999999999999999,1,0,1,1,0.1111111111111111,0.1111111111111111,0.0
391,bc81800a6e3ad3d7faa9feb23142bb0c JCSG-370121 A-0,0.0091475546360015,Low impact,3Dstructure\afdb_correct_to_wrong_2500_structures\A0A0H3C839.pdb,A,57,,7,2,0.2857142857142857,-0.9142857142857144,2,1,3,1,0.42857142857142855,0.2857142857142857,0.14285714285714285
392,bc81800a6e3ad3d7faa9feb23142bb0c JCSG-370121 A-0,0.0089749991893768,Low impact,3Dstructure\afdb_correct_to_wrong_2500_structures\A0A0H3C839.pdb,A,169,,9,4,0.4444444444444444,0.7333333333333332,0,1,1,-1,0.1111111111111111,0.0,0.1111111111111111
393,bc81800a6e3ad3d7faa9feb23142bb0c JCSG-370121 A-0,0.0086628496646881,Low impact,3Dstructure\afdb_correct_to_wrong_2500_structures\A0A0H3C839.pdb,A,7,,4,1,0.25,-1.375,2,0,2,2,0.5,0.5,0.0
394,bc81800a6e3ad3d7faa9feb23142bb0c JCSG-370121 A-0,0.0079775750637054,Low impact,3Dstructure\afdb_correct_to_wrong_2500_structures\A0A0H3C839.pdb,A,63,,10,7,0.7,0.6499999999999999,1,2,3,-1,0.3,0.1,0.2
395,bc81800a6e3ad3d7faa9feb23142bb0c JCSG-370121 A-0,0.0072199404239654,Low impact,3Dstructure\afdb_correct_to_wrong_2500_structures\A0A0H3C839.pdb,A,48,,7,2,0.2857142857142857,-1.1142857142857143,2,1,3,1,0.42857142857142855,0.2857142857142857,0.14285714285714285
396,bc81800a6e3ad3d7faa9feb23142bb0c JCSG-370121 A-0,0.0066415965557098,Low impact,3Dstructure\afdb_correct_to_wrong_2500_structures\A0A0H3C839.pdb,A,117,,15,9,0.6,0.8533333333333333,1,3,4,-2,0.26666666666666666,0.06666666666666667,0.2
397,bc81800a6e3ad3d7faa9feb23142bb0c JCSG-370121 A-0,0.0065372884273529,Low impact,3Dstructure\afdb_correct_to_wrong_2500_structures\A0A0H3C839.pdb,A,183,,12,5,0.4166666666666667,-0.6166666666666665,1,2,3,-1,0.25,0.08333333333333333,0.16666666666666666
398,bc81800a6e3ad3d7faa9feb23142bb0c JCSG-370121 A-0,0.0063501894474029,Low impact,3Dstructure\afdb_correct_to_wrong_2500_structures\A0A0H3C839.pdb,A,210,,9,6,0.6666666666666666,1.2444444444444445,0,1,1,-1,0.1111111111111111,0.0,0.1111111111111111
399,bc81800a6e3ad3d7faa9feb23142bb0c JCSG-370121 A-0,0.0062534511089324,Low impact,3Dstructure\afdb_correct_to_wrong_2500_structures\A0A0H3C839.pdb,A,35,,8,4,0.5,0.2749999999999999,2,0,2,2,0.25,0.25,0.0
400,bc81800a6e3ad3d7faa9feb23142bb0c JCSG-370121 A-0,0.0060758292675018,Low impact,3Dstructure\afdb_correct_to_wrong_2500_structures\A0A0H3C839.pdb,A,85,,12,6,0.5,0.23333333333333336,2,0,2,2,0.16666666666666666,0.16666666666666666,0.0
401,bc81800a6e3ad3d7faa9feb23142bb0c JCSG-370121 A-0,0.0060667097568511,Low impact,3Dstructure\afdb_correct_to_wrong_2500_structures\A0A0H3C839.pdb,A,103,,13,7,0.5384615384615384,0.46153846153846145,3,1,4,2,0.3076923076923077,0.23076923076923078,0.07692307692307693
402,bc81800a6e3ad3d7faa9feb23142bb0c JCSG-370121 A-0,0.0059360563755035,Low impact,3Dstructure\afdb_correct_to_wrong_2500_structures\A0A0H3C839.pdb,A,116,,13,10,0.7692307692307693,1.5461538461538462,1,1,2,0,0.15384615384615385,0.07692307692307693,0.07692307692307693
403,bc81800a6e3ad3d7faa9feb23142bb0c JCSG-370121 A-0,0.0058659017086029,Low impact,3Dstructure\afdb_correct_to_wrong_2500_structures\A0A0H3C839.pdb,A,220,,8,5,0.625,0.5375,2,1,3,1,0.375,0.25,0.125
404,bc81800a6e3ad3d7faa9feb23142bb0c JCSG-370121 A-0,0.0057875216007232,Low impact,3Dstructure\afdb_correct_to_wrong_2500_structures\A0A0H3C839.pdb,A,80,,11,7,0.6363636363636364,0.5999999999999999,1,1,2,0,0.18181818181818182,0.09090909090909091,0.09090909090909091
405,bc81800a6e3ad3d7faa9feb23142bb0c JCSG-370121 A-0,0.0057329833507537,Low impact,3Dstructure\afdb_correct_to_wrong_2500_structures\A0A0H3C839.pdb,A,149,,9,2,0.2222222222222222,-1.5666666666666667,1,1,2,0,0.2222222222222222,0.1111111111111111,0.1111111111111111
406,bc81800a6e3ad3d7faa9feb23142bb0c JCSG-370121 A-0,0.0056301057338714,Low impact,3Dstructure\afdb_correct_to_wrong_2500_structures\A0A0H3C839.pdb,A,51,,10,3,0.3,-0.63,2,1,3,1,0.3,0.2,0.1
407,bc81800a6e3ad3d7faa9feb23142bb0c JCSG-370121 A-0,0.0055678784847259,Low impact,3Dstructure\afdb_correct_to_wrong_2500_structures\A0A0H3C839.pdb,A,217,,6,3,0.5,-0.1666666666666666,1,1,2,0,0.3333333333333333,0.16666666666666666,0.16666666666666666
408,bc81800a6e3ad3d7faa9feb23142bb0c JCSG-370121 A-0,0.0051682889461517,Low impact,3Dstructure\afdb_correct_to_wrong_2500_structures\A0A0H3C839.pdb,A,213,,12,6,0.5,1.0333333333333332,0,1,1,-1,0.08333333333333333,0.0,0.08333333333333333
409,bc81800a6e3ad3d7faa9feb23142bb0c JCSG-370121 A-0,0.0047609508037567,Low impact,3Dstructure\afdb_correct_to_wrong_2500_structures\A0A0H3C839.pdb,A,132,,9,2,0.2222222222222222,-1.0333333333333334,0,2,2,-2,0.2222222222222222,0.0,0.2222222222222222
410,bc81800a6e3ad3d7faa9feb23142bb0c JCSG-370121 A-0,0.0046614110469818,Low impact,3Dstructure\afdb_correct_to_wrong_2500_structures\A0A0H3C839.pdb,A,186,,9,5,0.5555555555555556,0.03333333333333331,1,2,3,-1,0.3333333333333333,0.1111111111111111,0.2222222222222222
411,bc81800a6e3ad3d7faa9feb23142bb0c JCSG-370121 A-0,0.0042943656444549,Low impact,3Dstructure\afdb_correct_to_wrong_2500_structures\A0A0H3C839.pdb,A,205,,10,5,0.5,-0.10000000000000009,1,2,3,-1,0.3,0.1,0.2
412,bc81800a6e3ad3d7faa9feb23142bb0c JCSG-370121 A-0,0.0041559636592864,Low impact,3Dstructure\afdb_correct_to_wrong_2500_structures\A0A0H3C839.pdb,A,99,,12,6,0.5,-0.12499999999999999,3,0,3,3,0.25,0.25,0.0
413,bc81800a6e3ad3d7faa9feb23142bb0c JCSG-370121 A-0,0.0041256248950958,Low impact,3Dstructure\afdb_correct_to_wrong_2500_structures\A0A0H3C839.pdb,A,111,,7,4,0.5714285714285714,0.09999999999999994,1,2,3,-1,0.42857142857142855,0.14285714285714285,0.2857142857142857
414,bc81800a6e3ad3d7faa9feb23142bb0c JCSG-370121 A-0,0.0037343800067901,Low impact,3Dstructure\afdb_correct_to_wrong_2500_structures\A0A0H3C839.pdb,A,19,,4,1,0.25,0.17499999999999993,0,0,0,0,0.0,0.0,0.0
415,bc81800a6e3ad3d7faa9feb23142bb0c JCSG-370121 A-0,0.0036437809467315,Low impact,3Dstructure\afdb_correct_to_wrong_2500_structures\A0A0H3C839.pdb,A,75,,12,4,0.3333333333333333,-1.1666666666666667,3,2,5,1,0.4166666666666667,0.25,0.16666666666666666
416,bc81800a6e3ad3d7faa9feb23142bb0c JCSG-370121 A-0,0.0031529366970062,Low impact,3Dstructure\afdb_correct_to_wrong_2500_structures\A0A0H3C839.pdb,A,157,,13,10,0.7692307692307693,1.8384615384615386,1,0,1,1,0.07692307692307693,0.07692307692307693,0.0
417,bc81800a6e3ad3d7faa9feb23142bb0c JCSG-370121 A-0,0.0030737221240997,Low impact,3Dstructure\afdb_correct_to_wrong_2500_structures\A0A0H3C839.pdb,A,164,,9,6,0.6666666666666666,1.511111111111111,0,1,1,-1,0.1111111111111111,0.0,0.1111111111111111
418,bc81800a6e3ad3d7faa9feb23142bb0c JCSG-370121 A-0,0.0028438866138458,Low impact,3Dstructure\afdb_correct_to_wrong_2500_structures\A0A0H3C839.pdb,A,65,,11,7,0.6363636363636364,0.9181818181818183,1,1,2,0,0.18181818181818182,0.09090909090909091,0.09090909090909091
419,bc81800a6e3ad3d7faa9feb23142bb0c JCSG-370121 A-0,0.001992791891098,Low impact,3Dstructure\afdb_correct_to_wrong_2500_structures\A0A0H3C839.pdb,A,106,,9,4,0.4444444444444444,-0.3111111111111111,3,1,4,2,0.4444444444444444,0.3333333333333333,0.1111111111111111
420,bc81800a6e3ad3d7faa9feb23142bb0c JCSG-370121 A-0,0.0019753277301788,Low impact,3Dstructure\afdb_correct_to_wrong_2500_structures\A0A0H3C839.pdb,A,175,,10,5,0.5,0.43,0,1,1,-1,0.1,0.0,0.1
421,bc81800a6e3ad3d7faa9feb23142bb0c JCSG-370121 A-0,0.0019653141498565,Low impact,3Dstructure\afdb_correct_to_wrong_2500_structures\A0A0H3C839.pdb,A,178,,13,7,0.5384615384615384,0.3076923076923077,1,2,3,-1,0.23076923076923078,0.07692307692307693,0.15384615384615385
422,bc81800a6e3ad3d7faa9feb23142bb0c JCSG-370121 A-0,0.0019530951976776,Low impact,3Dstructure\afdb_correct_to_wrong_2500_structures\A0A0H3C839.pdb,A,223,,14,7,0.5,0.2571428571428571,3,1,4,2,0.2857142857142857,0.21428571428571427,0.07142857142857142
425,e59da144e21082b1856f7ed48a4580e6 JCSG-598 A-0,0.4602554440498352,High impact,3Dstructure\afdb_correct_to_wrong_2500_structures\A0AAE9IXX4.pdb,A,305,,8,5,0.625,0.9874999999999999,0,0,0,0,0.0,0.0,0.0
426,e59da144e21082b1856f7ed48a4580e6 JCSG-598 A-0,0.3943918943405151,High impact,3Dstructure\afdb_correct_to_wrong_2500_structures\A0AAE9IXX4.pdb,A,314,,7,3,0.42857142857142855,-0.0285714285714286,1,1,2,0,0.2857142857142857,0.14285714285714285,0.14285714285714285
427,e59da144e21082b1856f7ed48a4580e6 JCSG-598 A-0,0.3049834966659546,High impact,3Dstructure\afdb_correct_to_wrong_2500_structures\A0AAE9IXX4.pdb,A,310,,10,6,0.6,-4.4408920985006264e-17,2,1,3,1,0.3,0.2,0.1
428,2ba7e544a6a68405e0ffe50328497ace SSGCID-PlbeA.18546.a A-0,0.459596186876297,High impact,3Dstructure\afdb_correct_to_wrong_2500_structures\A0A0Y9X199.pdb,A,198,,5,3,0.6,-0.14000000000000004,0,1,1,-1,0.2,0.0,0.2
429,2ba7e544a6a68405e0ffe50328497ace SSGCID-PlbeA.18546.a A-0,0.3216927945613861,High impact,3Dstructure\afdb_correct_to_wrong_2500_structures\A0A0Y9X199.pdb,A,350,,8,3,0.375,-0.36250000000000004,2,0,2,2,0.25,0.25,0.0
434,9c3b81c6265dd18b5d0da8974cbb36b9 MCSG-APC83870 A-0,0.4562006890773773,High impact,3Dstructure\afdb_correct_to_wrong_2500_structures\Q9JZC4.pdb,A,1,,2,0,0.0,-3.05,1,0,1,1,0.5,0.5,0.0
435,9c3b81c6265dd18b5d0da8974cbb36b9 MCSG-APC83870 A-0,0.1052820980548858,High impact,3Dstructure\afdb_correct_to_wrong_2500_structures\Q9JZC4.pdb,A,11,,4,0,0.0,-1.2000000000000002,0,0,0,0,0.0,0.0,0.0
436,9c3b81c6265dd18b5d0da8974cbb36b9 MCSG-APC83870 A-0,0.0992607176303863,High impact,3Dstructure\afdb_correct_to_wrong_2500_structures\Q9JZC4.pdb,A,4,,4,0,0.0,-1.0999999999999999,1,0,1,1,0.25,0.25,0.0
437,9c3b81c6265dd18b5d0da8974cbb36b9 MCSG-APC83870 A-0,0.0908327996730804,High impact,3Dstructure\afdb_correct_to_wrong_2500_structures\Q9JZC4.pdb,A,3,,4,1,0.25,-1.0,0,0,0,0,0.0,0.0,0.0
438,9c3b81c6265dd18b5d0da8974cbb36b9 MCSG-APC83870 A-0,0.087834745645523,High impact,3Dstructure\afdb_correct_to_wrong_2500_structures\Q9JZC4.pdb,A,125,,5,1,0.2,-1.26,0,0,0,0,0.0,0.0,0.0
439,9c3b81c6265dd18b5d0da8974cbb36b9 MCSG-APC83870 A-0,0.0676262080669403,High impact,3Dstructure\afdb_correct_to_wrong_2500_structures\Q9JZC4.pdb,A,9,,4,1,0.25,-0.5,1,0,1,1,0.25,0.25,0.0
468,4cdfeda3b769391593ec9b22cab440b8 SGPP-Pfal006563AAA A-0,0.4539790228009224,High impact,3Dstructure\afdb_correct_to_wrong_2500_structures\A0A5K1K8Z4.pdb,A,1,,4,1,0.25,-1.925,0,2,2,-2,0.5,0.0,0.5
469,67ef68835711f30001d351fa84031118 SSGCID-PlbeA.18599.a A-0,0.4515325129032135,High impact,3Dstructure\afdb_correct_to_wrong_2500_structures\A0A0Z0AUK9.pdb,A,136,,8,3,0.375,-0.8,1,1,2,0,0.25,0.125,0.125
470,67ef68835711f30001d351fa84031118 SSGCID-PlbeA.18599.a A-0,0.3086163103580475,High impact,3Dstructure\afdb_correct_to_wrong_2500_structures\A0A0Z0AUK9.pdb,A,141,,10,3,0.3,-1.45,4,0,4,4,0.4,0.4,0.0
471,67ef68835711f30001d351fa84031118 SSGCID-PlbeA.18599.a A-0,0.2668549120426178,High impact,3Dstructure\afdb_correct_to_wrong_2500_structures\A0A0Z0AUK9.pdb,A,112,,8,4,0.5,0.1875,3,1,4,2,0.5,0.375,0.125
472,67ef68835711f30001d351fa84031118 SSGCID-PlbeA.18599.a A-0,0.2523634135723114,High impact,3Dstructure\afdb_correct_to_wrong_2500_structures\A0A0Z0AUK9.pdb,A,191,,8,3,0.375,0.21250000000000002,0,1,1,-1,0.125,0.0,0.125
473,67ef68835711f30001d351fa84031118 SSGCID-PlbeA.18599.a A-0,0.2296912968158722,High impact,3Dstructure\afdb_correct_to_wrong_2500_structures\A0A0Z0AUK9.pdb,A,195,,8,2,0.25,-1.6,2,1,3,1,0.375,0.25,0.125
474,a3a3b8b1a66212400f85b813bab5c5ed JCSG-360712 A-0,0.451469749212265,High impact,3Dstructure\afdb_correct_to_wrong_2500_structures\O50750.pdb,A,1,,2,0,0.0,-3.5,0,0,0,0,0.0,0.0,0.0
475,da8441b70cd3f46784526fca8bc7a18f MCSG-APC103633 A-0,0.4498958587646484,High impact,3Dstructure\afdb_correct_to_wrong_2500_structures\C8XD00.pdb,A,1,,2,1,0.5,-0.85,0,1,1,-1,0.5,0.0,0.5
476,da8441b70cd3f46784526fca8bc7a18f MCSG-APC103633 A-0,0.1002768874168396,High impact,3Dstructure\afdb_correct_to_wrong_2500_structures\C8XD00.pdb,A,6,,4,2,0.5,1.0,0,0,0,0,0.0,0.0,0.0
477,947ce7cc0afed79064eea1686d0257d0 ISFI-ISFI1236 A-1,0.4484813511371612,High impact,3Dstructure\afdb_correct_to_wrong_2500_structures\A0A045IB80.pdb,A,5,,8,6,0.75,1.375,1,0,1,1,0.125,0.125,0.0
478,947ce7cc0afed79064eea1686d0257d0 ISFI-ISFI1236 A-1,0.2558818161487579,High impact,3Dstructure\afdb_correct_to_wrong_2500_structures\A0A045IB80.pdb,A,20,,14,5,0.35714285714285715,-0.9500000000000001,3,1,4,2,0.2857142857142857,0.21428571428571427,0.07142857142857142
479,947ce7cc0afed79064eea1686d0257d0 ISFI-ISFI1236 A-1,0.2308809459209442,High impact,3Dstructure\afdb_correct_to_wrong_2500_structures\A0A045IB80.pdb,A,7,,12,10,0.8333333333333334,1.7083333333333333,0,1,1,-1,0.08333333333333333,0.0,0.08333333333333333
480,947ce7cc0afed79064eea1686d0257d0 ISFI-ISFI1236 A-1,0.2151375710964203,High impact,3Dstructure\afdb_correct_to_wrong_2500_structures\A0A045IB80.pdb,A,49,,12,6,0.5,0.25000000000000006,1,2,3,-1,0.25,0.08333333333333333,0.16666666666666666
481,947ce7cc0afed79064eea1686d0257d0 ISFI-ISFI1236 A-1,0.2100990414619445,High impact,3Dstructure\afdb_correct_to_wrong_2500_structures\A0A045IB80.pdb,A,121,,11,8,0.7272727272727273,1.0090909090909093,0,0,0,0,0.0,0.0,0.0
482,3bb0863c60afe6ce3a0dc8e51be6c184 MCSG-APC84008 A-0,0.4450344741344452,High impact,3Dstructure\afdb_correct_to_wrong_2500_structures\Q9K1M6.pdb,A,1,,3,1,0.3333333333333333,-2.6666666666666665,1,0,1,1,0.3333333333333333,0.3333333333333333,0.0
483,164fc1e4d2a7aa64efbf095eb7a25a37 NESG-HR3478G A-0,0.4447205364704132,High impact,3Dstructure\afdb_correct_to_wrong_2500_structures\A0AB34H2Z3.pdb,A,79,,8,6,0.75,1.0125,1,1,2,0,0.25,0.125,0.125
484,164fc1e4d2a7aa64efbf095eb7a25a37 NESG-HR3478G A-0,0.2671339213848114,High impact,3Dstructure\afdb_correct_to_wrong_2500_structures\A0AB34H2Z3.pdb,A,89,,6,2,0.3333333333333333,-0.8666666666666667,0,2,2,-2,0.3333333333333333,0.0,0.3333333333333333
485,164fc1e4d2a7aa64efbf095eb7a25a37 NESG-HR3478G A-0,0.1312144696712494,High impact,3Dstructure\afdb_correct_to_wrong_2500_structures\A0AB34H2Z3.pdb,A,87,,6,2,0.3333333333333333,-1.2833333333333334,0,3,3,-3,0.5,0.0,0.5
486,164fc1e4d2a7aa64efbf095eb7a25a37 NESG-HR3478G A-0,0.0928325951099395,High impact,3Dstructure\afdb_correct_to_wrong_2500_structures\A0AB34H2Z3.pdb,A,93,,4,2,0.5,0.9250000000000002,1,0,1,1,0.25,0.25,0.0
487,164fc1e4d2a7aa64efbf095eb7a25a37 NESG-HR3478G A-0,0.0890124142169952,High impact,3Dstructure\afdb_correct_to_wrong_2500_structures\A0AB34H2Z3.pdb,A,96,,4,1,0.25,-0.6500000000000001,1,0,1,1,0.25,0.25,0.0
490,a67eb0d8e9d06d7b798af3904e1c4c19 TB-Rv1344 A-0,0.4424904882907867,High impact,3Dstructure\afdb_correct_to_wrong_2500_structures\A0A045JVN3.pdb,A,1,,2,1,0.5,-2.7,1,0,1,1,0.5,0.5,0.0
491,9aced6d944882ff971b4984630c76cb7 NYSGRC-009564 A-0,0.4417484104633331,High impact,3Dstructure\afdb_correct_to_wrong_2500_structures\Q82PT7.pdb,A,1,,2,2,1.0,1.8,0,0,0,0,0.0,0.0,0.0
492,796c22c2e1ec8d842793534714397f2f JCSG-465 A-0,0.4411917924880981,High impact,3Dstructure\afdb_correct_to_wrong_2500_structures\Q9TZC7.pdb,A,1,,2,0,0.0,-2.15,0,1,1,-1,0.5,0.0,0.5
493,796c22c2e1ec8d842793534714397f2f JCSG-465 A-0,0.1708652973175048,High impact,3Dstructure\afdb_correct_to_wrong_2500_structures\Q9TZC7.pdb,A,92,,6,2,0.3333333333333333,-1.7333333333333332,3,0,3,3,0.5,0.5,0.0
494,796c22c2e1ec8d842793534714397f2f JCSG-465 A-0,0.1614758372306823,High impact,3Dstructure\afdb_correct_to_wrong_2500_structures\Q9TZC7.pdb,A,80,,9,7,0.7777777777777778,1.5666666666666664,2,0,2,2,0.2222222222222222,0.2222222222222222,0.0
495,796c22c2e1ec8d842793534714397f2f JCSG-465 A-0,0.1536109447479248,High impact,3Dstructure\afdb_correct_to_wrong_2500_structures\Q9TZC7.pdb,A,84,,9,5,0.5555555555555556,0.3444444444444444,2,0,2,2,0.2222222222222222,0.2222222222222222,0.0
496,796c22c2e1ec8d842793534714397f2f JCSG-465 A-0,0.143352210521698,High impact,3Dstructure\afdb_correct_to_wrong_2500_structures\Q9TZC7.pdb,A,97,,8,2,0.25,-1.75,3,1,4,2,0.5,0.375,0.125
497,796c22c2e1ec8d842793534714397f2f JCSG-465 A-0,0.1273866295814514,High impact,3Dstructure\afdb_correct_to_wrong_2500_structures\Q9TZC7.pdb,A,87,,8,4,0.5,-0.13750000000000007,2,0,2,2,0.25,0.25,0.0
498,796c22c2e1ec8d842793534714397f2f JCSG-465 A-0,0.1002925038337707,High impact,3Dstructure\afdb_correct_to_wrong_2500_structures\Q9TZC7.pdb,A,98,,8,3,0.375,-1.0,2,1,3,1,0.375,0.25,0.125
499,796c22c2e1ec8d842793534714397f2f JCSG-465 A-0,0.0925160646438598,High impact,3Dstructure\afdb_correct_to_wrong_2500_structures\Q9TZC7.pdb,A,78,,8,6,0.75,1.6124999999999998,2,0,2,2,0.25,0.25,0.0
500,796c22c2e1ec8d842793534714397f2f JCSG-465 A-0,0.0856309533119201,High impact,3Dstructure\afdb_correct_to_wrong_2500_structures\Q9TZC7.pdb,A,85,,8,4,0.5,-0.21250000000000002,2,0,2,2,0.25,0.25,0.0
501,796c22c2e1ec8d842793534714397f2f JCSG-465 A-0,0.0842291712760925,High impact,3Dstructure\afdb_correct_to_wrong_2500_structures\Q9TZC7.pdb,A,64,,8,1,0.125,-2.475,3,0,3,3,0.375,0.375,0.0
502,796c22c2e1ec8d842793534714397f2f JCSG-465 A-0,0.0740638375282287,High impact,3Dstructure\afdb_correct_to_wrong_2500_structures\Q9TZC7.pdb,A,88,,7,3,0.42857142857142855,-0.4714285714285714,2,0,2,2,0.2857142857142857,0.2857142857142857,0.0
543,796c22c2e1ec8d842793534714397f2f JCSG-465 A-0,0.008750557899475,Low impact,3Dstructure\afdb_correct_to_wrong_2500_structures\Q9TZC7.pdb,A,70,,8,3,0.375,-1.2249999999999999,3,1,4,2,0.5,0.375,0.125
544,796c22c2e1ec8d842793534714397f2f JCSG-465 A-0,0.0087339878082275,Low impact,3Dstructure\afdb_correct_to_wrong_2500_structures\Q9TZC7.pdb,A,35,,4,0,0.0,-3.025,0,2,2,-2,0.5,0.0,0.5
545,796c22c2e1ec8d842793534714397f2f JCSG-465 A-0,0.0074189901351928,Low impact,3Dstructure\afdb_correct_to_wrong_2500_structures\Q9TZC7.pdb,A,26,,7,3,0.42857142857142855,-0.5142857142857143,1,1,2,0,0.2857142857142857,0.14285714285714285,0.14285714285714285
546,796c22c2e1ec8d842793534714397f2f JCSG-465 A-0,0.0069084763526916,Low impact,3Dstructure\afdb_correct_to_wrong_2500_structures\Q9TZC7.pdb,A,44,,4,1,0.25,-1.475,1,0,1,1,0.25,0.25,0.0
547,796c22c2e1ec8d842793534714397f2f JCSG-465 A-0,0.0066962838172912,Low impact,3Dstructure\afdb_correct_to_wrong_2500_structures\Q9TZC7.pdb,A,90,,8,3,0.375,-1.175,2,0,2,2,0.25,0.25,0.0
548,796c22c2e1ec8d842793534714397f2f JCSG-465 A-0,0.0062808990478515,Low impact,3Dstructure\afdb_correct_to_wrong_2500_structures\Q9TZC7.pdb,A,40,,4,1,0.25,-1.225,0,0,0,0,0.0,0.0,0.0
549,796c22c2e1ec8d842793534714397f2f JCSG-465 A-0,0.0054773092269897,Low impact,3Dstructure\afdb_correct_to_wrong_2500_structures\Q9TZC7.pdb,A,3,,4,2,0.5,-0.15000000000000008,0,1,1,-1,0.25,0.0,0.25
550,796c22c2e1ec8d842793534714397f2f JCSG-465 A-0,0.0047687888145446,Low impact,3Dstructure\afdb_correct_to_wrong_2500_structures\Q9TZC7.pdb,A,74,,8,4,0.5,-0.9249999999999999,3,1,4,2,0.5,0.375,0.125
551,796c22c2e1ec8d842793534714397f2f JCSG-465 A-0,0.0039512515068054,Low impact,3Dstructure\afdb_correct_to_wrong_2500_structures\Q9TZC7.pdb,A,17,,4,1,0.25,-1.025,0,0,0,0,0.0,0.0,0.0
552,796c22c2e1ec8d842793534714397f2f JCSG-465 A-0,0.0038601756095886,Low impact,3Dstructure\afdb_correct_to_wrong_2500_structures\Q9TZC7.pdb,A,76,,9,7,0.7777777777777778,1.6444444444444444,1,1,2,0,0.2222222222222222,0.1111111111111111,0.1111111111111111
553,796c22c2e1ec8d842793534714397f2f JCSG-465 A-0,0.0035176277160644,Low impact,3Dstructure\afdb_correct_to_wrong_2500_structures\Q9TZC7.pdb,A,8,,4,0,0.0,-2.25,0,1,1,-1,0.25,0.0,0.25
554,796c22c2e1ec8d842793534714397f2f JCSG-465 A-0,0.0024430155754089,Low impact,3Dstructure\afdb_correct_to_wrong_2500_structures\Q9TZC7.pdb,A,6,,4,2,0.5,-0.3500000000000001,0,1,1,-1,0.25,0.0,0.25
556,6e39d5f25822ccd4b25d2da41c84416c SGPP-Tcru008372AAA A-0,0.1563107967376709,High impact,3Dstructure\afdb_correct_to_wrong_2500_structures\Q4DA44.pdb,A,3,,4,2,0.5,0.1999999999999998,1,0,1,1,0.25,0.25,0.0
558,6e39d5f25822ccd4b25d2da41c84416c SGPP-Tcru008372AAA A-0,0.1162704825401306,High impact,3Dstructure\afdb_correct_to_wrong_2500_structures\Q4DA44.pdb,A,2,,3,2,0.6666666666666666,0.4999999999999997,1,0,1,1,0.3333333333333333,0.3333333333333333,0.0
559,6e39d5f25822ccd4b25d2da41c84416c SGPP-Tcru008372AAA A-0,0.1071400642395019,High impact,3Dstructure\afdb_correct_to_wrong_2500_structures\Q4DA44.pdb,A,10,,4,2,0.5,0.675,1,0,1,1,0.25,0.25,0.0
560,6e39d5f25822ccd4b25d2da41c84416c SGPP-Tcru008372AAA A-0,0.0713784098625183,High impact,3Dstructure\afdb_correct_to_wrong_2500_structures\Q4DA44.pdb,A,6,,4,0,0.0,-3.225,3,0,3,3,0.75,0.75,0.0
564,5747e92dd513faeb415bcc9e6554e6e2 NESG-YR120 A-0,0.4393903613090515,High impact,3Dstructure\afdb_correct_to_wrong_2500_structures\A0A6C1DUS2.pdb,A,1,,2,0,0.0,-2.15,0,0,0,0,0.0,0.0,0.0
565,1c0a86189ef348ea5da3807710ad7657 5ZT0_2 A-1,0.4380580186843872,High impact,3Dstructure\afdb_correct_to_wrong_2500_structures\A0A2R9AP01.pdb,A,31,,4,0,0.0,-2.75,2,0,2,2,0.5,0.5,0.0
566,3a69337288a1cf85ad92403c023faef4 MCSG-APC40482 A-0,0.4379667490720749,High impact,3Dstructure\afdb_correct_to_wrong_2500_structures\A0A0E2CZN8.pdb,A,1,,7,2,0.2857142857142857,-1.3714285714285717,1,2,3,-1,0.42857142857142855,0.14285714285714285,0.2857142857142857
569,ca4e53b41acae77477e89fb7be6fc66e SECSG-Pfu-1511908-001 A-0,0.290434867143631,High impact,3Dstructure\afdb_correct_to_wrong_2500_structures\A0A5C0XR82.pdb,A,33,,11,6,0.5454545454545454,1.1454545454545455,1,2,3,-1,0.2727272727272727,0.09090909090909091,0.18181818181818182
570,ca4e53b41acae77477e89fb7be6fc66e SECSG-Pfu-1511908-001 A-0,0.2831721603870392,High impact,3Dstructure\afdb_correct_to_wrong_2500_structures\A0A5C0XR82.pdb,A,36,,6,4,0.6666666666666666,2.0666666666666664,0,1,1,-1,0.16666666666666666,0.0,0.16666666666666666
571,ca4e53b41acae77477e89fb7be6fc66e SECSG-Pfu-1511908-001 A-0,0.2339121997356414,High impact,3Dstructure\afdb_correct_to_wrong_2500_structures\A0A5C0XR82.pdb,A,7,,11,5,0.45454545454545453,0.19999999999999998,3,1,4,2,0.36363636363636365,0.2727272727272727,0.09090909090909091
573,ca4e53b41acae77477e89fb7be6fc66e SECSG-Pfu-1511908-001 A-0,0.2196454107761383,High impact,3Dstructure\afdb_correct_to_wrong_2500_structures\A0A5C0XR82.pdb,A,9,,7,1,0.14285714285714285,-1.6714285714285713,1,3,4,-2,0.5714285714285714,0.14285714285714285,0.42857142857142855
574,ca4e53b41acae77477e89fb7be6fc66e SECSG-Pfu-1511908-001 A-0,0.2176593244075775,High impact,3Dstructure\afdb_correct_to_wrong_2500_structures\A0A5C0XR82.pdb,A,29,,14,10,0.7142857142857143,1.85,1,1,2,0,0.14285714285714285,0.07142857142857142,0.07142857142857142
575,ca4e53b41acae77477e89fb7be6fc66e SECSG-Pfu-1511908-001 A-0,0.2167058289051056,High impact,3Dstructure\afdb_correct_to_wrong_2500_structures\A0A5C0XR82.pdb,A,13,,11,7,0.6363636363636364,1.8909090909090909,1,0,1,1,0.09090909090909091,0.09090909090909091,0.0
576,ca4e53b41acae77477e89fb7be6fc66e SECSG-Pfu-1511908-001 A-0,0.2067770659923553,High impact,3Dstructure\afdb_correct_to_wrong_2500_structures\A0A5C0XR82.pdb,A,34,,8,4,0.5,0.5375000000000001,2,1,3,1,0.375,0.25,0.125
577,ca4e53b41acae77477e89fb7be6fc66e SECSG-Pfu-1511908-001 A-0,0.1954263746738433,High impact,3Dstructure\afdb_correct_to_wrong_2500_structures\A0A5C0XR82.pdb,A,10,,13,5,0.38461538461538464,0.11538461538461532,1,3,4,-2,0.3076923076923077,0.07692307692307693,0.23076923076923078
578,ca4e53b41acae77477e89fb7be6fc66e SECSG-Pfu-1511908-001 A-0,0.1714179813861847,High impact,3Dstructure\afdb_correct_to_wrong_2500_structures\A0A5C0XR82.pdb,A,6,,9,4,0.4444444444444444,0.7222222222222222,1,1,2,0,0.2222222222222222,0.1111111111111111,0.1111111111111111
579,ca4e53b41acae77477e89fb7be6fc66e SECSG-Pfu-1511908-001 A-0,0.1679628789424896,High impact,3Dstructure\afdb_correct_to_wrong_2500_structures\A0A5C0XR82.pdb,A,12,,11,7,0.6363636363636364,1.6363636363636365,2,0,2,2,0.18181818181818182,0.18181818181818182,0.0
581,ca4e53b41acae77477e89fb7be6fc66e SECSG-Pfu-1511908-001 A-0,0.1403411328792572,High impact,3Dstructure\afdb_correct_to_wrong_2500_structures\A0A5C0XR82.pdb,A,161,,13,6,0.46153846153846156,0.030769230769230764,3,2,5,1,0.38461538461538464,0.23076923076923078,0.15384615384615385
582,ca4e53b41acae77477e89fb7be6fc66e SECSG-Pfu-1511908-001 A-0,0.1074559986591339,High impact,3Dstructure\afdb_correct_to_wrong_2500_structures\A0A5C0XR82.pdb,A,31,,12,8,0.6666666666666666,1.9666666666666668,1,0,1,1,0.08333333333333333,0.08333333333333333,0.0
583,ca4e53b41acae77477e89fb7be6fc66e SECSG-Pfu-1511908-001 A-0,0.10706028342247,High impact,3Dstructure\afdb_correct_to_wrong_2500_structures\A0A5C0XR82.pdb,A,56,,15,8,0.5333333333333333,0.8533333333333334,0,2,2,-2,0.13333333333333333,0.0,0.13333333333333333
584,ca4e53b41acae77477e89fb7be6fc66e SECSG-Pfu-1511908-001 A-0,0.0903944075107574,High impact,3Dstructure\afdb_correct_to_wrong_2500_structures\A0A5C0XR82.pdb,A,2,,6,3,0.5,0.1333333333333333,0,1,1,-1,0.16666666666666666,0.0,0.16666666666666666
585,ca4e53b41acae77477e89fb7be6fc66e SECSG-Pfu-1511908-001 A-0,0.084915667772293,High impact,3Dstructure\afdb_correct_to_wrong_2500_structures\A0A5C0XR82.pdb,A,28,,13,8,0.6153846153846154,1.676923076923077,0,1,1,-1,0.07692307692307693,0.0,0.07692307692307693
587,ca4e53b41acae77477e89fb7be6fc66e SECSG-Pfu-1511908-001 A-0,0.0818076431751251,High impact,3Dstructure\afdb_correct_to_wrong_2500_structures\A0A5C0XR82.pdb,A,122,,4,2,0.5,0.95,0,0,0,0,0.0,0.0,0.0
588,ca4e53b41acae77477e89fb7be6fc66e SECSG-Pfu-1511908-001 A-0,0.0685172975063324,High impact,3Dstructure\afdb_correct_to_wrong_2500_structures\A0A5C0XR82.pdb,A,126,,12,7,0.5833333333333334,1.5499999999999998,1,1,2,0,0.16666666666666666,0.08333333333333333,0.08333333333333333
589,ca4e53b41acae77477e89fb7be6fc66e SECSG-Pfu-1511908-001 A-0,0.0678849518299102,High impact,3Dstructure\afdb_correct_to_wrong_2500_structures\A0A5C0XR82.pdb,A,26,,11,7,0.6363636363636364,0.43636363636363645,0,3,3,-3,0.2727272727272727,0.0,0.2727272727272727
590,ca4e53b41acae77477e89fb7be6fc66e SECSG-Pfu-1511908-001 A-0,0.0672164857387542,High impact,3Dstructure\afdb_correct_to_wrong_2500_structures\A0A5C0XR82.pdb,A,115,,10,5,0.5,-0.9100000000000001,0,0,0,0,0.0,0.0,0.0
594,87fb0bd1b97ef002cd1f84c1109c2f20 JCSG-376451 A-0,0.4376282691955566,High impact,3Dstructure\afdb_correct_to_wrong_2500_structures\Q737R1.pdb,A,1,,2,2,1.0,0.25,0,0,0,0,0.0,0.0,0.0
597,96d7932741103dc80d46a7c6bda4e943 SSGCID-PlbeA.18592.a A-0,0.4337503015995025,High impact,3Dstructure\afdb_correct_to_wrong_2500_structures\A0A113SHM4.pdb,A,631,,8,6,0.75,1.15,1,0,1,1,0.125,0.125,0.0
598,3ca728f4d924733947f898178fe7b368 JCSG-232643 A-0,0.4305452108383178,High impact,3Dstructure\afdb_correct_to_wrong_2500_structures\G5EG54.pdb,A,1,,2,0,0.0,-0.8,0,0,0,0,0.0,0.0,0.0
599,3ca728f4d924733947f898178fe7b368 JCSG-232643 A-0,0.1772056818008422,High impact,3Dstructure\afdb_correct_to_wrong_2500_structures\G5EG54.pdb,A,26,,8,4,0.5,-1.0625,2,1,3,1,0.375,0.25,0.125
600,3ca728f4d924733947f898178fe7b368 JCSG-232643 A-0,0.077053964138031,High impact,3Dstructure\afdb_correct_to_wrong_2500_structures\G5EG54.pdb,A,29,,8,5,0.625,-0.8374999999999999,1,0,1,1,0.125,0.125,0.0
607,fa3a2058f9952579c2f030842399e5e8 SECSG-R05H10.3 A-0,0.4240962862968445,High impact,3Dstructure\afdb_correct_to_wrong_2500_structures\G5EDL4.pdb,A,1,,8,5,0.625,1.8250000000000002,0,1,1,-1,0.125,0.0,0.125
762,bc488bfbc76cdfb46c32b90875aa136a SECSG-T05E7.3 A-0,0.423162966966629,High impact,3Dstructure\afdb_correct_to_wrong_2500_structures\O01858.pdb,A,1,,4,1,0.25,-0.8,0,2,2,-2,0.5,0.0,0.5
764,acdf14a08edbfb41850f8c28ca1c9e02 MCSG-APC27103 A-0,0.4191829264163971,High impact,3Dstructure\afdb_correct_to_wrong_2500_structures\A0A0H3AEW7.pdb,A,1,,2,2,1.0,2.8,0,0,0,0,0.0,0.0,0.0
765,acdf14a08edbfb41850f8c28ca1c9e02 MCSG-APC27103 A-0,0.0921268165111541,High impact,3Dstructure\afdb_correct_to_wrong_2500_structures\A0A0H3AEW7.pdb,A,4,,4,3,0.75,0.9749999999999999,0,1,1,-1,0.25,0.0,0.25
777,db329acef9fb6614006298302e559100 EFI-550264 A-0,0.4191615283489227,High impact,3Dstructure\afdb_correct_to_wrong_2500_structures\C8XGE1.pdb,A,1,,2,2,1.0,2.8,0,0,0,0,0.0,0.0,0.0
778,db329acef9fb6614006298302e559100 EFI-550264 A-0,0.1619965136051178,High impact,3Dstructure\afdb_correct_to_wrong_2500_structures\C8XGE1.pdb,A,6,,4,4,1.0,2.55,0,0,0,0,0.0,0.0,0.0
779,6a62b814674e4fab793e32ff578cc7f5 JCSG-376352 A-1,0.4189549684524536,High impact,3Dstructure\afdb_correct_to_wrong_2500_structures\A0A6N4SRW3.pdb,A,1,,6,2,0.3333333333333333,-0.5499999999999999,1,1,2,0,0.3333333333333333,0.16666666666666666,0.16666666666666666
782,76208ea5e1ee39073b2db5b95b5a7309 SGPP-Lmaj007035AAB A-0,0.0880210697650909,High impact,3Dstructure\afdb_correct_to_wrong_2500_structures\Q4QHM1.pdb,A,1,,4,0,0.0,-2.475,2,0,2,2,0.5,0.5,0.0
784,bdb8efc6f2215dfa0581f813a82155e4 MCSG-APC25619 A-0,0.4143370985984802,High impact,3Dstructure\afdb_correct_to_wrong_2500_structures\A0A0F6AW30.pdb,A,1,,2,1,0.5,-1.3,1,0,1,1,0.5,0.5,0.0
785,57727c214faeaa75d0f8df2727bf6e1e BSGI-Z5897_ECO57 A-0,0.4142231345176697,High impact,3Dstructure\afdb_correct_to_wrong_2500_structures\A0A0H3JRX1.pdb,A,1,,2,0,0.0,-2.3,1,0,1,1,0.5,0.5,0.0
786,56e2ecd6319614b96d873aa4eca9b475 SECSG-Pfu-256063-001 A-0,0.4131628572940826,High impact,3Dstructure\afdb_correct_to_wrong_2500_structures\A0A5C0XMD4.pdb,A,1,,2,0,0.0,-2.15,0,1,1,-1,0.5,0.0,0.5
790,98ce76b056f2f2395eb6184fcc72c635 JCSG-383823 A-0,0.4129003584384918,High impact,3Dstructure\afdb_correct_to_wrong_2500_structures\Q72A42.pdb,A,8,,7,5,0.7142857142857143,0.7714285714285712,2,0,2,2,0.2857142857142857,0.2857142857142857,0.0
791,98ce76b056f2f2395eb6184fcc72c635 JCSG-383823 A-0,0.3566711246967315,High impact,3Dstructure\afdb_correct_to_wrong_2500_structures\Q72A42.pdb,A,1,,5,2,0.4,-0.1600000000000002,1,0,1,1,0.2,0.2,0.0
792,666d658f13ae0e13ee1b192eb9d0ac8d SECSG-T04C9.3 A-0,0.4126887023448944,High impact,3Dstructure\afdb_correct_to_wrong_2500_structures\Q9GP92.pdb,A,1,,3,0,0.0,-1.8,1,0,1,1,0.3333333333333333,0.3333333333333333,0.0
793,666d658f13ae0e13ee1b192eb9d0ac8d SECSG-T04C9.3 A-0,0.0957741439342498,High impact,3Dstructure\afdb_correct_to_wrong_2500_structures\Q9GP92.pdb,A,26,,8,4,0.5,0.33749999999999997,0,2,2,-2,0.25,0.0,0.25
794,666d658f13ae0e13ee1b192eb9d0ac8d SECSG-T04C9.3 A-0,0.0695359408855438,High impact,3Dstructure\afdb_correct_to_wrong_2500_structures\Q9GP92.pdb,A,71,,5,1,0.2,-1.9,0,2,2,-2,0.4,0.0,0.4
795,5b0290f4c5efbf74609b2742dda44c91 SSGCID-HepyC.19454.a A-0,0.4106761217117309,High impact,3Dstructure\afdb_correct_to_wrong_2500_structures\B5Z8J5.pdb,A,1,,4,2,0.5,-0.025000000000000022,1,0,1,1,0.25,0.25,0.0
796,4ab77381a70cd8516b39dece8913586c MCSG-APC102531 A-0,0.4104280471801758,High impact,3Dstructure\afdb_correct_to_wrong_2500_structures\A0A2U0QR52.pdb,A,1,,3,1,0.3333333333333333,-0.06666666666666672,1,0,1,1,0.3333333333333333,0.3333333333333333,0.0
798,ce33a690fbbc0e1c947e2b655fe52570 MCSG-APC103797 A-0,0.4069757908582687,High impact,3Dstructure\afdb_correct_to_wrong_2500_structures\D2QMC4.pdb,A,1,,2,2,1.0,-1.1,0,0,0,0,0.0,0.0,0.0
801,670a27c05345172bdb4fe1aabe9d2947 SGPP-Tcru000264AAA A-0,0.2430583238601684,High impact,3Dstructure\afdb_correct_to_wrong_2500_structures\A0A2V2X428.pdb,A,1,,2,1,0.5,-0.85,0,0,0,0,0.0,0.0,0.0
802,670a27c05345172bdb4fe1aabe9d2947 SGPP-Tcru000264AAA A-0,0.2274409532546997,High impact,3Dstructure\afdb_correct_to_wrong_2500_structures\A0A2V2X428.pdb,A,103,,13,9,0.6923076923076923,1.8923076923076925,0,2,2,-2,0.15384615384615385,0.0,0.15384615384615385
803,670a27c05345172bdb4fe1aabe9d2947 SGPP-Tcru000264AAA A-0,0.2170639038085937,High impact,3Dstructure\afdb_correct_to_wrong_2500_structures\A0A2V2X428.pdb,A,124,,12,6,0.5,0.39999999999999997,1,1,2,0,0.16666666666666666,0.08333333333333333,0.08333333333333333
804,670a27c05345172bdb4fe1aabe9d2947 SGPP-Tcru000264AAA A-0,0.1990936994552612,High impact,3Dstructure\afdb_correct_to_wrong_2500_structures\A0A2V2X428.pdb,A,88,,13,4,0.3076923076923077,-0.8692307692307691,1,1,2,0,0.15384615384615385,0.07692307692307693,0.07692307692307693
805,670a27c05345172bdb4fe1aabe9d2947 SGPP-Tcru000264AAA A-0,0.1839516162872314,High impact,3Dstructure\afdb_correct_to_wrong_2500_structures\A0A2V2X428.pdb,A,52,,5,1,0.2,-0.74,0,1,1,-1,0.2,0.0,0.2
806,670a27c05345172bdb4fe1aabe9d2947 SGPP-Tcru000264AAA A-0,0.1707914471626281,High impact,3Dstructure\afdb_correct_to_wrong_2500_structures\A0A2V2X428.pdb,A,62,,15,6,0.4,-0.060000000000000026,2,1,3,1,0.2,0.13333333333333333,0.06666666666666667
807,670a27c05345172bdb4fe1aabe9d2947 SGPP-Tcru000264AAA A-0,0.1676235795021057,High impact,3Dstructure\afdb_correct_to_wrong_2500_structures\A0A2V2X428.pdb,A,104,,10,5,0.5,1.86,0,2,2,-2,0.2,0.0,0.2
808,670a27c05345172bdb4fe1aabe9d2947 SGPP-Tcru000264AAA A-0,0.1570428609848022,High impact,3Dstructure\afdb_correct_to_wrong_2500_structures\A0A2V2X428.pdb,A,48,,8,3,0.375,0.8125,0,1,1,-1,0.125,0.0,0.125
809,670a27c05345172bdb4fe1aabe9d2947 SGPP-Tcru000264AAA A-0,0.1410873532295227,High impact,3Dstructure\afdb_correct_to_wrong_2500_structures\A0A2V2X428.pdb,A,112,,7,3,0.42857142857142855,0.24285714285714288,0,1,1,-1,0.14285714285714285,0.0,0.14285714285714285
810,670a27c05345172bdb4fe1aabe9d2947 SGPP-Tcru000264AAA A-0,0.1124045252799987,High impact,3Dstructure\afdb_correct_to_wrong_2500_structures\A0A2V2X428.pdb,A,133,,10,5,0.5,0.31,0,2,2,-2,0.2,0.0,0.2
811,670a27c05345172bdb4fe1aabe9d2947 SGPP-Tcru000264AAA A-0,0.1059762835502624,High impact,3Dstructure\afdb_correct_to_wrong_2500_structures\A0A2V2X428.pdb,A,3,,4,2,0.5,-0.22499999999999998,0,0,0,0,0.0,0.0,0.0
812,670a27c05345172bdb4fe1aabe9d2947 SGPP-Tcru000264AAA A-0,0.1059622764587402,High impact,3Dstructure\afdb_correct_to_wrong_2500_structures\A0A2V2X428.pdb,A,106,,12,6,0.5,0.8416666666666667,0,2,2,-2,0.16666666666666666,0.0,0.16666666666666666
813,670a27c05345172bdb4fe1aabe9d2947 SGPP-Tcru000264AAA A-0,0.1011286377906799,High impact,3Dstructure\afdb_correct_to_wrong_2500_structures\A0A2V2X428.pdb,A,108,,7,5,0.7142857142857143,0.857142857142857,0,1,1,-1,0.14285714285714285,0.0,0.14285714285714285
814,670a27c05345172bdb4fe1aabe9d2947 SGPP-Tcru000264AAA A-0,0.0977583527565002,High impact,3Dstructure\afdb_correct_to_wrong_2500_structures\A0A2V2X428.pdb,A,28,,9,5,0.5555555555555556,0.7555555555555555,1,1,2,0,0.2222222222222222,0.1111111111111111,0.1111111111111111
815,670a27c05345172bdb4fe1aabe9d2947 SGPP-Tcru000264AAA A-0,0.0944564342498779,High impact,3Dstructure\afdb_correct_to_wrong_2500_structures\A0A2V2X428.pdb,A,22,,8,4,0.5,0.15000000000000002,2,1,3,1,0.375,0.25,0.125
816,670a27c05345172bdb4fe1aabe9d2947 SGPP-Tcru000264AAA A-0,0.0942354202270507,High impact,3Dstructure\afdb_correct_to_wrong_2500_structures\A0A2V2X428.pdb,A,95,,17,6,0.35294117647058826,0.1823529411764706,1,1,2,0,0.11764705882352941,0.058823529411764705,0.058823529411764705
817,670a27c05345172bdb4fe1aabe9d2947 SGPP-Tcru000264AAA A-0,0.0868072509765625,High impact,3Dstructure\afdb_correct_to_wrong_2500_structures\A0A2V2X428.pdb,A,63,,8,3,0.375,-0.26250000000000007,1,0,1,1,0.125,0.125,0.0
818,670a27c05345172bdb4fe1aabe9d2947 SGPP-Tcru000264AAA A-0,0.0825427174568176,High impact,3Dstructure\afdb_correct_to_wrong_2500_structures\A0A2V2X428.pdb,A,70,,10,5,0.5,0.12999999999999992,0,1,1,-1,0.1,0.0,0.1
819,670a27c05345172bdb4fe1aabe9d2947 SGPP-Tcru000264AAA A-0,0.0813938379287719,High impact,3Dstructure\afdb_correct_to_wrong_2500_structures\A0A2V2X428.pdb,A,89,,14,5,0.35714285714285715,-0.6499999999999998,3,1,4,2,0.2857142857142857,0.21428571428571427,0.07142857142857142
820,670a27c05345172bdb4fe1aabe9d2947 SGPP-Tcru000264AAA A-0,0.0765023231506347,High impact,3Dstructure\afdb_correct_to_wrong_2500_structures\A0A2V2X428.pdb,A,23,,12,5,0.4166666666666667,0.041666666666666664,2,2,4,0,0.3333333333333333,0.16666666666666666,0.16666666666666666
821,670a27c05345172bdb4fe1aabe9d2947 SGPP-Tcru000264AAA A-0,0.0732473134994506,High impact,3Dstructure\afdb_correct_to_wrong_2500_structures\A0A2V2X428.pdb,A,78,,12,6,0.5,1.2,0,1,1,-1,0.08333333333333333,0.0,0.08333333333333333
822,670a27c05345172bdb4fe1aabe9d2947 SGPP-Tcru000264AAA A-0,0.0709465742111206,High impact,3Dstructure\afdb_correct_to_wrong_2500_structures\A0A2V2X428.pdb,A,105,,10,4,0.4,0.18999999999999992,0,3,3,-3,0.3,0.0,0.3
823,670a27c05345172bdb4fe1aabe9d2947 SGPP-Tcru000264AAA A-0,0.0677782297134399,High impact,3Dstructure\afdb_correct_to_wrong_2500_structures\A0A2V2X428.pdb,A,117,,12,3,0.25,-0.5499999999999999,1,0,1,1,0.08333333333333333,0.08333333333333333,0.0
824,670a27c05345172bdb4fe1aabe9d2947 SGPP-Tcru000264AAA A-0,0.067227303981781,High impact,3Dstructure\afdb_correct_to_wrong_2500_structures\A0A2V2X428.pdb,A,18,,9,3,0.3333333333333333,-0.20000000000000007,2,2,4,0,0.4444444444444444,0.2222222222222222,0.2222222222222222
877,10678075301093b8d66110e27c5edd65 MCSG-APC27111 A-0,0.4008392095565796,High impact,3Dstructure\afdb_correct_to_wrong_2500_structures\A0A0H3AGD0.pdb,A,1,,2,0,0.0,-1.2000000000000002,0,0,0,0,0.0,0.0,0.0
879,797922eb2d119a53e694db3994303a35 SGPP-Tbru019708AAA A-0,0.2441068887710571,High impact,3Dstructure\afdb_correct_to_wrong_2500_structures\Q38CK5.pdb,A,1,,6,3,0.5,-0.7500000000000001,2,1,3,1,0.5,0.3333333333333333,0.16666666666666666
882,934defdaf220503b05b5bd8c1e347224 SECSG-Pfu-1568986-001 A-0,0.2159853875637054,High impact,3Dstructure\afdb_correct_to_wrong_2500_structures\A0A5C0XRT5.pdb,A,63,,8,3,0.375,-0.4125,2,0,2,2,0.25,0.25,0.0
883,1e81748756f5453767c72da9734c8449 NESG-HR7040A A-1,0.3989458978176117,High impact,3Dstructure\afdb_correct_to_wrong_2500_structures\H9FHK0.pdb,A,843,,9,6,0.6666666666666666,1.7999999999999998,1,0,1,1,0.1111111111111111,0.1111111111111111,0.0
884,1e81748756f5453767c72da9734c8449 NESG-HR7040A A-1,0.3886107802391052,High impact,3Dstructure\afdb_correct_to_wrong_2500_structures\H9FHK0.pdb,A,812,,12,5,0.4166666666666667,-0.19999999999999998,3,0,3,3,0.25,0.25,0.0
885,1e81748756f5453767c72da9734c8449 NESG-HR7040A A-1,0.3883022665977478,High impact,3Dstructure\afdb_correct_to_wrong_2500_structures\H9FHK0.pdb,A,809,,6,1,0.16666666666666666,-2.683333333333333,3,0,3,3,0.5,0.5,0.0
887,1e81748756f5453767c72da9734c8449 NESG-HR7040A A-1,0.3562257289886474,High impact,3Dstructure\afdb_correct_to_wrong_2500_structures\H9FHK0.pdb,A,807,,4,1,0.25,0.39999999999999997,1,0,1,1,0.25,0.25,0.0
889,1e81748756f5453767c72da9734c8449 NESG-HR7040A A-1,0.3312640190124511,High impact,3Dstructure\afdb_correct_to_wrong_2500_structures\H9FHK0.pdb,A,814,,8,2,0.25,-2.4875,2,2,4,0,0.5,0.25,0.25
892,bb3d897acb6545fbb6cd81ac4e331c00 EFI-513559 A-0,0.3981589376926422,High impact,3Dstructure\afdb_correct_to_wrong_2500_structures\B0NLS2.pdb,A,1,,4,1,0.25,-0.25,1,0,1,1,0.25,0.25,0.0
894,438c34cc5bc7525347183fb7f437697c NYSGRC-012355 A-1,0.3940645158290863,High impact,3Dstructure\afdb_correct_to_wrong_2500_structures\A0A6P5P0W7.pdb,A,149,,9,5,0.5555555555555556,0.7444444444444445,1,0,1,1,0.1111111111111111,0.1111111111111111,0.0
895,438c34cc5bc7525347183fb7f437697c NYSGRC-012355 A-1,0.3637404143810272,High impact,3Dstructure\afdb_correct_to_wrong_2500_structures\A0A6P5P0W7.pdb,A,141,,8,4,0.5,0.06250000000000006,1,1,2,0,0.25,0.125,0.125
896,d1fa57e3909c4ae010e6492bc456ca66 MCSG-APC109575 A-0,0.3933895528316498,High impact,3Dstructure\afdb_correct_to_wrong_2500_structures\D8L2T8.pdb,A,1,,3,2,0.6666666666666666,0.5333333333333332,1,0,1,1,0.3333333333333333,0.3333333333333333,0.0
897,d1fa57e3909c4ae010e6492bc456ca66 MCSG-APC109575 A-0,0.2763958871364593,High impact,3Dstructure\afdb_correct_to_wrong_2500_structures\D8L2T8.pdb,A,13,,6,4,0.6666666666666666,0.13333333333333333,2,0,2,2,0.3333333333333333,0.3333333333333333,0.0
898,d1fa57e3909c4ae010e6492bc456ca66 MCSG-APC109575 A-0,0.2693964540958404,High impact,3Dstructure\afdb_correct_to_wrong_2500_structures\D8L2T8.pdb,A,10,,8,4,0.5,0.275,1,1,2,0,0.25,0.125,0.125
899,d1fa57e3909c4ae010e6492bc456ca66 MCSG-APC109575 A-0,0.2538587152957916,High impact,3Dstructure\afdb_correct_to_wrong_2500_structures\D8L2T8.pdb,A,16,,4,2,0.5,0.12499999999999989,0,1,1,-1,0.25,0.0,0.25
900,d1fa57e3909c4ae010e6492bc456ca66 MCSG-APC109575 A-0,0.2144239246845245,High impact,3Dstructure\afdb_correct_to_wrong_2500_structures\D8L2T8.pdb,A,9,,8,2,0.25,-1.0750000000000002,2,1,3,1,0.375,0.25,0.125
901,d1fa57e3909c4ae010e6492bc456ca66 MCSG-APC109575 A-0,0.2135167419910431,High impact,3Dstructure\afdb_correct_to_wrong_2500_structures\D8L2T8.pdb,A,15,,4,1,0.25,-0.775,1,0,1,1,0.25,0.25,0.0
902,d1fa57e3909c4ae010e6492bc456ca66 MCSG-APC109575 A-0,0.212851196527481,High impact,3Dstructure\afdb_correct_to_wrong_2500_structures\D8L2T8.pdb,A,7,,8,4,0.5,-0.20000000000000007,2,1,3,1,0.375,0.25,0.125
903,d1fa57e3909c4ae010e6492bc456ca66 MCSG-APC109575 A-0,0.2036150991916656,High impact,3Dstructure\afdb_correct_to_wrong_2500_structures\D8L2T8.pdb,A,8,,8,2,0.25,-1.7875,3,1,4,2,0.5,0.375,0.125
904,d1fa57e3909c4ae010e6492bc456ca66 MCSG-APC109575 A-0,0.1955688893795013,High impact,3Dstructure\afdb_correct_to_wrong_2500_structures\D8L2T8.pdb,A,4,,7,4,0.5714285714285714,0.9714285714285714,0,1,1,-1,0.14285714285714285,0.0,0.14285714285714285
905,d1fa57e3909c4ae010e6492bc456ca66 MCSG-APC109575 A-0,0.1864119470119476,High impact,3Dstructure\afdb_correct_to_wrong_2500_structures\D8L2T8.pdb,A,14,,6,2,0.3333333333333333,-1.6833333333333333,3,0,3,3,0.5,0.5,0.0
906,d1fa57e3909c4ae010e6492bc456ca66 MCSG-APC109575 A-0,0.0955405533313751,High impact,3Dstructure\afdb_correct_to_wrong_2500_structures\D8L2T8.pdb,A,6,,8,4,0.5,0.1499999999999999,2,0,2,2,0.25,0.25,0.0
907,d1fa57e3909c4ae010e6492bc456ca66 MCSG-APC109575 A-0,0.0794876515865325,High impact,3Dstructure\afdb_correct_to_wrong_2500_structures\D8L2T8.pdb,A,5,,7,4,0.5714285714285714,0.4142857142857142,1,1,2,0,0.2857142857142857,0.14285714285714285,0.14285714285714285
958,5d5b5a1335cf64a3f917bb80984edc84 MCSG-APC22122 A-0,0.3909984827041626,High impact,3Dstructure\afdb_correct_to_wrong_2500_structures\A0A077JJJ3.pdb,A,1,,7,1,0.14285714285714285,-1.4142857142857144,1,2,3,-1,0.42857142857142855,0.14285714285714285,0.2857142857142857
960,04e41c2e273fe31b4cf7a2d1f8a926fd NYSGRC-010745 A-1,0.3885590434074402,High impact,3Dstructure\afdb_correct_to_wrong_2500_structures\B4HEI5.pdb,A,275,,11,6,0.5454545454545454,0.33636363636363625,2,1,3,1,0.2727272727272727,0.18181818181818182,0.09090909090909091
969,0677d0544f85408faa7ebdcf71f837e4 4XZ6_1 A-1,0.1818907260894775,High impact,3Dstructure\afdb_correct_to_wrong_2500_structures\A0A850LD20.pdb,A,11,,4,3,0.75,2.2750000000000004,0,0,0,0,0.0,0.0,0.0
971,0677d0544f85408faa7ebdcf71f837e4 4XZ6_1 A-1,0.154373824596405,High impact,3Dstructure\afdb_correct_to_wrong_2500_structures\A0A850LD20.pdb,A,134,,6,3,0.5,0.4166666666666667,1,0,1,1,0.16666666666666666,0.16666666666666666,0.0
972,0677d0544f85408faa7ebdcf71f837e4 4XZ6_1 A-1,0.1492518782615661,High impact,3Dstructure\afdb_correct_to_wrong_2500_structures\A0A850LD20.pdb,A,10,,4,3,0.75,2.3499999999999996,0,0,0,0,0.0,0.0,0.0
974,0677d0544f85408faa7ebdcf71f837e4 4XZ6_1 A-1,0.1258866786956787,High impact,3Dstructure\afdb_correct_to_wrong_2500_structures\A0A850LD20.pdb,A,17,,4,3,0.75,2.975,0,0,0,0,0.0,0.0,0.0
975,0677d0544f85408faa7ebdcf71f837e4 4XZ6_1 A-1,0.1088231205940246,High impact,3Dstructure\afdb_correct_to_wrong_2500_structures\A0A850LD20.pdb,A,13,,4,3,0.75,2.35,0,0,0,0,0.0,0.0,0.0
976,0677d0544f85408faa7ebdcf71f837e4 4XZ6_1 A-1,0.1048358380794525,High impact,3Dstructure\afdb_correct_to_wrong_2500_structures\A0A850LD20.pdb,A,5,,4,2,0.5,0.7999999999999999,0,0,0,0,0.0,0.0,0.0
977,0677d0544f85408faa7ebdcf71f837e4 4XZ6_1 A-1,0.1022067070007324,High impact,3Dstructure\afdb_correct_to_wrong_2500_structures\A0A850LD20.pdb,A,309,,7,4,0.5714285714285714,-0.7571428571428572,1,2,3,-1,0.42857142857142855,0.14285714285714285,0.2857142857142857
978,0677d0544f85408faa7ebdcf71f837e4 4XZ6_1 A-1,0.092631846666336,High impact,3Dstructure\afdb_correct_to_wrong_2500_structures\A0A850LD20.pdb,A,135,,10,6,0.6,1.13,0,1,1,-1,0.1,0.0,0.1
979,0677d0544f85408faa7ebdcf71f837e4 4XZ6_1 A-1,0.0890580713748931,High impact,3Dstructure\afdb_correct_to_wrong_2500_structures\A0A850LD20.pdb,A,12,,4,2,0.5,1.125,0,0,0,0,0.0,0.0,0.0
980,0677d0544f85408faa7ebdcf71f837e4 4XZ6_1 A-1,0.0872561335563659,High impact,3Dstructure\afdb_correct_to_wrong_2500_structures\A0A850LD20.pdb,A,6,,4,3,0.75,1.9249999999999998,0,0,0,0,0.0,0.0,0.0
982,0677d0544f85408faa7ebdcf71f837e4 4XZ6_1 A-1,0.0858159363269805,High impact,3Dstructure\afdb_correct_to_wrong_2500_structures\A0A850LD20.pdb,A,38,,12,6,0.5,0.4499999999999999,1,1,2,0,0.16666666666666666,0.08333333333333333,0.08333333333333333
985,0677d0544f85408faa7ebdcf71f837e4 4XZ6_1 A-1,0.075797826051712,High impact,3Dstructure\afdb_correct_to_wrong_2500_structures\A0A850LD20.pdb,A,130,,6,3,0.5,-0.9666666666666668,0,2,2,-2,0.3333333333333333,0.0,0.3333333333333333
986,0677d0544f85408faa7ebdcf71f837e4 4XZ6_1 A-1,0.0670783817768096,High impact,3Dstructure\afdb_correct_to_wrong_2500_structures\A0A850LD20.pdb,A,125,,8,3,0.375,0.16249999999999998,1,1,2,0,0.25,0.125,0.125
1084,5528983b601eea5492fff8436b410a06 JCSG-417782 A-1,0.3855259418487549,High impact,3Dstructure\afdb_correct_to_wrong_2500_structures\A0A0N7IAU4.pdb,A,30,,6,2,0.3333333333333333,0.7666666666666666,0,0,0,0,0.0,0.0,0.0
1087,a9f156f01392b9ec00441b017129c2dd SGPP-Tbru014194AAA A-0,0.1245559453964233,High impact,3Dstructure\afdb_correct_to_wrong_2500_structures\C9ZJU8.pdb,A,95,,4,2,0.5,0.3500000000000002,1,0,1,1,0.25,0.25,0.0
1089,a7e420223b36bfff3115cf8fbb878e32 JCSG-360715 A-0,0.3844656944274902,High impact,3Dstructure\afdb_correct_to_wrong_2500_structures\A0A7U3YBS6.pdb,A,1,,2,0,0.0,-3.7,1,1,2,0,1.0,0.5,0.5
1092,5d0207d4be77a8561d98667270d4cc88 JCSG-399567 A-0,0.3832253217697143,High impact,3Dstructure\afdb_correct_to_wrong_2500_structures\Q2G6W7.pdb,A,1,,4,1,0.25,-0.30000000000000004,1,0,1,1,0.25,0.25,0.0
1093,5d0207d4be77a8561d98667270d4cc88 JCSG-399567 A-0,0.1828885674476623,High impact,3Dstructure\afdb_correct_to_wrong_2500_structures\Q2G6W7.pdb,A,78,,7,4,0.5714285714285714,-0.15714285714285722,2,0,2,2,0.2857142857142857,0.2857142857142857,0.0
1094,5d0207d4be77a8561d98667270d4cc88 JCSG-399567 A-0,0.1204510331153869,High impact,3Dstructure\afdb_correct_to_wrong_2500_structures\Q2G6W7.pdb,A,111,,10,3,0.3,-0.05999999999999996,0,2,2,-2,0.2,0.0,0.2
1095,5d0207d4be77a8561d98667270d4cc88 JCSG-399567 A-0,0.1185740232467651,High impact,3Dstructure\afdb_correct_to_wrong_2500_structures\Q2G6W7.pdb,A,130,,8,5,0.625,0.24999999999999978,1,1,2,0,0.25,0.125,0.125
1096,5d0207d4be77a8561d98667270d4cc88 JCSG-399567 A-0,0.1157920360565185,High impact,3Dstructure\afdb_correct_to_wrong_2500_structures\Q2G6W7.pdb,A,80,,14,7,0.5,-0.028571428571428636,4,0,4,4,0.2857142857142857,0.2857142857142857,0.0
1097,5d0207d4be77a8561d98667270d4cc88 JCSG-399567 A-0,0.1103947758674621,High impact,3Dstructure\afdb_correct_to_wrong_2500_structures\Q2G6W7.pdb,A,120,,8,4,0.5,0.07499999999999996,1,2,3,-1,0.375,0.125,0.25
1098,5d0207d4be77a8561d98667270d4cc88 JCSG-399567 A-0,0.1042180061340332,High impact,3Dstructure\afdb_correct_to_wrong_2500_structures\Q2G6W7.pdb,A,126,,7,5,0.7142857142857143,1.542857142857143,1,0,1,1,0.14285714285714285,0.14285714285714285,0.0
1099,5d0207d4be77a8561d98667270d4cc88 JCSG-399567 A-0,0.0901335477828979,High impact,3Dstructure\afdb_correct_to_wrong_2500_structures\Q2G6W7.pdb,A,103,,15,7,0.4666666666666667,0.8666666666666668,1,2,3,-1,0.2,0.06666666666666667,0.13333333333333333
1100,5d0207d4be77a8561d98667270d4cc88 JCSG-399567 A-0,0.0871484279632568,High impact,3Dstructure\afdb_correct_to_wrong_2500_structures\Q2G6W7.pdb,A,89,,8,4,0.5,0.44999999999999996,2,1,3,1,0.375,0.25,0.125
1101,5d0207d4be77a8561d98667270d4cc88 JCSG-399567 A-0,0.0859472155570983,High impact,3Dstructure\afdb_correct_to_wrong_2500_structures\Q2G6W7.pdb,A,104,,13,8,0.6153846153846154,1.730769230769231,0,2,2,-2,0.15384615384615385,0.0,0.15384615384615385
1102,5d0207d4be77a8561d98667270d4cc88 JCSG-399567 A-0,0.0847498178482055,High impact,3Dstructure\afdb_correct_to_wrong_2500_structures\Q2G6W7.pdb,A,121,,7,3,0.42857142857142855,0.17142857142857146,0,2,2,-2,0.2857142857142857,0.0,0.2857142857142857
1103,5d0207d4be77a8561d98667270d4cc88 JCSG-399567 A-0,0.0830076336860656,High impact,3Dstructure\afdb_correct_to_wrong_2500_structures\Q2G6W7.pdb,A,88,,5,2,0.4,0.56,0,1,1,-1,0.2,0.0,0.2
1104,5d0207d4be77a8561d98667270d4cc88 JCSG-399567 A-0,0.0793278217315673,High impact,3Dstructure\afdb_correct_to_wrong_2500_structures\Q2G6W7.pdb,A,122,,8,4,0.5,0.33749999999999997,1,2,3,-1,0.375,0.125,0.25
1105,5d0207d4be77a8561d98667270d4cc88 JCSG-399567 A-0,0.0752779245376586,High impact,3Dstructure\afdb_correct_to_wrong_2500_structures\Q2G6W7.pdb,A,28,,10,4,0.4,0.25999999999999995,1,2,3,-1,0.3,0.1,0.2
1106,5d0207d4be77a8561d98667270d4cc88 JCSG-399567 A-0,0.0687777400016784,High impact,3Dstructure\afdb_correct_to_wrong_2500_structures\Q2G6W7.pdb,A,40,,11,2,0.18181818181818182,-1.5909090909090908,3,1,4,2,0.36363636363636365,0.2727272727272727,0.09090909090909091
1107,5d0207d4be77a8561d98667270d4cc88 JCSG-399567 A-0,0.0674565434455871,High impact,3Dstructure\afdb_correct_to_wrong_2500_structures\Q2G6W7.pdb,A,86,,8,2,0.25,-1.0625,2,2,4,0,0.5,0.25,0.25
1108,5d0207d4be77a8561d98667270d4cc88 JCSG-399567 A-0,0.067093551158905,High impact,3Dstructure\afdb_correct_to_wrong_2500_structures\Q2G6W7.pdb,A,17,,6,1,0.16666666666666666,-1.8166666666666664,2,2,4,0,0.6666666666666666,0.3333333333333333,0.3333333333333333
1114,083038c00c0d70567ee173d1cebd2843 TB-Rv2083 A-0,0.3812536299228668,High impact,3Dstructure\afdb_correct_to_wrong_2500_structures\A5U4B0.pdb,A,1,,2,0,0.0,-0.75,0,0,0,0,0.0,0.0,0.0
1127,b9d3a3e38233c0f3663ee927b0639dc5 SGPP-Pfal006498AAA A-0,0.3805334270000458,High impact,3Dstructure\afdb_correct_to_wrong_2500_structures\A0A0L7KIK3.pdb,A,1,,2,2,1.0,1.9,0,0,0,0,0.0,0.0,0.0
1128,b9d3a3e38233c0f3663ee927b0639dc5 SGPP-Pfal006498AAA A-0,0.3312837779521942,High impact,3Dstructure\afdb_correct_to_wrong_2500_structures\A0A0L7KIK3.pdb,A,14,,8,2,0.25,-1.2625,2,1,3,1,0.375,0.25,0.125
1129,b9d3a3e38233c0f3663ee927b0639dc5 SGPP-Pfal006498AAA A-0,0.258193701505661,High impact,3Dstructure\afdb_correct_to_wrong_2500_structures\A0A0L7KIK3.pdb,A,80,,6,2,0.3333333333333333,-0.24999999999999986,0,0,0,0,0.0,0.0,0.0
1130,b9d3a3e38233c0f3663ee927b0639dc5 SGPP-Pfal006498AAA A-0,0.2519041001796722,High impact,3Dstructure\afdb_correct_to_wrong_2500_structures\A0A0L7KIK3.pdb,A,23,,8,4,0.5,0.7000000000000001,1,0,1,1,0.125,0.125,0.0
1131,b9d3a3e38233c0f3663ee927b0639dc5 SGPP-Pfal006498AAA A-0,0.1363785564899444,High impact,3Dstructure\afdb_correct_to_wrong_2500_structures\A0A0L7KIK3.pdb,A,73,,7,2,0.2857142857142857,-2.142857142857143,3,0,3,3,0.42857142857142855,0.42857142857142855,0.0
1132,b9d3a3e38233c0f3663ee927b0639dc5 SGPP-Pfal006498AAA A-0,0.1220088899135589,High impact,3Dstructure\afdb_correct_to_wrong_2500_structures\A0A0L7KIK3.pdb,A,37,,6,4,0.6666666666666666,0.8166666666666664,0,1,1,-1,0.16666666666666666,0.0,0.16666666666666666
1133,fa90d351b325beeb89654a7dbf53728b MCSG-APC102529 A-0,0.3802193403244018,High impact,3Dstructure\afdb_correct_to_wrong_2500_structures\A0A2U0QQ91.pdb,A,1,,2,1,0.5,0.30000000000000004,1,0,1,1,0.5,0.5,0.0
1134,fa90d351b325beeb89654a7dbf53728b MCSG-APC102529 A-0,0.2250627279281616,High impact,3Dstructure\afdb_correct_to_wrong_2500_structures\A0A2U0QQ91.pdb,A,2,,3,2,0.6666666666666666,0.9666666666666668,0,1,1,-1,0.3333333333333333,0.0,0.3333333333333333
1135,4d64451a5a2b3a260736e7f42394c09b JCSG-377579 A-0,0.3801557123661041,High impact,3Dstructure\afdb_correct_to_wrong_2500_structures\F9UNM3.pdb,A,1,,5,3,0.6,0.9600000000000002,0,1,1,-1,0.2,0.0,0.2
1136,4d64451a5a2b3a260736e7f42394c09b JCSG-377579 A-0,0.0731168091297149,High impact,3Dstructure\afdb_correct_to_wrong_2500_structures\F9UNM3.pdb,A,69,,10,3,0.3,0.12,1,0,1,1,0.1,0.1,0.0
1183,4d64451a5a2b3a260736e7f42394c09b JCSG-377579 A-0,0.0092630088329315,Low impact,3Dstructure\afdb_correct_to_wrong_2500_structures\F9UNM3.pdb,A,271,,8,1,0.125,-2.625,1,2,3,-1,0.375,0.125,0.25
1184,4d64451a5a2b3a260736e7f42394c09b JCSG-377579 A-0,0.00912806391716,Low impact,3Dstructure\afdb_correct_to_wrong_2500_structures\F9UNM3.pdb,A,59,,10,6,0.6,1.22,0,1,1,-1,0.1,0.0,0.1
1185,4d64451a5a2b3a260736e7f42394c09b JCSG-377579 A-0,0.0090955793857574,Low impact,3Dstructure\afdb_correct_to_wrong_2500_structures\F9UNM3.pdb,A,58,,9,5,0.5555555555555556,0.8888888888888888,0,1,1,-1,0.1111111111111111,0.0,0.1111111111111111
1186,4d64451a5a2b3a260736e7f42394c09b JCSG-377579 A-0,0.0090632736682891,Low impact,3Dstructure\afdb_correct_to_wrong_2500_structures\F9UNM3.pdb,A,221,,10,4,0.4,-0.28000000000000014,0,2,2,-2,0.2,0.0,0.2
1187,4d64451a5a2b3a260736e7f42394c09b JCSG-377579 A-0,0.0089887082576751,Low impact,3Dstructure\afdb_correct_to_wrong_2500_structures\F9UNM3.pdb,A,172,,7,3,0.42857142857142855,1.1285714285714286,0,1,1,-1,0.14285714285714285,0.0,0.14285714285714285
1188,4d64451a5a2b3a260736e7f42394c09b JCSG-377579 A-0,0.0088728368282318,Low impact,3Dstructure\afdb_correct_to_wrong_2500_structures\F9UNM3.pdb,A,54,,8,4,0.5,0.36249999999999993,0,1,1,-1,0.125,0.0,0.125
1189,4d64451a5a2b3a260736e7f42394c09b JCSG-377579 A-0,0.0085951387882232,Low impact,3Dstructure\afdb_correct_to_wrong_2500_structures\F9UNM3.pdb,A,109,,9,2,0.2222222222222222,-0.8555555555555554,1,0,1,1,0.1111111111111111,0.1111111111111111,0.0
1190,4d64451a5a2b3a260736e7f42394c09b JCSG-377579 A-0,0.0080883204936981,Low impact,3Dstructure\afdb_correct_to_wrong_2500_structures\F9UNM3.pdb,A,158,,16,7,0.4375,0.04999999999999985,2,1,3,1,0.1875,0.125,0.0625
1191,4d64451a5a2b3a260736e7f42394c09b JCSG-377579 A-0,0.0079041421413421,Low impact,3Dstructure\afdb_correct_to_wrong_2500_structures\F9UNM3.pdb,A,55,,6,2,0.3333333333333333,0.16666666666666666,0,0,0,0,0.0,0.0,0.0
1192,4d64451a5a2b3a260736e7f42394c09b JCSG-377579 A-0,0.0070222914218902,Low impact,3Dstructure\afdb_correct_to_wrong_2500_structures\F9UNM3.pdb,A,203,,9,4,0.4444444444444444,-0.3777777777777778,2,1,3,1,0.3333333333333333,0.2222222222222222,0.1111111111111111
1193,4d64451a5a2b3a260736e7f42394c09b JCSG-377579 A-0,0.0067592561244964,Low impact,3Dstructure\afdb_correct_to_wrong_2500_structures\F9UNM3.pdb,A,93,,9,7,0.7777777777777778,0.9444444444444444,0,0,0,0,0.0,0.0,0.0
1194,4d64451a5a2b3a260736e7f42394c09b JCSG-377579 A-0,0.0067199170589447,Low impact,3Dstructure\afdb_correct_to_wrong_2500_structures\F9UNM3.pdb,A,119,,8,4,0.5,0.024999999999999967,1,1,2,0,0.25,0.125,0.125
1195,4d64451a5a2b3a260736e7f42394c09b JCSG-377579 A-0,0.0066917836666107,Low impact,3Dstructure\afdb_correct_to_wrong_2500_structures\F9UNM3.pdb,A,252,,8,5,0.625,1.2625,1,0,1,1,0.125,0.125,0.0
1196,4d64451a5a2b3a260736e7f42394c09b JCSG-377579 A-0,0.0066231191158294,Low impact,3Dstructure\afdb_correct_to_wrong_2500_structures\F9UNM3.pdb,A,73,,6,2,0.3333333333333333,-0.3166666666666667,0,0,0,0,0.0,0.0,0.0
1197,4d64451a5a2b3a260736e7f42394c09b JCSG-377579 A-0,0.0064749419689178,Low impact,3Dstructure\afdb_correct_to_wrong_2500_structures\F9UNM3.pdb,A,46,,11,7,0.6363636363636364,1.4909090909090912,0,0,0,0,0.0,0.0,0.0
1198,4d64451a5a2b3a260736e7f42394c09b JCSG-377579 A-0,0.0064716041088104,Low impact,3Dstructure\afdb_correct_to_wrong_2500_structures\F9UNM3.pdb,A,288,,11,6,0.5454545454545454,0.08181818181818179,2,1,3,1,0.2727272727272727,0.18181818181818182,0.09090909090909091
1199,4d64451a5a2b3a260736e7f42394c09b JCSG-377579 A-0,0.006360501050949,Low impact,3Dstructure\afdb_correct_to_wrong_2500_structures\F9UNM3.pdb,A,85,,10,6,0.6,0.2699999999999999,2,2,4,0,0.4,0.2,0.2
1200,4d64451a5a2b3a260736e7f42394c09b JCSG-377579 A-0,0.0062442123889923,Low impact,3Dstructure\afdb_correct_to_wrong_2500_structures\F9UNM3.pdb,A,224,,8,3,0.375,-0.6375,0,1,1,-1,0.125,0.0,0.125
1201,4d64451a5a2b3a260736e7f42394c09b JCSG-377579 A-0,0.0062386691570281,Low impact,3Dstructure\afdb_correct_to_wrong_2500_structures\F9UNM3.pdb,A,160,,15,8,0.5333333333333333,0.27999999999999997,2,0,2,2,0.13333333333333333,0.13333333333333333,0.0
1202,4d64451a5a2b3a260736e7f42394c09b JCSG-377579 A-0,0.0061105191707611,Low impact,3Dstructure\afdb_correct_to_wrong_2500_structures\F9UNM3.pdb,A,11,,8,4,0.5,-0.17500000000000004,0,2,2,-2,0.25,0.0,0.25
1203,4d64451a5a2b3a260736e7f42394c09b JCSG-377579 A-0,0.005993515253067,Low impact,3Dstructure\afdb_correct_to_wrong_2500_structures\F9UNM3.pdb,A,13,,11,3,0.2727272727272727,-1.1090909090909091,0,4,4,-4,0.36363636363636365,0.0,0.36363636363636365
1204,4d64451a5a2b3a260736e7f42394c09b JCSG-377579 A-0,0.005795270204544,Low impact,3Dstructure\afdb_correct_to_wrong_2500_structures\F9UNM3.pdb,A,217,,11,6,0.5454545454545454,1.0363636363636362,0,0,0,0,0.0,0.0,0.0
1205,4d64451a5a2b3a260736e7f42394c09b JCSG-377579 A-0,0.0056493580341339,Low impact,3Dstructure\afdb_correct_to_wrong_2500_structures\F9UNM3.pdb,A,117,,10,5,0.5,0.0,2,1,3,1,0.3,0.2,0.1
1206,4d64451a5a2b3a260736e7f42394c09b JCSG-377579 A-0,0.0055116713047027,Low impact,3Dstructure\afdb_correct_to_wrong_2500_structures\F9UNM3.pdb,A,12,,12,5,0.4166666666666667,-0.3333333333333333,0,2,2,-2,0.16666666666666666,0.0,0.16666666666666666
1207,4d64451a5a2b3a260736e7f42394c09b JCSG-377579 A-0,0.0054410994052886,Low impact,3Dstructure\afdb_correct_to_wrong_2500_structures\F9UNM3.pdb,A,21,,7,3,0.42857142857142855,-0.42857142857142855,2,0,2,2,0.2857142857142857,0.2857142857142857,0.0
1208,4d64451a5a2b3a260736e7f42394c09b JCSG-377579 A-0,0.0053645074367523,Low impact,3Dstructure\afdb_correct_to_wrong_2500_structures\F9UNM3.pdb,A,185,,13,8,0.6153846153846154,1.7538461538461538,0,1,1,-1,0.07692307692307693,0.0,0.07692307692307693
1209,4d64451a5a2b3a260736e7f42394c09b JCSG-377579 A-0,0.0053012669086456,Low impact,3Dstructure\afdb_correct_to_wrong_2500_structures\F9UNM3.pdb,A,103,,10,4,0.4,0.05,3,0,3,3,0.3,0.3,0.0
1210,4d64451a5a2b3a260736e7f42394c09b JCSG-377579 A-0,0.0043685138225555,Low impact,3Dstructure\afdb_correct_to_wrong_2500_structures\F9UNM3.pdb,A,67,,8,5,0.625,1.0625,0,1,1,-1,0.125,0.0,0.125
1211,4d64451a5a2b3a260736e7f42394c09b JCSG-377579 A-0,0.003931313753128,Low impact,3Dstructure\afdb_correct_to_wrong_2500_structures\F9UNM3.pdb,A,225,,9,4,0.4444444444444444,-0.9222222222222223,0,2,2,-2,0.2222222222222222,0.0,0.2222222222222222
1212,4d64451a5a2b3a260736e7f42394c09b JCSG-377579 A-0,0.0036811530590057,Low impact,3Dstructure\afdb_correct_to_wrong_2500_structures\F9UNM3.pdb,A,253,,12,6,0.5,0.5583333333333335,1,0,1,1,0.08333333333333333,0.08333333333333333,0.0
1213,4d64451a5a2b3a260736e7f42394c09b JCSG-377579 A-0,0.0036129057407379,Low impact,3Dstructure\afdb_correct_to_wrong_2500_structures\F9UNM3.pdb,A,229,,8,4,0.5,-0.2000000000000001,1,1,2,0,0.25,0.125,0.125
1214,4d64451a5a2b3a260736e7f42394c09b JCSG-377579 A-0,0.0035519301891326,Low impact,3Dstructure\afdb_correct_to_wrong_2500_structures\F9UNM3.pdb,A,299,,2,0,0.0,-2.55,0,0,0,0,0.0,0.0,0.0
1215,4d64451a5a2b3a260736e7f42394c09b JCSG-377579 A-0,0.0034379661083221,Low impact,3Dstructure\afdb_correct_to_wrong_2500_structures\F9UNM3.pdb,A,247,,12,7,0.5833333333333334,0.85,2,0,2,2,0.16666666666666666,0.16666666666666666,0.0
1216,4d64451a5a2b3a260736e7f42394c09b JCSG-377579 A-0,0.0033459961414337,Low impact,3Dstructure\afdb_correct_to_wrong_2500_structures\F9UNM3.pdb,A,242,,9,5,0.5555555555555556,0.7666666666666666,0,1,1,-1,0.1111111111111111,0.0,0.1111111111111111
1217,4d64451a5a2b3a260736e7f42394c09b JCSG-377579 A-0,0.0033025443553924,Low impact,3Dstructure\afdb_correct_to_wrong_2500_structures\F9UNM3.pdb,A,191,,12,9,0.75,2.2333333333333334,0,1,1,-1,0.08333333333333333,0.0,0.08333333333333333
1218,4d64451a5a2b3a260736e7f42394c09b JCSG-377579 A-0,0.0032865107059478,Low impact,3Dstructure\afdb_correct_to_wrong_2500_structures\F9UNM3.pdb,A,278,,6,2,0.3333333333333333,-0.8833333333333334,2,1,3,1,0.5,0.3333333333333333,0.16666666666666666
1219,4d64451a5a2b3a260736e7f42394c09b JCSG-377579 A-0,0.0029829442501068,Low impact,3Dstructure\afdb_correct_to_wrong_2500_structures\F9UNM3.pdb,A,263,,12,8,0.6666666666666666,1.241666666666667,0,2,2,-2,0.16666666666666666,0.0,0.16666666666666666
1220,4d64451a5a2b3a260736e7f42394c09b JCSG-377579 A-0,0.0029069483280181,Low impact,3Dstructure\afdb_correct_to_wrong_2500_structures\F9UNM3.pdb,A,38,,12,7,0.5833333333333334,-5.551115123125783e-17,3,0,3,3,0.25,0.25,0.0
1221,4d64451a5a2b3a260736e7f42394c09b JCSG-377579 A-0,0.0029058754444122,Low impact,3Dstructure\afdb_correct_to_wrong_2500_structures\F9UNM3.pdb,A,287,,9,4,0.4444444444444444,-0.12222222222222229,2,1,3,1,0.3333333333333333,0.2222222222222222,0.1111111111111111
1222,4d64451a5a2b3a260736e7f42394c09b JCSG-377579 A-0,0.0027532279491424,Low impact,3Dstructure\afdb_correct_to_wrong_2500_structures\F9UNM3.pdb,A,20,,8,4,0.5,-0.02500000000000005,2,0,2,2,0.25,0.25,0.0
1223,4d64451a5a2b3a260736e7f42394c09b JCSG-377579 A-0,0.0024860203266143,Low impact,3Dstructure\afdb_correct_to_wrong_2500_structures\F9UNM3.pdb,A,244,,9,4,0.4444444444444444,-0.4222222222222223,0,1,1,-1,0.1111111111111111,0.0,0.1111111111111111
1224,4d64451a5a2b3a260736e7f42394c09b JCSG-377579 A-0,0.0018470585346221,Low impact,3Dstructure\afdb_correct_to_wrong_2500_structures\F9UNM3.pdb,A,16,,10,3,0.3,-0.8400000000000001,1,1,2,0,0.2,0.1,0.1
1225,4d64451a5a2b3a260736e7f42394c09b JCSG-377579 A-0,0.0017395317554473,Low impact,3Dstructure\afdb_correct_to_wrong_2500_structures\F9UNM3.pdb,A,273,,12,6,0.5,-0.04166666666666663,2,2,4,0,0.3333333333333333,0.16666666666666666,0.16666666666666666
1226,4d64451a5a2b3a260736e7f42394c09b JCSG-377579 A-0,0.0016578733921051,Low impact,3Dstructure\afdb_correct_to_wrong_2500_structures\F9UNM3.pdb,A,200,,8,4,0.5,0.13749999999999996,1,1,2,0,0.25,0.125,0.125
1227,4d64451a5a2b3a260736e7f42394c09b JCSG-377579 A-0,0.0016440451145172,Low impact,3Dstructure\afdb_correct_to_wrong_2500_structures\F9UNM3.pdb,A,202,,6,2,0.3333333333333333,-1.2833333333333334,1,2,3,-1,0.5,0.16666666666666666,0.3333333333333333
1228,4d64451a5a2b3a260736e7f42394c09b JCSG-377579 A-0,0.0014822781085968,Low impact,3Dstructure\afdb_correct_to_wrong_2500_structures\F9UNM3.pdb,A,183,,13,5,0.38461538461538464,0.10769230769230775,3,0,3,3,0.23076923076923078,0.23076923076923078,0.0
1229,4d64451a5a2b3a260736e7f42394c09b JCSG-377579 A-0,0.0012625753879547,Low impact,3Dstructure\afdb_correct_to_wrong_2500_structures\F9UNM3.pdb,A,64,,11,7,0.6363636363636364,1.5636363636363635,0,1,1,-1,0.09090909090909091,0.0,0.09090909090909091
1230,4d64451a5a2b3a260736e7f42394c09b JCSG-377579 A-0,0.0006727278232574,Low impact,3Dstructure\afdb_correct_to_wrong_2500_structures\F9UNM3.pdb,A,92,,13,9,0.6923076923076923,0.5769230769230769,1,1,2,0,0.15384615384615385,0.07692307692307693,0.07692307692307693
1231,4d64451a5a2b3a260736e7f42394c09b JCSG-377579 A-0,0.0004613101482391,Low impact,3Dstructure\afdb_correct_to_wrong_2500_structures\F9UNM3.pdb,A,33,,6,3,0.5,-0.5666666666666668,2,1,3,1,0.5,0.3333333333333333,0.16666666666666666
1233,3764ff5c7587fb4497c7c1316f264eb2 MCSG-APC114147 A-0,0.3758946657180786,High impact,3Dstructure\afdb_correct_to_wrong_2500_structures\Q74Y57.pdb,A,1,,2,1,0.5,1.85,0,0,0,0,0.0,0.0,0.0
1234,7a9888b8951fd09b49c929cb6356d8ed SSGCID-BaboA.18568.a A-0,0.374818205833435,High impact,3Dstructure\afdb_correct_to_wrong_2500_structures\A7AWR8.pdb,A,1,,2,0,0.0,-2.1,0,1,1,-1,0.5,0.0,0.5
1238,4255485f9d145630e3d6b6a7c9ff0040 JCSG-370189 A-0,0.3744432330131531,High impact,3Dstructure\afdb_correct_to_wrong_2500_structures\Q471F1.pdb,A,1,,2,0,0.0,-4.0,1,1,2,0,1.0,0.5,0.5
1239,4255485f9d145630e3d6b6a7c9ff0040 JCSG-370189 A-0,0.1088706851005554,High impact,3Dstructure\afdb_correct_to_wrong_2500_structures\Q471F1.pdb,A,216,,16,8,0.5,0.36249999999999993,1,3,4,-2,0.25,0.0625,0.1875
1240,4255485f9d145630e3d6b6a7c9ff0040 JCSG-370189 A-0,0.1035041809082031,High impact,3Dstructure\afdb_correct_to_wrong_2500_structures\Q471F1.pdb,A,88,,10,4,0.4,0.23999999999999994,0,2,2,-2,0.2,0.0,0.2
1241,4255485f9d145630e3d6b6a7c9ff0040 JCSG-370189 A-0,0.1003245711326599,High impact,3Dstructure\afdb_correct_to_wrong_2500_structures\Q471F1.pdb,A,138,,10,6,0.6,0.4899999999999999,2,1,3,1,0.3,0.2,0.1
1242,4255485f9d145630e3d6b6a7c9ff0040 JCSG-370189 A-0,0.0956296920776367,High impact,3Dstructure\afdb_correct_to_wrong_2500_structures\Q471F1.pdb,A,202,,13,7,0.5384615384615384,0.3615384615384615,1,3,4,-2,0.3076923076923077,0.07692307692307693,0.23076923076923078
1243,4255485f9d145630e3d6b6a7c9ff0040 JCSG-370189 A-0,0.0916353464126586,High impact,3Dstructure\afdb_correct_to_wrong_2500_structures\Q471F1.pdb,A,25,,13,5,0.38461538461538464,-0.5846153846153848,3,2,5,1,0.38461538461538464,0.23076923076923078,0.15384615384615385
1248,45ada2d5e89c0d5cb0c90abc68033860 SECSG-T05B11.1 A-0,0.3689904808998108,High impact,3Dstructure\afdb_correct_to_wrong_2500_structures\Q22212.pdb,A,1,,3,1,0.3333333333333333,-0.16666666666666674,0,1,1,-1,0.3333333333333333,0.0,0.3333333333333333
1249,45ada2d5e89c0d5cb0c90abc68033860 SECSG-T05B11.1 A-0,0.0755611658096313,High impact,3Dstructure\afdb_correct_to_wrong_2500_structures\Q22212.pdb,A,15,,12,7,0.5833333333333334,1.3500000000000003,1,0,1,1,0.08333333333333333,0.08333333333333333,0.0
1250,45ada2d5e89c0d5cb0c90abc68033860 SECSG-T05B11.1 A-0,0.0740221738815307,High impact,3Dstructure\afdb_correct_to_wrong_2500_structures\Q22212.pdb,A,182,,13,7,0.5384615384615384,0.653846153846154,1,0,1,1,0.07692307692307693,0.07692307692307693,0.0
1251,45ada2d5e89c0d5cb0c90abc68033860 SECSG-T05B11.1 A-0,0.073982298374176,High impact,3Dstructure\afdb_correct_to_wrong_2500_structures\Q22212.pdb,A,179,,12,7,0.5833333333333334,0.7999999999999999,2,0,2,2,0.16666666666666666,0.16666666666666666,0.0
1252,45ada2d5e89c0d5cb0c90abc68033860 SECSG-T05B11.1 A-0,0.0690739154815673,High impact,3Dstructure\afdb_correct_to_wrong_2500_structures\Q22212.pdb,A,101,,6,0,0.0,-1.3666666666666665,0,1,1,-1,0.16666666666666666,0.0,0.16666666666666666
1286,1fa33f0803d58ec9d7366db96f9f2d27 SSGCID-RicoA.01656.a A-0,0.3652289807796478,High impact,3Dstructure\afdb_correct_to_wrong_2500_structures\Q92G62.pdb,A,1,,7,3,0.42857142857142855,-0.3428571428571429,0,0,0,0,0.0,0.0,0.0
1287,a771fc7b7d6de1055b5978a658fa604d NESG-MsR137 A-1,0.3634251952171325,High impact,3Dstructure\afdb_correct_to_wrong_2500_structures\A0A2U9PKU6.pdb,A,2,,8,4,0.5,0.15000000000000002,0,1,1,-1,0.125,0.0,0.125
1289,f302ad9fee34b6ac80f42c750548ee15 MCSG-APC83961 A-0,0.3609614670276642,High impact,3Dstructure\afdb_correct_to_wrong_2500_structures\E6N054.pdb,A,1,,2,1,0.5,-0.85,0,1,1,-1,0.5,0.0,0.5
1293,37db0bff44f2265143f423c4b76c95b7 SSGCID-ButhA.01680.a A-1,0.273720920085907,High impact,3Dstructure\afdb_correct_to_wrong_2500_structures\Q2T6Z1.pdb,A,320,,10,5,0.5,0.22999999999999998,2,1,3,1,0.3,0.2,0.1
1294,37db0bff44f2265143f423c4b76c95b7 SSGCID-ButhA.01680.a A-1,0.2737063765525818,High impact,3Dstructure\afdb_correct_to_wrong_2500_structures\Q2T6Z1.pdb,A,338,,8,2,0.25,-0.4000000000000001,1,1,2,0,0.25,0.125,0.125
1295,37db0bff44f2265143f423c4b76c95b7 SSGCID-ButhA.01680.a A-1,0.2313118577003479,High impact,3Dstructure\afdb_correct_to_wrong_2500_structures\Q2T6Z1.pdb,A,250,,12,8,0.6666666666666666,0.9166666666666666,2,0,2,2,0.16666666666666666,0.16666666666666666,0.0
1296,37db0bff44f2265143f423c4b76c95b7 SSGCID-ButhA.01680.a A-1,0.2189016044139862,High impact,3Dstructure\afdb_correct_to_wrong_2500_structures\Q2T6Z1.pdb,A,340,,8,3,0.375,0.46249999999999997,1,0,1,1,0.125,0.125,0.0
1297,37db0bff44f2265143f423c4b76c95b7 SSGCID-ButhA.01680.a A-1,0.2164857387542724,High impact,3Dstructure\afdb_correct_to_wrong_2500_structures\Q2T6Z1.pdb,A,310,,12,4,0.3333333333333333,0.04999999999999999,0,2,2,-2,0.16666666666666666,0.0,0.16666666666666666
1298,37db0bff44f2265143f423c4b76c95b7 SSGCID-ButhA.01680.a A-1,0.2122300565242767,High impact,3Dstructure\afdb_correct_to_wrong_2500_structures\Q2T6Z1.pdb,A,346,,7,4,0.5714285714285714,-0.028571428571428675,1,1,2,0,0.2857142857142857,0.14285714285714285,0.14285714285714285
1299,37db0bff44f2265143f423c4b76c95b7 SSGCID-ButhA.01680.a A-1,0.2120265960693359,High impact,3Dstructure\afdb_correct_to_wrong_2500_structures\Q2T6Z1.pdb,A,207,,12,5,0.4166666666666667,0.15833333333333333,1,0,1,1,0.08333333333333333,0.08333333333333333,0.0
1300,37db0bff44f2265143f423c4b76c95b7 SSGCID-ButhA.01680.a A-1,0.2111644446849823,High impact,3Dstructure\afdb_correct_to_wrong_2500_structures\Q2T6Z1.pdb,A,344,,10,3,0.3,-0.55,1,2,3,-1,0.3,0.1,0.2
1303,030d934e06a736eca40654dbdbf5701f JCSG-376450 A-0,0.3563981652259826,High impact,3Dstructure\afdb_correct_to_wrong_2500_structures\A0A0C2YYX1.pdb,A,1,,7,2,0.2857142857142857,-0.8714285714285713,1,3,4,-2,0.5714285714285714,0.14285714285714285,0.42857142857142855
1304,030d934e06a736eca40654dbdbf5701f JCSG-376450 A-0,0.1299850940704345,High impact,3Dstructure\afdb_correct_to_wrong_2500_structures\A0A0C2YYX1.pdb,A,2,,11,6,0.5454545454545454,0.6181818181818182,0,2,2,-2,0.18181818181818182,0.0,0.18181818181818182
1307,e03047857881237fd620c9baaeb4c24c TB-Rv1914c A-0,0.3554087579250335,High impact,3Dstructure\afdb_correct_to_wrong_2500_structures\A0A045HIN5.pdb,A,1,,2,2,1.0,4.0,0,0,0,0,0.0,0.0,0.0
1309,a5773d3af9790d02d5e53be9b2b2f5a4 MCSG-APC102524 A-0,0.3540991842746734,High impact,3Dstructure\afdb_correct_to_wrong_2500_structures\A0A1J6UHD5.pdb,A,1,,2,1,0.5,1.45,0,0,0,0,0.0,0.0,0.0
1311,b2e0a87e935ee5eb7763ab3bc641eff1 JCSG-47 A-0,0.3520523011684418,High impact,3Dstructure\afdb_correct_to_wrong_2500_structures\Q1NZ32.pdb,A,95,,9,1,0.1111111111111111,-0.9222222222222223,1,1,2,0,0.2222222222222222,0.1111111111111111,0.1111111111111111
1316,608fc5c57cd985b5856a40f6fdb28730 JCSG-357008 A-1,0.3490541577339172,High impact,3Dstructure\afdb_correct_to_wrong_2500_structures\A0A0H3CBY6.pdb,A,50,,10,6,0.6,0.75,0,2,2,-2,0.2,0.0,0.2
1317,608fc5c57cd985b5856a40f6fdb28730 JCSG-357008 A-1,0.3386190235614776,High impact,3Dstructure\afdb_correct_to_wrong_2500_structures\A0A0H3CBY6.pdb,A,7,,9,2,0.2222222222222222,-1.7666666666666666,2,3,5,-1,0.5555555555555556,0.2222222222222222,0.3333333333333333
1318,608fc5c57cd985b5856a40f6fdb28730 JCSG-357008 A-1,0.3182409405708313,High impact,3Dstructure\afdb_correct_to_wrong_2500_structures\A0A0H3CBY6.pdb,A,57,,11,4,0.36363636363636365,-0.7181818181818183,3,2,5,1,0.45454545454545453,0.2727272727272727,0.18181818181818182
1319,608fc5c57cd985b5856a40f6fdb28730 JCSG-357008 A-1,0.3066136240959167,High impact,3Dstructure\afdb_correct_to_wrong_2500_structures\A0A0H3CBY6.pdb,A,53,,10,6,0.6,1.05,1,1,2,0,0.2,0.1,0.1
1320,608fc5c57cd985b5856a40f6fdb28730 JCSG-357008 A-1,0.2866728007793426,High impact,3Dstructure\afdb_correct_to_wrong_2500_structures\A0A0H3CBY6.pdb,A,14,,10,3,0.3,-0.33999999999999997,1,1,2,0,0.2,0.1,0.1
1321,608fc5c57cd985b5856a40f6fdb28730 JCSG-357008 A-1,0.2549661695957184,High impact,3Dstructure\afdb_correct_to_wrong_2500_structures\A0A0H3CBY6.pdb,A,58,,10,3,0.3,-0.9,3,2,5,1,0.5,0.3,0.2
1322,608fc5c57cd985b5856a40f6fdb28730 JCSG-357008 A-1,0.247536689043045,High impact,3Dstructure\afdb_correct_to_wrong_2500_structures\A0A0H3CBY6.pdb,A,71,,5,1,0.2,-3.4,3,1,4,2,0.8,0.6,0.2
1323,608fc5c57cd985b5856a40f6fdb28730 JCSG-357008 A-1,0.2461545169353485,High impact,3Dstructure\afdb_correct_to_wrong_2500_structures\A0A0H3CBY6.pdb,A,38,,8,4,0.5,-0.1625,0,2,2,-2,0.25,0.0,0.25
1324,e4ef235d10d3db363045bcc4c757cb7b SECSG-F40G12.5 A-0,0.3482582569122314,High impact,3Dstructure\afdb_correct_to_wrong_2500_structures\Q20246.pdb,A,1,,4,1,0.25,0.5,0,0,0,0,0.0,0.0,0.0
1325,c89bf6acd9058b5c50123ed31069a614 JCSG-373503 A-0,0.347581535577774,High impact,3Dstructure\afdb_correct_to_wrong_2500_structures\Q0I5F3.pdb,A,1,,4,2,0.5,-0.125,2,0,2,2,0.5,0.5,0.0
1326,c89bf6acd9058b5c50123ed31069a614 JCSG-373503 A-0,0.0696819722652435,High impact,3Dstructure\afdb_correct_to_wrong_2500_structures\Q0I5F3.pdb,A,96,,6,2,0.3333333333333333,-0.25000000000000006,2,0,2,2,0.3333333333333333,0.3333333333333333,0.0
1327,16826b82f2500c906ce73ec015dc015f SSGCID-BuviA.17622.a A-1,0.3472421169281006,High impact,3Dstructure\afdb_correct_to_wrong_2500_structures\A4JPK9.pdb,A,199,,8,3,0.375,-0.5,2,1,3,1,0.375,0.25,0.125
1328,ad257a34fa4ec1cf1b020639116c5271 JCSG-372364 A-0,0.3452789187431335,High impact,3Dstructure\afdb_correct_to_wrong_2500_structures\A0A0G9GLY5.pdb,A,1,,3,1,0.3333333333333333,-2.1999999999999997,1,0,1,1,0.3333333333333333,0.3333333333333333,0.0
1329,0429bffb645695f1de15135d387d8dcf MCSG-APC107241 A-0,0.3429107367992401,High impact,3Dstructure\afdb_correct_to_wrong_2500_structures\A0A4D6KAS8.pdb,A,1,,4,1,0.25,-0.875,0,2,2,-2,0.5,0.0,0.5
1330,0429bffb645695f1de15135d387d8dcf MCSG-APC107241 A-0,0.211292415857315,High impact,3Dstructure\afdb_correct_to_wrong_2500_structures\A0A4D6KAS8.pdb,A,21,,10,7,0.7,1.5399999999999998,0,1,1,-1,0.1,0.0,0.1
1331,0429bffb645695f1de15135d387d8dcf MCSG-APC107241 A-0,0.149929791688919,High impact,3Dstructure\afdb_correct_to_wrong_2500_structures\A0A4D6KAS8.pdb,A,3,,7,4,0.5714285714285714,1.2428571428571427,0,0,0,0,0.0,0.0,0.0
1332,0429bffb645695f1de15135d387d8dcf MCSG-APC107241 A-0,0.0805689394474029,High impact,3Dstructure\afdb_correct_to_wrong_2500_structures\A0A4D6KAS8.pdb,A,67,,13,7,0.5384615384615384,1.4769230769230766,1,0,1,1,0.07692307692307693,0.07692307692307693,0.0
1333,0429bffb645695f1de15135d387d8dcf MCSG-APC107241 A-0,0.0713653862476348,High impact,3Dstructure\afdb_correct_to_wrong_2500_structures\A0A4D6KAS8.pdb,A,48,,11,6,0.5454545454545454,0.8545454545454544,1,1,2,0,0.18181818181818182,0.09090909090909091,0.09090909090909091
1334,0429bffb645695f1de15135d387d8dcf MCSG-APC107241 A-0,0.0705714523792266,High impact,3Dstructure\afdb_correct_to_wrong_2500_structures\A0A4D6KAS8.pdb,A,106,,13,6,0.46153846153846156,0.06923076923076928,1,2,3,-1,0.23076923076923078,0.07692307692307693,0.15384615384615385
1335,0429bffb645695f1de15135d387d8dcf MCSG-APC107241 A-0,0.0689867436885833,High impact,3Dstructure\afdb_correct_to_wrong_2500_structures\A0A4D6KAS8.pdb,A,110,,6,1,0.16666666666666666,-2.3,0,3,3,-3,0.5,0.0,0.5
1365,9a1c47778137c063d0c250672c0552d4 JCSG-370130 A-0,0.0749948024749755,High impact,3Dstructure\afdb_correct_to_wrong_2500_structures\A0A6N4SSB7.pdb,A,76,,10,4,0.4,-0.13000000000000006,1,0,1,1,0.1,0.1,0.0
1366,9a1c47778137c063d0c250672c0552d4 JCSG-370130 A-0,0.073195993900299,High impact,3Dstructure\afdb_correct_to_wrong_2500_structures\A0A6N4SSB7.pdb,A,123,,7,5,0.7142857142857143,0.5142857142857142,1,0,1,1,0.14285714285714285,0.14285714285714285,0.0
1386,6f9839598b11f4e28cf0921bb1440c9c MCSG-APC82331 A-0,0.3373947739601135,High impact,3Dstructure\afdb_correct_to_wrong_2500_structures\Q8A6E4.pdb,A,1,,4,1,0.25,-2.2750000000000004,0,1,1,-1,0.25,0.0,0.25
1387,6f9839598b11f4e28cf0921bb1440c9c MCSG-APC82331 A-0,0.1053345203399658,High impact,3Dstructure\afdb_correct_to_wrong_2500_structures\Q8A6E4.pdb,A,5,,7,2,0.2857142857142857,-1.7714285714285716,2,2,4,0,0.5714285714285714,0.2857142857142857,0.2857142857142857
1390,c479056207aad68920dc4de726b99a0e MCSG-APC103289 A-0,0.3357985019683838,High impact,3Dstructure\afdb_correct_to_wrong_2500_structures\A0A979G510.pdb,A,1,,2,0,0.0,-4.0,1,0,1,1,0.5,0.5,0.0
1392,4220a77abce112803a61428fcd36fc6b JCSG-377811 A-0,0.3353320360183716,High impact,3Dstructure\afdb_correct_to_wrong_2500_structures\Q4FSL5.pdb,A,1,,5,1,0.2,-1.5399999999999998,2,1,3,1,0.6,0.4,0.2
1393,4220a77abce112803a61428fcd36fc6b JCSG-377811 A-0,0.1341695785522461,High impact,3Dstructure\afdb_correct_to_wrong_2500_structures\Q4FSL5.pdb,A,40,,11,7,0.6363636363636364,1.2909090909090912,0,0,0,0,0.0,0.0,0.0
1394,4220a77abce112803a61428fcd36fc6b JCSG-377811 A-0,0.0859897136688232,High impact,3Dstructure\afdb_correct_to_wrong_2500_structures\Q4FSL5.pdb,A,147,,9,6,0.6666666666666666,0.7333333333333333,1,1,2,0,0.2222222222222222,0.1111111111111111,0.1111111111111111
1395,4220a77abce112803a61428fcd36fc6b JCSG-377811 A-0,0.0723153948783874,High impact,3Dstructure\afdb_correct_to_wrong_2500_structures\Q4FSL5.pdb,A,5,,12,5,0.4166666666666667,0.275,3,0,3,3,0.25,0.25,0.0
1399,fc4409882285b1f13d1ab127f9a7c79a SECSG-F13A2.4 A-0,0.3310295045375824,High impact,3Dstructure\afdb_correct_to_wrong_2500_structures\O16893.pdb,A,1,,3,0,0.0,-1.6666666666666667,0,1,1,-1,0.3333333333333333,0.0,0.3333333333333333
1406,d7ed5b111483f0d957216da80d649ca5 MCSG-APC36134 A-0,0.3293866217136383,High impact,3Dstructure\afdb_correct_to_wrong_2500_structures\A0A1V9CH90.pdb,A,78,,12,8,0.6666666666666666,0.7583333333333333,0,1,1,-1,0.08333333333333333,0.0,0.08333333333333333
1418,7f566fea8fd5f6b8c78f459e588385d5 SGPP-Lmaj012119AAA A-0,0.3271358609199524,High impact,3Dstructure\afdb_correct_to_wrong_2500_structures\Q4Q5C8.pdb,A,1,,8,2,0.25,-0.675,2,1,3,1,0.375,0.25,0.125
1420,9a68db87716b04f0932daab553a7d765 MCSG-APC83794 A-0,0.3264830112457275,High impact,3Dstructure\afdb_correct_to_wrong_2500_structures\A0A0Y5KAS9.pdb,A,3,,9,4,0.4444444444444444,-0.29999999999999993,2,2,4,0,0.4444444444444444,0.2222222222222222,0.2222222222222222
1421,9a68db87716b04f0932daab553a7d765 MCSG-APC83794 A-0,0.308713436126709,High impact,3Dstructure\afdb_correct_to_wrong_2500_structures\A0A0Y5KAS9.pdb,A,1,,6,4,0.6666666666666666,0.7999999999999999,1,1,2,0,0.3333333333333333,0.16666666666666666,0.16666666666666666
1422,9a68db87716b04f0932daab553a7d765 MCSG-APC83794 A-0,0.2764345407485962,High impact,3Dstructure\afdb_correct_to_wrong_2500_structures\A0A0Y5KAS9.pdb,A,90,,6,3,0.5,-1.8,0,3,3,-3,0.5,0.0,0.5
1423,9a68db87716b04f0932daab553a7d765 MCSG-APC83794 A-0,0.225651204586029,High impact,3Dstructure\afdb_correct_to_wrong_2500_structures\A0A0Y5KAS9.pdb,A,121,,12,10,0.8333333333333334,2.358333333333333,0,0,0,0,0.0,0.0,0.0
1424,9a68db87716b04f0932daab553a7d765 MCSG-APC83794 A-0,0.2191846966743469,High impact,3Dstructure\afdb_correct_to_wrong_2500_structures\A0A0Y5KAS9.pdb,A,88,,9,6,0.6666666666666666,0.8666666666666667,1,1,2,0,0.2222222222222222,0.1111111111111111,0.1111111111111111
1425,9a68db87716b04f0932daab553a7d765 MCSG-APC83794 A-0,0.2078059911727905,High impact,3Dstructure\afdb_correct_to_wrong_2500_structures\A0A0Y5KAS9.pdb,A,93,,9,4,0.4444444444444444,-1.3444444444444443,2,2,4,0,0.4444444444444444,0.2222222222222222,0.2222222222222222
1426,9a68db87716b04f0932daab553a7d765 MCSG-APC83794 A-0,0.2013311982154846,High impact,3Dstructure\afdb_correct_to_wrong_2500_structures\A0A0Y5KAS9.pdb,A,120,,11,7,0.6363636363636364,1.5727272727272725,0,1,1,-1,0.09090909090909091,0.0,0.09090909090909091
1427,9a68db87716b04f0932daab553a7d765 MCSG-APC83794 A-0,0.2011148929595947,High impact,3Dstructure\afdb_correct_to_wrong_2500_structures\A0A0Y5KAS9.pdb,A,12,,8,2,0.25,-1.6875,2,0,2,2,0.25,0.25,0.0
1428,9a68db87716b04f0932daab553a7d765 MCSG-APC83794 A-0,0.1925672888755798,High impact,3Dstructure\afdb_correct_to_wrong_2500_structures\A0A0Y5KAS9.pdb,A,110,,11,7,0.6363636363636364,0.4818181818181818,1,2,3,-1,0.2727272727272727,0.09090909090909091,0.18181818181818182
1429,9a68db87716b04f0932daab553a7d765 MCSG-APC83794 A-0,0.1636633276939392,High impact,3Dstructure\afdb_correct_to_wrong_2500_structures\A0A0Y5KAS9.pdb,A,43,,11,6,0.5454545454545454,0.8272727272727274,0,3,3,-3,0.2727272727272727,0.0,0.2727272727272727
1430,9a68db87716b04f0932daab553a7d765 MCSG-APC83794 A-0,0.1585538983345031,High impact,3Dstructure\afdb_correct_to_wrong_2500_structures\A0A0Y5KAS9.pdb,A,4,,8,5,0.625,1.3875000000000002,1,1,2,0,0.25,0.125,0.125
1431,9a68db87716b04f0932daab553a7d765 MCSG-APC83794 A-0,0.1567464470863342,High impact,3Dstructure\afdb_correct_to_wrong_2500_structures\A0A0Y5KAS9.pdb,A,48,,8,4,0.5,0.6249999999999999,1,0,1,1,0.125,0.125,0.0
1432,9a68db87716b04f0932daab553a7d765 MCSG-APC83794 A-0,0.1511622667312622,High impact,3Dstructure\afdb_correct_to_wrong_2500_structures\A0A0Y5KAS9.pdb,A,89,,6,3,0.5,-0.45,0,2,2,-2,0.3333333333333333,0.0,0.3333333333333333
1433,9a68db87716b04f0932daab553a7d765 MCSG-APC83794 A-0,0.1440529823303222,High impact,3Dstructure\afdb_correct_to_wrong_2500_structures\A0A0Y5KAS9.pdb,A,38,,9,2,0.2222222222222222,-1.811111111111111,1,2,3,-1,0.3333333333333333,0.1111111111111111,0.2222222222222222
1434,9a68db87716b04f0932daab553a7d765 MCSG-APC83794 A-0,0.1262029409408569,High impact,3Dstructure\afdb_correct_to_wrong_2500_structures\A0A0Y5KAS9.pdb,A,50,,10,7,0.7,2.07,1,1,2,0,0.2,0.1,0.1
1435,9a68db87716b04f0932daab553a7d765 MCSG-APC83794 A-0,0.126185655593872,High impact,3Dstructure\afdb_correct_to_wrong_2500_structures\A0A0Y5KAS9.pdb,A,125,,10,4,0.4,-0.95,1,2,3,-1,0.3,0.1,0.2
1436,9a68db87716b04f0932daab553a7d765 MCSG-APC83794 A-0,0.1253610253334045,High impact,3Dstructure\afdb_correct_to_wrong_2500_structures\A0A0Y5KAS9.pdb,A,61,,8,4,0.5,-0.8375,2,1,3,1,0.375,0.25,0.125
1437,9a68db87716b04f0932daab553a7d765 MCSG-APC83794 A-0,0.1214023232460022,High impact,3Dstructure\afdb_correct_to_wrong_2500_structures\A0A0Y5KAS9.pdb,A,102,,6,2,0.3333333333333333,-1.0166666666666668,1,2,3,-1,0.5,0.16666666666666666,0.3333333333333333
1438,9a68db87716b04f0932daab553a7d765 MCSG-APC83794 A-0,0.1183496117591857,High impact,3Dstructure\afdb_correct_to_wrong_2500_structures\A0A0Y5KAS9.pdb,A,100,,6,1,0.16666666666666666,-2.066666666666667,1,3,4,-2,0.6666666666666666,0.16666666666666666,0.5
1439,9a68db87716b04f0932daab553a7d765 MCSG-APC83794 A-0,0.1169527173042297,High impact,3Dstructure\afdb_correct_to_wrong_2500_structures\A0A0Y5KAS9.pdb,A,132,,7,4,0.5714285714285714,-0.15714285714285717,1,1,2,0,0.2857142857142857,0.14285714285714285,0.14285714285714285
1440,9a68db87716b04f0932daab553a7d765 MCSG-APC83794 A-0,0.1147240400314331,High impact,3Dstructure\afdb_correct_to_wrong_2500_structures\A0A0Y5KAS9.pdb,A,36,,7,1,0.14285714285714285,-2.2142857142857144,1,2,3,-1,0.42857142857142855,0.14285714285714285,0.2857142857142857
1441,9a68db87716b04f0932daab553a7d765 MCSG-APC83794 A-0,0.113192617893219,High impact,3Dstructure\afdb_correct_to_wrong_2500_structures\A0A0Y5KAS9.pdb,A,19,,7,5,0.7142857142857143,2.542857142857143,0,1,1,-1,0.14285714285714285,0.0,0.14285714285714285
1442,9a68db87716b04f0932daab553a7d765 MCSG-APC83794 A-0,0.1087952852249145,High impact,3Dstructure\afdb_correct_to_wrong_2500_structures\A0A0Y5KAS9.pdb,A,59,,8,2,0.25,-1.8625,2,2,4,0,0.5,0.25,0.25
1443,9a68db87716b04f0932daab553a7d765 MCSG-APC83794 A-0,0.1055830121040344,High impact,3Dstructure\afdb_correct_to_wrong_2500_structures\A0A0Y5KAS9.pdb,A,39,,11,5,0.45454545454545453,-0.309090909090909,1,3,4,-2,0.36363636363636365,0.09090909090909091,0.2727272727272727
1444,9a68db87716b04f0932daab553a7d765 MCSG-APC83794 A-0,0.1025711894035339,High impact,3Dstructure\afdb_correct_to_wrong_2500_structures\A0A0Y5KAS9.pdb,A,80,,8,3,0.375,-2.0,0,0,0,0,0.0,0.0,0.0
1445,9a68db87716b04f0932daab553a7d765 MCSG-APC83794 A-0,0.1001936793327331,High impact,3Dstructure\afdb_correct_to_wrong_2500_structures\A0A0Y5KAS9.pdb,A,123,,12,7,0.5833333333333334,0.25,2,1,3,1,0.25,0.16666666666666666,0.08333333333333333
1446,9a68db87716b04f0932daab553a7d765 MCSG-APC83794 A-0,0.0997170805931091,High impact,3Dstructure\afdb_correct_to_wrong_2500_structures\A0A0Y5KAS9.pdb,A,116,,8,5,0.625,0.3125,1,1,2,0,0.25,0.125,0.125
1447,9a68db87716b04f0932daab553a7d765 MCSG-APC83794 A-0,0.0992705225944519,High impact,3Dstructure\afdb_correct_to_wrong_2500_structures\A0A0Y5KAS9.pdb,A,11,,10,4,0.4,-1.02,1,0,1,1,0.1,0.1,0.0
1448,9a68db87716b04f0932daab553a7d765 MCSG-APC83794 A-0,0.0988370776176452,High impact,3Dstructure\afdb_correct_to_wrong_2500_structures\A0A0Y5KAS9.pdb,A,72,,6,1,0.16666666666666666,-3.1999999999999997,2,2,4,0,0.6666666666666666,0.3333333333333333,0.3333333333333333
1449,9a68db87716b04f0932daab553a7d765 MCSG-APC83794 A-0,0.0985569953918457,High impact,3Dstructure\afdb_correct_to_wrong_2500_structures\A0A0Y5KAS9.pdb,A,115,,11,7,0.6363636363636364,0.41818181818181815,1,1,2,0,0.18181818181818182,0.09090909090909091,0.09090909090909091
1450,9a68db87716b04f0932daab553a7d765 MCSG-APC83794 A-0,0.0961834788322448,High impact,3Dstructure\afdb_correct_to_wrong_2500_structures\A0A0Y5KAS9.pdb,A,127,,6,2,0.3333333333333333,0.8000000000000002,0,0,0,0,0.0,0.0,0.0
1451,9a68db87716b04f0932daab553a7d765 MCSG-APC83794 A-0,0.094007670879364,High impact,3Dstructure\afdb_correct_to_wrong_2500_structures\A0A0Y5KAS9.pdb,A,15,,10,4,0.4,-0.9800000000000001,3,1,4,2,0.4,0.3,0.1
1452,9a68db87716b04f0932daab553a7d765 MCSG-APC83794 A-0,0.0929945707321167,High impact,3Dstructure\afdb_correct_to_wrong_2500_structures\A0A0Y5KAS9.pdb,A,9,,4,1,0.25,-1.925,0,0,0,0,0.0,0.0,0.0
1453,9a68db87716b04f0932daab553a7d765 MCSG-APC83794 A-0,0.0916144251823425,High impact,3Dstructure\afdb_correct_to_wrong_2500_structures\A0A0Y5KAS9.pdb,A,74,,9,1,0.1111111111111111,-2.5555555555555554,2,3,5,-1,0.5555555555555556,0.2222222222222222,0.3333333333333333
1454,9a68db87716b04f0932daab553a7d765 MCSG-APC83794 A-0,0.09115731716156,High impact,3Dstructure\afdb_correct_to_wrong_2500_structures\A0A0Y5KAS9.pdb,A,129,,7,5,0.7142857142857143,1.1714285714285713,0,1,1,-1,0.14285714285714285,0.0,0.14285714285714285
1455,9a68db87716b04f0932daab553a7d765 MCSG-APC83794 A-0,0.0904200673103332,High impact,3Dstructure\afdb_correct_to_wrong_2500_structures\A0A0Y5KAS9.pdb,A,21,,7,4,0.5714285714285714,1.3285714285714287,1,0,1,1,0.14285714285714285,0.14285714285714285,0.0
1456,9a68db87716b04f0932daab553a7d765 MCSG-APC83794 A-0,0.089265763759613,High impact,3Dstructure\afdb_correct_to_wrong_2500_structures\A0A0Y5KAS9.pdb,A,13,,6,1,0.16666666666666666,-2.6166666666666667,1,1,2,0,0.3333333333333333,0.16666666666666666,0.16666666666666666
1457,9a68db87716b04f0932daab553a7d765 MCSG-APC83794 A-0,0.0887062549591064,High impact,3Dstructure\afdb_correct_to_wrong_2500_structures\A0A0Y5KAS9.pdb,A,99,,8,4,0.5,-0.275,1,3,4,-2,0.5,0.125,0.375
1458,9a68db87716b04f0932daab553a7d765 MCSG-APC83794 A-0,0.0878316760063171,High impact,3Dstructure\afdb_correct_to_wrong_2500_structures\A0A0Y5KAS9.pdb,A,65,,8,3,0.375,-1.3625000000000003,1,2,3,-1,0.375,0.125,0.25
1459,9a68db87716b04f0932daab553a7d765 MCSG-APC83794 A-0,0.0870115160942077,High impact,3Dstructure\afdb_correct_to_wrong_2500_structures\A0A0Y5KAS9.pdb,A,49,,7,5,0.7142857142857143,2.314285714285714,0,0,0,0,0.0,0.0,0.0
1460,9a68db87716b04f0932daab553a7d765 MCSG-APC83794 A-0,0.0827428698539733,High impact,3Dstructure\afdb_correct_to_wrong_2500_structures\A0A0Y5KAS9.pdb,A,84,,12,8,0.6666666666666666,0.65,1,1,2,0,0.16666666666666666,0.08333333333333333,0.08333333333333333
1461,9a68db87716b04f0932daab553a7d765 MCSG-APC83794 A-0,0.0809608101844787,High impact,3Dstructure\afdb_correct_to_wrong_2500_structures\A0A0Y5KAS9.pdb,A,35,,6,2,0.3333333333333333,-1.6333333333333335,1,2,3,-1,0.5,0.16666666666666666,0.3333333333333333
1462,9a68db87716b04f0932daab553a7d765 MCSG-APC83794 A-0,0.0796044468879699,High impact,3Dstructure\afdb_correct_to_wrong_2500_structures\A0A0Y5KAS9.pdb,A,68,,8,3,0.375,-1.625,2,2,4,0,0.5,0.25,0.25
1463,9a68db87716b04f0932daab553a7d765 MCSG-APC83794 A-0,0.078005850315094,High impact,3Dstructure\afdb_correct_to_wrong_2500_structures\A0A0Y5KAS9.pdb,A,83,,10,7,0.7,0.55,0,1,1,-1,0.1,0.0,0.1
1464,9a68db87716b04f0932daab553a7d765 MCSG-APC83794 A-0,0.0779528617858886,High impact,3Dstructure\afdb_correct_to_wrong_2500_structures\A0A0Y5KAS9.pdb,A,32,,14,8,0.5714285714285714,-0.26428571428571423,1,3,4,-2,0.2857142857142857,0.07142857142857142,0.21428571428571427
1465,9a68db87716b04f0932daab553a7d765 MCSG-APC83794 A-0,0.0770445466041565,High impact,3Dstructure\afdb_correct_to_wrong_2500_structures\A0A0Y5KAS9.pdb,A,87,,8,3,0.375,-0.925,2,3,5,-1,0.625,0.25,0.375
1466,9a68db87716b04f0932daab553a7d765 MCSG-APC83794 A-0,0.0768990516662597,High impact,3Dstructure\afdb_correct_to_wrong_2500_structures\A0A0Y5KAS9.pdb,A,114,,9,7,0.7777777777777778,2.0777777777777775,0,0,0,0,0.0,0.0,0.0
1467,9a68db87716b04f0932daab553a7d765 MCSG-APC83794 A-0,0.0754393935203552,High impact,3Dstructure\afdb_correct_to_wrong_2500_structures\A0A0Y5KAS9.pdb,A,71,,5,0,0.0,-3.5799999999999996,1,2,3,-1,0.6,0.2,0.4
1468,9a68db87716b04f0932daab553a7d765 MCSG-APC83794 A-0,0.0747841596603393,High impact,3Dstructure\afdb_correct_to_wrong_2500_structures\A0A0Y5KAS9.pdb,A,29,,12,7,0.5833333333333334,1.1583333333333334,1,2,3,-1,0.25,0.08333333333333333,0.16666666666666666
1469,9a68db87716b04f0932daab553a7d765 MCSG-APC83794 A-0,0.0740498900413513,High impact,3Dstructure\afdb_correct_to_wrong_2500_structures\A0A0Y5KAS9.pdb,A,55,,9,3,0.3333333333333333,-0.6777777777777778,1,2,3,-1,0.3333333333333333,0.1111111111111111,0.2222222222222222
1470,9a68db87716b04f0932daab553a7d765 MCSG-APC83794 A-0,0.0727931857109069,High impact,3Dstructure\afdb_correct_to_wrong_2500_structures\A0A0Y5KAS9.pdb,A,2,,6,4,0.6666666666666666,1.3333333333333333,1,1,2,0,0.3333333333333333,0.16666666666666666,0.16666666666666666
1471,9a68db87716b04f0932daab553a7d765 MCSG-APC83794 A-0,0.0726053714752197,High impact,3Dstructure\afdb_correct_to_wrong_2500_structures\A0A0Y5KAS9.pdb,A,37,,7,2,0.2857142857142857,-1.9000000000000001,1,1,2,0,0.2857142857142857,0.14285714285714285,0.14285714285714285
1472,9a68db87716b04f0932daab553a7d765 MCSG-APC83794 A-0,0.0714406371116638,High impact,3Dstructure\afdb_correct_to_wrong_2500_structures\A0A0Y5KAS9.pdb,A,85,,12,9,0.75,1.5416666666666667,2,0,2,2,0.16666666666666666,0.16666666666666666,0.0
1473,9a68db87716b04f0932daab553a7d765 MCSG-APC83794 A-0,0.0710207819938659,High impact,3Dstructure\afdb_correct_to_wrong_2500_structures\A0A0Y5KAS9.pdb,A,79,,6,1,0.16666666666666666,-1.8499999999999999,0,0,0,0,0.0,0.0,0.0
1474,9a68db87716b04f0932daab553a7d765 MCSG-APC83794 A-0,0.0684726238250732,High impact,3Dstructure\afdb_correct_to_wrong_2500_structures\A0A0Y5KAS9.pdb,A,64,,8,3,0.375,-0.7250000000000001,1,2,3,-1,0.375,0.125,0.25
1475,9a68db87716b04f0932daab553a7d765 MCSG-APC83794 A-0,0.068005084991455,High impact,3Dstructure\afdb_correct_to_wrong_2500_structures\A0A0Y5KAS9.pdb,A,67,,7,3,0.42857142857142855,-1.3,1,2,3,-1,0.42857142857142855,0.14285714285714285,0.2857142857142857
1515,9a68db87716b04f0932daab553a7d765 MCSG-APC83794 A-0,0.0091976523399353,Low impact,3Dstructure\afdb_correct_to_wrong_2500_structures\A0A0Y5KAS9.pdb,A,28,,11,8,0.7272727272727273,2.590909090909091,0,2,2,-2,0.18181818181818182,0.0,0.18181818181818182
1516,9a68db87716b04f0932daab553a7d765 MCSG-APC83794 A-0,0.0087957978248596,Low impact,3Dstructure\afdb_correct_to_wrong_2500_structures\A0A0Y5KAS9.pdb,A,104,,8,4,0.5,-1.5250000000000001,3,1,4,2,0.5,0.375,0.125
1517,4c3038d3601b06a14a86d7141b087a36 SGPP-Lmaj00582AAA A-0,0.3256856203079223,High impact,3Dstructure\afdb_correct_to_wrong_2500_structures\Q4QAZ1.pdb,A,1,,4,2,0.5,0.22499999999999998,1,1,2,0,0.5,0.25,0.25
1518,e1253b1601e52ccdb08939044abf4a5e JCSG-420496 A-1,0.3250693082809448,High impact,3Dstructure\afdb_correct_to_wrong_2500_structures\A0AAE9S9Z0.pdb,A,69,,12,8,0.6666666666666666,1.3083333333333333,2,0,2,2,0.16666666666666666,0.16666666666666666,0.0
1519,e1253b1601e52ccdb08939044abf4a5e JCSG-420496 A-1,0.3232018947601318,High impact,3Dstructure\afdb_correct_to_wrong_2500_structures\A0AAE9S9Z0.pdb,A,90,,6,1,0.16666666666666666,-0.7999999999999999,0,2,2,-2,0.3333333333333333,0.0,0.3333333333333333
1520,e1253b1601e52ccdb08939044abf4a5e JCSG-420496 A-1,0.312002420425415,High impact,3Dstructure\afdb_correct_to_wrong_2500_structures\A0AAE9S9Z0.pdb,A,125,,6,2,0.3333333333333333,-1.2833333333333334,1,2,3,-1,0.5,0.16666666666666666,0.3333333333333333
1521,e1253b1601e52ccdb08939044abf4a5e JCSG-420496 A-1,0.3064770698547363,High impact,3Dstructure\afdb_correct_to_wrong_2500_structures\A0AAE9S9Z0.pdb,A,60,,12,5,0.4166666666666667,0.20833333333333334,3,0,3,3,0.25,0.25,0.0
1522,e1253b1601e52ccdb08939044abf4a5e JCSG-420496 A-1,0.2994134426116943,High impact,3Dstructure\afdb_correct_to_wrong_2500_structures\A0AAE9S9Z0.pdb,A,50,,5,0,0.0,-1.92,1,0,1,1,0.2,0.2,0.0
1523,e1253b1601e52ccdb08939044abf4a5e JCSG-420496 A-1,0.288001149892807,High impact,3Dstructure\afdb_correct_to_wrong_2500_structures\A0AAE9S9Z0.pdb,A,73,,7,3,0.42857142857142855,-0.1285714285714285,1,0,1,1,0.14285714285714285,0.14285714285714285,0.0
1524,a400b59e2e7e18945efa165eb06ec46c MCSG-APC81054 A-0,0.3249665200710296,High impact,3Dstructure\afdb_correct_to_wrong_2500_structures\Q7MUM1.pdb,A,1,,2,1,0.5,-0.8,0,1,1,-1,0.5,0.0,0.5
1525,84df58fc319f736d22e5c9ab88c0c1b3 MCSG-APC36010 A-0,0.3248657882213592,High impact,3Dstructure\afdb_correct_to_wrong_2500_structures\A0A7U9P4Z9.pdb,A,1,,2,0,0.0,-1.15,0,0,0,0,0.0,0.0,0.0
1526,168c596cd0db0367c6eb2f9bc6651961 MCSG-APC114107 A-0,0.3244163691997528,High impact,3Dstructure\afdb_correct_to_wrong_2500_structures\A0A0E1X4Q1.pdb,A,1,,2,1,0.5,-2.4,1,0,1,1,0.5,0.5,0.0
1536,8bfc8a8a59adbda240f7cff3d3932f1f SECSG-T01D3.2 A-0,0.0093570947647094,Low impact,3Dstructure\afdb_correct_to_wrong_2500_structures\A0A6A5GCD4.pdb,A,132,,8,4,0.5,0.325,2,1,3,1,0.375,0.25,0.125
1537,8bfc8a8a59adbda240f7cff3d3932f1f SECSG-T01D3.2 A-0,0.0092006921768188,Low impact,3Dstructure\afdb_correct_to_wrong_2500_structures\A0A6A5GCD4.pdb,A,17,,6,0,0.0,-3.3833333333333333,2,0,2,2,0.3333333333333333,0.3333333333333333,0.0
1538,8bfc8a8a59adbda240f7cff3d3932f1f SECSG-T01D3.2 A-0,0.0087679624557495,Low impact,3Dstructure\afdb_correct_to_wrong_2500_structures\A0A6A5GCD4.pdb,A,94,,7,4,0.5714285714285714,0.5142857142857143,0,1,1,-1,0.14285714285714285,0.0,0.14285714285714285
1539,8bfc8a8a59adbda240f7cff3d3932f1f SECSG-T01D3.2 A-0,0.0086923241615295,Low impact,3Dstructure\afdb_correct_to_wrong_2500_structures\A0A6A5GCD4.pdb,A,259,,5,1,0.2,-0.74,0,2,2,-2,0.4,0.0,0.4
1540,8bfc8a8a59adbda240f7cff3d3932f1f SECSG-T01D3.2 A-0,0.0086463093757629,Low impact,3Dstructure\afdb_correct_to_wrong_2500_structures\A0A6A5GCD4.pdb,A,288,,11,4,0.36363636363636365,0.38181818181818183,0,0,0,0,0.0,0.0,0.0
1541,8bfc8a8a59adbda240f7cff3d3932f1f SECSG-T01D3.2 A-0,0.0080679655075073,Low impact,3Dstructure\afdb_correct_to_wrong_2500_structures\A0A6A5GCD4.pdb,A,254,,8,5,0.625,1.7875,0,0,0,0,0.0,0.0,0.0
1542,8bfc8a8a59adbda240f7cff3d3932f1f SECSG-T01D3.2 A-0,0.0074899792671203,Low impact,3Dstructure\afdb_correct_to_wrong_2500_structures\A0A6A5GCD4.pdb,A,292,,8,3,0.375,0.23750000000000004,0,0,0,0,0.0,0.0,0.0
1543,8bfc8a8a59adbda240f7cff3d3932f1f SECSG-T01D3.2 A-0,0.0074713826179504,Low impact,3Dstructure\afdb_correct_to_wrong_2500_structures\A0A6A5GCD4.pdb,A,12,,4,0,0.0,-3.0250000000000004,2,0,2,2,0.5,0.5,0.0
1544,8bfc8a8a59adbda240f7cff3d3932f1f SECSG-T01D3.2 A-0,0.0072941780090332,Low impact,3Dstructure\afdb_correct_to_wrong_2500_structures\A0A6A5GCD4.pdb,A,309,,5,2,0.4,0.44000000000000006,0,0,0,0,0.0,0.0,0.0
1545,8bfc8a8a59adbda240f7cff3d3932f1f SECSG-T01D3.2 A-0,0.0072499513626098,Low impact,3Dstructure\afdb_correct_to_wrong_2500_structures\A0A6A5GCD4.pdb,A,93,,7,3,0.42857142857142855,-0.02857142857142866,1,2,3,-1,0.42857142857142855,0.14285714285714285,0.2857142857142857
1546,8bfc8a8a59adbda240f7cff3d3932f1f SECSG-T01D3.2 A-0,0.0072326064109802,Low impact,3Dstructure\afdb_correct_to_wrong_2500_structures\A0A6A5GCD4.pdb,A,312,,8,2,0.25,0.0625,0,1,1,-1,0.125,0.0,0.125
1547,8bfc8a8a59adbda240f7cff3d3932f1f SECSG-T01D3.2 A-0,0.0068351626396179,Low impact,3Dstructure\afdb_correct_to_wrong_2500_structures\A0A6A5GCD4.pdb,A,306,,8,1,0.125,-0.9875000000000002,1,0,1,1,0.125,0.125,0.0
1548,8bfc8a8a59adbda240f7cff3d3932f1f SECSG-T01D3.2 A-0,0.0067331790924072,Low impact,3Dstructure\afdb_correct_to_wrong_2500_structures\A0A6A5GCD4.pdb,A,156,,10,5,0.5,0.2,1,1,2,0,0.2,0.1,0.1
1549,8bfc8a8a59adbda240f7cff3d3932f1f SECSG-T01D3.2 A-0,0.0066020488739013,Low impact,3Dstructure\afdb_correct_to_wrong_2500_structures\A0A6A5GCD4.pdb,A,128,,11,5,0.45454545454545453,-0.4454545454545455,1,2,3,-1,0.2727272727272727,0.09090909090909091,0.18181818181818182
1550,8bfc8a8a59adbda240f7cff3d3932f1f SECSG-T01D3.2 A-0,0.0064402222633361,Low impact,3Dstructure\afdb_correct_to_wrong_2500_structures\A0A6A5GCD4.pdb,A,310,,6,2,0.3333333333333333,-0.28333333333333327,1,0,1,1,0.16666666666666666,0.16666666666666666,0.0
1551,8bfc8a8a59adbda240f7cff3d3932f1f SECSG-T01D3.2 A-0,0.0061622262001037,Low impact,3Dstructure\afdb_correct_to_wrong_2500_structures\A0A6A5GCD4.pdb,A,109,,13,9,0.6923076923076923,1.4538461538461538,0,1,1,-1,0.07692307692307693,0.0,0.07692307692307693
1552,8bfc8a8a59adbda240f7cff3d3932f1f SECSG-T01D3.2 A-0,0.0060254335403442,Low impact,3Dstructure\afdb_correct_to_wrong_2500_structures\A0A6A5GCD4.pdb,A,89,,8,4,0.5,-0.08750000000000002,0,1,1,-1,0.125,0.0,0.125
1553,8bfc8a8a59adbda240f7cff3d3932f1f SECSG-T01D3.2 A-0,0.0059332251548767,Low impact,3Dstructure\afdb_correct_to_wrong_2500_structures\A0A6A5GCD4.pdb,A,40,,6,2,0.3333333333333333,-0.4833333333333334,1,0,1,1,0.16666666666666666,0.16666666666666666,0.0
1554,8bfc8a8a59adbda240f7cff3d3932f1f SECSG-T01D3.2 A-0,0.0059233307838439,Low impact,3Dstructure\afdb_correct_to_wrong_2500_structures\A0A6A5GCD4.pdb,A,13,,5,0,0.0,-2.74,2,0,2,2,0.4,0.4,0.0
1555,8bfc8a8a59adbda240f7cff3d3932f1f SECSG-T01D3.2 A-0,0.0057883262634277,Low impact,3Dstructure\afdb_correct_to_wrong_2500_structures\A0A6A5GCD4.pdb,A,157,,11,8,0.7272727272727273,1.518181818181818,2,0,2,2,0.18181818181818182,0.18181818181818182,0.0
1556,8bfc8a8a59adbda240f7cff3d3932f1f SECSG-T01D3.2 A-0,0.005732774734497,Low impact,3Dstructure\afdb_correct_to_wrong_2500_structures\A0A6A5GCD4.pdb,A,96,,15,9,0.6,1.0933333333333333,0,2,2,-2,0.13333333333333333,0.0,0.13333333333333333
1557,8bfc8a8a59adbda240f7cff3d3932f1f SECSG-T01D3.2 A-0,0.0055615901947021,Low impact,3Dstructure\afdb_correct_to_wrong_2500_structures\A0A6A5GCD4.pdb,A,300,,13,7,0.5384615384615384,0.39999999999999997,2,0,2,2,0.15384615384615385,0.15384615384615385,0.0
1558,8bfc8a8a59adbda240f7cff3d3932f1f SECSG-T01D3.2 A-0,0.0055493116378784,Low impact,3Dstructure\afdb_correct_to_wrong_2500_structures\A0A6A5GCD4.pdb,A,42,,11,6,0.5454545454545454,0.2454545454545454,3,0,3,3,0.2727272727272727,0.2727272727272727,0.0
1559,8bfc8a8a59adbda240f7cff3d3932f1f SECSG-T01D3.2 A-0,0.0055262446403503,Low impact,3Dstructure\afdb_correct_to_wrong_2500_structures\A0A6A5GCD4.pdb,A,299,,11,6,0.5454545454545454,0.4636363636363637,1,1,2,0,0.18181818181818182,0.09090909090909091,0.09090909090909091
1560,8bfc8a8a59adbda240f7cff3d3932f1f SECSG-T01D3.2 A-0,0.0054612159729003,Low impact,3Dstructure\afdb_correct_to_wrong_2500_structures\A0A6A5GCD4.pdb,A,129,,11,6,0.5454545454545454,0.43636363636363634,0,2,2,-2,0.18181818181818182,0.0,0.18181818181818182
1561,8bfc8a8a59adbda240f7cff3d3932f1f SECSG-T01D3.2 A-0,0.005228579044342,Low impact,3Dstructure\afdb_correct_to_wrong_2500_structures\A0A6A5GCD4.pdb,A,294,,10,7,0.7,1.5400000000000003,1,0,1,1,0.1,0.1,0.0
1562,8bfc8a8a59adbda240f7cff3d3932f1f SECSG-T01D3.2 A-0,0.005116581916809,Low impact,3Dstructure\afdb_correct_to_wrong_2500_structures\A0A6A5GCD4.pdb,A,311,,8,1,0.125,-1.1125,1,1,2,0,0.25,0.125,0.125
1563,8bfc8a8a59adbda240f7cff3d3932f1f SECSG-T01D3.2 A-0,0.0050503611564636,Low impact,3Dstructure\afdb_correct_to_wrong_2500_structures\A0A6A5GCD4.pdb,A,139,,7,2,0.2857142857142857,-0.21428571428571433,0,1,1,-1,0.14285714285714285,0.0,0.14285714285714285
1564,8bfc8a8a59adbda240f7cff3d3932f1f SECSG-T01D3.2 A-0,0.0050116181373596,Low impact,3Dstructure\afdb_correct_to_wrong_2500_structures\A0A6A5GCD4.pdb,A,117,,11,5,0.45454545454545453,0.4272727272727272,2,0,2,2,0.18181818181818182,0.18181818181818182,0.0
1565,8bfc8a8a59adbda240f7cff3d3932f1f SECSG-T01D3.2 A-0,0.0049437284469604,Low impact,3Dstructure\afdb_correct_to_wrong_2500_structures\A0A6A5GCD4.pdb,A,101,,11,4,0.36363636363636365,-0.4818181818181818,3,1,4,2,0.36363636363636365,0.2727272727272727,0.09090909090909091
1566,8bfc8a8a59adbda240f7cff3d3932f1f SECSG-T01D3.2 A-0,0.0046573281288146,Low impact,3Dstructure\afdb_correct_to_wrong_2500_structures\A0A6A5GCD4.pdb,A,223,,8,2,0.25,-0.6875,1,2,3,-1,0.375,0.125,0.25
1567,8bfc8a8a59adbda240f7cff3d3932f1f SECSG-T01D3.2 A-0,0.004639446735382,Low impact,3Dstructure\afdb_correct_to_wrong_2500_structures\A0A6A5GCD4.pdb,A,30,,8,4,0.5,-0.5750000000000001,1,2,3,-1,0.375,0.125,0.25
1568,8bfc8a8a59adbda240f7cff3d3932f1f SECSG-T01D3.2 A-0,0.0045021772384643,Low impact,3Dstructure\afdb_correct_to_wrong_2500_structures\A0A6A5GCD4.pdb,A,147,,7,2,0.2857142857142857,-0.4571428571428572,0,1,1,-1,0.14285714285714285,0.0,0.14285714285714285
1569,8bfc8a8a59adbda240f7cff3d3932f1f SECSG-T01D3.2 A-0,0.0044704675674438,Low impact,3Dstructure\afdb_correct_to_wrong_2500_structures\A0A6A5GCD4.pdb,A,287,,12,5,0.4166666666666667,0.27499999999999997,0,0,0,0,0.0,0.0,0.0
1570,8bfc8a8a59adbda240f7cff3d3932f1f SECSG-T01D3.2 A-0,0.0044683814048767,Low impact,3Dstructure\afdb_correct_to_wrong_2500_structures\A0A6A5GCD4.pdb,A,72,,8,2,0.25,-1.4125,2,1,3,1,0.375,0.25,0.125
1571,8bfc8a8a59adbda240f7cff3d3932f1f SECSG-T01D3.2 A-0,0.0043779015541076,Low impact,3Dstructure\afdb_correct_to_wrong_2500_structures\A0A6A5GCD4.pdb,A,79,,6,3,0.5,-0.9166666666666666,0,1,1,-1,0.16666666666666666,0.0,0.16666666666666666
1572,8bfc8a8a59adbda240f7cff3d3932f1f SECSG-T01D3.2 A-0,0.0043561458587646,Low impact,3Dstructure\afdb_correct_to_wrong_2500_structures\A0A6A5GCD4.pdb,A,59,,8,5,0.625,-0.41250000000000003,1,0,1,1,0.125,0.125,0.0
1573,8bfc8a8a59adbda240f7cff3d3932f1f SECSG-T01D3.2 A-0,0.0043323636054992,Low impact,3Dstructure\afdb_correct_to_wrong_2500_structures\A0A6A5GCD4.pdb,A,289,,9,3,0.3333333333333333,0.12222222222222216,0,0,0,0,0.0,0.0,0.0
1574,8bfc8a8a59adbda240f7cff3d3932f1f SECSG-T01D3.2 A-0,0.0040792822837829,Low impact,3Dstructure\afdb_correct_to_wrong_2500_structures\A0A6A5GCD4.pdb,A,220,,12,7,0.5833333333333334,1.4166666666666667,0,0,0,0,0.0,0.0,0.0
1575,8bfc8a8a59adbda240f7cff3d3932f1f SECSG-T01D3.2 A-0,0.0040410161018371,Low impact,3Dstructure\afdb_correct_to_wrong_2500_structures\A0A6A5GCD4.pdb,A,84,,6,1,0.16666666666666666,-2.15,0,1,1,-1,0.16666666666666666,0.0,0.16666666666666666
1576,8bfc8a8a59adbda240f7cff3d3932f1f SECSG-T01D3.2 A-0,0.0040186047554016,Low impact,3Dstructure\afdb_correct_to_wrong_2500_structures\A0A6A5GCD4.pdb,A,140,,9,4,0.4444444444444444,0.5,0,1,1,-1,0.1111111111111111,0.0,0.1111111111111111
1577,8bfc8a8a59adbda240f7cff3d3932f1f SECSG-T01D3.2 A-0,0.0040062665939331,Low impact,3Dstructure\afdb_correct_to_wrong_2500_structures\A0A6A5GCD4.pdb,A,105,,12,4,0.3333333333333333,-0.4499999999999999,2,1,3,1,0.25,0.16666666666666666,0.08333333333333333
1579,8bfc8a8a59adbda240f7cff3d3932f1f SECSG-T01D3.2 A-0,0.0039241313934326,Low impact,3Dstructure\afdb_correct_to_wrong_2500_structures\A0A6A5GCD4.pdb,A,255,,6,5,0.8333333333333334,2.1333333333333333,0,0,0,0,0.0,0.0,0.0
1580,8bfc8a8a59adbda240f7cff3d3932f1f SECSG-T01D3.2 A-0,0.0038965344429016,Low impact,3Dstructure\afdb_correct_to_wrong_2500_structures\A0A6A5GCD4.pdb,A,278,,14,7,0.5,0.08571428571428573,2,1,3,1,0.21428571428571427,0.14285714285714285,0.07142857142857142
1581,8bfc8a8a59adbda240f7cff3d3932f1f SECSG-T01D3.2 A-0,0.0038347244262695,Low impact,3Dstructure\afdb_correct_to_wrong_2500_structures\A0A6A5GCD4.pdb,A,103,,6,1,0.16666666666666666,-1.616666666666667,1,2,3,-1,0.5,0.16666666666666666,0.3333333333333333
1582,8bfc8a8a59adbda240f7cff3d3932f1f SECSG-T01D3.2 A-0,0.0035842061042785,Low impact,3Dstructure\afdb_correct_to_wrong_2500_structures\A0A6A5GCD4.pdb,A,64,,10,3,0.3,-1.19,1,0,1,1,0.1,0.1,0.0
1583,8bfc8a8a59adbda240f7cff3d3932f1f SECSG-T01D3.2 A-0,0.0035640597343444,Low impact,3Dstructure\afdb_correct_to_wrong_2500_structures\A0A6A5GCD4.pdb,A,78,,6,3,0.5,-0.9166666666666666,0,1,1,-1,0.16666666666666666,0.0,0.16666666666666666
1584,8bfc8a8a59adbda240f7cff3d3932f1f SECSG-T01D3.2 A-0,0.0034778714179992,Low impact,3Dstructure\afdb_correct_to_wrong_2500_structures\A0A6A5GCD4.pdb,A,222,,11,5,0.45454545454545453,0.7090909090909091,1,2,3,-1,0.2727272727272727,0.09090909090909091,0.18181818181818182
1585,8bfc8a8a59adbda240f7cff3d3932f1f SECSG-T01D3.2 A-0,0.0034629106521606,Low impact,3Dstructure\afdb_correct_to_wrong_2500_structures\A0A6A5GCD4.pdb,A,166,,8,2,0.25,-0.4000000000000001,1,0,1,1,0.125,0.125,0.0
1586,8bfc8a8a59adbda240f7cff3d3932f1f SECSG-T01D3.2 A-0,0.0033643245697021,Low impact,3Dstructure\afdb_correct_to_wrong_2500_structures\A0A6A5GCD4.pdb,A,317,,11,7,0.6363636363636364,2.127272727272727,0,0,0,0,0.0,0.0,0.0
1587,8bfc8a8a59adbda240f7cff3d3932f1f SECSG-T01D3.2 A-0,0.0033478736877441,Low impact,3Dstructure\afdb_correct_to_wrong_2500_structures\A0A6A5GCD4.pdb,A,235,,11,5,0.45454545454545453,-0.609090909090909,2,2,4,0,0.36363636363636365,0.18181818181818182,0.18181818181818182
1588,8bfc8a8a59adbda240f7cff3d3932f1f SECSG-T01D3.2 A-0,0.0033428072929382,Low impact,3Dstructure\afdb_correct_to_wrong_2500_structures\A0A6A5GCD4.pdb,A,208,,4,3,0.75,2.875,0,0,0,0,0.0,0.0,0.0
1589,8bfc8a8a59adbda240f7cff3d3932f1f SECSG-T01D3.2 A-0,0.0032651424407958,Low impact,3Dstructure\afdb_correct_to_wrong_2500_structures\A0A6A5GCD4.pdb,A,296,,12,7,0.5833333333333334,-0.10833333333333346,1,1,2,0,0.16666666666666666,0.08333333333333333,0.08333333333333333
1590,8bfc8a8a59adbda240f7cff3d3932f1f SECSG-T01D3.2 A-0,0.0032556653022766,Low impact,3Dstructure\afdb_correct_to_wrong_2500_structures\A0A6A5GCD4.pdb,A,282,,8,3,0.375,-1.1875,1,1,2,0,0.25,0.125,0.125
1591,8bfc8a8a59adbda240f7cff3d3932f1f SECSG-T01D3.2 A-0,0.0032044053077697,Low impact,3Dstructure\afdb_correct_to_wrong_2500_structures\A0A6A5GCD4.pdb,A,233,,7,3,0.42857142857142855,-0.7571428571428573,1,2,3,-1,0.42857142857142855,0.14285714285714285,0.2857142857142857
1592,8bfc8a8a59adbda240f7cff3d3932f1f SECSG-T01D3.2 A-0,0.0031881928443908,Low impact,3Dstructure\afdb_correct_to_wrong_2500_structures\A0A6A5GCD4.pdb,A,315,,13,6,0.46153846153846156,0.6692307692307694,2,1,3,1,0.23076923076923078,0.15384615384615385,0.07692307692307693
1593,8bfc8a8a59adbda240f7cff3d3932f1f SECSG-T01D3.2 A-0,0.0031567811965942,Low impact,3Dstructure\afdb_correct_to_wrong_2500_structures\A0A6A5GCD4.pdb,A,154,,11,6,0.5454545454545454,0.8181818181818182,0,1,1,-1,0.09090909090909091,0.0,0.09090909090909091
1594,8bfc8a8a59adbda240f7cff3d3932f1f SECSG-T01D3.2 A-0,0.0030956268310546,Low impact,3Dstructure\afdb_correct_to_wrong_2500_structures\A0A6A5GCD4.pdb,A,242,,8,1,0.125,-1.9125,1,0,1,1,0.125,0.125,0.0
1595,8bfc8a8a59adbda240f7cff3d3932f1f SECSG-T01D3.2 A-0,0.0030509829521179,Low impact,3Dstructure\afdb_correct_to_wrong_2500_structures\A0A6A5GCD4.pdb,A,142,,8,4,0.5,0.95,0,0,0,0,0.0,0.0,0.0
1596,8bfc8a8a59adbda240f7cff3d3932f1f SECSG-T01D3.2 A-0,0.0029771327972412,Low impact,3Dstructure\afdb_correct_to_wrong_2500_structures\A0A6A5GCD4.pdb,A,262,,10,5,0.5,0.4400000000000001,0,3,3,-3,0.3,0.0,0.3
1597,8bfc8a8a59adbda240f7cff3d3932f1f SECSG-T01D3.2 A-0,0.0029723644256591,Low impact,3Dstructure\afdb_correct_to_wrong_2500_structures\A0A6A5GCD4.pdb,A,199,,12,8,0.6666666666666666,1.0333333333333334,1,1,2,0,0.16666666666666666,0.08333333333333333,0.08333333333333333
1598,8bfc8a8a59adbda240f7cff3d3932f1f SECSG-T01D3.2 A-0,0.002963364124298,Low impact,3Dstructure\afdb_correct_to_wrong_2500_structures\A0A6A5GCD4.pdb,A,240,,11,5,0.45454545454545453,-0.027272727272727337,1,0,1,1,0.09090909090909091,0.09090909090909091,0.0
1599,8bfc8a8a59adbda240f7cff3d3932f1f SECSG-T01D3.2 A-0,0.0029172897338867,Low impact,3Dstructure\afdb_correct_to_wrong_2500_structures\A0A6A5GCD4.pdb,A,35,,9,6,0.6666666666666666,0.522222222222222,1,1,2,0,0.2222222222222222,0.1111111111111111,0.1111111111111111
1600,8bfc8a8a59adbda240f7cff3d3932f1f SECSG-T01D3.2 A-0,0.0028871893882751,Low impact,3Dstructure\afdb_correct_to_wrong_2500_structures\A0A6A5GCD4.pdb,A,70,,8,2,0.25,-1.2874999999999999,1,0,1,1,0.125,0.125,0.0
1601,8bfc8a8a59adbda240f7cff3d3932f1f SECSG-T01D3.2 A-0,0.0028415918350219,Low impact,3Dstructure\afdb_correct_to_wrong_2500_structures\A0A6A5GCD4.pdb,A,280,,12,7,0.5833333333333334,-0.17500000000000004,1,1,2,0,0.16666666666666666,0.08333333333333333,0.08333333333333333
1602,8bfc8a8a59adbda240f7cff3d3932f1f SECSG-T01D3.2 A-0,0.0028102397918701,Low impact,3Dstructure\afdb_correct_to_wrong_2500_structures\A0A6A5GCD4.pdb,A,88,,8,3,0.375,-0.9250000000000002,2,1,3,1,0.375,0.25,0.125
1603,8bfc8a8a59adbda240f7cff3d3932f1f SECSG-T01D3.2 A-0,0.0027998685836791,Low impact,3Dstructure\afdb_correct_to_wrong_2500_structures\A0A6A5GCD4.pdb,A,321,,9,4,0.4444444444444444,0.01111111111111112,0,1,1,-1,0.1111111111111111,0.0,0.1111111111111111
1604,8bfc8a8a59adbda240f7cff3d3932f1f SECSG-T01D3.2 A-0,0.0027901530265808,Low impact,3Dstructure\afdb_correct_to_wrong_2500_structures\A0A6A5GCD4.pdb,A,51,,12,7,0.5833333333333334,0.7833333333333331,2,1,3,1,0.25,0.16666666666666666,0.08333333333333333
1605,8bfc8a8a59adbda240f7cff3d3932f1f SECSG-T01D3.2 A-0,0.002760112285614,Low impact,3Dstructure\afdb_correct_to_wrong_2500_structures\A0A6A5GCD4.pdb,A,39,,6,4,0.6666666666666666,1.783333333333333,0,0,0,0,0.0,0.0,0.0
1606,8bfc8a8a59adbda240f7cff3d3932f1f SECSG-T01D3.2 A-0,0.0026890039443969,Low impact,3Dstructure\afdb_correct_to_wrong_2500_structures\A0A6A5GCD4.pdb,A,77,,8,3,0.375,-0.8875,0,1,1,-1,0.125,0.0,0.125
1607,8bfc8a8a59adbda240f7cff3d3932f1f SECSG-T01D3.2 A-0,0.0025948882102966,Low impact,3Dstructure\afdb_correct_to_wrong_2500_structures\A0A6A5GCD4.pdb,A,99,,13,9,0.6923076923076923,1.484615384615385,1,1,2,0,0.15384615384615385,0.07692307692307693,0.07692307692307693
1608,8bfc8a8a59adbda240f7cff3d3932f1f SECSG-T01D3.2 A-0,0.0025820732116699,Low impact,3Dstructure\afdb_correct_to_wrong_2500_structures\A0A6A5GCD4.pdb,A,270,,8,3,0.375,-0.7125,2,1,3,1,0.375,0.25,0.125
1609,8bfc8a8a59adbda240f7cff3d3932f1f SECSG-T01D3.2 A-0,0.0025527477264404,Low impact,3Dstructure\afdb_correct_to_wrong_2500_structures\A0A6A5GCD4.pdb,A,53,,10,5,0.5,1.0299999999999998,0,0,0,0,0.0,0.0,0.0
1610,8bfc8a8a59adbda240f7cff3d3932f1f SECSG-T01D3.2 A-0,0.0025190114974975,Low impact,3Dstructure\afdb_correct_to_wrong_2500_structures\A0A6A5GCD4.pdb,A,45,,5,1,0.2,-0.74,0,1,1,-1,0.2,0.0,0.2
1611,8bfc8a8a59adbda240f7cff3d3932f1f SECSG-T01D3.2 A-0,0.0025016069412231,Low impact,3Dstructure\afdb_correct_to_wrong_2500_structures\A0A6A5GCD4.pdb,A,148,,12,6,0.5,-0.6249999999999999,1,1,2,0,0.16666666666666666,0.08333333333333333,0.08333333333333333
1612,8bfc8a8a59adbda240f7cff3d3932f1f SECSG-T01D3.2 A-0,0.0024885535240173,Low impact,3Dstructure\afdb_correct_to_wrong_2500_structures\A0A6A5GCD4.pdb,A,229,,8,4,0.5,0.7749999999999999,1,1,2,0,0.25,0.125,0.125
1613,8bfc8a8a59adbda240f7cff3d3932f1f SECSG-T01D3.2 A-0,0.0024840831756591,Low impact,3Dstructure\afdb_correct_to_wrong_2500_structures\A0A6A5GCD4.pdb,A,239,,12,5,0.4166666666666667,0.07499999999999989,1,0,1,1,0.08333333333333333,0.08333333333333333,0.0
1614,8bfc8a8a59adbda240f7cff3d3932f1f SECSG-T01D3.2 A-0,0.0024755597114562,Low impact,3Dstructure\afdb_correct_to_wrong_2500_structures\A0A6A5GCD4.pdb,A,86,,7,2,0.2857142857142857,-1.6142857142857143,2,0,2,2,0.2857142857142857,0.2857142857142857,0.0
1615,8bfc8a8a59adbda240f7cff3d3932f1f SECSG-T01D3.2 A-0,0.0024701952934265,Low impact,3Dstructure\afdb_correct_to_wrong_2500_structures\A0A6A5GCD4.pdb,A,162,,12,5,0.4166666666666667,0.025000000000000022,3,0,3,3,0.25,0.25,0.0
1616,8bfc8a8a59adbda240f7cff3d3932f1f SECSG-T01D3.2 A-0,0.0024674534797668,Low impact,3Dstructure\afdb_correct_to_wrong_2500_structures\A0A6A5GCD4.pdb,A,112,,9,5,0.5555555555555556,0.9777777777777776,0,1,1,-1,0.1111111111111111,0.0,0.1111111111111111
1617,8bfc8a8a59adbda240f7cff3d3932f1f SECSG-T01D3.2 A-0,0.0024596452713012,Low impact,3Dstructure\afdb_correct_to_wrong_2500_structures\A0A6A5GCD4.pdb,A,33,,8,3,0.375,-0.10000000000000009,0,1,1,-1,0.125,0.0,0.125
1618,8bfc8a8a59adbda240f7cff3d3932f1f SECSG-T01D3.2 A-0,0.0024539828300476,Low impact,3Dstructure\afdb_correct_to_wrong_2500_structures\A0A6A5GCD4.pdb,A,170,,5,3,0.6,0.15999999999999998,0,1,1,-1,0.2,0.0,0.2
1619,8bfc8a8a59adbda240f7cff3d3932f1f SECSG-T01D3.2 A-0,0.0024421215057373,Low impact,3Dstructure\afdb_correct_to_wrong_2500_structures\A0A6A5GCD4.pdb,A,130,,8,4,0.5,0.11249999999999999,1,1,2,0,0.25,0.125,0.125
1620,8bfc8a8a59adbda240f7cff3d3932f1f SECSG-T01D3.2 A-0,0.0024223327636718,Low impact,3Dstructure\afdb_correct_to_wrong_2500_structures\A0A6A5GCD4.pdb,A,228,,10,5,0.5,0.34,2,0,2,2,0.2,0.2,0.0
1621,8bfc8a8a59adbda240f7cff3d3932f1f SECSG-T01D3.2 A-0,0.0024147629737854,Low impact,3Dstructure\afdb_correct_to_wrong_2500_structures\A0A6A5GCD4.pdb,A,303,,11,3,0.2727272727272727,-0.05454545454545457,1,1,2,0,0.18181818181818182,0.09090909090909091,0.09090909090909091
1622,8bfc8a8a59adbda240f7cff3d3932f1f SECSG-T01D3.2 A-0,0.0024072527885437,Low impact,3Dstructure\afdb_correct_to_wrong_2500_structures\A0A6A5GCD4.pdb,A,174,,6,3,0.5,0.9833333333333333,0,0,0,0,0.0,0.0,0.0
1623,4ac3e1380e1d95127ceb16808121a821 JCSG-425204 A-0,0.323249340057373,High impact,3Dstructure\afdb_correct_to_wrong_2500_structures\A0A015SKS0.pdb,A,1,,4,2,0.5,1.025,0,1,1,-1,0.25,0.0,0.25
1624,dd8ec2e2b36a8584c7ae30b354ed9380 JCSG-380942 A-0,0.3210950195789337,High impact,3Dstructure\afdb_correct_to_wrong_2500_structures\Q8E854.pdb,A,1,,5,3,0.6,-0.8600000000000001,1,1,2,0,0.4,0.2,0.2
1625,dd8ec2e2b36a8584c7ae30b354ed9380 JCSG-380942 A-0,0.08079394698143,High impact,3Dstructure\afdb_correct_to_wrong_2500_structures\Q8E854.pdb,A,88,,8,5,0.625,0.8624999999999999,0,1,1,-1,0.125,0.0,0.125
1632,557e4191ae494628c8b4a1ff8dab3ca9 MCSG-APC65143 A-0,0.3184450566768646,High impact,3Dstructure\afdb_correct_to_wrong_2500_structures\Q0S4L5.pdb,A,1,,3,3,1.0,1.8333333333333333,0,0,0,0,0.0,0.0,0.0
1633,557e4191ae494628c8b4a1ff8dab3ca9 MCSG-APC65143 A-0,0.1300950348377227,High impact,3Dstructure\afdb_correct_to_wrong_2500_structures\Q0S4L5.pdb,A,209,,8,1,0.125,-1.1875,1,2,3,-1,0.375,0.125,0.25
1670,557e4191ae494628c8b4a1ff8dab3ca9 MCSG-APC65143 A-0,0.0093141496181488,Low impact,3Dstructure\afdb_correct_to_wrong_2500_structures\Q0S4L5.pdb,A,303,,14,7,0.5,0.39999999999999997,1,0,1,1,0.07142857142857142,0.07142857142857142,0.0
1671,557e4191ae494628c8b4a1ff8dab3ca9 MCSG-APC65143 A-0,0.0091820657253265,Low impact,3Dstructure\afdb_correct_to_wrong_2500_structures\Q0S4L5.pdb,A,93,,8,3,0.375,0.5874999999999999,0,1,1,-1,0.125,0.0,0.125
1672,557e4191ae494628c8b4a1ff8dab3ca9 MCSG-APC65143 A-0,0.0090019404888153,Low impact,3Dstructure\afdb_correct_to_wrong_2500_structures\Q0S4L5.pdb,A,162,,13,8,0.6153846153846154,0.6230769230769231,0,0,0,0,0.0,0.0,0.0
1673,557e4191ae494628c8b4a1ff8dab3ca9 MCSG-APC65143 A-0,0.0089136064052581,Low impact,3Dstructure\afdb_correct_to_wrong_2500_structures\Q0S4L5.pdb,A,231,,8,4,0.5,0.1875000000000001,2,1,3,1,0.375,0.25,0.125
1674,557e4191ae494628c8b4a1ff8dab3ca9 MCSG-APC65143 A-0,0.0086989700794219,Low impact,3Dstructure\afdb_correct_to_wrong_2500_structures\Q0S4L5.pdb,A,21,,15,6,0.4,-0.1333333333333334,2,1,3,1,0.2,0.13333333333333333,0.06666666666666667
1675,557e4191ae494628c8b4a1ff8dab3ca9 MCSG-APC65143 A-0,0.0085246860980987,Low impact,3Dstructure\afdb_correct_to_wrong_2500_structures\Q0S4L5.pdb,A,227,,6,1,0.16666666666666666,-1.7166666666666668,3,0,3,3,0.5,0.5,0.0
1676,557e4191ae494628c8b4a1ff8dab3ca9 MCSG-APC65143 A-0,0.0082935988903045,Low impact,3Dstructure\afdb_correct_to_wrong_2500_structures\Q0S4L5.pdb,A,292,,7,4,0.5714285714285714,-0.08571428571428578,2,1,3,1,0.42857142857142855,0.2857142857142857,0.14285714285714285
1677,557e4191ae494628c8b4a1ff8dab3ca9 MCSG-APC65143 A-0,0.0081033408641815,Low impact,3Dstructure\afdb_correct_to_wrong_2500_structures\Q0S4L5.pdb,A,71,,7,4,0.5714285714285714,0.29999999999999993,1,2,3,-1,0.42857142857142855,0.14285714285714285,0.2857142857142857
1678,557e4191ae494628c8b4a1ff8dab3ca9 MCSG-APC65143 A-0,0.0080102980136871,Low impact,3Dstructure\afdb_correct_to_wrong_2500_structures\Q0S4L5.pdb,A,374,,5,1,0.2,-0.6199999999999999,1,0,1,1,0.2,0.2,0.0
1679,557e4191ae494628c8b4a1ff8dab3ca9 MCSG-APC65143 A-0,0.0079719722270965,Low impact,3Dstructure\afdb_correct_to_wrong_2500_structures\Q0S4L5.pdb,A,230,,9,4,0.4444444444444444,0.15555555555555572,2,0,2,2,0.2222222222222222,0.2222222222222222,0.0
1680,557e4191ae494628c8b4a1ff8dab3ca9 MCSG-APC65143 A-0,0.0072852671146392,Low impact,3Dstructure\afdb_correct_to_wrong_2500_structures\Q0S4L5.pdb,A,82,,10,7,0.7,1.6300000000000001,1,0,1,1,0.1,0.1,0.0
1681,557e4191ae494628c8b4a1ff8dab3ca9 MCSG-APC65143 A-0,0.0071602165699005,Low impact,3Dstructure\afdb_correct_to_wrong_2500_structures\Q0S4L5.pdb,A,357,,10,5,0.5,-0.15000000000000002,2,1,3,1,0.3,0.2,0.1
1682,557e4191ae494628c8b4a1ff8dab3ca9 MCSG-APC65143 A-0,0.0067906081676483,Low impact,3Dstructure\afdb_correct_to_wrong_2500_structures\Q0S4L5.pdb,A,36,,6,3,0.5,0.5166666666666666,0,1,1,-1,0.16666666666666666,0.0,0.16666666666666666
1683,557e4191ae494628c8b4a1ff8dab3ca9 MCSG-APC65143 A-0,0.0064964592456817,Low impact,3Dstructure\afdb_correct_to_wrong_2500_structures\Q0S4L5.pdb,A,336,,14,10,0.7142857142857143,1.4785714285714284,0,0,0,0,0.0,0.0,0.0
1684,557e4191ae494628c8b4a1ff8dab3ca9 MCSG-APC65143 A-0,0.0064378082752227,Low impact,3Dstructure\afdb_correct_to_wrong_2500_structures\Q0S4L5.pdb,A,316,,12,6,0.5,0.11666666666666677,2,2,4,0,0.3333333333333333,0.16666666666666666,0.16666666666666666
1685,557e4191ae494628c8b4a1ff8dab3ca9 MCSG-APC65143 A-0,0.0062021315097808,Low impact,3Dstructure\afdb_correct_to_wrong_2500_structures\Q0S4L5.pdb,A,186,,12,6,0.5,0.4749999999999999,1,1,2,0,0.16666666666666666,0.08333333333333333,0.08333333333333333
1686,557e4191ae494628c8b4a1ff8dab3ca9 MCSG-APC65143 A-0,0.0059106051921844,Low impact,3Dstructure\afdb_correct_to_wrong_2500_structures\Q0S4L5.pdb,A,165,,10,5,0.5,1.15,1,1,2,0,0.2,0.1,0.1
1687,557e4191ae494628c8b4a1ff8dab3ca9 MCSG-APC65143 A-0,0.0055533349514007,Low impact,3Dstructure\afdb_correct_to_wrong_2500_structures\Q0S4L5.pdb,A,283,,13,8,0.6153846153846154,1.1153846153846154,1,0,1,1,0.07692307692307693,0.07692307692307693,0.0
1688,557e4191ae494628c8b4a1ff8dab3ca9 MCSG-APC65143 A-0,0.0055074393749237,Low impact,3Dstructure\afdb_correct_to_wrong_2500_structures\Q0S4L5.pdb,A,194,,9,3,0.3333333333333333,-0.911111111111111,3,2,5,1,0.5555555555555556,0.3333333333333333,0.2222222222222222
1689,557e4191ae494628c8b4a1ff8dab3ca9 MCSG-APC65143 A-0,0.0054538547992706,Low impact,3Dstructure\afdb_correct_to_wrong_2500_structures\Q0S4L5.pdb,A,29,,8,2,0.25,-0.6499999999999999,2,0,2,2,0.25,0.25,0.0
1690,557e4191ae494628c8b4a1ff8dab3ca9 MCSG-APC65143 A-0,0.0053841769695281,Low impact,3Dstructure\afdb_correct_to_wrong_2500_structures\Q0S4L5.pdb,A,95,,11,6,0.5454545454545454,0.8272727272727274,1,1,2,0,0.18181818181818182,0.09090909090909091,0.09090909090909091
1691,557e4191ae494628c8b4a1ff8dab3ca9 MCSG-APC65143 A-0,0.005337506532669,Low impact,3Dstructure\afdb_correct_to_wrong_2500_structures\Q0S4L5.pdb,A,76,,8,3,0.375,-0.28750000000000003,1,1,2,0,0.25,0.125,0.125
1692,557e4191ae494628c8b4a1ff8dab3ca9 MCSG-APC65143 A-0,0.0052417814731597,Low impact,3Dstructure\afdb_correct_to_wrong_2500_structures\Q0S4L5.pdb,A,337,,13,9,0.6923076923076923,0.846153846153846,1,0,1,1,0.07692307692307693,0.07692307692307693,0.0
1693,557e4191ae494628c8b4a1ff8dab3ca9 MCSG-APC65143 A-0,0.0052287876605987,Low impact,3Dstructure\afdb_correct_to_wrong_2500_structures\Q0S4L5.pdb,A,156,,15,9,0.6,0.8333333333333334,1,2,3,-1,0.2,0.06666666666666667,0.13333333333333333
1694,557e4191ae494628c8b4a1ff8dab3ca9 MCSG-APC65143 A-0,0.0052100121974945,Low impact,3Dstructure\afdb_correct_to_wrong_2500_structures\Q0S4L5.pdb,A,237,,9,5,0.5555555555555556,0.9000000000000001,0,2,2,-2,0.2222222222222222,0.0,0.2222222222222222
1695,557e4191ae494628c8b4a1ff8dab3ca9 MCSG-APC65143 A-0,0.0051129162311553,Low impact,3Dstructure\afdb_correct_to_wrong_2500_structures\Q0S4L5.pdb,A,115,,7,2,0.2857142857142857,-1.0571428571428572,2,1,3,1,0.42857142857142855,0.2857142857142857,0.14285714285714285
1696,557e4191ae494628c8b4a1ff8dab3ca9 MCSG-APC65143 A-0,0.0050871074199676,Low impact,3Dstructure\afdb_correct_to_wrong_2500_structures\Q0S4L5.pdb,A,61,,8,2,0.25,-1.175,2,2,4,0,0.5,0.25,0.25
1697,557e4191ae494628c8b4a1ff8dab3ca9 MCSG-APC65143 A-0,0.0050537288188934,Low impact,3Dstructure\afdb_correct_to_wrong_2500_structures\Q0S4L5.pdb,A,168,,14,6,0.42857142857142855,0.18571428571428575,2,0,2,2,0.14285714285714285,0.14285714285714285,0.0
1698,557e4191ae494628c8b4a1ff8dab3ca9 MCSG-APC65143 A-0,0.0049370825290679,Low impact,3Dstructure\afdb_correct_to_wrong_2500_structures\Q0S4L5.pdb,A,234,,8,3,0.375,-1.125,3,2,5,1,0.625,0.375,0.25
1699,557e4191ae494628c8b4a1ff8dab3ca9 MCSG-APC65143 A-0,0.0048649609088897,Low impact,3Dstructure\afdb_correct_to_wrong_2500_structures\Q0S4L5.pdb,A,101,,12,3,0.25,-0.25833333333333347,2,1,3,1,0.25,0.16666666666666666,0.08333333333333333
1700,557e4191ae494628c8b4a1ff8dab3ca9 MCSG-APC65143 A-0,0.0046758949756622,Low impact,3Dstructure\afdb_correct_to_wrong_2500_structures\Q0S4L5.pdb,A,30,,10,1,0.1,-1.4400000000000002,2,1,3,1,0.3,0.2,0.1
1701,557e4191ae494628c8b4a1ff8dab3ca9 MCSG-APC65143 A-0,0.0046088397502899,Low impact,3Dstructure\afdb_correct_to_wrong_2500_structures\Q0S4L5.pdb,A,350,,7,2,0.2857142857142857,-1.5142857142857145,1,1,2,0,0.2857142857142857,0.14285714285714285,0.14285714285714285
1702,557e4191ae494628c8b4a1ff8dab3ca9 MCSG-APC65143 A-0,0.0045799911022186,Low impact,3Dstructure\afdb_correct_to_wrong_2500_structures\Q0S4L5.pdb,A,77,,10,6,0.6,1.2399999999999998,1,0,1,1,0.1,0.1,0.0
1703,0936f56c86af4f2b783dd2a7deceba3d NYSGRC-003760 A-0,0.3183424770832062,High impact,3Dstructure\afdb_correct_to_wrong_2500_structures\Q669E7.pdb,A,1,,2,0,0.0,-1.0,0,0,0,0,0.0,0.0,0.0
1704,0936f56c86af4f2b783dd2a7deceba3d NYSGRC-003760 A-0,0.0740707218647003,High impact,3Dstructure\afdb_correct_to_wrong_2500_structures\Q669E7.pdb,A,2,,3,1,0.3333333333333333,-1.0,1,0,1,1,0.3333333333333333,0.3333333333333333,0.0
1707,197954337a286e8ca5d5ec2929ebaf42 JCSG-389504 A-0,0.3179233968257904,High impact,3Dstructure\afdb_correct_to_wrong_2500_structures\A6L7B8.pdb,A,1,,4,2,0.5,0.5,0,1,1,-1,0.25,0.0,0.25
1708,1fbda60a314cee2643d8f597d93837f9 BSGI-C5343_ECOL6 A-0,0.3164540231227875,High impact,3Dstructure\afdb_correct_to_wrong_2500_structures\A0A0H2VDN0.pdb,A,1,,2,1,0.5,1.2,0,0,0,0,0.0,0.0,0.0
1710,772a81df7db917fc10a3758f1e5066a4 SSGCID-NegoA.19212.a A-0,0.3139324188232422,High impact,3Dstructure\afdb_correct_to_wrong_2500_structures\A0AB74ECZ3.pdb,A,1,,4,1,0.25,-1.875,2,1,3,1,0.75,0.5,0.25
1711,b143e1bbe41254c12eeee7d4d0c2d4aa SGPP-Lmaj003059AAA A-0,0.3135876059532165,High impact,3Dstructure\afdb_correct_to_wrong_2500_structures\Q4Q9T0.pdb,A,1,,2,0,0.0,-0.8,0,0,0,0,0.0,0.0,0.0
1712,0e2f0e5acce7f84076749f699acfcb99 MCSG-APC103630 A-0,0.3128008544445038,High impact,3Dstructure\afdb_correct_to_wrong_2500_structures\C8XCZ4.pdb,A,1,,2,1,0.5,1.5499999999999998,0,0,0,0,0.0,0.0,0.0
1713,0e2f0e5acce7f84076749f699acfcb99 MCSG-APC103630 A-0,0.0786356031894683,High impact,3Dstructure\afdb_correct_to_wrong_2500_structures\C8XCZ4.pdb,A,384,,8,5,0.625,1.4874999999999998,1,0,1,1,0.125,0.125,0.0
1714,0e2f0e5acce7f84076749f699acfcb99 MCSG-APC103630 A-0,0.0755656063556671,High impact,3Dstructure\afdb_correct_to_wrong_2500_structures\C8XCZ4.pdb,A,13,,15,7,0.4666666666666667,0.5133333333333333,2,3,5,-1,0.3333333333333333,0.13333333333333333,0.2
1750,3ddfdf5acf7115545dfa3c3ff22f67b6 BSGI-C4078_ECOL6 A-0,0.3126283884048462,High impact,3Dstructure\afdb_correct_to_wrong_2500_structures\A0A0H2VCZ9.pdb,A,1,,2,1,0.5,1.5,0,0,0,0,0.0,0.0,0.0
1751,d7134d68417f85f130d37311ba46717a NYSGRC-009033 A-0,0.3124849200248718,High impact,3Dstructure\afdb_correct_to_wrong_2500_structures\A1U3Z1.pdb,A,117,,12,5,0.4166666666666667,-0.2749999999999999,0,1,1,-1,0.08333333333333333,0.0,0.08333333333333333
1752,d7134d68417f85f130d37311ba46717a NYSGRC-009033 A-0,0.2901657223701477,High impact,3Dstructure\afdb_correct_to_wrong_2500_structures\A1U3Z1.pdb,A,1,,2,1,0.5,-0.3500000000000001,1,0,1,1,0.5,0.5,0.0
1753,d7134d68417f85f130d37311ba46717a NYSGRC-009033 A-0,0.2792434692382812,High impact,3Dstructure\afdb_correct_to_wrong_2500_structures\A1U3Z1.pdb,A,28,,12,5,0.4166666666666667,-0.7583333333333334,2,1,3,1,0.25,0.16666666666666666,0.08333333333333333
1754,d7134d68417f85f130d37311ba46717a NYSGRC-009033 A-0,0.2573235630989074,High impact,3Dstructure\afdb_correct_to_wrong_2500_structures\A1U3Z1.pdb,A,237,,4,0,0.0,-1.975,1,1,2,0,0.5,0.25,0.25
1755,d7134d68417f85f130d37311ba46717a NYSGRC-009033 A-0,0.2557075023651123,High impact,3Dstructure\afdb_correct_to_wrong_2500_structures\A1U3Z1.pdb,A,107,,12,9,0.75,2.841666666666667,0,0,0,0,0.0,0.0,0.0
1756,d7134d68417f85f130d37311ba46717a NYSGRC-009033 A-0,0.2409061193466186,High impact,3Dstructure\afdb_correct_to_wrong_2500_structures\A1U3Z1.pdb,A,150,,12,4,0.3333333333333333,-0.9750000000000001,2,1,3,1,0.25,0.16666666666666666,0.08333333333333333
1757,d7134d68417f85f130d37311ba46717a NYSGRC-009033 A-0,0.2380240559577942,High impact,3Dstructure\afdb_correct_to_wrong_2500_structures\A1U3Z1.pdb,A,83,,6,1,0.16666666666666666,-2.433333333333333,2,0,2,2,0.3333333333333333,0.3333333333333333,0.0
1758,d7134d68417f85f130d37311ba46717a NYSGRC-009033 A-0,0.2284470796585083,High impact,3Dstructure\afdb_correct_to_wrong_2500_structures\A1U3Z1.pdb,A,118,,10,2,0.2,-0.8799999999999999,0,1,1,-1,0.1,0.0,0.1
1759,d7134d68417f85f130d37311ba46717a NYSGRC-009033 A-0,0.2009928822517395,High impact,3Dstructure\afdb_correct_to_wrong_2500_structures\A1U3Z1.pdb,A,155,,11,2,0.18181818181818182,-1.0727272727272728,1,2,3,-1,0.2727272727272727,0.09090909090909091,0.18181818181818182
1760,d7134d68417f85f130d37311ba46717a NYSGRC-009033 A-0,0.1965022683143615,High impact,3Dstructure\afdb_correct_to_wrong_2500_structures\A1U3Z1.pdb,A,91,,11,5,0.45454545454545453,-0.5545454545454546,1,2,3,-1,0.2727272727272727,0.09090909090909091,0.18181818181818182
1761,d7134d68417f85f130d37311ba46717a NYSGRC-009033 A-0,0.1934168934822082,High impact,3Dstructure\afdb_correct_to_wrong_2500_structures\A1U3Z1.pdb,A,250,,14,5,0.35714285714285715,0.19999999999999998,3,0,3,3,0.21428571428571427,0.21428571428571427,0.0
1762,d7134d68417f85f130d37311ba46717a NYSGRC-009033 A-0,0.1829320788383484,High impact,3Dstructure\afdb_correct_to_wrong_2500_structures\A1U3Z1.pdb,A,95,,8,4,0.5,0.05000000000000002,1,1,2,0,0.25,0.125,0.125
1764,58ae6ac761f3babff1e1db2628351fcd SECSG-K02B12.2 A-0,0.3090055286884308,High impact,3Dstructure\afdb_correct_to_wrong_2500_structures\Q21114.pdb,A,1,,2,2,1.0,3.2,0,0,0,0,0.0,0.0,0.0
1771,58ae6ac761f3babff1e1db2628351fcd SECSG-K02B12.2 A-0,0.006577044725418,Low impact,3Dstructure\afdb_correct_to_wrong_2500_structures\Q21114.pdb,A,15,,8,6,0.75,1.7125,1,1,2,0,0.25,0.125,0.125
1772,58ae6ac761f3babff1e1db2628351fcd SECSG-K02B12.2 A-0,0.0052567422389984,Low impact,3Dstructure\afdb_correct_to_wrong_2500_structures\Q21114.pdb,A,33,,10,1,0.1,-0.43,2,1,3,1,0.3,0.2,0.1
1773,58ae6ac761f3babff1e1db2628351fcd SECSG-K02B12.2 A-0,0.004881352186203,Low impact,3Dstructure\afdb_correct_to_wrong_2500_structures\Q21114.pdb,A,110,,7,3,0.42857142857142855,-0.5714285714285714,2,2,4,0,0.5714285714285714,0.2857142857142857,0.2857142857142857
1774,58ae6ac761f3babff1e1db2628351fcd SECSG-K02B12.2 A-0,0.0045568645000457,Low impact,3Dstructure\afdb_correct_to_wrong_2500_structures\Q21114.pdb,A,176,,4,2,0.5,-0.3250000000000002,0,1,1,-1,0.25,0.0,0.25
1775,58ae6ac761f3babff1e1db2628351fcd SECSG-K02B12.2 A-0,0.0044409930706024,Low impact,3Dstructure\afdb_correct_to_wrong_2500_structures\Q21114.pdb,A,5,,5,3,0.6,0.7200000000000001,0,1,1,-1,0.2,0.0,0.2
1776,58ae6ac761f3babff1e1db2628351fcd SECSG-K02B12.2 A-0,0.0037738382816314,Low impact,3Dstructure\afdb_correct_to_wrong_2500_structures\Q21114.pdb,A,88,,5,1,0.2,-1.8400000000000003,1,2,3,-1,0.6,0.2,0.4
1778,4649b3e66a400395862250109b20c9a8 MCSG-APC64848 A-0,0.3047633022069931,High impact,3Dstructure\afdb_correct_to_wrong_2500_structures\A0A371NDM9.pdb,A,60,,10,3,0.3,-1.14,0,4,4,-4,0.4,0.0,0.4
1779,eb52b66d53fcf301ce6601473905367f SSGCID-NegoA.19182.a A-0,0.3038758039474487,High impact,3Dstructure\afdb_correct_to_wrong_2500_structures\A0AA44UAM8.pdb,A,62,,8,2,0.25,-0.6875,1,2,3,-1,0.375,0.125,0.25
1780,eb52b66d53fcf301ce6601473905367f SSGCID-NegoA.19182.a A-0,0.2610027194023132,High impact,3Dstructure\afdb_correct_to_wrong_2500_structures\A0AA44UAM8.pdb,A,1,,3,0,0.0,-2.6999999999999997,1,0,1,1,0.3333333333333333,0.3333333333333333,0.0
1781,eb52b66d53fcf301ce6601473905367f SSGCID-NegoA.19182.a A-0,0.230642020702362,High impact,3Dstructure\afdb_correct_to_wrong_2500_structures\A0AA44UAM8.pdb,A,61,,8,3,0.375,-0.32500000000000007,1,3,4,-2,0.5,0.125,0.375
1782,eb52b66d53fcf301ce6601473905367f SSGCID-NegoA.19182.a A-0,0.2177327275276184,High impact,3Dstructure\afdb_correct_to_wrong_2500_structures\A0AA44UAM8.pdb,A,8,,7,2,0.2857142857142857,-0.6714285714285714,2,0,2,2,0.2857142857142857,0.2857142857142857,0.0
1783,eb52b66d53fcf301ce6601473905367f SSGCID-NegoA.19182.a A-0,0.2154593467712402,High impact,3Dstructure\afdb_correct_to_wrong_2500_structures\A0AA44UAM8.pdb,A,17,,13,7,0.5384615384615384,0.11538461538461542,0,1,1,-1,0.07692307692307693,0.0,0.07692307692307693
1784,eb52b66d53fcf301ce6601473905367f SSGCID-NegoA.19182.a A-0,0.1984796524047851,High impact,3Dstructure\afdb_correct_to_wrong_2500_structures\A0AA44UAM8.pdb,A,25,,6,3,0.5,-1.3500000000000003,2,0,2,2,0.3333333333333333,0.3333333333333333,0.0
1785,eb52b66d53fcf301ce6601473905367f SSGCID-NegoA.19182.a A-0,0.1900780797004699,High impact,3Dstructure\afdb_correct_to_wrong_2500_structures\A0AA44UAM8.pdb,A,12,,7,3,0.42857142857142855,-0.9714285714285713,1,2,3,-1,0.42857142857142855,0.14285714285714285,0.2857142857142857
1786,eb52b66d53fcf301ce6601473905367f SSGCID-NegoA.19182.a A-0,0.1896644830703735,High impact,3Dstructure\afdb_correct_to_wrong_2500_structures\A0AA44UAM8.pdb,A,78,,7,4,0.5714285714285714,-0.142857142857143,1,1,2,0,0.2857142857142857,0.14285714285714285,0.14285714285714285
1787,eb52b66d53fcf301ce6601473905367f SSGCID-NegoA.19182.a A-0,0.1896018385887146,High impact,3Dstructure\afdb_correct_to_wrong_2500_structures\A0AA44UAM8.pdb,A,14,,5,2,0.4,-2.18,1,1,2,0,0.4,0.2,0.2
1788,eb52b66d53fcf301ce6601473905367f SSGCID-NegoA.19182.a A-0,0.1787995100021362,High impact,3Dstructure\afdb_correct_to_wrong_2500_structures\A0AA44UAM8.pdb,A,19,,12,6,0.5,-0.08333333333333333,1,1,2,0,0.16666666666666666,0.08333333333333333,0.08333333333333333
1789,eb52b66d53fcf301ce6601473905367f SSGCID-NegoA.19182.a A-0,0.1645429730415344,High impact,3Dstructure\afdb_correct_to_wrong_2500_structures\A0AA44UAM8.pdb,A,23,,12,4,0.3333333333333333,-0.7916666666666666,2,1,3,1,0.25,0.16666666666666666,0.08333333333333333
1790,eb52b66d53fcf301ce6601473905367f SSGCID-NegoA.19182.a A-0,0.1583507061004638,High impact,3Dstructure\afdb_correct_to_wrong_2500_structures\A0AA44UAM8.pdb,A,67,,8,2,0.25,-0.625,0,3,3,-3,0.375,0.0,0.375
1791,eb52b66d53fcf301ce6601473905367f SSGCID-NegoA.19182.a A-0,0.1577117443084716,High impact,3Dstructure\afdb_correct_to_wrong_2500_structures\A0AA44UAM8.pdb,A,60,,8,5,0.625,0.7374999999999999,1,1,2,0,0.25,0.125,0.125
1792,eb52b66d53fcf301ce6601473905367f SSGCID-NegoA.19182.a A-0,0.1539077162742614,High impact,3Dstructure\afdb_correct_to_wrong_2500_structures\A0AA44UAM8.pdb,A,50,,6,3,0.5,0.5499999999999999,1,0,1,1,0.16666666666666666,0.16666666666666666,0.0
1793,eb52b66d53fcf301ce6601473905367f SSGCID-NegoA.19182.a A-0,0.1303640007972717,High impact,3Dstructure\afdb_correct_to_wrong_2500_structures\A0AA44UAM8.pdb,A,65,,5,0,0.0,-2.48,1,2,3,-1,0.6,0.2,0.4
1794,eb52b66d53fcf301ce6601473905367f SSGCID-NegoA.19182.a A-0,0.1229979395866394,High impact,3Dstructure\afdb_correct_to_wrong_2500_structures\A0AA44UAM8.pdb,A,16,,12,6,0.5,-0.19999999999999998,0,1,1,-1,0.08333333333333333,0.0,0.08333333333333333
1795,eb52b66d53fcf301ce6601473905367f SSGCID-NegoA.19182.a A-0,0.1101034879684448,High impact,3Dstructure\afdb_correct_to_wrong_2500_structures\A0AA44UAM8.pdb,A,56,,11,5,0.45454545454545453,-0.25454545454545463,1,2,3,-1,0.2727272727272727,0.09090909090909091,0.18181818181818182
1796,eb52b66d53fcf301ce6601473905367f SSGCID-NegoA.19182.a A-0,0.0945736765861511,High impact,3Dstructure\afdb_correct_to_wrong_2500_structures\A0AA44UAM8.pdb,A,41,,9,4,0.4444444444444444,-0.7222222222222222,1,2,3,-1,0.3333333333333333,0.1111111111111111,0.2222222222222222
1797,eb52b66d53fcf301ce6601473905367f SSGCID-NegoA.19182.a A-0,0.0900622010231018,High impact,3Dstructure\afdb_correct_to_wrong_2500_structures\A0AA44UAM8.pdb,A,48,,6,4,0.6666666666666666,1.0166666666666666,0,0,0,0,0.0,0.0,0.0
1798,eb52b66d53fcf301ce6601473905367f SSGCID-NegoA.19182.a A-0,0.0790727734565734,High impact,3Dstructure\afdb_correct_to_wrong_2500_structures\A0AA44UAM8.pdb,A,76,,9,5,0.5555555555555556,0.311111111111111,2,0,2,2,0.2222222222222222,0.2222222222222222,0.0
1799,eb52b66d53fcf301ce6601473905367f SSGCID-NegoA.19182.a A-0,0.0768247246742248,High impact,3Dstructure\afdb_correct_to_wrong_2500_structures\A0AA44UAM8.pdb,A,4,,7,2,0.2857142857142857,-1.9428571428571428,2,1,3,1,0.42857142857142855,0.2857142857142857,0.14285714285714285
1800,eb52b66d53fcf301ce6601473905367f SSGCID-NegoA.19182.a A-0,0.069767951965332,High impact,3Dstructure\afdb_correct_to_wrong_2500_structures\A0AA44UAM8.pdb,A,74,,9,5,0.5555555555555556,0.6666666666666666,0,1,1,-1,0.1111111111111111,0.0,0.1111111111111111
1813,bfb91d55d3643a51b498b8b49dcc23f1 BSGI-C5376_ECOL6 A-0,0.3033238053321838,High impact,3Dstructure\afdb_correct_to_wrong_2500_structures\A0A0H2VDT5.pdb,A,1,,2,0,0.0,-2.1,0,0,0,0,0.0,0.0,0.0
1814,97eb90d14ade7c17e176a57f5e148605 SGPP-Tbru014279AAA A-0,0.301730751991272,High impact,3Dstructure\afdb_correct_to_wrong_2500_structures\A0A1G4ICD7.pdb,A,1,,2,0,0.0,-0.75,0,0,0,0,0.0,0.0,0.0
1815,745d0cdc9850e2d563fce0ea06a58579 NYSGRC-004178 A-0,0.2992562055587768,High impact,3Dstructure\afdb_correct_to_wrong_2500_structures\A8BAA0.pdb,A,1,,7,4,0.5714285714285714,1.0857142857142856,1,0,1,1,0.14285714285714285,0.14285714285714285,0.0
1837,7e391a6ba509a90bcfb4e6eb8a35643c BSGI-C5225_ECOL6 A-0,0.2990721464157104,High impact,3Dstructure\afdb_correct_to_wrong_2500_structures\A0A0H2VF31.pdb,A,1,,2,1,0.5,0.9999999999999999,0,0,0,0,0.0,0.0,0.0
1838,c767b01b33b700238e3e848cce8f9a96 MCSG-APC27990 A-0,0.2983986139297485,High impact,3Dstructure\afdb_correct_to_wrong_2500_structures\A0A0H2V3K7.pdb,A,1,,2,0,0.0,-2.1,0,0,0,0,0.0,0.0,0.0
1839,54802bf170c6f246fdfcecf1d8c0eefe JCSG-360790 A-0,0.2976050972938537,High impact,3Dstructure\afdb_correct_to_wrong_2500_structures\Q74FH1.pdb,A,1,,2,0,0.0,-1.95,0,1,1,-1,0.5,0.0,0.5
1840,54802bf170c6f246fdfcecf1d8c0eefe JCSG-360790 A-0,0.1442803144454956,High impact,3Dstructure\afdb_correct_to_wrong_2500_structures\Q74FH1.pdb,A,67,,11,7,0.6363636363636364,0.5545454545454545,2,0,2,2,0.18181818181818182,0.18181818181818182,0.0
1841,54802bf170c6f246fdfcecf1d8c0eefe JCSG-360790 A-0,0.1240450739860534,High impact,3Dstructure\afdb_correct_to_wrong_2500_structures\Q74FH1.pdb,A,85,,10,5,0.5,0.61,0,2,2,-2,0.2,0.0,0.2
1842,54802bf170c6f246fdfcecf1d8c0eefe JCSG-360790 A-0,0.1209543347358703,High impact,3Dstructure\afdb_correct_to_wrong_2500_structures\Q74FH1.pdb,A,38,,8,4,0.5,-0.8,1,2,3,-1,0.375,0.125,0.25
1843,54802bf170c6f246fdfcecf1d8c0eefe JCSG-360790 A-0,0.1083196997642517,High impact,3Dstructure\afdb_correct_to_wrong_2500_structures\Q74FH1.pdb,A,74,,8,5,0.625,0.6875,0,0,0,0,0.0,0.0,0.0
1844,54802bf170c6f246fdfcecf1d8c0eefe JCSG-360790 A-0,0.069092571735382,High impact,3Dstructure\afdb_correct_to_wrong_2500_structures\Q74FH1.pdb,A,77,,7,2,0.2857142857142857,-0.6428571428571429,1,0,1,1,0.14285714285714285,0.14285714285714285,0.0
1845,54802bf170c6f246fdfcecf1d8c0eefe JCSG-360790 A-0,0.0670158267021179,High impact,3Dstructure\afdb_correct_to_wrong_2500_structures\Q74FH1.pdb,A,45,,9,5,0.5555555555555556,-0.4000000000000001,1,3,4,-2,0.4444444444444444,0.1111111111111111,0.3333333333333333
1899,54802bf170c6f246fdfcecf1d8c0eefe JCSG-360790 A-0,0.0094395875930786,Low impact,3Dstructure\afdb_correct_to_wrong_2500_structures\Q74FH1.pdb,A,91,,6,2,0.3333333333333333,-0.30000000000000004,0,1,1,-1,0.16666666666666666,0.0,0.16666666666666666
1900,54802bf170c6f246fdfcecf1d8c0eefe JCSG-360790 A-0,0.0090981721878051,Low impact,3Dstructure\afdb_correct_to_wrong_2500_structures\Q74FH1.pdb,A,118,,4,0,0.0,-2.65,2,0,2,2,0.5,0.5,0.0
1901,54802bf170c6f246fdfcecf1d8c0eefe JCSG-360790 A-0,0.0085048079490661,Low impact,3Dstructure\afdb_correct_to_wrong_2500_structures\Q74FH1.pdb,A,89,,8,4,0.5,0.37499999999999994,1,0,1,1,0.125,0.125,0.0
1902,54802bf170c6f246fdfcecf1d8c0eefe JCSG-360790 A-0,0.0084887146949768,Low impact,3Dstructure\afdb_correct_to_wrong_2500_structures\Q74FH1.pdb,A,99,,8,4,0.5,0.8875,1,1,2,0,0.25,0.125,0.125
1903,54802bf170c6f246fdfcecf1d8c0eefe JCSG-360790 A-0,0.0075688362121582,Low impact,3Dstructure\afdb_correct_to_wrong_2500_structures\Q74FH1.pdb,A,78,,8,3,0.375,-0.125,1,1,2,0,0.25,0.125,0.125
1904,54802bf170c6f246fdfcecf1d8c0eefe JCSG-360790 A-0,0.0073834061622619,Low impact,3Dstructure\afdb_correct_to_wrong_2500_structures\Q74FH1.pdb,A,116,,4,0,0.0,-2.1,1,0,1,1,0.25,0.25,0.0
1905,54802bf170c6f246fdfcecf1d8c0eefe JCSG-360790 A-0,0.0073481798171997,Low impact,3Dstructure\afdb_correct_to_wrong_2500_structures\Q74FH1.pdb,A,4,,4,0,0.0,-2.2,1,1,2,0,0.5,0.25,0.25
1906,54802bf170c6f246fdfcecf1d8c0eefe JCSG-360790 A-0,0.0068488717079162,Low impact,3Dstructure\afdb_correct_to_wrong_2500_structures\Q74FH1.pdb,A,21,,6,4,0.6666666666666666,0.8666666666666666,1,1,2,0,0.3333333333333333,0.16666666666666666,0.16666666666666666
1907,54802bf170c6f246fdfcecf1d8c0eefe JCSG-360790 A-0,0.0067538619041442,Low impact,3Dstructure\afdb_correct_to_wrong_2500_structures\Q74FH1.pdb,A,105,,10,5,0.5,-0.039999999999999966,3,0,3,3,0.3,0.3,0.0
1908,54802bf170c6f246fdfcecf1d8c0eefe JCSG-360790 A-0,0.0067217350006103,Low impact,3Dstructure\afdb_correct_to_wrong_2500_structures\Q74FH1.pdb,A,12,,8,3,0.375,0.3,1,1,2,0,0.25,0.125,0.125
1909,54802bf170c6f246fdfcecf1d8c0eefe JCSG-360790 A-0,0.006574273109436,Low impact,3Dstructure\afdb_correct_to_wrong_2500_structures\Q74FH1.pdb,A,30,,8,2,0.25,-1.475,2,2,4,0,0.5,0.25,0.25
1910,54802bf170c6f246fdfcecf1d8c0eefe JCSG-360790 A-0,0.0065212249755859,Low impact,3Dstructure\afdb_correct_to_wrong_2500_structures\Q74FH1.pdb,A,80,,8,3,0.375,-0.16250000000000006,1,2,3,-1,0.375,0.125,0.25
1911,54802bf170c6f246fdfcecf1d8c0eefe JCSG-360790 A-0,0.0063933134078979,Low impact,3Dstructure\afdb_correct_to_wrong_2500_structures\Q74FH1.pdb,A,37,,9,4,0.4444444444444444,-0.36666666666666675,1,2,3,-1,0.3333333333333333,0.1111111111111111,0.2222222222222222
1912,54802bf170c6f246fdfcecf1d8c0eefe JCSG-360790 A-0,0.0063645243644714,Low impact,3Dstructure\afdb_correct_to_wrong_2500_structures\Q74FH1.pdb,A,75,,9,5,0.5555555555555556,-0.03333333333333341,1,0,1,1,0.1111111111111111,0.1111111111111111,0.0
1913,54802bf170c6f246fdfcecf1d8c0eefe JCSG-360790 A-0,0.0054534673690795,Low impact,3Dstructure\afdb_correct_to_wrong_2500_structures\Q74FH1.pdb,A,135,,7,1,0.14285714285714285,-1.9285714285714286,0,3,3,-3,0.42857142857142855,0.0,0.42857142857142855
1914,54802bf170c6f246fdfcecf1d8c0eefe JCSG-360790 A-0,0.0050033330917358,Low impact,3Dstructure\afdb_correct_to_wrong_2500_structures\Q74FH1.pdb,A,57,,11,3,0.2727272727272727,-0.8727272727272726,2,2,4,0,0.36363636363636365,0.18181818181818182,0.18181818181818182
1915,6771663c4676aa9c1979b753eddbb76f JCSG-396686 A-0,0.2975077927112579,High impact,3Dstructure\afdb_correct_to_wrong_2500_structures\A0A0I9SDU6.pdb,A,107,,9,4,0.4444444444444444,-0.03333333333333341,0,1,1,-1,0.1111111111111111,0.0,0.1111111111111111
1916,6771663c4676aa9c1979b753eddbb76f JCSG-396686 A-0,0.2455076277256012,High impact,3Dstructure\afdb_correct_to_wrong_2500_structures\A0A0I9SDU6.pdb,A,196,,7,4,0.5714285714285714,0.8285714285714285,0,1,1,-1,0.14285714285714285,0.0,0.14285714285714285
1927,a4fc5c1d788819afb26ea447f66e65d5 ISFI-ISFI1237 A-1,0.2964435219764709,High impact,3Dstructure\afdb_correct_to_wrong_2500_structures\A0A045GP07.pdb,A,72,,9,3,0.3333333333333333,-0.4555555555555556,2,1,3,1,0.3333333333333333,0.2222222222222222,0.1111111111111111
1928,a4fc5c1d788819afb26ea447f66e65d5 ISFI-ISFI1237 A-1,0.1702541410923004,High impact,3Dstructure\afdb_correct_to_wrong_2500_structures\A0A045GP07.pdb,A,89,,10,2,0.2,-1.5599999999999998,4,1,5,3,0.5,0.4,0.1
1929,a4fc5c1d788819afb26ea447f66e65d5 ISFI-ISFI1237 A-1,0.1406415700912475,High impact,3Dstructure\afdb_correct_to_wrong_2500_structures\A0A045GP07.pdb,A,68,,10,4,0.4,0.35,0,1,1,-1,0.1,0.0,0.1
1930,a4fc5c1d788819afb26ea447f66e65d5 ISFI-ISFI1237 A-1,0.1384418308734893,High impact,3Dstructure\afdb_correct_to_wrong_2500_structures\A0A045GP07.pdb,A,8,,11,7,0.6363636363636364,0.7636363636363636,1,2,3,-1,0.2727272727272727,0.09090909090909091,0.18181818181818182
1931,4a8f6b9d60a165e4f99612eb7ad2044a JCSG-370115 A-0,0.2939342558383941,High impact,3Dstructure\afdb_correct_to_wrong_2500_structures\Q6D6N8.pdb,A,1,,5,0,0.0,-2.38,0,1,1,-1,0.2,0.0,0.2
1955,4a8f6b9d60a165e4f99612eb7ad2044a JCSG-370115 A-0,0.0094604194164276,Low impact,3Dstructure\afdb_correct_to_wrong_2500_structures\Q6D6N8.pdb,A,75,,8,4,0.5,-0.2625000000000002,1,1,2,0,0.25,0.125,0.125
1956,4a8f6b9d60a165e4f99612eb7ad2044a JCSG-370115 A-0,0.0091852247714996,Low impact,3Dstructure\afdb_correct_to_wrong_2500_structures\Q6D6N8.pdb,A,38,,4,2,0.5,1.225,0,0,0,0,0.0,0.0,0.0
1957,4a8f6b9d60a165e4f99612eb7ad2044a JCSG-370115 A-0,0.0088755786418914,Low impact,3Dstructure\afdb_correct_to_wrong_2500_structures\Q6D6N8.pdb,A,79,,8,5,0.625,0.7875000000000001,1,1,2,0,0.25,0.125,0.125
1958,4a8f6b9d60a165e4f99612eb7ad2044a JCSG-370115 A-0,0.0088577568531036,Low impact,3Dstructure\afdb_correct_to_wrong_2500_structures\Q6D6N8.pdb,A,172,,6,1,0.16666666666666666,-3.3666666666666667,2,2,4,0,0.6666666666666666,0.3333333333333333,0.3333333333333333
1959,4a8f6b9d60a165e4f99612eb7ad2044a JCSG-370115 A-0,0.0082744061946868,Low impact,3Dstructure\afdb_correct_to_wrong_2500_structures\Q6D6N8.pdb,A,70,,6,2,0.3333333333333333,-1.1833333333333333,1,2,3,-1,0.5,0.16666666666666666,0.3333333333333333
1960,4a8f6b9d60a165e4f99612eb7ad2044a JCSG-370115 A-0,0.0079976022243499,Low impact,3Dstructure\afdb_correct_to_wrong_2500_structures\Q6D6N8.pdb,A,221,,4,2,0.5,-0.575,1,0,1,1,0.25,0.25,0.0
1961,4a8f6b9d60a165e4f99612eb7ad2044a JCSG-370115 A-0,0.0078811347484588,Low impact,3Dstructure\afdb_correct_to_wrong_2500_structures\Q6D6N8.pdb,A,178,,6,2,0.3333333333333333,-1.7333333333333332,2,1,3,1,0.5,0.3333333333333333,0.16666666666666666
1962,4a8f6b9d60a165e4f99612eb7ad2044a JCSG-370115 A-0,0.0078283250331878,Low impact,3Dstructure\afdb_correct_to_wrong_2500_structures\Q6D6N8.pdb,A,104,,7,2,0.2857142857142857,0.10000000000000002,0,0,0,0,0.0,0.0,0.0
1963,4a8f6b9d60a165e4f99612eb7ad2044a JCSG-370115 A-0,0.0077718198299407,Low impact,3Dstructure\afdb_correct_to_wrong_2500_structures\Q6D6N8.pdb,A,69,,7,2,0.2857142857142857,-0.8428571428571427,1,2,3,-1,0.42857142857142855,0.14285714285714285,0.2857142857142857
1964,4a8f6b9d60a165e4f99612eb7ad2044a JCSG-370115 A-0,0.0075401365756988,Low impact,3Dstructure\afdb_correct_to_wrong_2500_structures\Q6D6N8.pdb,A,16,,6,1,0.16666666666666666,-1.4166666666666667,1,1,2,0,0.3333333333333333,0.16666666666666666,0.16666666666666666
1965,4a8f6b9d60a165e4f99612eb7ad2044a JCSG-370115 A-0,0.0075293481349945,Low impact,3Dstructure\afdb_correct_to_wrong_2500_structures\Q6D6N8.pdb,A,231,,8,4,0.5,-0.7250000000000001,1,3,4,-2,0.5,0.125,0.375
1966,4a8f6b9d60a165e4f99612eb7ad2044a JCSG-370115 A-0,0.0073877871036529,Low impact,3Dstructure\afdb_correct_to_wrong_2500_structures\Q6D6N8.pdb,A,14,,6,3,0.5,0.28333333333333327,1,1,2,0,0.3333333333333333,0.16666666666666666,0.16666666666666666
1967,4a8f6b9d60a165e4f99612eb7ad2044a JCSG-370115 A-0,0.0072920024394989,Low impact,3Dstructure\afdb_correct_to_wrong_2500_structures\Q6D6N8.pdb,A,176,,9,3,0.3333333333333333,-2.0555555555555554,2,1,3,1,0.3333333333333333,0.2222222222222222,0.1111111111111111
1968,4a8f6b9d60a165e4f99612eb7ad2044a JCSG-370115 A-0,0.0071060955524444,Low impact,3Dstructure\afdb_correct_to_wrong_2500_structures\Q6D6N8.pdb,A,6,,9,3,0.3333333333333333,-1.077777777777778,1,2,3,-1,0.3333333333333333,0.1111111111111111,0.2222222222222222
1969,4a8f6b9d60a165e4f99612eb7ad2044a JCSG-370115 A-0,0.0069938004016876,Low impact,3Dstructure\afdb_correct_to_wrong_2500_structures\Q6D6N8.pdb,A,63,,9,4,0.4444444444444444,0.08888888888888886,1,1,2,0,0.2222222222222222,0.1111111111111111,0.1111111111111111
1970,4a8f6b9d60a165e4f99612eb7ad2044a JCSG-370115 A-0,0.006720095872879,Low impact,3Dstructure\afdb_correct_to_wrong_2500_structures\Q6D6N8.pdb,A,45,,8,3,0.375,-0.48750000000000004,0,3,3,-3,0.375,0.0,0.375
1971,4a8f6b9d60a165e4f99612eb7ad2044a JCSG-370115 A-0,0.006564050912857,Low impact,3Dstructure\afdb_correct_to_wrong_2500_structures\Q6D6N8.pdb,A,219,,4,1,0.25,-3.4000000000000004,3,0,3,3,0.75,0.75,0.0
1972,4a8f6b9d60a165e4f99612eb7ad2044a JCSG-370115 A-0,0.0064471662044525,Low impact,3Dstructure\afdb_correct_to_wrong_2500_structures\Q6D6N8.pdb,A,113,,8,3,0.375,-0.5625,2,0,2,2,0.25,0.25,0.0
1973,4a8f6b9d60a165e4f99612eb7ad2044a JCSG-370115 A-0,0.0064298808574676,Low impact,3Dstructure\afdb_correct_to_wrong_2500_structures\Q6D6N8.pdb,A,83,,8,6,0.75,1.2750000000000001,0,2,2,-2,0.25,0.0,0.25
1974,4a8f6b9d60a165e4f99612eb7ad2044a JCSG-370115 A-0,0.0063939988613128,Low impact,3Dstructure\afdb_correct_to_wrong_2500_structures\Q6D6N8.pdb,A,210,,8,3,0.375,-1.0375,2,0,2,2,0.25,0.25,0.0
1975,4a8f6b9d60a165e4f99612eb7ad2044a JCSG-370115 A-0,0.0061958134174346,Low impact,3Dstructure\afdb_correct_to_wrong_2500_structures\Q6D6N8.pdb,A,179,,7,3,0.42857142857142855,-1.6714285714285713,2,1,3,1,0.42857142857142855,0.2857142857142857,0.14285714285714285
1976,4a8f6b9d60a165e4f99612eb7ad2044a JCSG-370115 A-0,0.0061778724193573,Low impact,3Dstructure\afdb_correct_to_wrong_2500_structures\Q6D6N8.pdb,A,218,,4,2,0.5,-0.7999999999999998,1,0,1,1,0.25,0.25,0.0
1977,4a8f6b9d60a165e4f99612eb7ad2044a JCSG-370115 A-0,0.0061436593532562,Low impact,3Dstructure\afdb_correct_to_wrong_2500_structures\Q6D6N8.pdb,A,17,,6,2,0.3333333333333333,-0.5500000000000002,1,1,2,0,0.3333333333333333,0.16666666666666666,0.16666666666666666
1978,4a8f6b9d60a165e4f99612eb7ad2044a JCSG-370115 A-0,0.0061253011226654,Low impact,3Dstructure\afdb_correct_to_wrong_2500_structures\Q6D6N8.pdb,A,167,,6,2,0.3333333333333333,-1.9833333333333334,0,2,2,-2,0.3333333333333333,0.0,0.3333333333333333
1979,4a8f6b9d60a165e4f99612eb7ad2044a JCSG-370115 A-0,0.0061124265193939,Low impact,3Dstructure\afdb_correct_to_wrong_2500_structures\Q6D6N8.pdb,A,114,,8,3,0.375,-0.95,3,0,3,3,0.375,0.375,0.0
1980,4a8f6b9d60a165e4f99612eb7ad2044a JCSG-370115 A-0,0.0058083236217498,Low impact,3Dstructure\afdb_correct_to_wrong_2500_structures\Q6D6N8.pdb,A,85,,9,5,0.5555555555555556,0.04444444444444443,1,0,1,1,0.1111111111111111,0.1111111111111111,0.0
1981,4a8f6b9d60a165e4f99612eb7ad2044a JCSG-370115 A-0,0.0057820975780487,Low impact,3Dstructure\afdb_correct_to_wrong_2500_structures\Q6D6N8.pdb,A,155,,10,4,0.4,0.07000000000000002,0,0,0,0,0.0,0.0,0.0
1982,4a8f6b9d60a165e4f99612eb7ad2044a JCSG-370115 A-0,0.0057815611362457,Low impact,3Dstructure\afdb_correct_to_wrong_2500_structures\Q6D6N8.pdb,A,193,,8,5,0.625,0.8125,0,1,1,-1,0.125,0.0,0.125
1983,4a8f6b9d60a165e4f99612eb7ad2044a JCSG-370115 A-0,0.005713015794754,Low impact,3Dstructure\afdb_correct_to_wrong_2500_structures\Q6D6N8.pdb,A,192,,11,3,0.2727272727272727,-1.0818181818181818,0,1,1,-1,0.09090909090909091,0.0,0.09090909090909091
1984,4a8f6b9d60a165e4f99612eb7ad2044a JCSG-370115 A-0,0.005694180727005,Low impact,3Dstructure\afdb_correct_to_wrong_2500_structures\Q6D6N8.pdb,A,61,,11,6,0.5454545454545454,0.7818181818181817,1,0,1,1,0.09090909090909091,0.09090909090909091,0.0
1985,4a8f6b9d60a165e4f99612eb7ad2044a JCSG-370115 A-0,0.0056506097316741,Low impact,3Dstructure\afdb_correct_to_wrong_2500_structures\Q6D6N8.pdb,A,34,,4,1,0.25,-0.125,0,1,1,-1,0.25,0.0,0.25
1986,4a8f6b9d60a165e4f99612eb7ad2044a JCSG-370115 A-0,0.0056460797786712,Low impact,3Dstructure\afdb_correct_to_wrong_2500_structures\Q6D6N8.pdb,A,207,,5,0,0.0,-2.66,1,0,1,1,0.2,0.2,0.0
1987,4a8f6b9d60a165e4f99612eb7ad2044a JCSG-370115 A-0,0.0056290924549102,Low impact,3Dstructure\afdb_correct_to_wrong_2500_structures\Q6D6N8.pdb,A,50,,4,1,0.25,-0.7750000000000001,0,0,0,0,0.0,0.0,0.0
1988,4a8f6b9d60a165e4f99612eb7ad2044a JCSG-370115 A-0,0.0056288540363311,Low impact,3Dstructure\afdb_correct_to_wrong_2500_structures\Q6D6N8.pdb,A,188,,11,4,0.36363636363636365,-0.9636363636363636,2,1,3,1,0.2727272727272727,0.18181818181818182,0.09090909090909091
1989,4a8f6b9d60a165e4f99612eb7ad2044a JCSG-370115 A-0,0.0054751932621002,Low impact,3Dstructure\afdb_correct_to_wrong_2500_structures\Q6D6N8.pdb,A,9,,8,3,0.375,-0.6625000000000001,1,3,4,-2,0.5,0.125,0.375
1990,4a8f6b9d60a165e4f99612eb7ad2044a JCSG-370115 A-0,0.0053633749485015,Low impact,3Dstructure\afdb_correct_to_wrong_2500_structures\Q6D6N8.pdb,A,58,,6,3,0.5,-0.2333333333333334,1,0,1,1,0.16666666666666666,0.16666666666666666,0.0
1991,4a8f6b9d60a165e4f99612eb7ad2044a JCSG-370115 A-0,0.005312293767929,Low impact,3Dstructure\afdb_correct_to_wrong_2500_structures\Q6D6N8.pdb,A,196,,8,4,0.5,-0.23750000000000004,3,0,3,3,0.375,0.375,0.0
1992,4a8f6b9d60a165e4f99612eb7ad2044a JCSG-370115 A-0,0.0053036510944366,Low impact,3Dstructure\afdb_correct_to_wrong_2500_structures\Q6D6N8.pdb,A,195,,8,4,0.5,0.19999999999999996,1,0,1,1,0.125,0.125,0.0
1993,4a8f6b9d60a165e4f99612eb7ad2044a JCSG-370115 A-0,0.0052346289157867,Low impact,3Dstructure\afdb_correct_to_wrong_2500_structures\Q6D6N8.pdb,A,48,,6,4,0.6666666666666666,1.0333333333333334,1,0,1,1,0.16666666666666666,0.16666666666666666,0.0
1994,4a8f6b9d60a165e4f99612eb7ad2044a JCSG-370115 A-0,0.0051753222942352,Low impact,3Dstructure\afdb_correct_to_wrong_2500_structures\Q6D6N8.pdb,A,223,,6,0,0.0,-3.8000000000000003,3,2,5,1,0.8333333333333334,0.5,0.3333333333333333
1995,4a8f6b9d60a165e4f99612eb7ad2044a JCSG-370115 A-0,0.0051749646663665,Low impact,3Dstructure\afdb_correct_to_wrong_2500_structures\Q6D6N8.pdb,A,76,,11,7,0.6363636363636364,0.8818181818181817,1,1,2,0,0.18181818181818182,0.09090909090909091,0.09090909090909091
1996,4a8f6b9d60a165e4f99612eb7ad2044a JCSG-370115 A-0,0.0051441490650177,Low impact,3Dstructure\afdb_correct_to_wrong_2500_structures\Q6D6N8.pdb,A,194,,9,5,0.5555555555555556,0.4444444444444444,0,1,1,-1,0.1111111111111111,0.0,0.1111111111111111
1997,4a8f6b9d60a165e4f99612eb7ad2044a JCSG-370115 A-0,0.0051142871379852,Low impact,3Dstructure\afdb_correct_to_wrong_2500_structures\Q6D6N8.pdb,A,88,,15,9,0.6,0.5533333333333333,2,1,3,1,0.2,0.13333333333333333,0.06666666666666667
1998,4a8f6b9d60a165e4f99612eb7ad2044a JCSG-370115 A-0,0.0049425661563873,Low impact,3Dstructure\afdb_correct_to_wrong_2500_structures\Q6D6N8.pdb,A,181,,8,3,0.375,-1.0625,0,2,2,-2,0.25,0.0,0.25
1999,4a8f6b9d60a165e4f99612eb7ad2044a JCSG-370115 A-0,0.0048332512378692,Low impact,3Dstructure\afdb_correct_to_wrong_2500_structures\Q6D6N8.pdb,A,99,,8,4,0.5,1.4124999999999999,0,0,0,0,0.0,0.0,0.0
2000,4a8f6b9d60a165e4f99612eb7ad2044a JCSG-370115 A-0,0.0048212707042694,Low impact,3Dstructure\afdb_correct_to_wrong_2500_structures\Q6D6N8.pdb,A,19,,8,3,0.375,0.062499999999999944,1,2,3,-1,0.375,0.125,0.25
2001,4a8f6b9d60a165e4f99612eb7ad2044a JCSG-370115 A-0,0.0047574937343597,Low impact,3Dstructure\afdb_correct_to_wrong_2500_structures\Q6D6N8.pdb,A,120,,11,6,0.5454545454545454,0.6727272727272727,2,0,2,2,0.18181818181818182,0.18181818181818182,0.0
2002,4a8f6b9d60a165e4f99612eb7ad2044a JCSG-370115 A-0,0.0046013891696929,Low impact,3Dstructure\afdb_correct_to_wrong_2500_structures\Q6D6N8.pdb,A,237,,8,4,0.5,-0.36250000000000016,2,1,3,1,0.375,0.25,0.125
2003,4a8f6b9d60a165e4f99612eb7ad2044a JCSG-370115 A-0,0.0044522583484649,Low impact,3Dstructure\afdb_correct_to_wrong_2500_structures\Q6D6N8.pdb,A,183,,8,2,0.25,-1.3250000000000002,0,4,4,-4,0.5,0.0,0.5
2004,4a8f6b9d60a165e4f99612eb7ad2044a JCSG-370115 A-0,0.0044483244419097,Low impact,3Dstructure\afdb_correct_to_wrong_2500_structures\Q6D6N8.pdb,A,18,,6,1,0.16666666666666666,-1.3,1,1,2,0,0.3333333333333333,0.16666666666666666,0.16666666666666666
2005,4a8f6b9d60a165e4f99612eb7ad2044a JCSG-370115 A-0,0.0044113099575042,Low impact,3Dstructure\afdb_correct_to_wrong_2500_structures\Q6D6N8.pdb,A,202,,7,3,0.42857142857142855,-0.47142857142857153,2,0,2,2,0.2857142857142857,0.2857142857142857,0.0
2006,4a8f6b9d60a165e4f99612eb7ad2044a JCSG-370115 A-0,0.0042841136455535,Low impact,3Dstructure\afdb_correct_to_wrong_2500_structures\Q6D6N8.pdb,A,140,,5,1,0.2,-0.8200000000000001,1,0,1,1,0.2,0.2,0.0
2007,4a8f6b9d60a165e4f99612eb7ad2044a JCSG-370115 A-0,0.0042515695095062,Low impact,3Dstructure\afdb_correct_to_wrong_2500_structures\Q6D6N8.pdb,A,62,,8,3,0.375,0.0625,0,1,1,-1,0.125,0.0,0.125
2008,4a8f6b9d60a165e4f99612eb7ad2044a JCSG-370115 A-0,0.0042382180690765,Low impact,3Dstructure\afdb_correct_to_wrong_2500_structures\Q6D6N8.pdb,A,157,,9,3,0.3333333333333333,-1.2444444444444445,2,1,3,1,0.3333333333333333,0.2222222222222222,0.1111111111111111
2009,04d0afa5e24e09de974b4a52612f1b60 5OD4_1 A-1,0.2923117280006408,High impact,3Dstructure\afdb_correct_to_wrong_2500_structures\A0A0J9W8V2.pdb,A,36,,4,0,0.0,-2.5,1,0,1,1,0.25,0.25,0.0
2010,04d0afa5e24e09de974b4a52612f1b60 5OD4_1 A-1,0.2875012755393982,High impact,3Dstructure\afdb_correct_to_wrong_2500_structures\A0A0J9W8V2.pdb,A,149,,8,3,0.375,-0.6500000000000001,1,1,2,0,0.25,0.125,0.125
2011,04d0afa5e24e09de974b4a52612f1b60 5OD4_1 A-1,0.2728647887706756,High impact,3Dstructure\afdb_correct_to_wrong_2500_structures\A0A0J9W8V2.pdb,A,111,,11,5,0.45454545454545453,-0.5363636363636364,1,3,4,-2,0.36363636363636365,0.09090909090909091,0.2727272727272727
2012,04d0afa5e24e09de974b4a52612f1b60 5OD4_1 A-1,0.2711332142353058,High impact,3Dstructure\afdb_correct_to_wrong_2500_structures\A0A0J9W8V2.pdb,A,86,,8,3,0.375,-0.20000000000000007,2,1,3,1,0.375,0.25,0.125
2013,04d0afa5e24e09de974b4a52612f1b60 5OD4_1 A-1,0.2659865021705627,High impact,3Dstructure\afdb_correct_to_wrong_2500_structures\A0A0J9W8V2.pdb,A,98,,11,5,0.45454545454545453,0.24545454545454548,2,1,3,1,0.2727272727272727,0.18181818181818182,0.09090909090909091
2014,04d0afa5e24e09de974b4a52612f1b60 5OD4_1 A-1,0.2637481987476349,High impact,3Dstructure\afdb_correct_to_wrong_2500_structures\A0A0J9W8V2.pdb,A,115,,15,8,0.5333333333333333,1.0333333333333334,2,1,3,1,0.2,0.13333333333333333,0.06666666666666667
2015,04d0afa5e24e09de974b4a52612f1b60 5OD4_1 A-1,0.2528355419635772,High impact,3Dstructure\afdb_correct_to_wrong_2500_structures\A0A0J9W8V2.pdb,A,148,,7,3,0.42857142857142855,0.14285714285714288,1,1,2,0,0.2857142857142857,0.14285714285714285,0.14285714285714285
2016,04d0afa5e24e09de974b4a52612f1b60 5OD4_1 A-1,0.2482962608337402,High impact,3Dstructure\afdb_correct_to_wrong_2500_structures\A0A0J9W8V2.pdb,A,160,,13,5,0.38461538461538464,-0.20769230769230773,0,3,3,-3,0.23076923076923078,0.0,0.23076923076923078
2017,04d0afa5e24e09de974b4a52612f1b60 5OD4_1 A-1,0.2387445867061615,High impact,3Dstructure\afdb_correct_to_wrong_2500_structures\A0A0J9W8V2.pdb,A,158,,12,6,0.5,0.20833333333333334,1,1,2,0,0.16666666666666666,0.08333333333333333,0.08333333333333333
2018,04d0afa5e24e09de974b4a52612f1b60 5OD4_1 A-1,0.2247120440006256,High impact,3Dstructure\afdb_correct_to_wrong_2500_structures\A0A0J9W8V2.pdb,A,133,,13,6,0.46153846153846156,0.39999999999999997,2,2,4,0,0.3076923076923077,0.15384615384615385,0.15384615384615385
2019,04d0afa5e24e09de974b4a52612f1b60 5OD4_1 A-1,0.2195928990840912,High impact,3Dstructure\afdb_correct_to_wrong_2500_structures\A0A0J9W8V2.pdb,A,100,,13,5,0.38461538461538464,-0.2538461538461539,2,1,3,1,0.23076923076923078,0.15384615384615385,0.07692307692307693
2020,04d0afa5e24e09de974b4a52612f1b60 5OD4_1 A-1,0.2107387781143188,High impact,3Dstructure\afdb_correct_to_wrong_2500_structures\A0A0J9W8V2.pdb,A,116,,13,5,0.38461538461538464,-0.27692307692307694,3,1,4,2,0.3076923076923077,0.23076923076923078,0.07692307692307693
2021,04d0afa5e24e09de974b4a52612f1b60 5OD4_1 A-1,0.2051286995410919,High impact,3Dstructure\afdb_correct_to_wrong_2500_structures\A0A0J9W8V2.pdb,A,62,,4,3,0.75,0.6749999999999999,0,0,0,0,0.0,0.0,0.0
2022,47eddce1db12da369d0408b8d2c6bc8b SECSG-Y39A1A.7 A-0,0.2915809899568558,High impact,3Dstructure\afdb_correct_to_wrong_2500_structures\Q9XX25.pdb,A,1,,2,0,0.0,-0.75,0,0,0,0,0.0,0.0,0.0
2023,fc2c1e87d7178a23c20eea9380c7c4ac MCSG-APC103572 A-0,0.2887295484542846,High impact,3Dstructure\afdb_correct_to_wrong_2500_structures\D2PV20.pdb,A,1,,12,6,0.5,1.3916666666666666,1,0,1,1,0.08333333333333333,0.08333333333333333,0.0
2024,fc2c1e87d7178a23c20eea9380c7c4ac MCSG-APC103572 A-0,0.0849462151527404,High impact,3Dstructure\afdb_correct_to_wrong_2500_structures\D2PV20.pdb,A,35,,9,3,0.3333333333333333,0.03333333333333336,0,1,1,-1,0.1111111111111111,0.0,0.1111111111111111
2029,90604fd64a64cdfead140019c283c1e9 JCSG-475 A-0,0.288703978061676,High impact,3Dstructure\afdb_correct_to_wrong_2500_structures\Q6A4J7.pdb,A,234,,12,5,0.4166666666666667,-0.3166666666666667,3,2,5,1,0.4166666666666667,0.25,0.16666666666666666
2030,90604fd64a64cdfead140019c283c1e9 JCSG-475 A-0,0.248237133026123,High impact,3Dstructure\afdb_correct_to_wrong_2500_structures\Q6A4J7.pdb,A,260,,7,5,0.7142857142857143,1.7285714285714289,2,0,2,2,0.2857142857142857,0.2857142857142857,0.0
2031,90604fd64a64cdfead140019c283c1e9 JCSG-475 A-0,0.200279951095581,High impact,3Dstructure\afdb_correct_to_wrong_2500_structures\Q6A4J7.pdb,A,256,,8,4,0.5,0.7875,2,0,2,2,0.25,0.25,0.0
2032,90604fd64a64cdfead140019c283c1e9 JCSG-475 A-0,0.0909461379051208,High impact,3Dstructure\afdb_correct_to_wrong_2500_structures\Q6A4J7.pdb,A,232,,13,7,0.5384615384615384,1.515384615384615,2,0,2,2,0.15384615384615385,0.15384615384615385,0.0
2033,90604fd64a64cdfead140019c283c1e9 JCSG-475 A-0,0.075973093509674,High impact,3Dstructure\afdb_correct_to_wrong_2500_structures\Q6A4J7.pdb,A,253,,11,6,0.5454545454545454,0.8727272727272726,1,0,1,1,0.09090909090909091,0.09090909090909091,0.0
2034,90604fd64a64cdfead140019c283c1e9 JCSG-475 A-0,0.0727368593215942,High impact,3Dstructure\afdb_correct_to_wrong_2500_structures\Q6A4J7.pdb,A,282,,7,2,0.2857142857142857,-1.0714285714285714,1,2,3,-1,0.42857142857142855,0.14285714285714285,0.2857142857142857
2053,3eaf98ed85a0232ad4b1a2d82b2bf596 JCSG-383913 A-0,0.2878413796424866,High impact,3Dstructure\afdb_correct_to_wrong_2500_structures\A2SJV8.pdb,A,1,,2,0,0.0,-2.15,0,1,1,-1,0.5,0.0,0.5
2054,3eaf98ed85a0232ad4b1a2d82b2bf596 JCSG-383913 A-0,0.0854742527008056,High impact,3Dstructure\afdb_correct_to_wrong_2500_structures\A2SJV8.pdb,A,13,,9,5,0.5555555555555556,0.5444444444444445,1,1,2,0,0.2222222222222222,0.1111111111111111,0.1111111111111111
2055,3eaf98ed85a0232ad4b1a2d82b2bf596 JCSG-383913 A-0,0.0811522603034973,High impact,3Dstructure\afdb_correct_to_wrong_2500_structures\A2SJV8.pdb,A,7,,6,1,0.16666666666666666,-1.2333333333333334,1,1,2,0,0.3333333333333333,0.16666666666666666,0.16666666666666666
2070,c4638b90de48059962db678492ece126 SGPP-Lmaj00905AAA A-1,0.2247270941734314,High impact,3Dstructure\afdb_correct_to_wrong_2500_structures\A0A504XBD3.pdb,A,179,,10,4,0.4,0.7999999999999997,1,1,2,0,0.2,0.1,0.1
2076,c4638b90de48059962db678492ece126 SGPP-Lmaj00905AAA A-1,0.1565301418304443,High impact,3Dstructure\afdb_correct_to_wrong_2500_structures\A0A504XBD3.pdb,A,82,,8,2,0.25,-0.9125000000000001,2,1,3,1,0.375,0.25,0.125
2077,c4638b90de48059962db678492ece126 SGPP-Lmaj00905AAA A-1,0.153890460729599,High impact,3Dstructure\afdb_correct_to_wrong_2500_structures\A0A504XBD3.pdb,A,80,,8,5,0.625,1.25,1,0,1,1,0.125,0.125,0.0
2082,60e1b74aaa5f47fb35a995c3aec84ca3 NESG-FR826C A-1,0.2783249914646148,High impact,3Dstructure\afdb_correct_to_wrong_2500_structures\Q960C3.pdb,A,528,,5,1,0.2,-1.56,1,2,3,-1,0.6,0.2,0.4
2085,60e1b74aaa5f47fb35a995c3aec84ca3 NESG-FR826C A-1,0.2717688679695129,High impact,3Dstructure\afdb_correct_to_wrong_2500_structures\Q960C3.pdb,A,532,,8,1,0.125,-0.4625,1,0,1,1,0.125,0.125,0.0
2086,60e1b74aaa5f47fb35a995c3aec84ca3 NESG-FR826C A-1,0.2705329358577728,High impact,3Dstructure\afdb_correct_to_wrong_2500_structures\Q960C3.pdb,A,514,,4,2,0.5,1.0,0,0,0,0,0.0,0.0,0.0
2087,60e1b74aaa5f47fb35a995c3aec84ca3 NESG-FR826C A-1,0.2670097351074219,High impact,3Dstructure\afdb_correct_to_wrong_2500_structures\Q960C3.pdb,A,534,,4,1,0.25,-0.725,0,0,0,0,0.0,0.0,0.0
2091,c87051f465e2cd6f8070124fe22f49d9 CESG-GO.35230 A-0,0.2803032398223877,High impact,3Dstructure\afdb_correct_to_wrong_2500_structures\A0A6D2XXR6.pdb,A,1,,2,0,0.0,-2.1,0,1,1,-1,0.5,0.0,0.5
2092,5fe87d3d23bc7f2f8f20dc0f5e1ba2f0 MCSG-APC65144.1 A-0,0.2801185846328735,High impact,3Dstructure\afdb_correct_to_wrong_2500_structures\Q0SGA6.pdb,A,272,,10,3,0.3,-1.7,1,2,3,-1,0.3,0.1,0.2
2093,5fe87d3d23bc7f2f8f20dc0f5e1ba2f0 MCSG-APC65144.1 A-0,0.2579099535942077,High impact,3Dstructure\afdb_correct_to_wrong_2500_structures\Q0SGA6.pdb,A,227,,10,7,0.7,1.25,0,1,1,-1,0.1,0.0,0.1
2094,5fe87d3d23bc7f2f8f20dc0f5e1ba2f0 MCSG-APC65144.1 A-0,0.2452381253242492,High impact,3Dstructure\afdb_correct_to_wrong_2500_structures\Q0SGA6.pdb,A,283,,10,3,0.3,-1.5000000000000002,2,2,4,0,0.4,0.2,0.2
2095,5fe87d3d23bc7f2f8f20dc0f5e1ba2f0 MCSG-APC65144.1 A-0,0.2446792125701904,High impact,3Dstructure\afdb_correct_to_wrong_2500_structures\Q0SGA6.pdb,A,291,,12,7,0.5833333333333334,1.7666666666666668,1,0,1,1,0.08333333333333333,0.08333333333333333,0.0
2096,5fe87d3d23bc7f2f8f20dc0f5e1ba2f0 MCSG-APC65144.1 A-0,0.2241051793098449,High impact,3Dstructure\afdb_correct_to_wrong_2500_structures\Q0SGA6.pdb,A,307,,13,7,0.5384615384615384,0.7692307692307693,1,0,1,1,0.07692307692307693,0.07692307692307693,0.0
2097,38dc3451fd6df74ad6785374470b0b2c JCSG-416796 A-1,0.2796598672866821,High impact,3Dstructure\afdb_correct_to_wrong_2500_structures\A0A072ZPW9.pdb,A,49,,7,3,0.42857142857142855,-0.45714285714285724,0,2,2,-2,0.2857142857142857,0.0,0.2857142857142857
2098,38dc3451fd6df74ad6785374470b0b2c JCSG-416796 A-1,0.2791174650192261,High impact,3Dstructure\afdb_correct_to_wrong_2500_structures\A0A072ZPW9.pdb,A,51,,12,7,0.5833333333333334,0.5833333333333335,0,2,2,-2,0.16666666666666666,0.0,0.16666666666666666
2099,38dc3451fd6df74ad6785374470b0b2c JCSG-416796 A-1,0.2506084740161896,High impact,3Dstructure\afdb_correct_to_wrong_2500_structures\A0A072ZPW9.pdb,A,85,,9,5,0.5555555555555556,0.0777777777777777,1,1,2,0,0.2222222222222222,0.1111111111111111,0.1111111111111111
2100,38dc3451fd6df74ad6785374470b0b2c JCSG-416796 A-1,0.2148661613464355,High impact,3Dstructure\afdb_correct_to_wrong_2500_structures\A0A072ZPW9.pdb,A,90,,13,6,0.46153846153846156,0.2615384615384614,2,1,3,1,0.23076923076923078,0.15384615384615385,0.07692307692307693
2101,38dc3451fd6df74ad6785374470b0b2c JCSG-416796 A-1,0.2055326700210571,High impact,3Dstructure\afdb_correct_to_wrong_2500_structures\A0A072ZPW9.pdb,A,186,,10,5,0.5,0.38999999999999996,1,1,2,0,0.2,0.1,0.1
2102,38dc3451fd6df74ad6785374470b0b2c JCSG-416796 A-1,0.2051869630813598,High impact,3Dstructure\afdb_correct_to_wrong_2500_structures\A0A072ZPW9.pdb,A,111,,11,8,0.7272727272727273,2.354545454545455,0,0,0,0,0.0,0.0,0.0
2103,38dc3451fd6df74ad6785374470b0b2c JCSG-416796 A-1,0.2013435363769531,High impact,3Dstructure\afdb_correct_to_wrong_2500_structures\A0A072ZPW9.pdb,A,88,,9,5,0.5555555555555556,0.3222222222222222,2,1,3,1,0.3333333333333333,0.2222222222222222,0.1111111111111111
2104,38dc3451fd6df74ad6785374470b0b2c JCSG-416796 A-1,0.1913105845451355,High impact,3Dstructure\afdb_correct_to_wrong_2500_structures\A0A072ZPW9.pdb,A,171,,8,1,0.125,-2.1624999999999996,4,0,4,4,0.5,0.5,0.0
2105,38dc3451fd6df74ad6785374470b0b2c JCSG-416796 A-1,0.1874072551727295,High impact,3Dstructure\afdb_correct_to_wrong_2500_structures\A0A072ZPW9.pdb,A,41,,13,8,0.6153846153846154,1.2153846153846155,3,1,4,2,0.3076923076923077,0.23076923076923078,0.07692307692307693
2106,38dc3451fd6df74ad6785374470b0b2c JCSG-416796 A-1,0.1858837902545929,High impact,3Dstructure\afdb_correct_to_wrong_2500_structures\A0A072ZPW9.pdb,A,157,,8,5,0.625,-0.23750000000000004,1,2,3,-1,0.375,0.125,0.25
2107,38dc3451fd6df74ad6785374470b0b2c JCSG-416796 A-1,0.1743678450584411,High impact,3Dstructure\afdb_correct_to_wrong_2500_structures\A0A072ZPW9.pdb,A,127,,14,7,0.5,0.3428571428571428,3,0,3,3,0.21428571428571427,0.21428571428571427,0.0
2108,38dc3451fd6df74ad6785374470b0b2c JCSG-416796 A-1,0.1743234694004058,High impact,3Dstructure\afdb_correct_to_wrong_2500_structures\A0A072ZPW9.pdb,A,165,,8,4,0.5,0.7375,0,0,0,0,0.0,0.0,0.0
2109,38dc3451fd6df74ad6785374470b0b2c JCSG-416796 A-1,0.1725321412086486,High impact,3Dstructure\afdb_correct_to_wrong_2500_structures\A0A072ZPW9.pdb,A,92,,7,3,0.42857142857142855,0.028571428571428532,2,0,2,2,0.2857142857142857,0.2857142857142857,0.0
2110,38dc3451fd6df74ad6785374470b0b2c JCSG-416796 A-1,0.1704901456832885,High impact,3Dstructure\afdb_correct_to_wrong_2500_structures\A0A072ZPW9.pdb,A,117,,9,3,0.3333333333333333,-1.2000000000000002,3,1,4,2,0.4444444444444444,0.3333333333333333,0.1111111111111111
2111,38dc3451fd6df74ad6785374470b0b2c JCSG-416796 A-1,0.1555346846580505,High impact,3Dstructure\afdb_correct_to_wrong_2500_structures\A0A072ZPW9.pdb,A,39,,13,6,0.46153846153846156,-0.16923076923076924,4,0,4,4,0.3076923076923077,0.3076923076923077,0.0
2112,38dc3451fd6df74ad6785374470b0b2c JCSG-416796 A-1,0.1541077494621276,High impact,3Dstructure\afdb_correct_to_wrong_2500_structures\A0A072ZPW9.pdb,A,66,,9,2,0.2222222222222222,-0.8000000000000002,3,0,3,3,0.3333333333333333,0.3333333333333333,0.0
2113,38dc3451fd6df74ad6785374470b0b2c JCSG-416796 A-1,0.151429146528244,High impact,3Dstructure\afdb_correct_to_wrong_2500_structures\A0A072ZPW9.pdb,A,95,,15,5,0.3333333333333333,-0.9933333333333335,5,2,7,3,0.4666666666666667,0.3333333333333333,0.13333333333333333
2114,38dc3451fd6df74ad6785374470b0b2c JCSG-416796 A-1,0.1499179601669311,High impact,3Dstructure\afdb_correct_to_wrong_2500_structures\A0A072ZPW9.pdb,A,153,,9,5,0.5555555555555556,0.055555555555555504,1,2,3,-1,0.3333333333333333,0.1111111111111111,0.2222222222222222
2115,38dc3451fd6df74ad6785374470b0b2c JCSG-416796 A-1,0.1492425501346588,High impact,3Dstructure\afdb_correct_to_wrong_2500_structures\A0A072ZPW9.pdb,A,123,,11,5,0.45454545454545453,0.8636363636363638,1,0,1,1,0.09090909090909091,0.09090909090909091,0.0
2116,38dc3451fd6df74ad6785374470b0b2c JCSG-416796 A-1,0.1398511230945587,High impact,3Dstructure\afdb_correct_to_wrong_2500_structures\A0A072ZPW9.pdb,A,89,,9,3,0.3333333333333333,-0.9666666666666666,3,1,4,2,0.4444444444444444,0.3333333333333333,0.1111111111111111
2117,38dc3451fd6df74ad6785374470b0b2c JCSG-416796 A-1,0.1392568945884704,High impact,3Dstructure\afdb_correct_to_wrong_2500_structures\A0A072ZPW9.pdb,A,31,,8,3,0.375,-0.36249999999999993,3,0,3,3,0.375,0.375,0.0
2118,38dc3451fd6df74ad6785374470b0b2c JCSG-416796 A-1,0.1357921063899994,High impact,3Dstructure\afdb_correct_to_wrong_2500_structures\A0A072ZPW9.pdb,A,130,,12,4,0.3333333333333333,-0.8666666666666667,2,0,2,2,0.16666666666666666,0.16666666666666666,0.0
2119,38dc3451fd6df74ad6785374470b0b2c JCSG-416796 A-1,0.1352600455284118,High impact,3Dstructure\afdb_correct_to_wrong_2500_structures\A0A072ZPW9.pdb,A,94,,9,2,0.2222222222222222,-1.5444444444444445,3,2,5,1,0.5555555555555556,0.3333333333333333,0.2222222222222222
2120,38dc3451fd6df74ad6785374470b0b2c JCSG-416796 A-1,0.1299864947795868,High impact,3Dstructure\afdb_correct_to_wrong_2500_structures\A0A072ZPW9.pdb,A,46,,13,6,0.46153846153846156,0.5384615384615384,1,1,2,0,0.15384615384615385,0.07692307692307693,0.07692307692307693
2121,38dc3451fd6df74ad6785374470b0b2c JCSG-416796 A-1,0.115622878074646,High impact,3Dstructure\afdb_correct_to_wrong_2500_structures\A0A072ZPW9.pdb,A,176,,8,4,0.5,0.6125,2,0,2,2,0.25,0.25,0.0
2122,38dc3451fd6df74ad6785374470b0b2c JCSG-416796 A-1,0.1155000030994415,High impact,3Dstructure\afdb_correct_to_wrong_2500_structures\A0A072ZPW9.pdb,A,36,,10,3,0.3,-1.64,4,0,4,4,0.4,0.4,0.0
2123,38dc3451fd6df74ad6785374470b0b2c JCSG-416796 A-1,0.1092041730880737,High impact,3Dstructure\afdb_correct_to_wrong_2500_structures\A0A072ZPW9.pdb,A,83,,15,7,0.4666666666666667,0.45999999999999996,1,1,2,0,0.13333333333333333,0.06666666666666667,0.06666666666666667
2124,38dc3451fd6df74ad6785374470b0b2c JCSG-416796 A-1,0.1082650125026702,High impact,3Dstructure\afdb_correct_to_wrong_2500_structures\A0A072ZPW9.pdb,A,155,,10,6,0.6,0.20999999999999996,0,2,2,-2,0.2,0.0,0.2
2125,38dc3451fd6df74ad6785374470b0b2c JCSG-416796 A-1,0.1039575040340423,High impact,3Dstructure\afdb_correct_to_wrong_2500_structures\A0A072ZPW9.pdb,A,38,,14,5,0.35714285714285715,-0.7357142857142858,4,0,4,4,0.2857142857142857,0.2857142857142857,0.0
2126,38dc3451fd6df74ad6785374470b0b2c JCSG-416796 A-1,0.0994766056537628,High impact,3Dstructure\afdb_correct_to_wrong_2500_structures\A0A072ZPW9.pdb,A,26,,10,5,0.5,0.73,3,0,3,3,0.3,0.3,0.0
2127,38dc3451fd6df74ad6785374470b0b2c JCSG-416796 A-1,0.0961834788322448,High impact,3Dstructure\afdb_correct_to_wrong_2500_structures\A0A072ZPW9.pdb,A,27,,12,5,0.4166666666666667,0.2666666666666666,2,1,3,1,0.25,0.16666666666666666,0.08333333333333333
2128,38dc3451fd6df74ad6785374470b0b2c JCSG-416796 A-1,0.0955945253372192,High impact,3Dstructure\afdb_correct_to_wrong_2500_structures\A0A072ZPW9.pdb,A,128,,14,3,0.21428571428571427,-1.5071428571428573,3,1,4,2,0.2857142857142857,0.21428571428571427,0.07142857142857142
2129,38dc3451fd6df74ad6785374470b0b2c JCSG-416796 A-1,0.0925379991531372,High impact,3Dstructure\afdb_correct_to_wrong_2500_structures\A0A072ZPW9.pdb,A,124,,13,6,0.46153846153846156,1.3000000000000003,1,0,1,1,0.07692307692307693,0.07692307692307693,0.0
2130,38dc3451fd6df74ad6785374470b0b2c JCSG-416796 A-1,0.0867465734481811,High impact,3Dstructure\afdb_correct_to_wrong_2500_structures\A0A072ZPW9.pdb,A,160,,9,4,0.4444444444444444,-0.4666666666666667,2,1,3,1,0.3333333333333333,0.2222222222222222,0.1111111111111111
2131,38dc3451fd6df74ad6785374470b0b2c JCSG-416796 A-1,0.0849526226520538,High impact,3Dstructure\afdb_correct_to_wrong_2500_structures\A0A072ZPW9.pdb,A,138,,6,1,0.16666666666666666,-2.1833333333333336,1,2,3,-1,0.5,0.16666666666666666,0.3333333333333333
2132,38dc3451fd6df74ad6785374470b0b2c JCSG-416796 A-1,0.0838301479816436,High impact,3Dstructure\afdb_correct_to_wrong_2500_structures\A0A072ZPW9.pdb,A,112,,15,11,0.7333333333333333,1.9266666666666667,0,0,0,0,0.0,0.0,0.0
2133,38dc3451fd6df74ad6785374470b0b2c JCSG-416796 A-1,0.0831108689308166,High impact,3Dstructure\afdb_correct_to_wrong_2500_structures\A0A072ZPW9.pdb,A,59,,9,3,0.3333333333333333,-0.6222222222222222,2,0,2,2,0.2222222222222222,0.2222222222222222,0.0
2134,38dc3451fd6df74ad6785374470b0b2c JCSG-416796 A-1,0.0821940898895263,High impact,3Dstructure\afdb_correct_to_wrong_2500_structures\A0A072ZPW9.pdb,A,174,,7,1,0.14285714285714285,-2.2142857142857144,3,1,4,2,0.5714285714285714,0.42857142857142855,0.14285714285714285
2136,e9f13bcf35c5ad25bbe24389c55f8e7a MCSG-APC23424 A-0,0.2793898284435272,High impact,3Dstructure\afdb_correct_to_wrong_2500_structures\A0A0F6B1S8.pdb,A,1,,2,0,0.0,-3.05,1,0,1,1,0.5,0.5,0.0
2137,d81797903108536659f1798dda339416 JCSG-360704 A-0,0.2788916826248169,High impact,3Dstructure\afdb_correct_to_wrong_2500_structures\Q9S088.pdb,A,1,,2,1,0.5,1.85,0,0,0,0,0.0,0.0,0.0
2138,9f53e4338f8159c67473da248984b76a JCSG-359629 A-0,0.2775305211544037,High impact,3Dstructure\afdb_correct_to_wrong_2500_structures\A0A0H2UNH1.pdb,A,1,,2,1,0.5,-1.4500000000000002,0,0,0,0,0.0,0.0,0.0
2139,9f53e4338f8159c67473da248984b76a JCSG-359629 A-0,0.1381563246250152,High impact,3Dstructure\afdb_correct_to_wrong_2500_structures\A0A0H2UNH1.pdb,A,137,,17,10,0.5882352941176471,0.3999999999999999,1,1,2,0,0.11764705882352941,0.058823529411764705,0.058823529411764705
2140,9f53e4338f8159c67473da248984b76a JCSG-359629 A-0,0.1034897863864898,High impact,3Dstructure\afdb_correct_to_wrong_2500_structures\A0A0H2UNH1.pdb,A,47,,12,6,0.5,0.22499999999999995,2,0,2,2,0.16666666666666666,0.16666666666666666,0.0
2141,9f53e4338f8159c67473da248984b76a JCSG-359629 A-0,0.0931087434291839,High impact,3Dstructure\afdb_correct_to_wrong_2500_structures\A0A0H2UNH1.pdb,A,77,,15,7,0.4666666666666667,0.3266666666666666,2,1,3,1,0.2,0.13333333333333333,0.06666666666666667
2142,9f53e4338f8159c67473da248984b76a JCSG-359629 A-0,0.0876616537570953,High impact,3Dstructure\afdb_correct_to_wrong_2500_structures\A0A0H2UNH1.pdb,A,30,,13,8,0.6153846153846154,0.8461538461538461,0,1,1,-1,0.07692307692307693,0.0,0.07692307692307693
2143,9f53e4338f8159c67473da248984b76a JCSG-359629 A-0,0.0796314775943756,High impact,3Dstructure\afdb_correct_to_wrong_2500_structures\A0A0H2UNH1.pdb,A,36,,12,7,0.5833333333333334,0.6333333333333333,0,0,0,0,0.0,0.0,0.0
2144,9f53e4338f8159c67473da248984b76a JCSG-359629 A-0,0.072369784116745,High impact,3Dstructure\afdb_correct_to_wrong_2500_structures\A0A0H2UNH1.pdb,A,131,,18,9,0.5,0.4499999999999999,2,0,2,2,0.1111111111111111,0.1111111111111111,0.0
2145,9f53e4338f8159c67473da248984b76a JCSG-359629 A-0,0.0714727938175201,High impact,3Dstructure\afdb_correct_to_wrong_2500_structures\A0A0H2UNH1.pdb,A,40,,13,9,0.6923076923076923,0.6076923076923078,0,1,1,-1,0.07692307692307693,0.0,0.07692307692307693
2148,7a3a574ccfcfe78c6d57e8053d6cdb36 SECSG-Pfu-396648-001 A-0,0.1605793237686157,High impact,3Dstructure\afdb_correct_to_wrong_2500_structures\A0A5C0XMM3.pdb,A,46,,14,5,0.35714285714285715,-1.1142857142857143,3,2,5,1,0.35714285714285715,0.21428571428571427,0.14285714285714285
2151,7a3a574ccfcfe78c6d57e8053d6cdb36 SECSG-Pfu-396648-001 A-0,0.071431815624237,High impact,3Dstructure\afdb_correct_to_wrong_2500_structures\A0A5C0XMM3.pdb,A,50,,13,6,0.46153846153846156,-0.1461538461538462,3,1,4,2,0.3076923076923077,0.23076923076923078,0.07692307692307693
2152,25d3b2e902adcc08d7c5884c1767065f BSGI-C3519_ECOL6 A-0,0.2769482135772705,High impact,3Dstructure\afdb_correct_to_wrong_2500_structures\A0A0H2VAL1.pdb,A,1,,2,1,0.5,3.15,0,0,0,0,0.0,0.0,0.0
2153,b57e4c0eb1c47de405009e1ebb928214 BSGI-RVFA_LEGPH A-0,0.2768100500106811,High impact,3Dstructure\afdb_correct_to_wrong_2500_structures\A0A2S6F6G8.pdb,A,1,,4,3,0.75,1.5499999999999998,1,0,1,1,0.25,0.25,0.0
2172,d4a877d8c75843e12206f9254821d6e5 1ZD0_1 A-1,0.2758266925811767,High impact,3Dstructure\afdb_correct_to_wrong_2500_structures\A0A5C0XP90.pdb,A,22,,10,5,0.5,0.5299999999999999,1,2,3,-1,0.3,0.1,0.2
2173,d4a877d8c75843e12206f9254821d6e5 1ZD0_1 A-1,0.2376129329204559,High impact,3Dstructure\afdb_correct_to_wrong_2500_structures\A0A5C0XP90.pdb,A,23,,12,4,0.3333333333333333,-1.15,2,3,5,-1,0.4166666666666667,0.16666666666666666,0.25
2175,d4a877d8c75843e12206f9254821d6e5 1ZD0_1 A-1,0.2083662152290344,High impact,3Dstructure\afdb_correct_to_wrong_2500_structures\A0A5C0XP90.pdb,A,94,,14,9,0.6428571428571429,0.5071428571428572,2,1,3,1,0.21428571428571427,0.14285714285714285,0.07142857142857142
2176,d4a877d8c75843e12206f9254821d6e5 1ZD0_1 A-1,0.1848025619983673,High impact,3Dstructure\afdb_correct_to_wrong_2500_structures\A0A5C0XP90.pdb,A,19,,9,3,0.3333333333333333,-1.2111111111111112,1,3,4,-2,0.4444444444444444,0.1111111111111111,0.3333333333333333
2178,d4a877d8c75843e12206f9254821d6e5 1ZD0_1 A-1,0.1618233919143676,High impact,3Dstructure\afdb_correct_to_wrong_2500_structures\A0A5C0XP90.pdb,A,101,,6,2,0.3333333333333333,-0.5333333333333333,0,1,1,-1,0.16666666666666666,0.0,0.16666666666666666
2179,d4a877d8c75843e12206f9254821d6e5 1ZD0_1 A-1,0.1539353132247924,High impact,3Dstructure\afdb_correct_to_wrong_2500_structures\A0A5C0XP90.pdb,A,92,,8,3,0.375,-1.0,1,2,3,-1,0.375,0.125,0.25
2180,d4a877d8c75843e12206f9254821d6e5 1ZD0_1 A-1,0.1511541604995727,High impact,3Dstructure\afdb_correct_to_wrong_2500_structures\A0A5C0XP90.pdb,A,127,,6,3,0.5,-1.1666666666666667,2,1,3,1,0.5,0.3333333333333333,0.16666666666666666
2181,d4a877d8c75843e12206f9254821d6e5 1ZD0_1 A-1,0.1385372281074524,High impact,3Dstructure\afdb_correct_to_wrong_2500_structures\A0A5C0XP90.pdb,A,89,,10,5,0.5,0.6799999999999997,1,1,2,0,0.2,0.1,0.1
2182,d4a877d8c75843e12206f9254821d6e5 1ZD0_1 A-1,0.1375681161880493,High impact,3Dstructure\afdb_correct_to_wrong_2500_structures\A0A5C0XP90.pdb,A,61,,10,5,0.5,-0.16999999999999998,2,2,4,0,0.4,0.2,0.2
2183,d4a877d8c75843e12206f9254821d6e5 1ZD0_1 A-1,0.1355732977390289,High impact,3Dstructure\afdb_correct_to_wrong_2500_structures\A0A5C0XP90.pdb,A,95,,14,9,0.6428571428571429,1.3142857142857143,1,1,2,0,0.14285714285714285,0.07142857142857142,0.07142857142857142
2184,d4a877d8c75843e12206f9254821d6e5 1ZD0_1 A-1,0.1346106827259063,High impact,3Dstructure\afdb_correct_to_wrong_2500_structures\A0A5C0XP90.pdb,A,130,,8,5,0.625,-0.25,1,2,3,-1,0.375,0.125,0.25
2185,d4a877d8c75843e12206f9254821d6e5 1ZD0_1 A-1,0.1338865160942077,High impact,3Dstructure\afdb_correct_to_wrong_2500_structures\A0A5C0XP90.pdb,A,79,,7,3,0.42857142857142855,-0.7,2,1,3,1,0.42857142857142855,0.2857142857142857,0.14285714285714285
2186,d4a877d8c75843e12206f9254821d6e5 1ZD0_1 A-1,0.1305719017982483,High impact,3Dstructure\afdb_correct_to_wrong_2500_structures\A0A5C0XP90.pdb,A,18,,13,4,0.3076923076923077,-1.0846153846153848,2,3,5,-1,0.38461538461538464,0.15384615384615385,0.23076923076923078
2187,d4a877d8c75843e12206f9254821d6e5 1ZD0_1 A-1,0.111486405134201,High impact,3Dstructure\afdb_correct_to_wrong_2500_structures\A0A5C0XP90.pdb,A,105,,7,3,0.42857142857142855,-0.3285714285714286,1,0,1,1,0.14285714285714285,0.14285714285714285,0.0
2188,d4a877d8c75843e12206f9254821d6e5 1ZD0_1 A-1,0.1051975190639495,High impact,3Dstructure\afdb_correct_to_wrong_2500_structures\A0A5C0XP90.pdb,A,49,,11,11,1.0,3.7727272727272734,0,0,0,0,0.0,0.0,0.0
2189,d4a877d8c75843e12206f9254821d6e5 1ZD0_1 A-1,0.1005357205867767,High impact,3Dstructure\afdb_correct_to_wrong_2500_structures\A0A5C0XP90.pdb,A,76,,11,6,0.5454545454545454,0.5909090909090909,2,1,3,1,0.2727272727272727,0.18181818181818182,0.09090909090909091
2190,d4a877d8c75843e12206f9254821d6e5 1ZD0_1 A-1,0.0925803780555725,High impact,3Dstructure\afdb_correct_to_wrong_2500_structures\A0A5C0XP90.pdb,A,129,,11,4,0.36363636363636365,-1.1454545454545453,3,3,6,0,0.5454545454545454,0.2727272727272727,0.2727272727272727
2191,d4a877d8c75843e12206f9254821d6e5 1ZD0_1 A-1,0.0915237367153167,High impact,3Dstructure\afdb_correct_to_wrong_2500_structures\A0A5C0XP90.pdb,A,125,,6,3,0.5,-0.19999999999999998,1,1,2,0,0.3333333333333333,0.16666666666666666,0.16666666666666666
2192,d4a877d8c75843e12206f9254821d6e5 1ZD0_1 A-1,0.089600533246994,High impact,3Dstructure\afdb_correct_to_wrong_2500_structures\A0A5C0XP90.pdb,A,58,,7,2,0.2857142857142857,-1.0714285714285714,3,0,3,3,0.42857142857142855,0.42857142857142855,0.0
2193,d4a877d8c75843e12206f9254821d6e5 1ZD0_1 A-1,0.0884778499603271,High impact,3Dstructure\afdb_correct_to_wrong_2500_structures\A0A5C0XP90.pdb,A,75,,11,6,0.5454545454545454,0.5909090909090909,2,1,3,1,0.2727272727272727,0.18181818181818182,0.09090909090909091
2194,d4a877d8c75843e12206f9254821d6e5 1ZD0_1 A-1,0.0883118212223053,High impact,3Dstructure\afdb_correct_to_wrong_2500_structures\A0A5C0XP90.pdb,A,109,,8,5,0.625,1.5875,0,0,0,0,0.0,0.0,0.0
2195,d812bcd8cceee5c282aaa5a5cd96a315 4IT4_1 A-1,0.275539368391037,High impact,3Dstructure\afdb_correct_to_wrong_2500_structures\A0A6P8KIJ1.pdb,A,153,,15,8,0.5333333333333333,0.6866666666666666,1,1,2,0,0.13333333333333333,0.06666666666666667,0.06666666666666667
2196,d812bcd8cceee5c282aaa5a5cd96a315 4IT4_1 A-1,0.2646530866622925,High impact,3Dstructure\afdb_correct_to_wrong_2500_structures\A0A6P8KIJ1.pdb,A,21,,8,4,0.5,0.3875,1,1,2,0,0.25,0.125,0.125
2197,d812bcd8cceee5c282aaa5a5cd96a315 4IT4_1 A-1,0.2566108405590057,High impact,3Dstructure\afdb_correct_to_wrong_2500_structures\A0A6P8KIJ1.pdb,A,94,,15,8,0.5333333333333333,0.9266666666666665,1,1,2,0,0.13333333333333333,0.06666666666666667,0.06666666666666667
2198,d812bcd8cceee5c282aaa5a5cd96a315 4IT4_1 A-1,0.2560198009014129,High impact,3Dstructure\afdb_correct_to_wrong_2500_structures\A0A6P8KIJ1.pdb,A,13,,5,1,0.2,-1.7,2,1,3,1,0.6,0.4,0.2
2208,633ba8aeb741dc14d6f024715e804a4a MCSG-APC62945.1 A-0,0.2725214064121246,High impact,3Dstructure\afdb_correct_to_wrong_2500_structures\Q74B77.pdb,A,1,,2,1,0.5,0.1499999999999999,0,1,1,-1,0.5,0.0,0.5
2250,3b0684971261256bf0f6992514c34839 5IC7_1 A-1,0.2709227204322815,High impact,3Dstructure\afdb_correct_to_wrong_2500_structures\G0SBN9.pdb,A,470,,14,3,0.21428571428571427,-1.4928571428571427,2,2,4,0,0.2857142857142857,0.14285714285714285,0.14285714285714285
2251,3b0684971261256bf0f6992514c34839 5IC7_1 A-1,0.0784913599491119,High impact,3Dstructure\afdb_correct_to_wrong_2500_structures\G0SBN9.pdb,A,290,,14,10,0.7142857142857143,1.192857142857143,2,0,2,2,0.14285714285714285,0.14285714285714285,0.0
2252,3b0684971261256bf0f6992514c34839 5IC7_1 A-1,0.07828950881958,High impact,3Dstructure\afdb_correct_to_wrong_2500_structures\G0SBN9.pdb,A,287,,10,5,0.5,-0.2299999999999999,3,1,4,2,0.4,0.3,0.1
2253,3b0684971261256bf0f6992514c34839 5IC7_1 A-1,0.0672631561756134,High impact,3Dstructure\afdb_correct_to_wrong_2500_structures\G0SBN9.pdb,A,204,,4,2,0.5,1.0,0,0,0,0,0.0,0.0,0.0
2268,7473808dbe94336f75765c6c8b278a98 SGPP-Tbru014285AAA A-0,0.2699629068374634,High impact,3Dstructure\afdb_correct_to_wrong_2500_structures\A0A1G4I2U9.pdb,A,1,,2,0,0.0,-3.5,0,0,0,0,0.0,0.0,0.0
2272,93982cd66fe628826dd14713fe61bb4b TB-Rv1590 A-0,0.2672512531280517,High impact,3Dstructure\afdb_correct_to_wrong_2500_structures\A0A045IT40.pdb,A,1,,2,1,0.5,0.3500000000000001,0,1,1,-1,0.5,0.0,0.5
2273,93982cd66fe628826dd14713fe61bb4b TB-Rv1590 A-0,0.0966097116470336,High impact,3Dstructure\afdb_correct_to_wrong_2500_structures\A0A045IT40.pdb,A,41,,11,7,0.6363636363636364,0.972727272727273,1,1,2,0,0.18181818181818182,0.09090909090909091,0.09090909090909091
2274,93982cd66fe628826dd14713fe61bb4b TB-Rv1590 A-0,0.084726333618164,High impact,3Dstructure\afdb_correct_to_wrong_2500_structures\A0A045IT40.pdb,A,11,,10,4,0.4,-0.47000000000000003,2,0,2,2,0.2,0.2,0.0
2275,93982cd66fe628826dd14713fe61bb4b TB-Rv1590 A-0,0.0684397220611572,High impact,3Dstructure\afdb_correct_to_wrong_2500_structures\A0A045IT40.pdb,A,67,,12,1,0.08333333333333333,-1.6666666666666667,3,0,3,3,0.25,0.25,0.0
2305,15996a01a5abdbca5e7555e8f0bef679 MCSG-APC22106 A-0,0.2654265463352203,High impact,3Dstructure\afdb_correct_to_wrong_2500_structures\A0A0C7CUC5.pdb,A,1,,2,2,1.0,4.35,0,0,0,0,0.0,0.0,0.0
2307,75340c21ce6344d652e43c9fe979814f JCSG-595 A-0,0.1999042630195617,High impact,3Dstructure\afdb_correct_to_wrong_2500_structures\O44196.pdb,A,61,,8,4,0.5,0.36249999999999993,1,0,1,1,0.125,0.125,0.0
2308,75340c21ce6344d652e43c9fe979814f JCSG-595 A-0,0.1968868374824524,High impact,3Dstructure\afdb_correct_to_wrong_2500_structures\O44196.pdb,A,56,,9,4,0.4444444444444444,-0.7444444444444445,1,2,3,-1,0.3333333333333333,0.1111111111111111,0.2222222222222222
2309,75340c21ce6344d652e43c9fe979814f JCSG-595 A-0,0.1534954905509948,High impact,3Dstructure\afdb_correct_to_wrong_2500_structures\O44196.pdb,A,86,,11,4,0.36363636363636365,-1.218181818181818,2,2,4,0,0.36363636363636365,0.18181818181818182,0.18181818181818182
2310,75340c21ce6344d652e43c9fe979814f JCSG-595 A-0,0.1416302323341369,High impact,3Dstructure\afdb_correct_to_wrong_2500_structures\O44196.pdb,A,75,,4,2,0.5,0.42500000000000004,1,0,1,1,0.25,0.25,0.0
2311,75340c21ce6344d652e43c9fe979814f JCSG-595 A-0,0.0928259491920471,High impact,3Dstructure\afdb_correct_to_wrong_2500_structures\O44196.pdb,A,76,,4,4,1.0,3.25,0,0,0,0,0.0,0.0,0.0
2312,75340c21ce6344d652e43c9fe979814f JCSG-595 A-0,0.0916829109191894,High impact,3Dstructure\afdb_correct_to_wrong_2500_structures\O44196.pdb,A,80,,4,1,0.25,-1.5,0,2,2,-2,0.5,0.0,0.5
2313,75340c21ce6344d652e43c9fe979814f JCSG-595 A-0,0.0910252928733825,High impact,3Dstructure\afdb_correct_to_wrong_2500_structures\O44196.pdb,A,55,,6,4,0.6666666666666666,0.033333333333333215,1,0,1,1,0.16666666666666666,0.16666666666666666,0.0
2314,75340c21ce6344d652e43c9fe979814f JCSG-595 A-0,0.0870653390884399,High impact,3Dstructure\afdb_correct_to_wrong_2500_structures\O44196.pdb,A,59,,9,5,0.5555555555555556,0.6777777777777777,1,1,2,0,0.2222222222222222,0.1111111111111111,0.1111111111111111
2315,75340c21ce6344d652e43c9fe979814f JCSG-595 A-0,0.085875391960144,High impact,3Dstructure\afdb_correct_to_wrong_2500_structures\O44196.pdb,A,70,,6,2,0.3333333333333333,-0.39999999999999997,0,0,0,0,0.0,0.0,0.0
2316,75340c21ce6344d652e43c9fe979814f JCSG-595 A-0,0.0681040287017822,High impact,3Dstructure\afdb_correct_to_wrong_2500_structures\O44196.pdb,A,66,,8,2,0.25,-0.9500000000000001,2,0,2,2,0.25,0.25,0.0
2331,e1e2299a67d59a559053107233e7c6d8 MCSG-APC109376 A-0,0.2629352509975433,High impact,3Dstructure\afdb_correct_to_wrong_2500_structures\K4PC62.pdb,A,1,,2,1,0.5,0.5,0,0,0,0,0.0,0.0,0.0
2332,261d7ede1ac35a4021d365fe2f03a6a3 JCSG-430482 A-1,0.2626594305038452,High impact,3Dstructure\afdb_correct_to_wrong_2500_structures\A0A0H3C9Y4.pdb,A,160,,7,3,0.42857142857142855,0.07142857142857137,1,0,1,1,0.14285714285714285,0.14285714285714285,0.0
2333,2f4154467455d929d94539a7e8022cb1 NYSGRC-033693 A-0,0.262611985206604,High impact,3Dstructure\afdb_correct_to_wrong_2500_structures\A0A338VFC5.pdb,A,2,,5,2,0.4,-1.02,1,2,3,-1,0.6,0.2,0.4
2334,129aa26830c59f9c808c43cee98de7bd SSGCID-HepyC.19472.a A-0,0.2622641921043396,High impact,3Dstructure\afdb_correct_to_wrong_2500_structures\B5Z8V9.pdb,A,1,,3,0,0.0,-3.766666666666667,2,1,3,1,1.0,0.6666666666666666,0.3333333333333333
2335,800aa81c59d415acfc6d1bf1cc06615c JCSG-442 A-0,0.2615768909454345,High impact,3Dstructure\afdb_correct_to_wrong_2500_structures\Q20508.pdb,A,1,,2,0,0.0,-2.35,1,0,1,1,0.5,0.5,0.0
2336,c7363fe484bb7f43e452ca3375e97255 MCSG-APC25779 A-0,0.2609101235866546,High impact,3Dstructure\afdb_correct_to_wrong_2500_structures\A0A9Q5QRL3.pdb,A,1,,2,0,0.0,-1.95,0,1,1,-1,0.5,0.0,0.5
2367,c7363fe484bb7f43e452ca3375e97255 MCSG-APC25779 A-0,0.0092941224575042,Low impact,3Dstructure\afdb_correct_to_wrong_2500_structures\A0A9Q5QRL3.pdb,A,79,,11,6,0.5454545454545454,0.7,1,3,4,-2,0.36363636363636365,0.09090909090909091,0.2727272727272727
2368,c7363fe484bb7f43e452ca3375e97255 MCSG-APC25779 A-0,0.0086599886417388,Low impact,3Dstructure\afdb_correct_to_wrong_2500_structures\A0A9Q5QRL3.pdb,A,25,,8,5,0.625,-0.5,1,1,2,0,0.25,0.125,0.125
2369,c7363fe484bb7f43e452ca3375e97255 MCSG-APC25779 A-0,0.0080397427082061,Low impact,3Dstructure\afdb_correct_to_wrong_2500_structures\A0A9Q5QRL3.pdb,A,58,,13,8,0.6153846153846154,0.5461538461538462,1,1,2,0,0.15384615384615385,0.07692307692307693,0.07692307692307693
2370,c7363fe484bb7f43e452ca3375e97255 MCSG-APC25779 A-0,0.0077464878559112,Low impact,3Dstructure\afdb_correct_to_wrong_2500_structures\A0A9Q5QRL3.pdb,A,77,,4,1,0.25,-1.7000000000000002,0,2,2,-2,0.5,0.0,0.5
2371,c7363fe484bb7f43e452ca3375e97255 MCSG-APC25779 A-0,0.007507175207138,Low impact,3Dstructure\afdb_correct_to_wrong_2500_structures\A0A9Q5QRL3.pdb,A,65,,8,5,0.625,0.6375000000000001,0,0,0,0,0.0,0.0,0.0
2372,c7363fe484bb7f43e452ca3375e97255 MCSG-APC25779 A-0,0.007451444864273,Low impact,3Dstructure\afdb_correct_to_wrong_2500_structures\A0A9Q5QRL3.pdb,A,84,,13,4,0.3076923076923077,-0.8692307692307693,2,3,5,-1,0.38461538461538464,0.15384615384615385,0.23076923076923078
2373,c7363fe484bb7f43e452ca3375e97255 MCSG-APC25779 A-0,0.0071184933185577,Low impact,3Dstructure\afdb_correct_to_wrong_2500_structures\A0A9Q5QRL3.pdb,A,88,,6,1,0.16666666666666666,-1.9166666666666667,1,2,3,-1,0.5,0.16666666666666666,0.3333333333333333
2374,c7363fe484bb7f43e452ca3375e97255 MCSG-APC25779 A-0,0.006702035665512,Low impact,3Dstructure\afdb_correct_to_wrong_2500_structures\A0A9Q5QRL3.pdb,A,102,,7,3,0.42857142857142855,0.11428571428571435,3,0,3,3,0.42857142857142855,0.42857142857142855,0.0
2375,c7363fe484bb7f43e452ca3375e97255 MCSG-APC25779 A-0,0.0066004693508148,Low impact,3Dstructure\afdb_correct_to_wrong_2500_structures\A0A9Q5QRL3.pdb,A,27,,7,5,0.7142857142857143,0.2714285714285714,0,1,1,-1,0.14285714285714285,0.0,0.14285714285714285
2376,c7363fe484bb7f43e452ca3375e97255 MCSG-APC25779 A-0,0.0063491761684417,Low impact,3Dstructure\afdb_correct_to_wrong_2500_structures\A0A9Q5QRL3.pdb,A,34,,9,3,0.3333333333333333,-0.9777777777777776,2,1,3,1,0.3333333333333333,0.2222222222222222,0.1111111111111111
2377,c7363fe484bb7f43e452ca3375e97255 MCSG-APC25779 A-0,0.0055921971797943,Low impact,3Dstructure\afdb_correct_to_wrong_2500_structures\A0A9Q5QRL3.pdb,A,24,,8,3,0.375,-1.6125,2,1,3,1,0.375,0.25,0.125
2378,c7363fe484bb7f43e452ca3375e97255 MCSG-APC25779 A-0,0.0052601993083953,Low impact,3Dstructure\afdb_correct_to_wrong_2500_structures\A0A9Q5QRL3.pdb,A,78,,5,1,0.2,-1.5799999999999998,0,3,3,-3,0.6,0.0,0.6
2379,c7363fe484bb7f43e452ca3375e97255 MCSG-APC25779 A-0,0.0051266849040985,Low impact,3Dstructure\afdb_correct_to_wrong_2500_structures\A0A9Q5QRL3.pdb,A,64,,8,3,0.375,-0.5624999999999999,1,0,1,1,0.125,0.125,0.0
2380,c7363fe484bb7f43e452ca3375e97255 MCSG-APC25779 A-0,0.0051202476024627,Low impact,3Dstructure\afdb_correct_to_wrong_2500_structures\A0A9Q5QRL3.pdb,A,54,,13,6,0.46153846153846156,0.176923076923077,2,3,5,-1,0.38461538461538464,0.15384615384615385,0.23076923076923078
2381,c7363fe484bb7f43e452ca3375e97255 MCSG-APC25779 A-0,0.0049712359905242,Low impact,3Dstructure\afdb_correct_to_wrong_2500_structures\A0A9Q5QRL3.pdb,A,29,,6,3,0.5,-0.8666666666666667,2,0,2,2,0.3333333333333333,0.3333333333333333,0.0
2382,c7363fe484bb7f43e452ca3375e97255 MCSG-APC25779 A-0,0.004924863576889,Low impact,3Dstructure\afdb_correct_to_wrong_2500_structures\A0A9Q5QRL3.pdb,A,63,,6,2,0.3333333333333333,-1.9666666666666668,2,0,2,2,0.3333333333333333,0.3333333333333333,0.0
2383,c7363fe484bb7f43e452ca3375e97255 MCSG-APC25779 A-0,0.0049189627170562,Low impact,3Dstructure\afdb_correct_to_wrong_2500_structures\A0A9Q5QRL3.pdb,A,52,,9,6,0.6666666666666666,0.3333333333333333,1,2,3,-1,0.3333333333333333,0.1111111111111111,0.2222222222222222
2384,c7363fe484bb7f43e452ca3375e97255 MCSG-APC25779 A-0,0.0048597753047943,Low impact,3Dstructure\afdb_correct_to_wrong_2500_structures\A0A9Q5QRL3.pdb,A,22,,7,2,0.2857142857142857,-1.7428571428571427,3,1,4,2,0.5714285714285714,0.42857142857142855,0.14285714285714285
2386,84abbeabeb1f0a7b6b8f9b10f3179956 JCSG-402033 A-0,0.2600975930690765,High impact,3Dstructure\afdb_correct_to_wrong_2500_structures\Q7MRG4.pdb,A,1,,2,1,0.5,0.2999999999999998,1,0,1,1,0.5,0.5,0.0
2388,e1a7b2ed63ed4e01d914894d80c8fdef JCSG-423798 A-0,0.2592377513647079,High impact,3Dstructure\afdb_correct_to_wrong_2500_structures\Q9A8V5.pdb,A,1,,2,0,0.0,-1.6,0,0,0,0,0.0,0.0,0.0
2389,2702603c1b982260f665630bf5cee88b MCSG-APC103500 A-0,0.2575872838497162,High impact,3Dstructure\afdb_correct_to_wrong_2500_structures\A0A4D6KEJ4.pdb,A,1,,2,1,0.5,1.3,0,0,0,0,0.0,0.0,0.0
2391,15b2f81dd9b3f45a338396fb921a6f2d SGPP-Lmaj006133AAA A-0,0.2567562758922577,High impact,3Dstructure\afdb_correct_to_wrong_2500_structures\Q4Q064.pdb,A,90,,13,11,0.8461538461538461,1.676923076923077,1,0,1,1,0.07692307692307693,0.07692307692307693,0.0
2393,017d45fcdb2c3bea10359fde801a2903 3HTK_1 A-1,0.2553065717220306,High impact,3Dstructure\afdb_correct_to_wrong_2500_structures\A0A6C1E077.pdb,A,360,,8,2,0.25,-2.7375,2,0,2,2,0.25,0.25,0.0
2395,61a09db03c5b95318e1bf6e45810c7de SSGCID-BupsA.01664.b A-1,0.2527608573436737,High impact,3Dstructure\afdb_correct_to_wrong_2500_structures\Q3JVM1.pdb,A,408,,10,6,0.6,0.8100000000000002,1,1,2,0,0.2,0.1,0.1
2396,05dcb930ae39b2ad1e909030446c975f MCSG-APC104065 A-0,0.2521105706691742,High impact,3Dstructure\afdb_correct_to_wrong_2500_structures\D0LG40.pdb,A,1,,8,4,0.5,0.5624999999999999,1,0,1,1,0.125,0.125,0.0
2397,66e6afd894f37b27ce6b8faa4361adae JCSG-383819 A-0,0.2517223954200744,High impact,3Dstructure\afdb_correct_to_wrong_2500_structures\Q2LTC3.pdb,A,1,,2,1,0.5,1.45,0,0,0,0,0.0,0.0,0.0
2398,23dfca2e40812ef2959e18d8dfc4199d JCSG-402019 A-0,0.2489268779754638,High impact,3Dstructure\afdb_correct_to_wrong_2500_structures\A0AAX2L5V0.pdb,A,1,,2,1,0.5,-0.8,0,0,0,0,0.0,0.0,0.0
2399,735386bbd836c984977b3c31eabf6a08 3N7N_2 A-1,0.2457176744937896,High impact,3Dstructure\afdb_correct_to_wrong_2500_structures\G2WBH2.pdb,A,101,,8,4,0.5,0.012499999999999956,2,2,4,0,0.5,0.25,0.25
2400,735386bbd836c984977b3c31eabf6a08 3N7N_2 A-1,0.214641124010086,High impact,3Dstructure\afdb_correct_to_wrong_2500_structures\G2WBH2.pdb,A,95,,8,4,0.5,0.48749999999999993,1,1,2,0,0.25,0.125,0.125
2401,735386bbd836c984977b3c31eabf6a08 3N7N_2 A-1,0.2126571238040924,High impact,3Dstructure\afdb_correct_to_wrong_2500_structures\G2WBH2.pdb,A,96,,8,2,0.25,-1.0875,1,3,4,-2,0.5,0.125,0.375
2402,735386bbd836c984977b3c31eabf6a08 3N7N_2 A-1,0.1938110291957855,High impact,3Dstructure\afdb_correct_to_wrong_2500_structures\G2WBH2.pdb,A,72,,8,3,0.375,-0.6,1,1,2,0,0.25,0.125,0.125
2403,735386bbd836c984977b3c31eabf6a08 3N7N_2 A-1,0.1929153203964233,High impact,3Dstructure\afdb_correct_to_wrong_2500_structures\G2WBH2.pdb,A,88,,8,4,0.5,-0.16249999999999998,2,0,2,2,0.25,0.25,0.0
2404,735386bbd836c984977b3c31eabf6a08 3N7N_2 A-1,0.1919387280941009,High impact,3Dstructure\afdb_correct_to_wrong_2500_structures\G2WBH2.pdb,A,15,,8,4,0.5,-1.0875,1,2,3,-1,0.375,0.125,0.25
2405,735386bbd836c984977b3c31eabf6a08 3N7N_2 A-1,0.1826525926589965,High impact,3Dstructure\afdb_correct_to_wrong_2500_structures\G2WBH2.pdb,A,98,,8,3,0.375,-1.2375,2,3,5,-1,0.625,0.25,0.375
2406,735386bbd836c984977b3c31eabf6a08 3N7N_2 A-1,0.1822446286678314,High impact,3Dstructure\afdb_correct_to_wrong_2500_structures\G2WBH2.pdb,A,74,,8,3,0.375,-0.6000000000000001,1,1,2,0,0.25,0.125,0.125
2407,d969250d7897d5ea521ed9424c59c22b MCSG-APC110601 A-1,0.2439048588275909,High impact,3Dstructure\afdb_correct_to_wrong_2500_structures\D0LZA0.pdb,A,580,,14,9,0.6428571428571429,0.7071428571428571,1,0,1,1,0.07142857142857142,0.07142857142857142,0.0
2408,d969250d7897d5ea521ed9424c59c22b MCSG-APC110601 A-1,0.2334370017051696,High impact,3Dstructure\afdb_correct_to_wrong_2500_structures\D0LZA0.pdb,A,568,,13,7,0.5384615384615384,0.16153846153846155,2,1,3,1,0.23076923076923078,0.15384615384615385,0.07692307692307693
2409,d969250d7897d5ea521ed9424c59c22b MCSG-APC110601 A-1,0.2134538292884826,High impact,3Dstructure\afdb_correct_to_wrong_2500_structures\D0LZA0.pdb,A,358,,18,7,0.3888888888888889,0.2444444444444444,3,0,3,3,0.16666666666666666,0.16666666666666666,0.0
2410,d969250d7897d5ea521ed9424c59c22b MCSG-APC110601 A-1,0.1830592453479766,High impact,3Dstructure\afdb_correct_to_wrong_2500_structures\D0LZA0.pdb,A,31,,6,4,0.6666666666666666,2.0166666666666666,0,0,0,0,0.0,0.0,0.0
2411,d969250d7897d5ea521ed9424c59c22b MCSG-APC110601 A-1,0.1593746542930603,High impact,3Dstructure\afdb_correct_to_wrong_2500_structures\D0LZA0.pdb,A,592,,9,7,0.7777777777777778,1.3444444444444446,1,0,1,1,0.1111111111111111,0.1111111111111111,0.0
2412,d969250d7897d5ea521ed9424c59c22b MCSG-APC110601 A-1,0.1587636768817901,High impact,3Dstructure\afdb_correct_to_wrong_2500_structures\D0LZA0.pdb,A,604,,16,10,0.625,0.775,1,1,2,0,0.125,0.0625,0.0625
2413,d969250d7897d5ea521ed9424c59c22b MCSG-APC110601 A-1,0.1565438508987426,High impact,3Dstructure\afdb_correct_to_wrong_2500_structures\D0LZA0.pdb,A,359,,14,10,0.7142857142857143,1.9714285714285715,2,0,2,2,0.14285714285714285,0.14285714285714285,0.0
2414,d969250d7897d5ea521ed9424c59c22b MCSG-APC110601 A-1,0.1532753407955169,High impact,3Dstructure\afdb_correct_to_wrong_2500_structures\D0LZA0.pdb,A,590,,11,9,0.8181818181818182,1.1545454545454545,1,1,2,0,0.18181818181818182,0.09090909090909091,0.09090909090909091
2415,d969250d7897d5ea521ed9424c59c22b MCSG-APC110601 A-1,0.1477419435977935,High impact,3Dstructure\afdb_correct_to_wrong_2500_structures\D0LZA0.pdb,A,173,,10,7,0.7,0.8599999999999998,1,1,2,0,0.2,0.1,0.1
2416,d969250d7897d5ea521ed9424c59c22b MCSG-APC110601 A-1,0.1467300653457641,High impact,3Dstructure\afdb_correct_to_wrong_2500_structures\D0LZA0.pdb,A,384,,13,9,0.6923076923076923,1.7461538461538464,1,0,1,1,0.07692307692307693,0.07692307692307693,0.0
2417,d969250d7897d5ea521ed9424c59c22b MCSG-APC110601 A-1,0.1347959637641906,High impact,3Dstructure\afdb_correct_to_wrong_2500_structures\D0LZA0.pdb,A,591,,10,7,0.7,0.7599999999999999,2,1,3,1,0.3,0.2,0.1
2418,d969250d7897d5ea521ed9424c59c22b MCSG-APC110601 A-1,0.1313775479793548,High impact,3Dstructure\afdb_correct_to_wrong_2500_structures\D0LZA0.pdb,A,331,,10,4,0.4,-0.6500000000000001,3,1,4,2,0.4,0.3,0.1
2419,d969250d7897d5ea521ed9424c59c22b MCSG-APC110601 A-1,0.1277311146259308,High impact,3Dstructure\afdb_correct_to_wrong_2500_structures\D0LZA0.pdb,A,587,,13,11,0.8461538461538461,1.6076923076923078,1,1,2,0,0.15384615384615385,0.07692307692307693,0.07692307692307693
2420,d969250d7897d5ea521ed9424c59c22b MCSG-APC110601 A-1,0.1221545934677124,High impact,3Dstructure\afdb_correct_to_wrong_2500_structures\D0LZA0.pdb,A,206,,9,6,0.6666666666666666,0.22222222222222213,2,0,2,2,0.2222222222222222,0.2222222222222222,0.0
2421,d969250d7897d5ea521ed9424c59c22b MCSG-APC110601 A-1,0.1134471893310546,High impact,3Dstructure\afdb_correct_to_wrong_2500_structures\D0LZA0.pdb,A,34,,4,0,0.0,-1.075,1,0,1,1,0.25,0.25,0.0
2422,d969250d7897d5ea521ed9424c59c22b MCSG-APC110601 A-1,0.1094169318675994,High impact,3Dstructure\afdb_correct_to_wrong_2500_structures\D0LZA0.pdb,A,588,,12,9,0.75,1.3,0,2,2,-2,0.16666666666666666,0.0,0.16666666666666666
2423,d969250d7897d5ea521ed9424c59c22b MCSG-APC110601 A-1,0.1023828387260437,High impact,3Dstructure\afdb_correct_to_wrong_2500_structures\D0LZA0.pdb,A,236,,10,6,0.6,1.04,0,1,1,-1,0.1,0.0,0.1
2424,d969250d7897d5ea521ed9424c59c22b MCSG-APC110601 A-1,0.0948829352855682,High impact,3Dstructure\afdb_correct_to_wrong_2500_structures\D0LZA0.pdb,A,37,,6,2,0.3333333333333333,-0.7499999999999999,2,0,2,2,0.3333333333333333,0.3333333333333333,0.0
2425,d969250d7897d5ea521ed9424c59c22b MCSG-APC110601 A-1,0.0928050577640533,High impact,3Dstructure\afdb_correct_to_wrong_2500_structures\D0LZA0.pdb,A,345,,18,8,0.4444444444444444,0.36666666666666675,1,1,2,0,0.1111111111111111,0.05555555555555555,0.05555555555555555
2427,229420702e63440c5a1b91a4157a9177 JCSG-378081 A-1,0.1609971523284912,High impact,3Dstructure\afdb_correct_to_wrong_2500_structures\Q30YP9.pdb,A,8,,6,3,0.5,-0.11666666666666665,0,1,1,-1,0.16666666666666666,0.0,0.16666666666666666
2428,229420702e63440c5a1b91a4157a9177 JCSG-378081 A-1,0.1600208580493927,High impact,3Dstructure\afdb_correct_to_wrong_2500_structures\Q30YP9.pdb,A,35,,9,6,0.6666666666666666,0.7777777777777778,0,1,1,-1,0.1111111111111111,0.0,0.1111111111111111
2430,229420702e63440c5a1b91a4157a9177 JCSG-378081 A-1,0.1510539352893829,High impact,3Dstructure\afdb_correct_to_wrong_2500_structures\Q30YP9.pdb,A,34,,8,5,0.625,1.0125,0,1,1,-1,0.125,0.0,0.125
2431,229420702e63440c5a1b91a4157a9177 JCSG-378081 A-1,0.1474878489971161,High impact,3Dstructure\afdb_correct_to_wrong_2500_structures\Q30YP9.pdb,A,11,,11,6,0.5454545454545454,0.509090909090909,0,1,1,-1,0.09090909090909091,0.0,0.09090909090909091
2432,229420702e63440c5a1b91a4157a9177 JCSG-378081 A-1,0.147018164396286,High impact,3Dstructure\afdb_correct_to_wrong_2500_structures\Q30YP9.pdb,A,90,,6,1,0.16666666666666666,-0.9500000000000001,1,0,1,1,0.16666666666666666,0.16666666666666666,0.0
2433,229420702e63440c5a1b91a4157a9177 JCSG-378081 A-1,0.1438131034374237,High impact,3Dstructure\afdb_correct_to_wrong_2500_structures\Q30YP9.pdb,A,45,,12,6,0.5,-0.24166666666666684,2,2,4,0,0.3333333333333333,0.16666666666666666,0.16666666666666666
2434,5fd4fe95fcdc41649d9650285ab367ff JCSG-383878 A-0,0.2419269979000091,High impact,3Dstructure\afdb_correct_to_wrong_2500_structures\A0A6N4SUY6.pdb,A,1,,4,0,0.0,-3.6,1,2,3,-1,0.75,0.25,0.5
2435,719d9a63f087f5a6d5625d3ae0608914 BSGI-C5206_ECOL6 A-0,0.2401095628738403,High impact,3Dstructure\afdb_correct_to_wrong_2500_structures\A0A0H2VDC7.pdb,A,1,,2,0,0.0,-2.65,1,0,1,1,0.5,0.5,0.0
2452,ef194ed748eff056929332c955d486fa MCSG-APC23429 A-0,0.2381091117858886,High impact,3Dstructure\afdb_correct_to_wrong_2500_structures\A0A0D6FZH7.pdb,A,1,,2,2,1.0,0.7499999999999999,0,0,0,0,0.0,0.0,0.0
2453,ef194ed748eff056929332c955d486fa MCSG-APC23429 A-0,0.1984263062477111,High impact,3Dstructure\afdb_correct_to_wrong_2500_structures\A0A0D6FZH7.pdb,A,280,,3,2,0.6666666666666666,0.6,1,0,1,1,0.3333333333333333,0.3333333333333333,0.0
2454,ef194ed748eff056929332c955d486fa MCSG-APC23429 A-0,0.1783835291862487,High impact,3Dstructure\afdb_correct_to_wrong_2500_structures\A0A0D6FZH7.pdb,A,277,,4,2,0.5,-0.27500000000000013,1,0,1,1,0.25,0.25,0.0
2455,ef194ed748eff056929332c955d486fa MCSG-APC23429 A-0,0.171462595462799,High impact,3Dstructure\afdb_correct_to_wrong_2500_structures\A0A0D6FZH7.pdb,A,281,,2,1,0.5,0.0,1,0,1,1,0.5,0.5,0.0
2456,ef194ed748eff056929332c955d486fa MCSG-APC23429 A-0,0.1312705874443054,High impact,3Dstructure\afdb_correct_to_wrong_2500_structures\A0A0D6FZH7.pdb,A,279,,4,1,0.25,-2.925,3,0,3,3,0.75,0.75,0.0
2457,ef194ed748eff056929332c955d486fa MCSG-APC23429 A-0,0.0924587845802307,High impact,3Dstructure\afdb_correct_to_wrong_2500_structures\A0A0D6FZH7.pdb,A,6,,4,2,0.5,-0.20000000000000018,2,0,2,2,0.5,0.5,0.0
2458,ef194ed748eff056929332c955d486fa MCSG-APC23429 A-0,0.0857861638069152,High impact,3Dstructure\afdb_correct_to_wrong_2500_structures\A0A0D6FZH7.pdb,A,263,,8,4,0.5,0.11249999999999993,1,0,1,1,0.125,0.125,0.0
2459,ef194ed748eff056929332c955d486fa MCSG-APC23429 A-0,0.0738528370857238,High impact,3Dstructure\afdb_correct_to_wrong_2500_structures\A0A0D6FZH7.pdb,A,69,,11,8,0.7272727272727273,1.7545454545454546,1,2,3,-1,0.2727272727272727,0.09090909090909091,0.18181818181818182
2460,ef194ed748eff056929332c955d486fa MCSG-APC23429 A-0,0.0733669996261596,High impact,3Dstructure\afdb_correct_to_wrong_2500_structures\A0A0D6FZH7.pdb,A,221,,10,3,0.3,-0.63,1,1,2,0,0.2,0.1,0.1
2461,ef194ed748eff056929332c955d486fa MCSG-APC23429 A-0,0.0732650160789489,High impact,3Dstructure\afdb_correct_to_wrong_2500_structures\A0A0D6FZH7.pdb,A,262,,10,6,0.6,0.3299999999999998,2,0,2,2,0.2,0.2,0.0
2486,08ba7f262ec1059f96f32d34d2b44d91 JCSG-454 A-0,0.2371167540550232,High impact,3Dstructure\afdb_correct_to_wrong_2500_structures\Q9XVW0.pdb,A,317,,13,8,0.6153846153846154,1.7000000000000002,0,0,0,0,0.0,0.0,0.0
2487,08ba7f262ec1059f96f32d34d2b44d91 JCSG-454 A-0,0.1685874462127685,High impact,3Dstructure\afdb_correct_to_wrong_2500_structures\Q9XVW0.pdb,A,309,,11,5,0.45454545454545453,0.41818181818181815,1,0,1,1,0.09090909090909091,0.09090909090909091,0.0
2488,08ba7f262ec1059f96f32d34d2b44d91 JCSG-454 A-0,0.1475045084953308,High impact,3Dstructure\afdb_correct_to_wrong_2500_structures\Q9XVW0.pdb,A,300,,10,5,0.5,-0.51,1,1,2,0,0.2,0.1,0.1
2489,08ba7f262ec1059f96f32d34d2b44d91 JCSG-454 A-0,0.1239043474197387,High impact,3Dstructure\afdb_correct_to_wrong_2500_structures\Q9XVW0.pdb,A,318,,11,6,0.5454545454545454,1.2181818181818185,0,0,0,0,0.0,0.0,0.0
2490,08ba7f262ec1059f96f32d34d2b44d91 JCSG-454 A-0,0.1091742515563964,High impact,3Dstructure\afdb_correct_to_wrong_2500_structures\Q9XVW0.pdb,A,333,,9,5,0.5555555555555556,0.5888888888888889,1,1,2,0,0.2222222222222222,0.1111111111111111,0.1111111111111111
2491,08ba7f262ec1059f96f32d34d2b44d91 JCSG-454 A-0,0.1069157719612121,High impact,3Dstructure\afdb_correct_to_wrong_2500_structures\Q9XVW0.pdb,A,299,,10,5,0.5,-0.04999999999999991,1,1,2,0,0.2,0.1,0.1
2492,08ba7f262ec1059f96f32d34d2b44d91 JCSG-454 A-0,0.1066206097602844,High impact,3Dstructure\afdb_correct_to_wrong_2500_structures\Q9XVW0.pdb,A,283,,9,3,0.3333333333333333,0.1111111111111111,0,1,1,-1,0.1111111111111111,0.0,0.1111111111111111
2493,08ba7f262ec1059f96f32d34d2b44d91 JCSG-454 A-0,0.0856404900550842,High impact,3Dstructure\afdb_correct_to_wrong_2500_structures\Q9XVW0.pdb,A,328,,7,3,0.42857142857142855,-1.242857142857143,2,1,3,1,0.42857142857142855,0.2857142857142857,0.14285714285714285
2494,08ba7f262ec1059f96f32d34d2b44d91 JCSG-454 A-0,0.0828176736831665,High impact,3Dstructure\afdb_correct_to_wrong_2500_structures\Q9XVW0.pdb,A,294,,11,6,0.5454545454545454,0.13636363636363633,1,1,2,0,0.18181818181818182,0.09090909090909091,0.09090909090909091
2495,08ba7f262ec1059f96f32d34d2b44d91 JCSG-454 A-0,0.0752068161964416,High impact,3Dstructure\afdb_correct_to_wrong_2500_structures\Q9XVW0.pdb,A,271,,14,1,0.07142857142857142,-1.257142857142857,1,1,2,0,0.14285714285714285,0.07142857142857142,0.07142857142857142
2496,08ba7f262ec1059f96f32d34d2b44d91 JCSG-454 A-0,0.0688919425010681,High impact,3Dstructure\afdb_correct_to_wrong_2500_structures\Q9XVW0.pdb,A,324,,6,2,0.3333333333333333,-0.5333333333333333,1,0,1,1,0.16666666666666666,0.16666666666666666,0.0
2499,b0a4d4f7655c4066c9b075e514e26225 MCSG-APC80802 A-1,0.2327945232391357,High impact,3Dstructure\afdb_correct_to_wrong_2500_structures\Q7MWX5.pdb,A,615,,13,6,0.46153846153846156,0.5307692307692307,0,1,1,-1,0.07692307692307693,0.0,0.07692307692307693
2500,b0a4d4f7655c4066c9b075e514e26225 MCSG-APC80802 A-1,0.2318589389324188,High impact,3Dstructure\afdb_correct_to_wrong_2500_structures\Q7MWX5.pdb,A,63,,12,9,0.75,2.233333333333333,1,0,1,1,0.08333333333333333,0.08333333333333333,0.0
2501,b0a4d4f7655c4066c9b075e514e26225 MCSG-APC80802 A-1,0.2314200699329376,High impact,3Dstructure\afdb_correct_to_wrong_2500_structures\Q7MWX5.pdb,A,52,,8,4,0.5,-0.8250000000000001,1,2,3,-1,0.375,0.125,0.25
2502,b0a4d4f7655c4066c9b075e514e26225 MCSG-APC80802 A-1,0.2285152673721313,High impact,3Dstructure\afdb_correct_to_wrong_2500_structures\Q7MWX5.pdb,A,585,,10,5,0.5,-0.06000000000000005,2,1,3,1,0.3,0.2,0.1
2503,b0a4d4f7655c4066c9b075e514e26225 MCSG-APC80802 A-1,0.2275843620300293,High impact,3Dstructure\afdb_correct_to_wrong_2500_structures\Q7MWX5.pdb,A,46,,13,4,0.3076923076923077,-0.6076923076923078,0,2,2,-2,0.15384615384615385,0.0,0.15384615384615385
2504,b0a4d4f7655c4066c9b075e514e26225 MCSG-APC80802 A-1,0.2272398769855499,High impact,3Dstructure\afdb_correct_to_wrong_2500_structures\Q7MWX5.pdb,A,239,,15,10,0.6666666666666666,1.7533333333333332,0,1,1,-1,0.06666666666666667,0.0,0.06666666666666667
2505,b0a4d4f7655c4066c9b075e514e26225 MCSG-APC80802 A-1,0.2252359986305236,High impact,3Dstructure\afdb_correct_to_wrong_2500_structures\Q7MWX5.pdb,A,65,,14,10,0.7142857142857143,1.8857142857142857,0,0,0,0,0.0,0.0,0.0
2506,b0a4d4f7655c4066c9b075e514e26225 MCSG-APC80802 A-1,0.2243741452693939,High impact,3Dstructure\afdb_correct_to_wrong_2500_structures\Q7MWX5.pdb,A,558,,9,5,0.5555555555555556,0.21111111111111094,2,1,3,1,0.3333333333333333,0.2222222222222222,0.1111111111111111
2507,b0a4d4f7655c4066c9b075e514e26225 MCSG-APC80802 A-1,0.2227507531642913,High impact,3Dstructure\afdb_correct_to_wrong_2500_structures\Q7MWX5.pdb,A,593,,12,5,0.4166666666666667,-0.06666666666666658,1,2,3,-1,0.25,0.08333333333333333,0.16666666666666666
2508,b0a4d4f7655c4066c9b075e514e26225 MCSG-APC80802 A-1,0.2209433615207672,High impact,3Dstructure\afdb_correct_to_wrong_2500_structures\Q7MWX5.pdb,A,551,,10,5,0.5,0.32999999999999996,1,1,2,0,0.2,0.1,0.1
2509,b0a4d4f7655c4066c9b075e514e26225 MCSG-APC80802 A-1,0.2191957831382751,High impact,3Dstructure\afdb_correct_to_wrong_2500_structures\Q7MWX5.pdb,A,49,,6,2,0.3333333333333333,-2.0833333333333335,0,2,2,-2,0.3333333333333333,0.0,0.3333333333333333
2510,b0a4d4f7655c4066c9b075e514e26225 MCSG-APC80802 A-1,0.2191580235958099,High impact,3Dstructure\afdb_correct_to_wrong_2500_structures\Q7MWX5.pdb,A,580,,9,4,0.4444444444444444,-0.28888888888888886,1,2,3,-1,0.3333333333333333,0.1111111111111111,0.2222222222222222
2511,b0a4d4f7655c4066c9b075e514e26225 MCSG-APC80802 A-1,0.2187518775463104,High impact,3Dstructure\afdb_correct_to_wrong_2500_structures\Q7MWX5.pdb,A,589,,9,5,0.5555555555555556,0.01111111111111117,2,1,3,1,0.3333333333333333,0.2222222222222222,0.1111111111111111
2512,b0a4d4f7655c4066c9b075e514e26225 MCSG-APC80802 A-1,0.2186445593833923,High impact,3Dstructure\afdb_correct_to_wrong_2500_structures\Q7MWX5.pdb,A,598,,15,11,0.7333333333333333,2.2666666666666666,0,0,0,0,0.0,0.0,0.0
2513,b0a4d4f7655c4066c9b075e514e26225 MCSG-APC80802 A-1,0.2176719605922699,High impact,3Dstructure\afdb_correct_to_wrong_2500_structures\Q7MWX5.pdb,A,554,,9,4,0.4444444444444444,-0.03333333333333341,1,1,2,0,0.2222222222222222,0.1111111111111111,0.1111111111111111
2514,b0a4d4f7655c4066c9b075e514e26225 MCSG-APC80802 A-1,0.2174947559833526,High impact,3Dstructure\afdb_correct_to_wrong_2500_structures\Q7MWX5.pdb,A,576,,10,2,0.2,-1.1,0,3,3,-3,0.3,0.0,0.3
2515,b0a4d4f7655c4066c9b075e514e26225 MCSG-APC80802 A-1,0.2169165611267089,High impact,3Dstructure\afdb_correct_to_wrong_2500_structures\Q7MWX5.pdb,A,41,,17,10,0.5882352941176471,1.1529411764705881,3,1,4,2,0.23529411764705882,0.17647058823529413,0.058823529411764705
2516,b0a4d4f7655c4066c9b075e514e26225 MCSG-APC80802 A-1,0.2156763672828674,High impact,3Dstructure\afdb_correct_to_wrong_2500_structures\Q7MWX5.pdb,A,570,,13,6,0.46153846153846156,0.44615384615384607,1,1,2,0,0.15384615384615385,0.07692307692307693,0.07692307692307693
2517,b0a4d4f7655c4066c9b075e514e26225 MCSG-APC80802 A-1,0.2143469452857971,High impact,3Dstructure\afdb_correct_to_wrong_2500_structures\Q7MWX5.pdb,A,33,,10,5,0.5,-0.05999999999999993,2,0,2,2,0.2,0.2,0.0
2518,b0a4d4f7655c4066c9b075e514e26225 MCSG-APC80802 A-1,0.2135569155216217,High impact,3Dstructure\afdb_correct_to_wrong_2500_structures\Q7MWX5.pdb,A,574,,7,3,0.42857142857142855,-1.2688263138573217e-16,0,2,2,-2,0.2857142857142857,0.0,0.2857142857142857
2519,b0a4d4f7655c4066c9b075e514e26225 MCSG-APC80802 A-1,0.2124114036560058,High impact,3Dstructure\afdb_correct_to_wrong_2500_structures\Q7MWX5.pdb,A,567,,15,11,0.7333333333333333,1.9266666666666663,1,1,2,0,0.13333333333333333,0.06666666666666667,0.06666666666666667
2527,56b7ada890a03319fd68d1542df36426 NYSGRC-009546 A-0,0.2321751415729522,High impact,3Dstructure\afdb_correct_to_wrong_2500_structures\A0A4D4NA11.pdb,A,1,,2,0,0.0,-0.75,0,0,0,0,0.0,0.0,0.0
2528,56b7ada890a03319fd68d1542df36426 NYSGRC-009546 A-0,0.1134413182735443,High impact,3Dstructure\afdb_correct_to_wrong_2500_structures\A0A4D4NA11.pdb,A,2,,3,1,0.3333333333333333,0.1333333333333333,0,0,0,0,0.0,0.0,0.0
2531,b0d53a077241053338cb0cd3cd93df5a JCSG-367704 A-1,0.2303032279014587,High impact,3Dstructure\afdb_correct_to_wrong_2500_structures\A0A0H3LQ85.pdb,A,2,,4,3,0.75,1.0749999999999997,1,0,1,1,0.25,0.25,0.0
2532,81bf2c4ff00453ff6d85f8c3fa4dea1c SGPP-Lmaj002834AAA A-0,0.2302686274051666,High impact,3Dstructure\afdb_correct_to_wrong_2500_structures\Q4QCW4.pdb,A,1,,2,1,0.5,1.0999999999999999,0,0,0,0,0.0,0.0,0.0
2533,7363b407eb12e186a81a6cca6f33f154 NYSGRC-033494 A-0,0.2302010953426361,High impact,3Dstructure\afdb_correct_to_wrong_2500_structures\Q5KLL7.pdb,A,1,,2,0,0.0,-2.45,1,0,1,1,0.5,0.5,0.0
2534,6f78bb3d8a5f360073696e790ae4c71a SGPP-Pfal008510AAA A-0,0.2300814688205719,High impact,3Dstructure\afdb_correct_to_wrong_2500_structures\A0A024WCY8.pdb,A,1,,2,0,0.0,-3.7,1,1,2,0,1.0,0.5,0.5
2535,6f78bb3d8a5f360073696e790ae4c71a SGPP-Pfal008510AAA A-0,0.1419992744922638,High impact,3Dstructure\afdb_correct_to_wrong_2500_structures\A0A024WCY8.pdb,A,82,,6,0,0.0,-3.25,3,1,4,2,0.6666666666666666,0.5,0.16666666666666666
2539,8e83300b5a07606eea18ff8a0b3a1be7 MCSG-APC66126.0 A-0,0.2263751327991485,High impact,3Dstructure\afdb_correct_to_wrong_2500_structures\Q9RYU1.pdb,A,1,,2,0,0.0,-2.15,0,0,0,0,0.0,0.0,0.0
2540,39c0fc38702bd7929d6256389ada5653 JCSG-418222 A-1,0.2251932919025421,High impact,3Dstructure\afdb_correct_to_wrong_2500_structures\A0A3R6G8X6.pdb,A,52,,4,2,0.5,-0.8500000000000001,1,0,1,1,0.25,0.25,0.0
2541,39c0fc38702bd7929d6256389ada5653 JCSG-418222 A-1,0.2042114436626434,High impact,3Dstructure\afdb_correct_to_wrong_2500_structures\A0A3R6G8X6.pdb,A,65,,5,2,0.4,-0.58,1,1,2,0,0.4,0.2,0.2
2542,39c0fc38702bd7929d6256389ada5653 JCSG-418222 A-1,0.1951672434806823,High impact,3Dstructure\afdb_correct_to_wrong_2500_structures\A0A3R6G8X6.pdb,A,23,,4,2,0.5,0.3249999999999999,0,0,0,0,0.0,0.0,0.0
2543,39c0fc38702bd7929d6256389ada5653 JCSG-418222 A-1,0.1590499281883239,High impact,3Dstructure\afdb_correct_to_wrong_2500_structures\A0A3R6G8X6.pdb,A,16,,7,5,0.7142857142857143,1.2428571428571427,1,1,2,0,0.2857142857142857,0.14285714285714285,0.14285714285714285
2544,39c0fc38702bd7929d6256389ada5653 JCSG-418222 A-1,0.1515346467494964,High impact,3Dstructure\afdb_correct_to_wrong_2500_structures\A0A3R6G8X6.pdb,A,42,,4,2,0.5,-0.7750000000000001,2,0,2,2,0.5,0.5,0.0
2545,39c0fc38702bd7929d6256389ada5653 JCSG-418222 A-1,0.1340060234069824,High impact,3Dstructure\afdb_correct_to_wrong_2500_structures\A0A3R6G8X6.pdb,A,51,,4,2,0.5,-0.32500000000000007,0,0,0,0,0.0,0.0,0.0
2546,39c0fc38702bd7929d6256389ada5653 JCSG-418222 A-1,0.1256053447723388,High impact,3Dstructure\afdb_correct_to_wrong_2500_structures\A0A3R6G8X6.pdb,A,44,,4,2,0.5,0.7999999999999998,0,0,0,0,0.0,0.0,0.0
2547,39c0fc38702bd7929d6256389ada5653 JCSG-418222 A-1,0.1220370829105377,High impact,3Dstructure\afdb_correct_to_wrong_2500_structures\A0A3R6G8X6.pdb,A,18,,6,3,0.5,0.5166666666666667,1,1,2,0,0.3333333333333333,0.16666666666666666,0.16666666666666666
2548,39c0fc38702bd7929d6256389ada5653 JCSG-418222 A-1,0.100770354270935,High impact,3Dstructure\afdb_correct_to_wrong_2500_structures\A0A3R6G8X6.pdb,A,33,,4,3,0.75,1.825,1,0,1,1,0.25,0.25,0.0
2549,39c0fc38702bd7929d6256389ada5653 JCSG-418222 A-1,0.0944580137729644,High impact,3Dstructure\afdb_correct_to_wrong_2500_structures\A0A3R6G8X6.pdb,A,41,,5,2,0.4,-0.36,1,0,1,1,0.2,0.2,0.0
2550,39c0fc38702bd7929d6256389ada5653 JCSG-418222 A-1,0.0922840237617492,High impact,3Dstructure\afdb_correct_to_wrong_2500_structures\A0A3R6G8X6.pdb,A,46,,4,2,0.5,-0.9500000000000001,2,0,2,2,0.5,0.5,0.0
2551,39c0fc38702bd7929d6256389ada5653 JCSG-418222 A-1,0.0905081331729888,High impact,3Dstructure\afdb_correct_to_wrong_2500_structures\A0A3R6G8X6.pdb,A,27,,4,2,0.5,-1.125,0,1,1,-1,0.25,0.0,0.25
2552,a0f535c5b98a1bbe76a183c577af1781 MCSG-APC84516 A-0,0.2225707769393921,High impact,3Dstructure\afdb_correct_to_wrong_2500_structures\A0A0R4J9F3.pdb,A,1,,6,1,0.16666666666666666,-1.6333333333333335,2,1,3,1,0.5,0.3333333333333333,0.16666666666666666
2563,f2b6d9255e2770ac5acf9c8eb253858b NYSGRC-033525 A-0,0.2207918465137481,High impact,3Dstructure\afdb_correct_to_wrong_2500_structures\Q5KB15.pdb,A,1,,9,1,0.1111111111111111,-1.4555555555555555,2,1,3,1,0.3333333333333333,0.2222222222222222,0.1111111111111111
2564,f2b6d9255e2770ac5acf9c8eb253858b NYSGRC-033525 A-0,0.0721827447414398,High impact,3Dstructure\afdb_correct_to_wrong_2500_structures\Q5KB15.pdb,A,88,,12,6,0.5,-0.5083333333333333,2,2,4,0,0.3333333333333333,0.16666666666666666,0.16666666666666666
2605,9a491c7f3b729f8fc935276592720df2 CESG-GO.13003 A-0,0.2199768722057342,High impact,3Dstructure\afdb_correct_to_wrong_2500_structures\Q9SCN4.pdb,A,1,,2,1,0.5,0.1499999999999999,0,0,0,0,0.0,0.0,0.0
2786,37ba40bfefce73e6ecfc55e489933641 MCSG-APC87057 A-0,0.2108592987060547,High impact,3Dstructure\afdb_correct_to_wrong_2500_structures\A0A157T4I1.pdb,A,1,,2,0,0.0,-2.1,0,0,0,0,0.0,0.0,0.0
2787,155bd929bca11b051a67d3c4a9e1115d SECSG-T06D10.1 A-0,0.209801584482193,High impact,3Dstructure\afdb_correct_to_wrong_2500_structures\Q9U379.pdb,A,1,,2,0,0.0,-4.0,1,0,1,1,0.5,0.5,0.0
2788,fc9cc713f763c3c4801fd2028fe3b342 SECSG-T06G6.5 A-0,0.2080591022968292,High impact,3Dstructure\afdb_correct_to_wrong_2500_structures\O62369.pdb,A,1,,2,1,0.5,-0.050000000000000044,1,0,1,1,0.5,0.5,0.0
2790,01392bbf5aa0c3e0da8489d1c8efc7a7 JCSG-419658 A-1,0.2077726423740387,High impact,3Dstructure\afdb_correct_to_wrong_2500_structures\A0A173T513.pdb,A,85,,7,4,0.5714285714285714,1.342857142857143,0,0,0,0,0.0,0.0,0.0
2792,b0ddb6e71ca1c9bc2478446a1ab4cbed SSGCID-CopoB.01659.a A-1,0.2038027942180633,High impact,3Dstructure\afdb_correct_to_wrong_2500_structures\E9D9G4.pdb,A,310,,4,1,0.25,-0.2500000000000001,0,0,0,0,0.0,0.0,0.0
2794,6fc47a9f064a1526db507c26cd5b26bb JCSG-370080 A-0,0.2009108364582061,High impact,3Dstructure\afdb_correct_to_wrong_2500_structures\B2J492.pdb,A,1,,2,0,0.0,-3.7,1,0,1,1,0.5,0.5,0.0
2795,6fc47a9f064a1526db507c26cd5b26bb JCSG-370080 A-0,0.0967223346233367,High impact,3Dstructure\afdb_correct_to_wrong_2500_structures\B2J492.pdb,A,128,,10,6,0.6,-0.3000000000000001,0,2,2,-2,0.2,0.0,0.2
2802,27e71b15d73169fbe4509a8a873e9ff0 JCSG-405317 A-0,0.1979518830776214,High impact,3Dstructure\afdb_correct_to_wrong_2500_structures\B2ITE1.pdb,A,38,,10,2,0.2,-1.39,1,2,3,-1,0.3,0.1,0.2
2803,27e71b15d73169fbe4509a8a873e9ff0 JCSG-405317 A-0,0.1375962793827057,High impact,3Dstructure\afdb_correct_to_wrong_2500_structures\B2ITE1.pdb,A,57,,10,3,0.3,-0.31000000000000005,4,0,4,4,0.4,0.4,0.0
2804,27e71b15d73169fbe4509a8a873e9ff0 JCSG-405317 A-0,0.1368977129459381,High impact,3Dstructure\afdb_correct_to_wrong_2500_structures\B2ITE1.pdb,A,71,,9,4,0.4444444444444444,-0.22222222222222213,1,1,2,0,0.2222222222222222,0.1111111111111111,0.1111111111111111
2805,27e71b15d73169fbe4509a8a873e9ff0 JCSG-405317 A-0,0.1310892403125763,High impact,3Dstructure\afdb_correct_to_wrong_2500_structures\B2ITE1.pdb,A,440,,8,3,0.375,-1.825,3,0,3,3,0.375,0.375,0.0
2806,27e71b15d73169fbe4509a8a873e9ff0 JCSG-405317 A-0,0.1308100521564483,High impact,3Dstructure\afdb_correct_to_wrong_2500_structures\B2ITE1.pdb,A,385,,10,5,0.5,0.04999999999999993,1,3,4,-2,0.4,0.1,0.3
2807,27e71b15d73169fbe4509a8a873e9ff0 JCSG-405317 A-0,0.1242798864841461,High impact,3Dstructure\afdb_correct_to_wrong_2500_structures\B2ITE1.pdb,A,58,,11,4,0.36363636363636365,-0.8545454545454544,3,0,3,3,0.2727272727272727,0.2727272727272727,0.0
2808,27e71b15d73169fbe4509a8a873e9ff0 JCSG-405317 A-0,0.1227467358112335,High impact,3Dstructure\afdb_correct_to_wrong_2500_structures\B2ITE1.pdb,A,37,,10,4,0.4,-0.36000000000000004,0,1,1,-1,0.1,0.0,0.1
2809,27e71b15d73169fbe4509a8a873e9ff0 JCSG-405317 A-0,0.1217748820781707,High impact,3Dstructure\afdb_correct_to_wrong_2500_structures\B2ITE1.pdb,A,436,,12,5,0.4166666666666667,-0.5333333333333332,2,1,3,1,0.25,0.16666666666666666,0.08333333333333333
2810,27e71b15d73169fbe4509a8a873e9ff0 JCSG-405317 A-0,0.1187178790569305,High impact,3Dstructure\afdb_correct_to_wrong_2500_structures\B2ITE1.pdb,A,444,,5,1,0.2,-3.14,2,2,4,0,0.8,0.4,0.4
2811,27e71b15d73169fbe4509a8a873e9ff0 JCSG-405317 A-0,0.1179845035076141,High impact,3Dstructure\afdb_correct_to_wrong_2500_structures\B2ITE1.pdb,A,416,,11,2,0.18181818181818182,-1.8,0,2,2,-2,0.18181818181818182,0.0,0.18181818181818182
2812,27e71b15d73169fbe4509a8a873e9ff0 JCSG-405317 A-0,0.1166662871837616,High impact,3Dstructure\afdb_correct_to_wrong_2500_structures\B2ITE1.pdb,A,313,,13,9,0.6923076923076923,1.3923076923076925,1,2,3,-1,0.23076923076923078,0.07692307692307693,0.15384615384615385
2813,27e71b15d73169fbe4509a8a873e9ff0 JCSG-405317 A-0,0.1162223517894744,High impact,3Dstructure\afdb_correct_to_wrong_2500_structures\B2ITE1.pdb,A,448,,9,4,0.4444444444444444,-0.2777777777777778,3,1,4,2,0.4444444444444444,0.3333333333333333,0.1111111111111111
2814,27e71b15d73169fbe4509a8a873e9ff0 JCSG-405317 A-0,0.1162191927433013,High impact,3Dstructure\afdb_correct_to_wrong_2500_structures\B2ITE1.pdb,A,342,,11,8,0.7272727272727273,1.9454545454545455,0,1,1,-1,0.09090909090909091,0.0,0.09090909090909091
2815,27e71b15d73169fbe4509a8a873e9ff0 JCSG-405317 A-0,0.1161087453365325,High impact,3Dstructure\afdb_correct_to_wrong_2500_structures\B2ITE1.pdb,A,301,,13,8,0.6153846153846154,0.33846153846153865,2,0,2,2,0.15384615384615385,0.15384615384615385,0.0
2816,27e71b15d73169fbe4509a8a873e9ff0 JCSG-405317 A-0,0.1156537234783172,High impact,3Dstructure\afdb_correct_to_wrong_2500_structures\B2ITE1.pdb,A,443,,7,1,0.14285714285714285,-3.3000000000000003,3,2,5,1,0.7142857142857143,0.42857142857142855,0.2857142857142857
2817,27e71b15d73169fbe4509a8a873e9ff0 JCSG-405317 A-0,0.113777607679367,High impact,3Dstructure\afdb_correct_to_wrong_2500_structures\B2ITE1.pdb,A,449,,14,3,0.21428571428571427,-2.4857142857142867,7,3,10,4,0.7142857142857143,0.5,0.21428571428571427
2818,27e71b15d73169fbe4509a8a873e9ff0 JCSG-405317 A-0,0.1134766042232513,High impact,3Dstructure\afdb_correct_to_wrong_2500_structures\B2ITE1.pdb,A,434,,14,6,0.42857142857142855,-0.40714285714285714,1,0,1,1,0.07142857142857142,0.07142857142857142,0.0
2819,27e71b15d73169fbe4509a8a873e9ff0 JCSG-405317 A-0,0.1099299490451812,High impact,3Dstructure\afdb_correct_to_wrong_2500_structures\B2ITE1.pdb,A,351,,8,3,0.375,-1.0125,2,3,5,-1,0.625,0.25,0.375
2820,27e71b15d73169fbe4509a8a873e9ff0 JCSG-405317 A-0,0.1096961796283721,High impact,3Dstructure\afdb_correct_to_wrong_2500_structures\B2ITE1.pdb,A,399,,6,2,0.3333333333333333,-1.5166666666666668,2,1,3,1,0.5,0.3333333333333333,0.16666666666666666
2821,27e71b15d73169fbe4509a8a873e9ff0 JCSG-405317 A-0,0.1083309352397918,High impact,3Dstructure\afdb_correct_to_wrong_2500_structures\B2ITE1.pdb,A,433,,8,2,0.25,-1.3125,1,0,1,1,0.125,0.125,0.0
2822,27e71b15d73169fbe4509a8a873e9ff0 JCSG-405317 A-0,0.1082569062709808,High impact,3Dstructure\afdb_correct_to_wrong_2500_structures\B2ITE1.pdb,A,411,,13,6,0.46153846153846156,0.12307692307692307,0,1,1,-1,0.07692307692307693,0.0,0.07692307692307693
2823,27e71b15d73169fbe4509a8a873e9ff0 JCSG-405317 A-0,0.1077582538127899,High impact,3Dstructure\afdb_correct_to_wrong_2500_structures\B2ITE1.pdb,A,457,,13,5,0.38461538461538464,-0.3692307692307693,3,0,3,3,0.23076923076923078,0.23076923076923078,0.0
2824,27e71b15d73169fbe4509a8a873e9ff0 JCSG-405317 A-0,0.107432872056961,High impact,3Dstructure\afdb_correct_to_wrong_2500_structures\B2ITE1.pdb,A,121,,10,7,0.7,2.3,0,0,0,0,0.0,0.0,0.0
2825,27e71b15d73169fbe4509a8a873e9ff0 JCSG-405317 A-0,0.1072796881198883,High impact,3Dstructure\afdb_correct_to_wrong_2500_structures\B2ITE1.pdb,A,401,,11,5,0.45454545454545453,0.12727272727272723,2,1,3,1,0.2727272727272727,0.18181818181818182,0.09090909090909091
2826,27e71b15d73169fbe4509a8a873e9ff0 JCSG-405317 A-0,0.1059101521968841,High impact,3Dstructure\afdb_correct_to_wrong_2500_structures\B2ITE1.pdb,A,294,,11,6,0.5454545454545454,0.8727272727272729,1,0,1,1,0.09090909090909091,0.09090909090909091,0.0
2827,27e71b15d73169fbe4509a8a873e9ff0 JCSG-405317 A-0,0.1041801273822784,High impact,3Dstructure\afdb_correct_to_wrong_2500_structures\B2ITE1.pdb,A,297,,11,7,0.6363636363636364,1.1818181818181819,1,0,1,1,0.09090909090909091,0.09090909090909091,0.0
2828,27e71b15d73169fbe4509a8a873e9ff0 JCSG-405317 A-0,0.1026271879673004,High impact,3Dstructure\afdb_correct_to_wrong_2500_structures\B2ITE1.pdb,A,432,,13,6,0.46153846153846156,0.11538461538461534,1,0,1,1,0.07692307692307693,0.07692307692307693,0.0
2829,27e71b15d73169fbe4509a8a873e9ff0 JCSG-405317 A-0,0.1020765006542205,High impact,3Dstructure\afdb_correct_to_wrong_2500_structures\B2ITE1.pdb,A,389,,11,7,0.6363636363636364,1.4363636363636363,2,1,3,1,0.2727272727272727,0.18181818181818182,0.09090909090909091
2830,27e71b15d73169fbe4509a8a873e9ff0 JCSG-405317 A-0,0.0991573631763458,High impact,3Dstructure\afdb_correct_to_wrong_2500_structures\B2ITE1.pdb,A,438,,8,3,0.375,-1.675,2,0,2,2,0.25,0.25,0.0
2831,27e71b15d73169fbe4509a8a873e9ff0 JCSG-405317 A-0,0.0984069406986236,High impact,3Dstructure\afdb_correct_to_wrong_2500_structures\B2ITE1.pdb,A,383,,9,4,0.4444444444444444,0.08888888888888886,0,3,3,-3,0.3333333333333333,0.0,0.3333333333333333
2832,27e71b15d73169fbe4509a8a873e9ff0 JCSG-405317 A-0,0.0982925593852996,High impact,3Dstructure\afdb_correct_to_wrong_2500_structures\B2ITE1.pdb,A,363,,5,1,0.2,-1.1800000000000002,1,1,2,0,0.4,0.2,0.2
2833,27e71b15d73169fbe4509a8a873e9ff0 JCSG-405317 A-0,0.0971764624118805,High impact,3Dstructure\afdb_correct_to_wrong_2500_structures\B2ITE1.pdb,A,341,,10,8,0.8,2.2800000000000002,0,1,1,-1,0.1,0.0,0.1
2834,27e71b15d73169fbe4509a8a873e9ff0 JCSG-405317 A-0,0.0957070887088775,High impact,3Dstructure\afdb_correct_to_wrong_2500_structures\B2ITE1.pdb,A,78,,5,2,0.4,-0.58,0,0,0,0,0.0,0.0,0.0
2835,27e71b15d73169fbe4509a8a873e9ff0 JCSG-405317 A-0,0.093190461397171,High impact,3Dstructure\afdb_correct_to_wrong_2500_structures\B2ITE1.pdb,A,280,,14,5,0.35714285714285715,-0.5142857142857143,1,3,4,-2,0.2857142857142857,0.07142857142857142,0.21428571428571427
2836,27e71b15d73169fbe4509a8a873e9ff0 JCSG-405317 A-0,0.092534989118576,High impact,3Dstructure\afdb_correct_to_wrong_2500_structures\B2ITE1.pdb,A,310,,13,7,0.5384615384615384,1.2846153846153845,0,0,0,0,0.0,0.0,0.0
2837,27e71b15d73169fbe4509a8a873e9ff0 JCSG-405317 A-0,0.0907249152660369,High impact,3Dstructure\afdb_correct_to_wrong_2500_structures\B2ITE1.pdb,A,40,,13,6,0.46153846153846156,0.26153846153846155,0,3,3,-3,0.23076923076923078,0.0,0.23076923076923078
2838,27e71b15d73169fbe4509a8a873e9ff0 JCSG-405317 A-0,0.090641051530838,High impact,3Dstructure\afdb_correct_to_wrong_2500_structures\B2ITE1.pdb,A,406,,12,8,0.6666666666666666,1.7249999999999999,0,2,2,-2,0.16666666666666666,0.0,0.16666666666666666
2839,27e71b15d73169fbe4509a8a873e9ff0 JCSG-405317 A-0,0.089685708284378,High impact,3Dstructure\afdb_correct_to_wrong_2500_structures\B2ITE1.pdb,A,137,,8,5,0.625,-0.6375000000000002,2,1,3,1,0.375,0.25,0.125
2840,27e71b15d73169fbe4509a8a873e9ff0 JCSG-405317 A-0,0.0893285572528839,High impact,3Dstructure\afdb_correct_to_wrong_2500_structures\B2ITE1.pdb,A,120,,8,5,0.625,2.175,0,0,0,0,0.0,0.0,0.0
2841,27e71b15d73169fbe4509a8a873e9ff0 JCSG-405317 A-0,0.0885246098041534,High impact,3Dstructure\afdb_correct_to_wrong_2500_structures\B2ITE1.pdb,A,355,,11,2,0.18181818181818182,-2.1454545454545455,3,2,5,1,0.45454545454545453,0.2727272727272727,0.18181818181818182
2842,27e71b15d73169fbe4509a8a873e9ff0 JCSG-405317 A-0,0.0844136178493499,High impact,3Dstructure\afdb_correct_to_wrong_2500_structures\B2ITE1.pdb,A,64,,7,3,0.42857142857142855,0.48571428571428577,1,1,2,0,0.2857142857142857,0.14285714285714285,0.14285714285714285
2843,27e71b15d73169fbe4509a8a873e9ff0 JCSG-405317 A-0,0.0820511281490325,High impact,3Dstructure\afdb_correct_to_wrong_2500_structures\B2ITE1.pdb,A,366,,11,7,0.6363636363636364,1.618181818181818,1,0,1,1,0.09090909090909091,0.09090909090909091,0.0
2844,27e71b15d73169fbe4509a8a873e9ff0 JCSG-405317 A-0,0.0818706452846527,High impact,3Dstructure\afdb_correct_to_wrong_2500_structures\B2ITE1.pdb,A,431,,18,8,0.4444444444444444,0.2444444444444444,2,0,2,2,0.1111111111111111,0.1111111111111111,0.0
2845,27e71b15d73169fbe4509a8a873e9ff0 JCSG-405317 A-0,0.0816159546375274,High impact,3Dstructure\afdb_correct_to_wrong_2500_structures\B2ITE1.pdb,A,41,,14,7,0.5,0.11428571428571432,2,3,5,-1,0.35714285714285715,0.14285714285714285,0.21428571428571427
2846,27e71b15d73169fbe4509a8a873e9ff0 JCSG-405317 A-0,0.0791429579257965,High impact,3Dstructure\afdb_correct_to_wrong_2500_structures\B2ITE1.pdb,A,133,,9,3,0.3333333333333333,-1.4444444444444444,4,1,5,3,0.5555555555555556,0.4444444444444444,0.1111111111111111
2847,27e71b15d73169fbe4509a8a873e9ff0 JCSG-405317 A-0,0.0788773596286773,High impact,3Dstructure\afdb_correct_to_wrong_2500_structures\B2ITE1.pdb,A,44,,13,6,0.46153846153846156,-0.6846153846153847,3,1,4,2,0.3076923076923077,0.23076923076923078,0.07692307692307693
2848,27e71b15d73169fbe4509a8a873e9ff0 JCSG-405317 A-0,0.0763865411281585,High impact,3Dstructure\afdb_correct_to_wrong_2500_structures\B2ITE1.pdb,A,111,,12,7,0.5833333333333334,0.37499999999999994,1,0,1,1,0.08333333333333333,0.08333333333333333,0.0
2849,27e71b15d73169fbe4509a8a873e9ff0 JCSG-405317 A-0,0.0762702524662017,High impact,3Dstructure\afdb_correct_to_wrong_2500_structures\B2ITE1.pdb,A,359,,6,2,0.3333333333333333,-1.1333333333333333,1,1,2,0,0.3333333333333333,0.16666666666666666,0.16666666666666666
2850,27e71b15d73169fbe4509a8a873e9ff0 JCSG-405317 A-0,0.0742545425891876,High impact,3Dstructure\afdb_correct_to_wrong_2500_structures\B2ITE1.pdb,A,290,,11,2,0.18181818181818182,-1.3363636363636364,2,0,2,2,0.18181818181818182,0.18181818181818182,0.0
2851,27e71b15d73169fbe4509a8a873e9ff0 JCSG-405317 A-0,0.0733673870563507,High impact,3Dstructure\afdb_correct_to_wrong_2500_structures\B2ITE1.pdb,A,283,,13,10,0.7692307692307693,2.0538461538461537,0,0,0,0,0.0,0.0,0.0
2852,27e71b15d73169fbe4509a8a873e9ff0 JCSG-405317 A-0,0.0733157098293304,High impact,3Dstructure\afdb_correct_to_wrong_2500_structures\B2ITE1.pdb,A,53,,7,3,0.42857142857142855,-1.3857142857142857,1,0,1,1,0.14285714285714285,0.14285714285714285,0.0
2853,27e71b15d73169fbe4509a8a873e9ff0 JCSG-405317 A-0,0.0727687180042266,High impact,3Dstructure\afdb_correct_to_wrong_2500_structures\B2ITE1.pdb,A,109,,8,5,0.625,0.3999999999999999,0,0,0,0,0.0,0.0,0.0
2854,27e71b15d73169fbe4509a8a873e9ff0 JCSG-405317 A-0,0.0691346228122711,High impact,3Dstructure\afdb_correct_to_wrong_2500_structures\B2ITE1.pdb,A,122,,13,8,0.6153846153846154,1.9461538461538461,0,0,0,0,0.0,0.0,0.0
2855,27e71b15d73169fbe4509a8a873e9ff0 JCSG-405317 A-0,0.0669479072093963,High impact,3Dstructure\afdb_correct_to_wrong_2500_structures\B2ITE1.pdb,A,155,,8,2,0.25,-1.7125,1,2,3,-1,0.375,0.125,0.25
2888,237d080d156b17caa44b4aa5a7b0b313 NESG-SR210 A-1,0.1977541148662567,High impact,3Dstructure\afdb_correct_to_wrong_2500_structures\A0A6M4JIL2.pdb,A,111,,12,7,0.5833333333333334,0.016666666666666635,0,2,2,-2,0.16666666666666666,0.0,0.16666666666666666
2889,237d080d156b17caa44b4aa5a7b0b313 NESG-SR210 A-1,0.165657490491867,High impact,3Dstructure\afdb_correct_to_wrong_2500_structures\A0A6M4JIL2.pdb,A,118,,8,6,0.75,1.5,0,1,1,-1,0.125,0.0,0.125
2897,e5340d9f5b55827be5ed6a744377cea2 NESG-HR8561A A-1,0.1673732697963714,High impact,3Dstructure\afdb_correct_to_wrong_2500_structures\A0A2K5YN62.pdb,A,389,,4,1,0.25,-0.3749999999999999,1,0,1,1,0.25,0.25,0.0
2899,e5340d9f5b55827be5ed6a744377cea2 NESG-HR8561A A-1,0.1409970223903656,High impact,3Dstructure\afdb_correct_to_wrong_2500_structures\A0A2K5YN62.pdb,A,498,,9,5,0.5555555555555556,1.0222222222222221,0,0,0,0,0.0,0.0,0.0
2902,6ac03a32b1a52555264fa77dfeb9de88 JCSG-416561 A-1,0.196036696434021,High impact,3Dstructure\afdb_correct_to_wrong_2500_structures\A0AAE2VFW2.pdb,A,15,,7,4,0.5714285714285714,0.6428571428571429,1,0,1,1,0.14285714285714285,0.14285714285714285,0.0
2903,6ac03a32b1a52555264fa77dfeb9de88 JCSG-416561 A-1,0.1866865456104278,High impact,3Dstructure\afdb_correct_to_wrong_2500_structures\A0AAE2VFW2.pdb,A,37,,8,4,0.5,1.075,0,1,1,-1,0.125,0.0,0.125
2904,6ac03a32b1a52555264fa77dfeb9de88 JCSG-416561 A-1,0.1725624799728393,High impact,3Dstructure\afdb_correct_to_wrong_2500_structures\A0AAE2VFW2.pdb,A,65,,7,3,0.42857142857142855,-0.35714285714285726,1,0,1,1,0.14285714285714285,0.14285714285714285,0.0
2905,6ac03a32b1a52555264fa77dfeb9de88 JCSG-416561 A-1,0.1680704355239868,High impact,3Dstructure\afdb_correct_to_wrong_2500_structures\A0AAE2VFW2.pdb,A,57,,5,1,0.2,0.2599999999999999,0,0,0,0,0.0,0.0,0.0
2906,6ac03a32b1a52555264fa77dfeb9de88 JCSG-416561 A-1,0.1625910401344299,High impact,3Dstructure\afdb_correct_to_wrong_2500_structures\A0AAE2VFW2.pdb,A,49,,7,3,0.42857142857142855,-0.1714285714285715,1,0,1,1,0.14285714285714285,0.14285714285714285,0.0
2907,bae8da43841d65da2586fe2e8590ccc2 JCSG-359441 A-0,0.1956453919410705,High impact,3Dstructure\afdb_correct_to_wrong_2500_structures\A0A1Z4KFQ4.pdb,A,1,,5,1,0.2,-1.4200000000000002,0,1,1,-1,0.2,0.0,0.2
2908,9380e157a109e3efa4cec79f2afea7d4 SGPP-Pfal005384AAA A-0,0.1952965557575225,High impact,3Dstructure\afdb_correct_to_wrong_2500_structures\A0A024V8P9.pdb,A,1,,2,1,0.5,-0.85,0,0,0,0,0.0,0.0,0.0
2909,66b7c5ae9018795026f202e603bacb44 JCSG-463 A-0,0.1942715942859649,High impact,3Dstructure\afdb_correct_to_wrong_2500_structures\O62286.pdb,A,1,,3,1,0.3333333333333333,0.9,0,0,0,0,0.0,0.0,0.0
2910,053d934f0fbeb4f63d55cb32327d99af JCSG-392051 A-0,0.1940730810165405,High impact,3Dstructure\afdb_correct_to_wrong_2500_structures\A0A157T2V5.pdb,A,1,,2,1,0.5,0.0,1,0,1,1,0.5,0.5,0.0
2911,962f6ab27fbc8d024f30301debb081e0 MCSG-APC83849 A-0,0.1922727525234222,High impact,3Dstructure\afdb_correct_to_wrong_2500_structures\B4RRD7.pdb,A,278,,4,1,0.25,-1.125,1,0,1,1,0.25,0.25,0.0
2912,962f6ab27fbc8d024f30301debb081e0 MCSG-APC83849 A-0,0.1404102742671966,High impact,3Dstructure\afdb_correct_to_wrong_2500_structures\B4RRD7.pdb,A,318,,13,3,0.23076923076923078,-1.6615384615384612,3,4,7,-1,0.5384615384615384,0.23076923076923078,0.3076923076923077
2914,2f9a32f38b8466d2e608b6ec3abdce4b SGPP-Pfal006399AAA A-0,0.1851113736629486,High impact,3Dstructure\afdb_correct_to_wrong_2500_structures\A0A024V327.pdb,A,1,,2,1,0.5,-2.4,0,0,0,0,0.0,0.0,0.0
2915,1210851011061cc9cca4ff75a5230cf3 MCSG-APC103048 A-0,0.1847683489322662,High impact,3Dstructure\afdb_correct_to_wrong_2500_structures\C6WBX0.pdb,A,1,,2,0,0.0,-2.1,0,0,0,0,0.0,0.0,0.0
2916,3bfd243c0c8b48a1576d9ee7cbb2a17d JCSG-282497 A-0,0.1825719773769378,High impact,3Dstructure\afdb_correct_to_wrong_2500_structures\Q9WZ93.pdb,A,1,,7,2,0.2857142857142857,0.04285714285714283,1,0,1,1,0.14285714285714285,0.14285714285714285,0.0
2932,f2135a98e285e1cbca6d12ce3ed7f981 SECSG-M01F1.8 A-0,0.1801473796367645,High impact,3Dstructure\afdb_correct_to_wrong_2500_structures\Q7YXB7.pdb,A,1,,4,1,0.25,-1.825,2,0,2,2,0.5,0.5,0.0
2936,f2135a98e285e1cbca6d12ce3ed7f981 SECSG-M01F1.8 A-0,0.0094532072544097,Low impact,3Dstructure\afdb_correct_to_wrong_2500_structures\Q7YXB7.pdb,A,256,,4,2,0.5,-0.175,0,0,0,0,0.0,0.0,0.0
2937,f2135a98e285e1cbca6d12ce3ed7f981 SECSG-M01F1.8 A-0,0.0093896090984344,Low impact,3Dstructure\afdb_correct_to_wrong_2500_structures\Q7YXB7.pdb,A,42,,12,3,0.25,-1.1583333333333332,3,2,5,1,0.4166666666666667,0.25,0.16666666666666666
2938,f2135a98e285e1cbca6d12ce3ed7f981 SECSG-M01F1.8 A-0,0.0090954005718231,Low impact,3Dstructure\afdb_correct_to_wrong_2500_structures\Q7YXB7.pdb,A,106,,14,10,0.7142857142857143,1.3428571428571427,0,1,1,-1,0.07142857142857142,0.0,0.07142857142857142
2939,f2135a98e285e1cbca6d12ce3ed7f981 SECSG-M01F1.8 A-0,0.0090766251087188,Low impact,3Dstructure\afdb_correct_to_wrong_2500_structures\Q7YXB7.pdb,A,4,,8,3,0.375,-1.0500000000000003,3,0,3,3,0.375,0.375,0.0
2940,f2135a98e285e1cbca6d12ce3ed7f981 SECSG-M01F1.8 A-0,0.009003072977066,Low impact,3Dstructure\afdb_correct_to_wrong_2500_structures\Q7YXB7.pdb,A,105,,12,9,0.75,1.5583333333333333,0,1,1,-1,0.08333333333333333,0.0,0.08333333333333333
2941,f2135a98e285e1cbca6d12ce3ed7f981 SECSG-M01F1.8 A-0,0.0084247887134552,Low impact,3Dstructure\afdb_correct_to_wrong_2500_structures\Q7YXB7.pdb,A,16,,5,2,0.4,-0.41999999999999993,1,1,2,0,0.4,0.2,0.2
2942,f2135a98e285e1cbca6d12ce3ed7f981 SECSG-M01F1.8 A-0,0.0081005990505218,Low impact,3Dstructure\afdb_correct_to_wrong_2500_structures\Q7YXB7.pdb,A,60,,11,6,0.5454545454545454,0.8272727272727273,1,3,4,-2,0.36363636363636365,0.09090909090909091,0.2727272727272727
2943,f2135a98e285e1cbca6d12ce3ed7f981 SECSG-M01F1.8 A-0,0.0079428851604461,Low impact,3Dstructure\afdb_correct_to_wrong_2500_structures\Q7YXB7.pdb,A,314,,8,3,0.375,-1.3625,1,2,3,-1,0.375,0.125,0.25
2944,f2135a98e285e1cbca6d12ce3ed7f981 SECSG-M01F1.8 A-0,0.0077300369739532,Low impact,3Dstructure\afdb_correct_to_wrong_2500_structures\Q7YXB7.pdb,A,59,,8,3,0.375,-0.575,1,3,4,-2,0.5,0.125,0.375
2945,f2135a98e285e1cbca6d12ce3ed7f981 SECSG-M01F1.8 A-0,0.0077157318592071,Low impact,3Dstructure\afdb_correct_to_wrong_2500_structures\Q7YXB7.pdb,A,138,,12,5,0.4166666666666667,-0.03333333333333335,2,1,3,1,0.25,0.16666666666666666,0.08333333333333333
2946,f2135a98e285e1cbca6d12ce3ed7f981 SECSG-M01F1.8 A-0,0.0076240003108978,Low impact,3Dstructure\afdb_correct_to_wrong_2500_structures\Q7YXB7.pdb,A,2,,5,2,0.4,-0.5399999999999999,2,0,2,2,0.4,0.4,0.0
2947,f2135a98e285e1cbca6d12ce3ed7f981 SECSG-M01F1.8 A-0,0.0075274407863616,Low impact,3Dstructure\afdb_correct_to_wrong_2500_structures\Q7YXB7.pdb,A,55,,7,3,0.42857142857142855,0.742857142857143,0,1,1,-1,0.14285714285714285,0.0,0.14285714285714285
2948,f2135a98e285e1cbca6d12ce3ed7f981 SECSG-M01F1.8 A-0,0.0073007643222808,Low impact,3Dstructure\afdb_correct_to_wrong_2500_structures\Q7YXB7.pdb,A,321,,9,3,0.3333333333333333,-0.7,1,3,4,-2,0.4444444444444444,0.1111111111111111,0.3333333333333333
2949,f2135a98e285e1cbca6d12ce3ed7f981 SECSG-M01F1.8 A-0,0.0072902739048004,Low impact,3Dstructure\afdb_correct_to_wrong_2500_structures\Q7YXB7.pdb,A,12,,11,7,0.6363636363636364,0.7272727272727272,2,1,3,1,0.2727272727272727,0.18181818181818182,0.09090909090909091
2950,f2135a98e285e1cbca6d12ce3ed7f981 SECSG-M01F1.8 A-0,0.0069380700588226,Low impact,3Dstructure\afdb_correct_to_wrong_2500_structures\Q7YXB7.pdb,A,210,,4,1,0.25,-1.7,0,0,0,0,0.0,0.0,0.0
2951,f2135a98e285e1cbca6d12ce3ed7f981 SECSG-M01F1.8 A-0,0.0069356262683868,Low impact,3Dstructure\afdb_correct_to_wrong_2500_structures\Q7YXB7.pdb,A,7,,9,4,0.4444444444444444,-0.47777777777777775,1,0,1,1,0.1111111111111111,0.1111111111111111,0.0
2952,f2135a98e285e1cbca6d12ce3ed7f981 SECSG-M01F1.8 A-0,0.0068010985851287,Low impact,3Dstructure\afdb_correct_to_wrong_2500_structures\Q7YXB7.pdb,A,176,,10,5,0.5,-0.35,2,2,4,0,0.4,0.2,0.2
2953,f2135a98e285e1cbca6d12ce3ed7f981 SECSG-M01F1.8 A-0,0.0065801441669464,Low impact,3Dstructure\afdb_correct_to_wrong_2500_structures\Q7YXB7.pdb,A,190,,5,0,0.0,-2.64,2,0,2,2,0.4,0.4,0.0
2954,f2135a98e285e1cbca6d12ce3ed7f981 SECSG-M01F1.8 A-0,0.0065033137798309,Low impact,3Dstructure\afdb_correct_to_wrong_2500_structures\Q7YXB7.pdb,A,6,,7,3,0.42857142857142855,-0.4714285714285714,1,0,1,1,0.14285714285714285,0.14285714285714285,0.0
2955,f2135a98e285e1cbca6d12ce3ed7f981 SECSG-M01F1.8 A-0,0.0064106285572052,Low impact,3Dstructure\afdb_correct_to_wrong_2500_structures\Q7YXB7.pdb,A,109,,7,2,0.2857142857142857,-1.3,0,1,1,-1,0.14285714285714285,0.0,0.14285714285714285
2956,f2135a98e285e1cbca6d12ce3ed7f981 SECSG-M01F1.8 A-0,0.0063450634479522,Low impact,3Dstructure\afdb_correct_to_wrong_2500_structures\Q7YXB7.pdb,A,36,,6,3,0.5,0.49999999999999994,1,1,2,0,0.3333333333333333,0.16666666666666666,0.16666666666666666
2957,f2135a98e285e1cbca6d12ce3ed7f981 SECSG-M01F1.8 A-0,0.0063025057315826,Low impact,3Dstructure\afdb_correct_to_wrong_2500_structures\Q7YXB7.pdb,A,277,,10,4,0.4,-0.8800000000000001,2,2,4,0,0.4,0.2,0.2
2958,f2135a98e285e1cbca6d12ce3ed7f981 SECSG-M01F1.8 A-0,0.0062575638294219,Low impact,3Dstructure\afdb_correct_to_wrong_2500_structures\Q7YXB7.pdb,A,255,,4,1,0.25,-1.35,1,0,1,1,0.25,0.25,0.0
2959,f2135a98e285e1cbca6d12ce3ed7f981 SECSG-M01F1.8 A-0,0.006247729063034,Low impact,3Dstructure\afdb_correct_to_wrong_2500_structures\Q7YXB7.pdb,A,92,,14,6,0.42857142857142855,-0.22857142857142865,1,2,3,-1,0.21428571428571427,0.07142857142857142,0.14285714285714285
2960,f2135a98e285e1cbca6d12ce3ed7f981 SECSG-M01F1.8 A-0,0.0062338411808013,Low impact,3Dstructure\afdb_correct_to_wrong_2500_structures\Q7YXB7.pdb,A,116,,4,2,0.5,0.5999999999999999,0,0,0,0,0.0,0.0,0.0
2961,f2135a98e285e1cbca6d12ce3ed7f981 SECSG-M01F1.8 A-0,0.0061865150928497,Low impact,3Dstructure\afdb_correct_to_wrong_2500_structures\Q7YXB7.pdb,A,160,,12,6,0.5,-0.6083333333333335,2,2,4,0,0.3333333333333333,0.16666666666666666,0.16666666666666666
2962,f2135a98e285e1cbca6d12ce3ed7f981 SECSG-M01F1.8 A-0,0.0060456097126007,Low impact,3Dstructure\afdb_correct_to_wrong_2500_structures\Q7YXB7.pdb,A,278,,8,3,0.375,-0.9375000000000001,3,1,4,2,0.5,0.375,0.125
2963,f2135a98e285e1cbca6d12ce3ed7f981 SECSG-M01F1.8 A-0,0.0059641301631927,Low impact,3Dstructure\afdb_correct_to_wrong_2500_structures\Q7YXB7.pdb,A,23,,13,3,0.23076923076923078,-1.1230769230769229,3,1,4,2,0.3076923076923077,0.23076923076923078,0.07692307692307693
2964,f2135a98e285e1cbca6d12ce3ed7f981 SECSG-M01F1.8 A-0,0.0058750808238983,Low impact,3Dstructure\afdb_correct_to_wrong_2500_structures\Q7YXB7.pdb,A,22,,13,7,0.5384615384615384,0.5153846153846154,1,1,2,0,0.15384615384615385,0.07692307692307693,0.07692307692307693
2965,f2135a98e285e1cbca6d12ce3ed7f981 SECSG-M01F1.8 A-0,0.0058667957782745,Low impact,3Dstructure\afdb_correct_to_wrong_2500_structures\Q7YXB7.pdb,A,167,,7,1,0.14285714285714285,-0.4285714285714287,0,1,1,-1,0.14285714285714285,0.0,0.14285714285714285
2966,f2135a98e285e1cbca6d12ce3ed7f981 SECSG-M01F1.8 A-0,0.0057534873485565,Low impact,3Dstructure\afdb_correct_to_wrong_2500_structures\Q7YXB7.pdb,A,103,,11,7,0.6363636363636364,1.0454545454545454,1,0,1,1,0.09090909090909091,0.09090909090909091,0.0
2967,f2135a98e285e1cbca6d12ce3ed7f981 SECSG-M01F1.8 A-0,0.005734771490097,Low impact,3Dstructure\afdb_correct_to_wrong_2500_structures\Q7YXB7.pdb,A,86,,8,4,0.5,0.13749999999999996,2,1,3,1,0.375,0.25,0.125
2968,f2135a98e285e1cbca6d12ce3ed7f981 SECSG-M01F1.8 A-0,0.0056937038898468,Low impact,3Dstructure\afdb_correct_to_wrong_2500_structures\Q7YXB7.pdb,A,230,,4,2,0.5,-1.0500000000000003,0,0,0,0,0.0,0.0,0.0
2969,f2135a98e285e1cbca6d12ce3ed7f981 SECSG-M01F1.8 A-0,0.0056928694248199,Low impact,3Dstructure\afdb_correct_to_wrong_2500_structures\Q7YXB7.pdb,A,10,,14,7,0.5,-0.0214285714285714,2,2,4,0,0.2857142857142857,0.14285714285714285,0.14285714285714285
2970,f2135a98e285e1cbca6d12ce3ed7f981 SECSG-M01F1.8 A-0,0.0056171119213104,Low impact,3Dstructure\afdb_correct_to_wrong_2500_structures\Q7YXB7.pdb,A,180,,9,2,0.2222222222222222,-1.5444444444444447,2,3,5,-1,0.5555555555555556,0.2222222222222222,0.3333333333333333
2971,f2135a98e285e1cbca6d12ce3ed7f981 SECSG-M01F1.8 A-0,0.0055801570415496,Low impact,3Dstructure\afdb_correct_to_wrong_2500_structures\Q7YXB7.pdb,A,151,,9,5,0.5555555555555556,0.7222222222222222,1,0,1,1,0.1111111111111111,0.1111111111111111,0.0
2972,f2135a98e285e1cbca6d12ce3ed7f981 SECSG-M01F1.8 A-0,0.0055042803287506,Low impact,3Dstructure\afdb_correct_to_wrong_2500_structures\Q7YXB7.pdb,A,328,,3,1,0.3333333333333333,-0.9333333333333332,0,2,2,-2,0.6666666666666666,0.0,0.6666666666666666
2973,f2135a98e285e1cbca6d12ce3ed7f981 SECSG-M01F1.8 A-0,0.0054639279842376,Low impact,3Dstructure\afdb_correct_to_wrong_2500_structures\Q7YXB7.pdb,A,280,,10,6,0.6,0.6499999999999999,1,1,2,0,0.2,0.1,0.1
2974,f2135a98e285e1cbca6d12ce3ed7f981 SECSG-M01F1.8 A-0,0.005454272031784,Low impact,3Dstructure\afdb_correct_to_wrong_2500_structures\Q7YXB7.pdb,A,231,,4,1,0.25,-0.325,0,0,0,0,0.0,0.0,0.0
2975,f2135a98e285e1cbca6d12ce3ed7f981 SECSG-M01F1.8 A-0,0.0054393708705902,Low impact,3Dstructure\afdb_correct_to_wrong_2500_structures\Q7YXB7.pdb,A,124,,4,1,0.25,-1.7999999999999998,1,0,1,1,0.25,0.25,0.0
2976,f2135a98e285e1cbca6d12ce3ed7f981 SECSG-M01F1.8 A-0,0.0054381191730499,Low impact,3Dstructure\afdb_correct_to_wrong_2500_structures\Q7YXB7.pdb,A,129,,7,3,0.42857142857142855,-0.642857142857143,1,1,2,0,0.2857142857142857,0.14285714285714285,0.14285714285714285
2977,f2135a98e285e1cbca6d12ce3ed7f981 SECSG-M01F1.8 A-0,0.0054008662700653,Low impact,3Dstructure\afdb_correct_to_wrong_2500_structures\Q7YXB7.pdb,A,163,,13,4,0.3076923076923077,-0.2384615384615385,0,1,1,-1,0.07692307692307693,0.0,0.07692307692307693
2978,f2135a98e285e1cbca6d12ce3ed7f981 SECSG-M01F1.8 A-0,0.0053529441356658,Low impact,3Dstructure\afdb_correct_to_wrong_2500_structures\Q7YXB7.pdb,A,139,,9,4,0.4444444444444444,0.4444444444444444,0,2,2,-2,0.2222222222222222,0.0,0.2222222222222222
2979,f2135a98e285e1cbca6d12ce3ed7f981 SECSG-M01F1.8 A-0,0.0052950084209442,Low impact,3Dstructure\afdb_correct_to_wrong_2500_structures\Q7YXB7.pdb,A,195,,9,3,0.3333333333333333,-1.5222222222222224,2,1,3,1,0.3333333333333333,0.2222222222222222,0.1111111111111111
2980,f2135a98e285e1cbca6d12ce3ed7f981 SECSG-M01F1.8 A-0,0.0052779018878936,Low impact,3Dstructure\afdb_correct_to_wrong_2500_structures\Q7YXB7.pdb,A,125,,5,2,0.4,-0.040000000000000056,0,0,0,0,0.0,0.0,0.0
2981,f2135a98e285e1cbca6d12ce3ed7f981 SECSG-M01F1.8 A-0,0.0052665174007415,Low impact,3Dstructure\afdb_correct_to_wrong_2500_structures\Q7YXB7.pdb,A,191,,5,1,0.2,-1.64,1,0,1,1,0.2,0.2,0.0
2982,f2135a98e285e1cbca6d12ce3ed7f981 SECSG-M01F1.8 A-0,0.0052529871463775,Low impact,3Dstructure\afdb_correct_to_wrong_2500_structures\Q7YXB7.pdb,A,215,,5,1,0.2,-1.8800000000000001,1,0,1,1,0.2,0.2,0.0
2983,f2135a98e285e1cbca6d12ce3ed7f981 SECSG-M01F1.8 A-0,0.0052389204502105,Low impact,3Dstructure\afdb_correct_to_wrong_2500_structures\Q7YXB7.pdb,A,53,,4,2,0.5,0.3500000000000001,1,0,1,1,0.25,0.25,0.0
2984,f2135a98e285e1cbca6d12ce3ed7f981 SECSG-M01F1.8 A-0,0.0051356852054595,Low impact,3Dstructure\afdb_correct_to_wrong_2500_structures\Q7YXB7.pdb,A,276,,13,4,0.3076923076923077,-0.8153846153846154,2,4,6,-2,0.46153846153846156,0.15384615384615385,0.3076923076923077
2985,f2135a98e285e1cbca6d12ce3ed7f981 SECSG-M01F1.8 A-0,0.0050380527973175,Low impact,3Dstructure\afdb_correct_to_wrong_2500_structures\Q7YXB7.pdb,A,118,,4,2,0.5,0.9249999999999999,1,0,1,1,0.25,0.25,0.0
2986,f2135a98e285e1cbca6d12ce3ed7f981 SECSG-M01F1.8 A-0,0.0049326717853546,Low impact,3Dstructure\afdb_correct_to_wrong_2500_structures\Q7YXB7.pdb,A,83,,7,2,0.2857142857142857,-0.9714285714285714,2,2,4,0,0.5714285714285714,0.2857142857142857,0.2857142857142857
2987,f2135a98e285e1cbca6d12ce3ed7f981 SECSG-M01F1.8 A-0,0.0049326717853546,Low impact,3Dstructure\afdb_correct_to_wrong_2500_structures\Q7YXB7.pdb,A,110,,8,2,0.25,-1.6375,2,1,3,1,0.375,0.25,0.125
2988,f2135a98e285e1cbca6d12ce3ed7f981 SECSG-M01F1.8 A-0,0.0049231350421905,Low impact,3Dstructure\afdb_correct_to_wrong_2500_structures\Q7YXB7.pdb,A,133,,14,10,0.7142857142857143,1.1285714285714286,2,0,2,2,0.14285714285714285,0.14285714285714285,0.0
2989,f2135a98e285e1cbca6d12ce3ed7f981 SECSG-M01F1.8 A-0,0.0049221217632293,Low impact,3Dstructure\afdb_correct_to_wrong_2500_structures\Q7YXB7.pdb,A,111,,9,3,0.3333333333333333,-1.9111111111111114,2,1,3,1,0.3333333333333333,0.2222222222222222,0.1111111111111111
2990,f2135a98e285e1cbca6d12ce3ed7f981 SECSG-M01F1.8 A-0,0.0049134790897369,Low impact,3Dstructure\afdb_correct_to_wrong_2500_structures\Q7YXB7.pdb,A,142,,9,2,0.2222222222222222,-1.8888888888888888,3,3,6,0,0.6666666666666666,0.3333333333333333,0.3333333333333333
2991,f2135a98e285e1cbca6d12ce3ed7f981 SECSG-M01F1.8 A-0,0.0048828423023223,Low impact,3Dstructure\afdb_correct_to_wrong_2500_structures\Q7YXB7.pdb,A,18,,11,6,0.5454545454545454,0.3181818181818181,3,1,4,2,0.36363636363636365,0.2727272727272727,0.09090909090909091
2992,f2135a98e285e1cbca6d12ce3ed7f981 SECSG-M01F1.8 A-0,0.0048766434192657,Low impact,3Dstructure\afdb_correct_to_wrong_2500_structures\Q7YXB7.pdb,A,178,,7,2,0.2857142857142857,-2.128571428571429,2,2,4,0,0.5714285714285714,0.2857142857142857,0.2857142857142857
2993,f2135a98e285e1cbca6d12ce3ed7f981 SECSG-M01F1.8 A-0,0.0048452317714691,Low impact,3Dstructure\afdb_correct_to_wrong_2500_structures\Q7YXB7.pdb,A,273,,6,1,0.16666666666666666,-1.2333333333333332,1,2,3,-1,0.5,0.16666666666666666,0.3333333333333333
2994,f2135a98e285e1cbca6d12ce3ed7f981 SECSG-M01F1.8 A-0,0.0048302114009857,Low impact,3Dstructure\afdb_correct_to_wrong_2500_structures\Q7YXB7.pdb,A,50,,12,7,0.5833333333333334,0.49166666666666664,1,0,1,1,0.08333333333333333,0.08333333333333333,0.0
2995,f2135a98e285e1cbca6d12ce3ed7f981 SECSG-M01F1.8 A-0,0.0048079788684844,Low impact,3Dstructure\afdb_correct_to_wrong_2500_structures\Q7YXB7.pdb,A,119,,6,5,0.8333333333333334,1.8333333333333333,0,0,0,0,0.0,0.0,0.0
2996,f2135a98e285e1cbca6d12ce3ed7f981 SECSG-M01F1.8 A-0,0.0047580897808074,Low impact,3Dstructure\afdb_correct_to_wrong_2500_structures\Q7YXB7.pdb,A,32,,9,5,0.5555555555555556,0.011111111111111023,2,2,4,0,0.4444444444444444,0.2222222222222222,0.2222222222222222
2997,f2135a98e285e1cbca6d12ce3ed7f981 SECSG-M01F1.8 A-0,0.0046634376049041,Low impact,3Dstructure\afdb_correct_to_wrong_2500_structures\Q7YXB7.pdb,A,301,,5,1,0.2,-1.24,0,1,1,-1,0.2,0.0,0.2
2998,f2135a98e285e1cbca6d12ce3ed7f981 SECSG-M01F1.8 A-0,0.0046100318431854,Low impact,3Dstructure\afdb_correct_to_wrong_2500_structures\Q7YXB7.pdb,A,285,,10,4,0.4,-0.9400000000000002,2,0,2,2,0.2,0.2,0.0
2999,f2135a98e285e1cbca6d12ce3ed7f981 SECSG-M01F1.8 A-0,0.0045910775661468,Low impact,3Dstructure\afdb_correct_to_wrong_2500_structures\Q7YXB7.pdb,A,311,,8,3,0.375,-1.2875,3,0,3,3,0.375,0.375,0.0
3000,f2135a98e285e1cbca6d12ce3ed7f981 SECSG-M01F1.8 A-0,0.0045349299907684,Low impact,3Dstructure\afdb_correct_to_wrong_2500_structures\Q7YXB7.pdb,A,146,,9,5,0.5555555555555556,-4.9343245538895844e-17,2,2,4,0,0.4444444444444444,0.2222222222222222,0.2222222222222222
3001,f2135a98e285e1cbca6d12ce3ed7f981 SECSG-M01F1.8 A-0,0.0045041739940643,Low impact,3Dstructure\afdb_correct_to_wrong_2500_structures\Q7YXB7.pdb,A,323,,7,3,0.42857142857142855,0.1714285714285715,1,1,2,0,0.2857142857142857,0.14285714285714285,0.14285714285714285
3002,f2135a98e285e1cbca6d12ce3ed7f981 SECSG-M01F1.8 A-0,0.0044988691806793,Low impact,3Dstructure\afdb_correct_to_wrong_2500_structures\Q7YXB7.pdb,A,254,,5,3,0.6,0.6599999999999999,1,0,1,1,0.2,0.2,0.0
3003,f2135a98e285e1cbca6d12ce3ed7f981 SECSG-M01F1.8 A-0,0.0044654905796051,Low impact,3Dstructure\afdb_correct_to_wrong_2500_structures\Q7YXB7.pdb,A,156,,10,7,0.7,1.4400000000000002,1,1,2,0,0.2,0.1,0.1
3004,f2135a98e285e1cbca6d12ce3ed7f981 SECSG-M01F1.8 A-0,0.004464715719223,Low impact,3Dstructure\afdb_correct_to_wrong_2500_structures\Q7YXB7.pdb,A,184,,8,5,0.625,0.6124999999999999,1,2,3,-1,0.375,0.125,0.25
3005,f2135a98e285e1cbca6d12ce3ed7f981 SECSG-M01F1.8 A-0,0.0044497549533843,Low impact,3Dstructure\afdb_correct_to_wrong_2500_structures\Q7YXB7.pdb,A,318,,8,3,0.375,-0.6000000000000001,2,2,4,0,0.5,0.25,0.25
3006,f2135a98e285e1cbca6d12ce3ed7f981 SECSG-M01F1.8 A-0,0.0044474899768829,Low impact,3Dstructure\afdb_correct_to_wrong_2500_structures\Q7YXB7.pdb,A,74,,12,8,0.6666666666666666,0.8333333333333334,2,0,2,2,0.16666666666666666,0.16666666666666666,0.0
3007,f2135a98e285e1cbca6d12ce3ed7f981 SECSG-M01F1.8 A-0,0.0044440925121307,Low impact,3Dstructure\afdb_correct_to_wrong_2500_structures\Q7YXB7.pdb,A,153,,8,4,0.5,0.32500000000000007,2,0,2,2,0.25,0.25,0.0
3008,f2135a98e285e1cbca6d12ce3ed7f981 SECSG-M01F1.8 A-0,0.0043801367282867,Low impact,3Dstructure\afdb_correct_to_wrong_2500_structures\Q7YXB7.pdb,A,96,,14,7,0.5,-0.04285714285714289,1,1,2,0,0.14285714285714285,0.07142857142857142,0.07142857142857142
3009,f2135a98e285e1cbca6d12ce3ed7f981 SECSG-M01F1.8 A-0,0.0043222606182098,Low impact,3Dstructure\afdb_correct_to_wrong_2500_structures\Q7YXB7.pdb,A,175,,12,8,0.6666666666666666,1.2666666666666668,2,0,2,2,0.16666666666666666,0.16666666666666666,0.0
3010,f2135a98e285e1cbca6d12ce3ed7f981 SECSG-M01F1.8 A-0,0.0043059289455413,Low impact,3Dstructure\afdb_correct_to_wrong_2500_structures\Q7YXB7.pdb,A,228,,4,2,0.5,0.5,0,0,0,0,0.0,0.0,0.0
3011,f2135a98e285e1cbca6d12ce3ed7f981 SECSG-M01F1.8 A-0,0.0042999684810638,Low impact,3Dstructure\afdb_correct_to_wrong_2500_structures\Q7YXB7.pdb,A,101,,11,4,0.36363636363636365,-1.0636363636363635,2,2,4,0,0.36363636363636365,0.18181818181818182,0.18181818181818182
3012,f2135a98e285e1cbca6d12ce3ed7f981 SECSG-M01F1.8 A-0,0.0042831003665924,Low impact,3Dstructure\afdb_correct_to_wrong_2500_structures\Q7YXB7.pdb,A,40,,7,3,0.42857142857142855,-0.5,1,2,3,-1,0.42857142857142855,0.14285714285714285,0.2857142857142857
3013,f2135a98e285e1cbca6d12ce3ed7f981 SECSG-M01F1.8 A-0,0.0042448937892913,Low impact,3Dstructure\afdb_correct_to_wrong_2500_structures\Q7YXB7.pdb,A,252,,4,0,0.0,-2.45,1,0,1,1,0.25,0.25,0.0
3014,f2135a98e285e1cbca6d12ce3ed7f981 SECSG-M01F1.8 A-0,0.0042365491390228,Low impact,3Dstructure\afdb_correct_to_wrong_2500_structures\Q7YXB7.pdb,A,183,,8,5,0.625,0.3124999999999999,2,1,3,1,0.375,0.25,0.125
3015,f2135a98e285e1cbca6d12ce3ed7f981 SECSG-M01F1.8 A-0,0.004217118024826,Low impact,3Dstructure\afdb_correct_to_wrong_2500_structures\Q7YXB7.pdb,A,126,,5,1,0.2,-0.38,1,0,1,1,0.2,0.2,0.0
3016,f2135a98e285e1cbca6d12ce3ed7f981 SECSG-M01F1.8 A-0,0.0042075812816619,Low impact,3Dstructure\afdb_correct_to_wrong_2500_structures\Q7YXB7.pdb,A,41,,9,5,0.5555555555555556,0.15555555555555559,1,2,3,-1,0.3333333333333333,0.1111111111111111,0.2222222222222222
3017,f2135a98e285e1cbca6d12ce3ed7f981 SECSG-M01F1.8 A-0,0.0041006505489349,Low impact,3Dstructure\afdb_correct_to_wrong_2500_structures\Q7YXB7.pdb,A,24,,5,1,0.2,-2.7199999999999998,2,0,2,2,0.4,0.4,0.0
3018,f2135a98e285e1cbca6d12ce3ed7f981 SECSG-M01F1.8 A-0,0.0040843188762664,Low impact,3Dstructure\afdb_correct_to_wrong_2500_structures\Q7YXB7.pdb,A,61,,8,3,0.375,0.050000000000000044,1,1,2,0,0.25,0.125,0.125
3019,f2135a98e285e1cbca6d12ce3ed7f981 SECSG-M01F1.8 A-0,0.0040748417377471,Low impact,3Dstructure\afdb_correct_to_wrong_2500_structures\Q7YXB7.pdb,A,198,,8,4,0.5,-0.41250000000000003,2,1,3,1,0.375,0.25,0.125
3020,f2135a98e285e1cbca6d12ce3ed7f981 SECSG-M01F1.8 A-0,0.0040657222270965,Low impact,3Dstructure\afdb_correct_to_wrong_2500_structures\Q7YXB7.pdb,A,69,,10,2,0.2,-1.4899999999999998,2,1,3,1,0.3,0.2,0.1
3021,f2135a98e285e1cbca6d12ce3ed7f981 SECSG-M01F1.8 A-0,0.0040471255779266,Low impact,3Dstructure\afdb_correct_to_wrong_2500_structures\Q7YXB7.pdb,A,316,,8,3,0.375,-0.23750000000000004,1,1,2,0,0.25,0.125,0.125
3022,f2135a98e285e1cbca6d12ce3ed7f981 SECSG-M01F1.8 A-0,0.0040346682071685,Low impact,3Dstructure\afdb_correct_to_wrong_2500_structures\Q7YXB7.pdb,A,325,,7,3,0.42857142857142855,-0.2285714285714285,1,2,3,-1,0.42857142857142855,0.14285714285714285,0.2857142857142857
3023,f2135a98e285e1cbca6d12ce3ed7f981 SECSG-M01F1.8 A-0,0.0040095746517181,Low impact,3Dstructure\afdb_correct_to_wrong_2500_structures\Q7YXB7.pdb,A,172,,11,7,0.6363636363636364,0.6090909090909091,1,1,2,0,0.18181818181818182,0.09090909090909091,0.09090909090909091
3024,f2135a98e285e1cbca6d12ce3ed7f981 SECSG-M01F1.8 A-0,0.0040034353733062,Low impact,3Dstructure\afdb_correct_to_wrong_2500_structures\Q7YXB7.pdb,A,324,,8,4,0.5,-0.3625,1,3,4,-2,0.5,0.125,0.375
3025,f2135a98e285e1cbca6d12ce3ed7f981 SECSG-M01F1.8 A-0,0.0039434134960174,Low impact,3Dstructure\afdb_correct_to_wrong_2500_structures\Q7YXB7.pdb,A,305,,8,4,0.5,0.27499999999999997,2,1,3,1,0.375,0.25,0.125
3026,f2135a98e285e1cbca6d12ce3ed7f981 SECSG-M01F1.8 A-0,0.0039328634738922,Low impact,3Dstructure\afdb_correct_to_wrong_2500_structures\Q7YXB7.pdb,A,293,,7,0,0.0,-2.457142857142857,2,0,2,2,0.2857142857142857,0.2857142857142857,0.0
3027,f2135a98e285e1cbca6d12ce3ed7f981 SECSG-M01F1.8 A-0,0.0038816630840301,Low impact,3Dstructure\afdb_correct_to_wrong_2500_structures\Q7YXB7.pdb,A,274,,6,2,0.3333333333333333,0.1666666666666667,0,1,1,-1,0.16666666666666666,0.0,0.16666666666666666
3028,f2135a98e285e1cbca6d12ce3ed7f981 SECSG-M01F1.8 A-0,0.0038742125034332,Low impact,3Dstructure\afdb_correct_to_wrong_2500_structures\Q7YXB7.pdb,A,128,,8,2,0.25,-0.025000000000000078,1,0,1,1,0.125,0.125,0.0
3029,f2135a98e285e1cbca6d12ce3ed7f981 SECSG-M01F1.8 A-0,0.0037789642810821,Low impact,3Dstructure\afdb_correct_to_wrong_2500_structures\Q7YXB7.pdb,A,233,,4,1,0.25,-0.525,0,0,0,0,0.0,0.0,0.0
3030,f2135a98e285e1cbca6d12ce3ed7f981 SECSG-M01F1.8 A-0,0.003771036863327,Low impact,3Dstructure\afdb_correct_to_wrong_2500_structures\Q7YXB7.pdb,A,270,,4,1,0.25,-2.2750000000000004,0,2,2,-2,0.5,0.0,0.5
3031,f2135a98e285e1cbca6d12ce3ed7f981 SECSG-M01F1.8 A-0,0.0037632286548614,Low impact,3Dstructure\afdb_correct_to_wrong_2500_structures\Q7YXB7.pdb,A,14,,12,8,0.6666666666666666,0.6083333333333333,3,0,3,3,0.25,0.25,0.0
3032,f2135a98e285e1cbca6d12ce3ed7f981 SECSG-M01F1.8 A-0,0.0037613213062286,Low impact,3Dstructure\afdb_correct_to_wrong_2500_structures\Q7YXB7.pdb,A,63,,13,7,0.5384615384615384,0.36923076923076914,1,1,2,0,0.15384615384615385,0.07692307692307693,0.07692307692307693
3033,f2135a98e285e1cbca6d12ce3ed7f981 SECSG-M01F1.8 A-0,0.0037462413311004,Low impact,3Dstructure\afdb_correct_to_wrong_2500_structures\Q7YXB7.pdb,A,211,,4,1,0.25,-1.4500000000000002,1,0,1,1,0.25,0.25,0.0
3034,f2135a98e285e1cbca6d12ce3ed7f981 SECSG-M01F1.8 A-0,0.0037318766117095,Low impact,3Dstructure\afdb_correct_to_wrong_2500_structures\Q7YXB7.pdb,A,134,,11,8,0.7272727272727273,0.7727272727272727,1,0,1,1,0.09090909090909091,0.09090909090909091,0.0
3035,f2135a98e285e1cbca6d12ce3ed7f981 SECSG-M01F1.8 A-0,0.0037136971950531,Low impact,3Dstructure\afdb_correct_to_wrong_2500_structures\Q7YXB7.pdb,A,205,,6,2,0.3333333333333333,0.13333333333333333,0,0,0,0,0.0,0.0,0.0
3036,f2135a98e285e1cbca6d12ce3ed7f981 SECSG-M01F1.8 A-0,0.0036932528018951,Low impact,3Dstructure\afdb_correct_to_wrong_2500_structures\Q7YXB7.pdb,A,123,,6,1,0.16666666666666666,-1.0,2,0,2,2,0.3333333333333333,0.3333333333333333,0.0
3037,f2135a98e285e1cbca6d12ce3ed7f981 SECSG-M01F1.8 A-0,0.0036556422710418,Low impact,3Dstructure\afdb_correct_to_wrong_2500_structures\Q7YXB7.pdb,A,306,,11,6,0.5454545454545454,-0.00909090909090912,2,1,3,1,0.2727272727272727,0.18181818181818182,0.09090909090909091
3038,f2135a98e285e1cbca6d12ce3ed7f981 SECSG-M01F1.8 A-0,0.0036188662052154,Low impact,3Dstructure\afdb_correct_to_wrong_2500_structures\Q7YXB7.pdb,A,85,,6,2,0.3333333333333333,-1.0333333333333334,1,1,2,0,0.3333333333333333,0.16666666666666666,0.16666666666666666
3039,f2135a98e285e1cbca6d12ce3ed7f981 SECSG-M01F1.8 A-0,0.0036035478115081,Low impact,3Dstructure\afdb_correct_to_wrong_2500_structures\Q7YXB7.pdb,A,154,,8,3,0.375,-0.18749999999999994,1,1,2,0,0.25,0.125,0.125
3040,f2135a98e285e1cbca6d12ce3ed7f981 SECSG-M01F1.8 A-0,0.0036006271839141,Low impact,3Dstructure\afdb_correct_to_wrong_2500_structures\Q7YXB7.pdb,A,161,,12,5,0.4166666666666667,-0.8000000000000002,3,1,4,2,0.3333333333333333,0.25,0.08333333333333333
3041,f2135a98e285e1cbca6d12ce3ed7f981 SECSG-M01F1.8 A-0,0.0035959184169769,Low impact,3Dstructure\afdb_correct_to_wrong_2500_structures\Q7YXB7.pdb,A,82,,7,4,0.5714285714285714,1.2285714285714284,0,1,1,-1,0.14285714285714285,0.0,0.14285714285714285
3042,f2135a98e285e1cbca6d12ce3ed7f981 SECSG-M01F1.8 A-0,0.003568023443222,Low impact,3Dstructure\afdb_correct_to_wrong_2500_structures\Q7YXB7.pdb,A,67,,8,5,0.625,0.32499999999999996,0,0,0,0,0.0,0.0,0.0
3043,f2135a98e285e1cbca6d12ce3ed7f981 SECSG-M01F1.8 A-0,0.0035626590251922,Low impact,3Dstructure\afdb_correct_to_wrong_2500_structures\Q7YXB7.pdb,A,264,,11,4,0.36363636363636365,-1.2272727272727273,1,2,3,-1,0.2727272727272727,0.09090909090909091,0.18181818181818182
3044,f2135a98e285e1cbca6d12ce3ed7f981 SECSG-M01F1.8 A-0,0.0035447776317596,Low impact,3Dstructure\afdb_correct_to_wrong_2500_structures\Q7YXB7.pdb,A,204,,8,2,0.25,-0.9625,2,0,2,2,0.25,0.25,0.0
3045,f2135a98e285e1cbca6d12ce3ed7f981 SECSG-M01F1.8 A-0,0.0035077035427093,Low impact,3Dstructure\afdb_correct_to_wrong_2500_structures\Q7YXB7.pdb,A,295,,8,2,0.25,-1.2625,1,0,1,1,0.125,0.125,0.0
3046,f2135a98e285e1cbca6d12ce3ed7f981 SECSG-M01F1.8 A-0,0.003493994474411,Low impact,3Dstructure\afdb_correct_to_wrong_2500_structures\Q7YXB7.pdb,A,281,,10,5,0.5,-0.7000000000000001,3,0,3,3,0.3,0.3,0.0
3047,f2135a98e285e1cbca6d12ce3ed7f981 SECSG-M01F1.8 A-0,0.0034929811954498,Low impact,3Dstructure\afdb_correct_to_wrong_2500_structures\Q7YXB7.pdb,A,31,,10,6,0.6,0.6699999999999999,1,2,3,-1,0.3,0.1,0.2
3048,f2135a98e285e1cbca6d12ce3ed7f981 SECSG-M01F1.8 A-0,0.0034890472888946,Low impact,3Dstructure\afdb_correct_to_wrong_2500_structures\Q7YXB7.pdb,A,239,,4,1,0.25,-1.125,1,0,1,1,0.25,0.25,0.0
3049,f2135a98e285e1cbca6d12ce3ed7f981 SECSG-M01F1.8 A-0,0.0034621059894561,Low impact,3Dstructure\afdb_correct_to_wrong_2500_structures\Q7YXB7.pdb,A,326,,6,1,0.16666666666666666,-1.8666666666666665,1,3,4,-2,0.6666666666666666,0.16666666666666666,0.5
3050,f2135a98e285e1cbca6d12ce3ed7f981 SECSG-M01F1.8 A-0,0.0034476220607757,Low impact,3Dstructure\afdb_correct_to_wrong_2500_structures\Q7YXB7.pdb,A,72,,9,5,0.5555555555555556,0.15555555555555559,2,1,3,1,0.3333333333333333,0.2222222222222222,0.1111111111111111
3051,f2135a98e285e1cbca6d12ce3ed7f981 SECSG-M01F1.8 A-0,0.0034029185771942,Low impact,3Dstructure\afdb_correct_to_wrong_2500_structures\Q7YXB7.pdb,A,322,,8,4,0.5,0.75,0,2,2,-2,0.25,0.0,0.25
3052,f2135a98e285e1cbca6d12ce3ed7f981 SECSG-M01F1.8 A-0,0.0034007132053375,Low impact,3Dstructure\afdb_correct_to_wrong_2500_structures\Q7YXB7.pdb,A,97,,9,4,0.4444444444444444,-1.222222222222222,1,2,3,-1,0.3333333333333333,0.1111111111111111,0.2222222222222222
3053,f2135a98e285e1cbca6d12ce3ed7f981 SECSG-M01F1.8 A-0,0.0033856332302093,Low impact,3Dstructure\afdb_correct_to_wrong_2500_structures\Q7YXB7.pdb,A,188,,9,2,0.2222222222222222,-1.4777777777777776,2,1,3,1,0.3333333333333333,0.2222222222222222,0.1111111111111111
3054,f2135a98e285e1cbca6d12ce3ed7f981 SECSG-M01F1.8 A-0,0.0033625662326812,Low impact,3Dstructure\afdb_correct_to_wrong_2500_structures\Q7YXB7.pdb,A,196,,8,4,0.5,0.35,1,1,2,0,0.25,0.125,0.125
3055,f2135a98e285e1cbca6d12ce3ed7f981 SECSG-M01F1.8 A-0,0.0033560097217559,Low impact,3Dstructure\afdb_correct_to_wrong_2500_structures\Q7YXB7.pdb,A,102,,11,5,0.45454545454545453,-0.6727272727272728,3,1,4,2,0.36363636363636365,0.2727272727272727,0.09090909090909091
3056,f2135a98e285e1cbca6d12ce3ed7f981 SECSG-M01F1.8 A-0,0.0032888352870941,Low impact,3Dstructure\afdb_correct_to_wrong_2500_structures\Q7YXB7.pdb,A,208,,5,1,0.2,0.29999999999999993,0,0,0,0,0.0,0.0,0.0
3057,f2135a98e285e1cbca6d12ce3ed7f981 SECSG-M01F1.8 A-0,0.0032878220081329,Low impact,3Dstructure\afdb_correct_to_wrong_2500_structures\Q7YXB7.pdb,A,310,,10,6,0.6,0.74,2,0,2,2,0.2,0.2,0.0
3058,f2135a98e285e1cbca6d12ce3ed7f981 SECSG-M01F1.8 A-0,0.0032781660556793,Low impact,3Dstructure\afdb_correct_to_wrong_2500_structures\Q7YXB7.pdb,A,64,,12,5,0.4166666666666667,-0.7250000000000002,1,2,3,-1,0.25,0.08333333333333333,0.16666666666666666
3059,f2135a98e285e1cbca6d12ce3ed7f981 SECSG-M01F1.8 A-0,0.0032576620578765,Low impact,3Dstructure\afdb_correct_to_wrong_2500_structures\Q7YXB7.pdb,A,327,,4,2,0.5,1.125,0,1,1,-1,0.25,0.0,0.25
3060,f2135a98e285e1cbca6d12ce3ed7f981 SECSG-M01F1.8 A-0,0.0032254159450531,Low impact,3Dstructure\afdb_correct_to_wrong_2500_structures\Q7YXB7.pdb,A,130,,10,6,0.6,0.9799999999999999,0,1,1,-1,0.1,0.0,0.1
3061,f2135a98e285e1cbca6d12ce3ed7f981 SECSG-M01F1.8 A-0,0.0032196342945098,Low impact,3Dstructure\afdb_correct_to_wrong_2500_structures\Q7YXB7.pdb,A,136,,6,1,0.16666666666666666,-1.6166666666666665,2,1,3,1,0.5,0.3333333333333333,0.16666666666666666
3062,f2135a98e285e1cbca6d12ce3ed7f981 SECSG-M01F1.8 A-0,0.0032086670398712,Low impact,3Dstructure\afdb_correct_to_wrong_2500_structures\Q7YXB7.pdb,A,181,,12,6,0.5,0.09999999999999994,1,3,4,-2,0.3333333333333333,0.08333333333333333,0.25
3063,f2135a98e285e1cbca6d12ce3ed7f981 SECSG-M01F1.8 A-0,0.0031782686710357,Low impact,3Dstructure\afdb_correct_to_wrong_2500_structures\Q7YXB7.pdb,A,46,,12,6,0.5,0.3499999999999999,3,0,3,3,0.25,0.25,0.0
3064,f2135a98e285e1cbca6d12ce3ed7f981 SECSG-M01F1.8 A-0,0.003025084733963,Low impact,3Dstructure\afdb_correct_to_wrong_2500_structures\Q7YXB7.pdb,A,186,,8,4,0.5,-0.13749999999999996,1,0,1,1,0.125,0.125,0.0
3065,f2135a98e285e1cbca6d12ce3ed7f981 SECSG-M01F1.8 A-0,0.0030175745487213,Low impact,3Dstructure\afdb_correct_to_wrong_2500_structures\Q7YXB7.pdb,A,317,,8,4,0.5,0.4374999999999999,1,1,2,0,0.25,0.125,0.125
3066,f2135a98e285e1cbca6d12ce3ed7f981 SECSG-M01F1.8 A-0,0.0029458701610565,Low impact,3Dstructure\afdb_correct_to_wrong_2500_structures\Q7YXB7.pdb,A,214,,4,2,0.5,-0.6000000000000001,1,0,1,1,0.25,0.25,0.0
3067,f2135a98e285e1cbca6d12ce3ed7f981 SECSG-M01F1.8 A-0,0.0029452741146087,Low impact,3Dstructure\afdb_correct_to_wrong_2500_structures\Q7YXB7.pdb,A,135,,12,6,0.5,0.09166666666666674,1,2,3,-1,0.25,0.08333333333333333,0.16666666666666666
3068,f2135a98e285e1cbca6d12ce3ed7f981 SECSG-M01F1.8 A-0,0.0029207170009613,Low impact,3Dstructure\afdb_correct_to_wrong_2500_structures\Q7YXB7.pdb,A,203,,4,2,0.5,1.1500000000000001,1,0,1,1,0.25,0.25,0.0
3069,f2135a98e285e1cbca6d12ce3ed7f981 SECSG-M01F1.8 A-0,0.0028930604457855,Low impact,3Dstructure\afdb_correct_to_wrong_2500_structures\Q7YXB7.pdb,A,28,,14,10,0.7142857142857143,0.9214285714285715,2,0,2,2,0.14285714285714285,0.14285714285714285,0.0
3070,f2135a98e285e1cbca6d12ce3ed7f981 SECSG-M01F1.8 A-0,0.002865046262741,Low impact,3Dstructure\afdb_correct_to_wrong_2500_structures\Q7YXB7.pdb,A,15,,7,5,0.7142857142857143,0.9857142857142857,1,1,2,0,0.2857142857142857,0.14285714285714285,0.14285714285714285
3071,f2135a98e285e1cbca6d12ce3ed7f981 SECSG-M01F1.8 A-0,0.0028375685214996,Low impact,3Dstructure\afdb_correct_to_wrong_2500_structures\Q7YXB7.pdb,A,38,,5,2,0.4,-1.3199999999999998,2,0,2,2,0.4,0.4,0.0
3072,f2135a98e285e1cbca6d12ce3ed7f981 SECSG-M01F1.8 A-0,0.0028023421764373,Low impact,3Dstructure\afdb_correct_to_wrong_2500_structures\Q7YXB7.pdb,A,258,,6,2,0.3333333333333333,-1.0999999999999999,1,0,1,1,0.16666666666666666,0.16666666666666666,0.0
3073,f2135a98e285e1cbca6d12ce3ed7f981 SECSG-M01F1.8 A-0,0.002802163362503,Low impact,3Dstructure\afdb_correct_to_wrong_2500_structures\Q7YXB7.pdb,A,275,,6,3,0.5,0.5333333333333333,1,0,1,1,0.16666666666666666,0.16666666666666666,0.0
3074,f2135a98e285e1cbca6d12ce3ed7f981 SECSG-M01F1.8 A-0,0.0027881562709808,Low impact,3Dstructure\afdb_correct_to_wrong_2500_structures\Q7YXB7.pdb,A,20,,13,11,0.8461538461538461,2.4692307692307693,1,0,1,1,0.07692307692307693,0.07692307692307693,0.0
3075,f2135a98e285e1cbca6d12ce3ed7f981 SECSG-M01F1.8 A-0,0.0027611553668975,Low impact,3Dstructure\afdb_correct_to_wrong_2500_structures\Q7YXB7.pdb,A,81,,8,3,0.375,-0.85,2,1,3,1,0.375,0.25,0.125
3076,f2135a98e285e1cbca6d12ce3ed7f981 SECSG-M01F1.8 A-0,0.0027391612529754,Low impact,3Dstructure\afdb_correct_to_wrong_2500_structures\Q7YXB7.pdb,A,304,,7,4,0.5714285714285714,1.1428571428571428,1,1,2,0,0.2857142857142857,0.14285714285714285,0.14285714285714285
3077,f2135a98e285e1cbca6d12ce3ed7f981 SECSG-M01F1.8 A-0,0.0027008354663848,Low impact,3Dstructure\afdb_correct_to_wrong_2500_structures\Q7YXB7.pdb,A,30,,13,9,0.6923076923076923,1.6,2,0,2,2,0.15384615384615385,0.15384615384615385,0.0
3078,f2135a98e285e1cbca6d12ce3ed7f981 SECSG-M01F1.8 A-0,0.0026893317699432,Low impact,3Dstructure\afdb_correct_to_wrong_2500_structures\Q7YXB7.pdb,A,212,,5,2,0.4,-0.4000000000000002,1,0,1,1,0.2,0.2,0.0
3079,f2135a98e285e1cbca6d12ce3ed7f981 SECSG-M01F1.8 A-0,0.0026726424694061,Low impact,3Dstructure\afdb_correct_to_wrong_2500_structures\Q7YXB7.pdb,A,115,,7,4,0.5714285714285714,0.3857142857142856,0,0,0,0,0.0,0.0,0.0
3080,f2135a98e285e1cbca6d12ce3ed7f981 SECSG-M01F1.8 A-0,0.0026714503765106,Low impact,3Dstructure\afdb_correct_to_wrong_2500_structures\Q7YXB7.pdb,A,89,,11,6,0.5454545454545454,0.4454545454545454,1,1,2,0,0.18181818181818182,0.09090909090909091,0.09090909090909091
3081,f2135a98e285e1cbca6d12ce3ed7f981 SECSG-M01F1.8 A-0,0.0026604235172271,Low impact,3Dstructure\afdb_correct_to_wrong_2500_structures\Q7YXB7.pdb,A,287,,8,3,0.375,-1.95,2,0,2,2,0.25,0.25,0.0
3082,f2135a98e285e1cbca6d12ce3ed7f981 SECSG-M01F1.8 A-0,0.0025770962238311,Low impact,3Dstructure\afdb_correct_to_wrong_2500_structures\Q7YXB7.pdb,A,238,,4,2,0.5,0.8250000000000002,0,0,0,0,0.0,0.0,0.0
3083,f2135a98e285e1cbca6d12ce3ed7f981 SECSG-M01F1.8 A-0,0.0025488436222076,Low impact,3Dstructure\afdb_correct_to_wrong_2500_structures\Q7YXB7.pdb,A,162,,14,4,0.2857142857142857,-0.757142857142857,2,3,5,-1,0.35714285714285715,0.14285714285714285,0.21428571428571427
3084,f2135a98e285e1cbca6d12ce3ed7f981 SECSG-M01F1.8 A-0,0.0025284588336944,Low impact,3Dstructure\afdb_correct_to_wrong_2500_structures\Q7YXB7.pdb,A,131,,13,8,0.6153846153846154,0.4692307692307691,1,1,2,0,0.15384615384615385,0.07692307692307693,0.07692307692307693
3085,f2135a98e285e1cbca6d12ce3ed7f981 SECSG-M01F1.8 A-0,0.0025140345096588,Low impact,3Dstructure\afdb_correct_to_wrong_2500_structures\Q7YXB7.pdb,A,169,,11,3,0.2727272727272727,-0.9545454545454546,1,1,2,0,0.18181818181818182,0.09090909090909091,0.09090909090909091
3086,f2135a98e285e1cbca6d12ce3ed7f981 SECSG-M01F1.8 A-0,0.0025050342082977,Low impact,3Dstructure\afdb_correct_to_wrong_2500_structures\Q7YXB7.pdb,A,29,,13,9,0.6923076923076923,1.4538461538461538,1,0,1,1,0.07692307692307693,0.07692307692307693,0.0
3087,f2135a98e285e1cbca6d12ce3ed7f981 SECSG-M01F1.8 A-0,0.0024969279766082,Low impact,3Dstructure\afdb_correct_to_wrong_2500_structures\Q7YXB7.pdb,A,202,,4,1,0.25,-0.42500000000000004,1,0,1,1,0.25,0.25,0.0
3088,f2135a98e285e1cbca6d12ce3ed7f981 SECSG-M01F1.8 A-0,0.0024790465831756,Low impact,3Dstructure\afdb_correct_to_wrong_2500_structures\Q7YXB7.pdb,A,302,,10,4,0.4,0.5599999999999999,0,1,1,-1,0.1,0.0,0.1
3089,f2135a98e285e1cbca6d12ce3ed7f981 SECSG-M01F1.8 A-0,0.0024483501911163,Low impact,3Dstructure\afdb_correct_to_wrong_2500_structures\Q7YXB7.pdb,A,187,,6,1,0.16666666666666666,-1.383333333333333,0,1,1,-1,0.16666666666666666,0.0,0.16666666666666666
3090,f2135a98e285e1cbca6d12ce3ed7f981 SECSG-M01F1.8 A-0,0.0024472773075103,Low impact,3Dstructure\afdb_correct_to_wrong_2500_structures\Q7YXB7.pdb,A,170,,14,5,0.35714285714285715,-0.9714285714285714,2,1,3,1,0.21428571428571427,0.14285714285714285,0.07142857142857142
3091,f2135a98e285e1cbca6d12ce3ed7f981 SECSG-M01F1.8 A-0,0.0024357140064239,Low impact,3Dstructure\afdb_correct_to_wrong_2500_structures\Q7YXB7.pdb,A,279,,11,5,0.45454545454545453,-0.30000000000000004,2,2,4,0,0.36363636363636365,0.18181818181818182,0.18181818181818182
3092,f2135a98e285e1cbca6d12ce3ed7f981 SECSG-M01F1.8 A-0,0.0024349391460418,Low impact,3Dstructure\afdb_correct_to_wrong_2500_structures\Q7YXB7.pdb,A,185,,8,4,0.5,-0.375,1,1,2,0,0.25,0.125,0.125
3093,f2135a98e285e1cbca6d12ce3ed7f981 SECSG-M01F1.8 A-0,0.0024225413799285,Low impact,3Dstructure\afdb_correct_to_wrong_2500_structures\Q7YXB7.pdb,A,229,,4,4,1.0,1.8,0,0,0,0,0.0,0.0,0.0
3094,f2135a98e285e1cbca6d12ce3ed7f981 SECSG-M01F1.8 A-0,0.0024138987064361,Low impact,3Dstructure\afdb_correct_to_wrong_2500_structures\Q7YXB7.pdb,A,192,,6,1,0.16666666666666666,-2.4166666666666665,2,0,2,2,0.3333333333333333,0.3333333333333333,0.0
3095,f2135a98e285e1cbca6d12ce3ed7f981 SECSG-M01F1.8 A-0,0.0024024546146392,Low impact,3Dstructure\afdb_correct_to_wrong_2500_structures\Q7YXB7.pdb,A,114,,10,3,0.3,-1.8199999999999998,2,1,3,1,0.3,0.2,0.1
3096,f2135a98e285e1cbca6d12ce3ed7f981 SECSG-M01F1.8 A-0,0.0023976862430572,Low impact,3Dstructure\afdb_correct_to_wrong_2500_structures\Q7YXB7.pdb,A,95,,9,6,0.6666666666666666,1.666666666666667,1,0,1,1,0.1111111111111111,0.1111111111111111,0.0
3097,f2135a98e285e1cbca6d12ce3ed7f981 SECSG-M01F1.8 A-0,0.0023715198040008,Low impact,3Dstructure\afdb_correct_to_wrong_2500_structures\Q7YXB7.pdb,A,243,,4,0,0.0,-3.625,3,0,3,3,0.75,0.75,0.0
3098,f2135a98e285e1cbca6d12ce3ed7f981 SECSG-M01F1.8 A-0,0.0023253262042999,Low impact,3Dstructure\afdb_correct_to_wrong_2500_structures\Q7YXB7.pdb,A,268,,9,5,0.5555555555555556,0.3888888888888888,0,1,1,-1,0.1111111111111111,0.0,0.1111111111111111
3099,f2135a98e285e1cbca6d12ce3ed7f981 SECSG-M01F1.8 A-0,0.0023181140422821,Low impact,3Dstructure\afdb_correct_to_wrong_2500_structures\Q7YXB7.pdb,A,308,,8,4,0.5,-0.45000000000000007,2,0,2,2,0.25,0.25,0.0
3100,f2135a98e285e1cbca6d12ce3ed7f981 SECSG-M01F1.8 A-0,0.0023087561130523,Low impact,3Dstructure\afdb_correct_to_wrong_2500_structures\Q7YXB7.pdb,A,122,,4,2,0.5,0.22499999999999998,0,0,0,0,0.0,0.0,0.0
3101,f2135a98e285e1cbca6d12ce3ed7f981 SECSG-M01F1.8 A-0,0.002259999513626,Low impact,3Dstructure\afdb_correct_to_wrong_2500_structures\Q7YXB7.pdb,A,199,,8,3,0.375,-0.775,3,1,4,2,0.5,0.375,0.125
3102,f2135a98e285e1cbca6d12ce3ed7f981 SECSG-M01F1.8 A-0,0.0022500455379486,Low impact,3Dstructure\afdb_correct_to_wrong_2500_structures\Q7YXB7.pdb,A,54,,4,2,0.5,0.4500000000000002,0,1,1,-1,0.25,0.0,0.25
3103,f2135a98e285e1cbca6d12ce3ed7f981 SECSG-M01F1.8 A-0,0.0022459924221038,Low impact,3Dstructure\afdb_correct_to_wrong_2500_structures\Q7YXB7.pdb,A,144,,10,4,0.4,-0.79,2,2,4,0,0.4,0.2,0.2
3104,f2135a98e285e1cbca6d12ce3ed7f981 SECSG-M01F1.8 A-0,0.0022082030773162,Low impact,3Dstructure\afdb_correct_to_wrong_2500_structures\Q7YXB7.pdb,A,315,,8,3,0.375,-0.32500000000000007,0,2,2,-2,0.25,0.0,0.25
3105,f2135a98e285e1cbca6d12ce3ed7f981 SECSG-M01F1.8 A-0,0.0022006928920745,Low impact,3Dstructure\afdb_correct_to_wrong_2500_structures\Q7YXB7.pdb,A,27,,14,9,0.6428571428571429,0.22142857142857145,2,1,3,1,0.21428571428571427,0.14285714285714285,0.07142857142857142
3106,f2135a98e285e1cbca6d12ce3ed7f981 SECSG-M01F1.8 A-0,0.002198964357376,Low impact,3Dstructure\afdb_correct_to_wrong_2500_structures\Q7YXB7.pdb,A,247,,4,0,0.0,-1.9500000000000002,1,0,1,1,0.25,0.25,0.0
3107,f2135a98e285e1cbca6d12ce3ed7f981 SECSG-M01F1.8 A-0,0.0021890103816986,Low impact,3Dstructure\afdb_correct_to_wrong_2500_structures\Q7YXB7.pdb,A,8,,12,5,0.4166666666666667,-0.4083333333333334,2,0,2,2,0.16666666666666666,0.16666666666666666,0.0
3108,f2135a98e285e1cbca6d12ce3ed7f981 SECSG-M01F1.8 A-0,0.0021857917308807,Low impact,3Dstructure\afdb_correct_to_wrong_2500_structures\Q7YXB7.pdb,A,88,,8,6,0.75,1.1124999999999998,1,1,2,0,0.25,0.125,0.125
3109,f2135a98e285e1cbca6d12ce3ed7f981 SECSG-M01F1.8 A-0,0.0021298825740814,Low impact,3Dstructure\afdb_correct_to_wrong_2500_structures\Q7YXB7.pdb,A,152,,7,3,0.42857142857142855,-0.42857142857142855,2,0,2,2,0.2857142857142857,0.2857142857142857,0.0
3110,f2135a98e285e1cbca6d12ce3ed7f981 SECSG-M01F1.8 A-0,0.0021187961101531,Low impact,3Dstructure\afdb_correct_to_wrong_2500_structures\Q7YXB7.pdb,A,235,,4,1,0.25,0.07500000000000007,0,0,0,0,0.0,0.0,0.0
3111,f2135a98e285e1cbca6d12ce3ed7f981 SECSG-M01F1.8 A-0,0.0020484626293182,Low impact,3Dstructure\afdb_correct_to_wrong_2500_structures\Q7YXB7.pdb,A,112,,4,1,0.25,-1.775,0,0,0,0,0.0,0.0,0.0
3112,f2135a98e285e1cbca6d12ce3ed7f981 SECSG-M01F1.8 A-0,0.0019934475421905,Low impact,3Dstructure\afdb_correct_to_wrong_2500_structures\Q7YXB7.pdb,A,120,,5,2,0.4,-1.0799999999999998,1,0,1,1,0.2,0.2,0.0
3113,f2135a98e285e1cbca6d12ce3ed7f981 SECSG-M01F1.8 A-0,0.0019875466823577,Low impact,3Dstructure\afdb_correct_to_wrong_2500_structures\Q7YXB7.pdb,A,232,,4,2,0.5,0.9999999999999999,0,0,0,0,0.0,0.0,0.0
3114,f2135a98e285e1cbca6d12ce3ed7f981 SECSG-M01F1.8 A-0,0.0019633471965789,Low impact,3Dstructure\afdb_correct_to_wrong_2500_structures\Q7YXB7.pdb,A,140,,5,2,0.4,-0.05999999999999992,1,1,2,0,0.4,0.2,0.2
3115,f2135a98e285e1cbca6d12ce3ed7f981 SECSG-M01F1.8 A-0,0.0019483864307403,Low impact,3Dstructure\afdb_correct_to_wrong_2500_structures\Q7YXB7.pdb,A,66,,7,3,0.42857142857142855,-0.6142857142857142,1,0,1,1,0.14285714285714285,0.14285714285714285,0.0
3116,f2135a98e285e1cbca6d12ce3ed7f981 SECSG-M01F1.8 A-0,0.0019460022449493,Low impact,3Dstructure\afdb_correct_to_wrong_2500_structures\Q7YXB7.pdb,A,182,,10,5,0.5,0.08000000000000011,2,1,3,1,0.3,0.2,0.1
3117,f2135a98e285e1cbca6d12ce3ed7f981 SECSG-M01F1.8 A-0,0.0019449889659881,Low impact,3Dstructure\afdb_correct_to_wrong_2500_structures\Q7YXB7.pdb,A,57,,6,2,0.3333333333333333,-0.4166666666666666,0,3,3,-3,0.5,0.0,0.5
3118,f2135a98e285e1cbca6d12ce3ed7f981 SECSG-M01F1.8 A-0,0.0019281208515167,Low impact,3Dstructure\afdb_correct_to_wrong_2500_structures\Q7YXB7.pdb,A,193,,7,1,0.14285714285714285,-1.5857142857142856,1,0,1,1,0.14285714285714285,0.14285714285714285,0.0
3119,f2135a98e285e1cbca6d12ce3ed7f981 SECSG-M01F1.8 A-0,0.0019234120845794,Low impact,3Dstructure\afdb_correct_to_wrong_2500_structures\Q7YXB7.pdb,A,33,,5,2,0.4,-0.18000000000000002,2,0,2,2,0.4,0.4,0.0
3120,f2135a98e285e1cbca6d12ce3ed7f981 SECSG-M01F1.8 A-0,0.0018904507160186,Low impact,3Dstructure\afdb_correct_to_wrong_2500_structures\Q7YXB7.pdb,A,227,,4,1,0.25,-1.475,0,0,0,0,0.0,0.0,0.0
3121,f2135a98e285e1cbca6d12ce3ed7f981 SECSG-M01F1.8 A-0,0.0018393099308013,Low impact,3Dstructure\afdb_correct_to_wrong_2500_structures\Q7YXB7.pdb,A,99,,4,1,0.25,-1.8,1,1,2,0,0.5,0.25,0.25
3122,f2135a98e285e1cbca6d12ce3ed7f981 SECSG-M01F1.8 A-0,0.0018105804920196,Low impact,3Dstructure\afdb_correct_to_wrong_2500_structures\Q7YXB7.pdb,A,148,,6,2,0.3333333333333333,-0.9,2,1,3,1,0.5,0.3333333333333333,0.16666666666666666
3123,f2135a98e285e1cbca6d12ce3ed7f981 SECSG-M01F1.8 A-0,0.001755803823471,Low impact,3Dstructure\afdb_correct_to_wrong_2500_structures\Q7YXB7.pdb,A,155,,10,5,0.5,0.1,2,1,3,1,0.3,0.2,0.1
3124,f2135a98e285e1cbca6d12ce3ed7f981 SECSG-M01F1.8 A-0,0.0017309486865997,Low impact,3Dstructure\afdb_correct_to_wrong_2500_structures\Q7YXB7.pdb,A,17,,6,2,0.3333333333333333,-1.3333333333333333,3,0,3,3,0.5,0.5,0.0
3125,f2135a98e285e1cbca6d12ce3ed7f981 SECSG-M01F1.8 A-0,0.0017297565937042,Low impact,3Dstructure\afdb_correct_to_wrong_2500_structures\Q7YXB7.pdb,A,177,,10,4,0.4,-1.1300000000000001,2,3,5,-1,0.5,0.2,0.3
3126,f2135a98e285e1cbca6d12ce3ed7f981 SECSG-M01F1.8 A-0,0.0017140805721282,Low impact,3Dstructure\afdb_correct_to_wrong_2500_structures\Q7YXB7.pdb,A,108,,14,5,0.35714285714285715,-0.6214285714285713,1,2,3,-1,0.21428571428571427,0.07142857142857142,0.14285714285714285
3127,f2135a98e285e1cbca6d12ce3ed7f981 SECSG-M01F1.8 A-0,0.0016781985759735,Low impact,3Dstructure\afdb_correct_to_wrong_2500_structures\Q7YXB7.pdb,A,71,,11,6,0.5454545454545454,0.03636363636363637,1,1,2,0,0.18181818181818182,0.09090909090909091,0.09090909090909091
3128,f2135a98e285e1cbca6d12ce3ed7f981 SECSG-M01F1.8 A-0,0.0016745626926422,Low impact,3Dstructure\afdb_correct_to_wrong_2500_structures\Q7YXB7.pdb,A,300,,6,2,0.3333333333333333,0.04999999999999997,0,1,1,-1,0.16666666666666666,0.0,0.16666666666666666
3129,f2135a98e285e1cbca6d12ce3ed7f981 SECSG-M01F1.8 A-0,0.0016688406467437,Low impact,3Dstructure\afdb_correct_to_wrong_2500_structures\Q7YXB7.pdb,A,320,,8,2,0.25,-1.3,1,3,4,-2,0.5,0.125,0.375
3130,f2135a98e285e1cbca6d12ce3ed7f981 SECSG-M01F1.8 A-0,0.0016581118106842,Low impact,3Dstructure\afdb_correct_to_wrong_2500_structures\Q7YXB7.pdb,A,216,,4,1,0.25,-0.2500000000000001,0,0,0,0,0.0,0.0,0.0
3131,f2135a98e285e1cbca6d12ce3ed7f981 SECSG-M01F1.8 A-0,0.0016500651836395,Low impact,3Dstructure\afdb_correct_to_wrong_2500_structures\Q7YXB7.pdb,A,209,,4,2,0.5,0.125,0,0,0,0,0.0,0.0,0.0
3132,f2135a98e285e1cbca6d12ce3ed7f981 SECSG-M01F1.8 A-0,0.0016103088855743,Low impact,3Dstructure\afdb_correct_to_wrong_2500_structures\Q7YXB7.pdb,A,87,,8,5,0.625,0.4125,2,0,2,2,0.25,0.25,0.0
3133,f2135a98e285e1cbca6d12ce3ed7f981 SECSG-M01F1.8 A-0,0.0015887320041656,Low impact,3Dstructure\afdb_correct_to_wrong_2500_structures\Q7YXB7.pdb,A,35,,10,4,0.4,-0.7800000000000001,3,1,4,2,0.4,0.3,0.1
3134,f2135a98e285e1cbca6d12ce3ed7f981 SECSG-M01F1.8 A-0,0.0015841424465179,Low impact,3Dstructure\afdb_correct_to_wrong_2500_structures\Q7YXB7.pdb,A,52,,9,5,0.5555555555555556,0.36666666666666664,2,0,2,2,0.2222222222222222,0.2222222222222222,0.0
3135,f2135a98e285e1cbca6d12ce3ed7f981 SECSG-M01F1.8 A-0,0.0015688836574554,Low impact,3Dstructure\afdb_correct_to_wrong_2500_structures\Q7YXB7.pdb,A,290,,7,1,0.14285714285714285,-2.6571428571428575,1,0,1,1,0.14285714285714285,0.14285714285714285,0.0
3136,f2135a98e285e1cbca6d12ce3ed7f981 SECSG-M01F1.8 A-0,0.0015410482883453,Low impact,3Dstructure\afdb_correct_to_wrong_2500_structures\Q7YXB7.pdb,A,137,,9,6,0.6666666666666666,0.8777777777777778,2,0,2,2,0.2222222222222222,0.2222222222222222,0.0
3137,f2135a98e285e1cbca6d12ce3ed7f981 SECSG-M01F1.8 A-0,0.0015145242214202,Low impact,3Dstructure\afdb_correct_to_wrong_2500_structures\Q7YXB7.pdb,A,141,,7,3,0.42857142857142855,-0.557142857142857,2,1,3,1,0.42857142857142855,0.2857142857142857,0.14285714285714285
3138,f2135a98e285e1cbca6d12ce3ed7f981 SECSG-M01F1.8 A-0,0.0014826357364654,Low impact,3Dstructure\afdb_correct_to_wrong_2500_structures\Q7YXB7.pdb,A,25,,6,2,0.3333333333333333,-2.483333333333334,2,1,3,1,0.5,0.3333333333333333,0.16666666666666666
3139,f2135a98e285e1cbca6d12ce3ed7f981 SECSG-M01F1.8 A-0,0.0014786422252655,Low impact,3Dstructure\afdb_correct_to_wrong_2500_structures\Q7YXB7.pdb,A,98,,6,2,0.3333333333333333,-0.5666666666666668,1,1,2,0,0.3333333333333333,0.16666666666666666,0.16666666666666666
3140,f2135a98e285e1cbca6d12ce3ed7f981 SECSG-M01F1.8 A-0,0.0014528930187225,Low impact,3Dstructure\afdb_correct_to_wrong_2500_structures\Q7YXB7.pdb,A,158,,12,10,0.8333333333333334,1.425,2,0,2,2,0.16666666666666666,0.16666666666666666,0.0
3141,f2135a98e285e1cbca6d12ce3ed7f981 SECSG-M01F1.8 A-0,0.0014350712299346,Low impact,3Dstructure\afdb_correct_to_wrong_2500_structures\Q7YXB7.pdb,A,267,,9,4,0.4444444444444444,-0.6333333333333333,0,3,3,-3,0.3333333333333333,0.0,0.3333333333333333
3142,f2135a98e285e1cbca6d12ce3ed7f981 SECSG-M01F1.8 A-0,0.0013786256313323,Low impact,3Dstructure\afdb_correct_to_wrong_2500_structures\Q7YXB7.pdb,A,80,,8,4,0.5,0.275,2,1,3,1,0.375,0.25,0.125
3143,f2135a98e285e1cbca6d12ce3ed7f981 SECSG-M01F1.8 A-0,0.001371830701828,Low impact,3Dstructure\afdb_correct_to_wrong_2500_structures\Q7YXB7.pdb,A,77,,8,4,0.5,0.4624999999999999,1,0,1,1,0.125,0.125,0.0
3144,f2135a98e285e1cbca6d12ce3ed7f981 SECSG-M01F1.8 A-0,0.0013210475444793,Low impact,3Dstructure\afdb_correct_to_wrong_2500_structures\Q7YXB7.pdb,A,296,,6,2,0.3333333333333333,0.04999999999999997,0,0,0,0,0.0,0.0,0.0
3145,f2135a98e285e1cbca6d12ce3ed7f981 SECSG-M01F1.8 A-0,0.0013188421726226,Low impact,3Dstructure\afdb_correct_to_wrong_2500_structures\Q7YXB7.pdb,A,242,,4,1,0.25,-2.175,2,0,2,2,0.5,0.5,0.0
3146,f2135a98e285e1cbca6d12ce3ed7f981 SECSG-M01F1.8 A-0,0.001298040151596,Low impact,3Dstructure\afdb_correct_to_wrong_2500_structures\Q7YXB7.pdb,A,75,,13,8,0.6153846153846154,0.49230769230769234,2,1,3,1,0.23076923076923078,0.15384615384615385,0.07692307692307693
3147,f2135a98e285e1cbca6d12ce3ed7f981 SECSG-M01F1.8 A-0,0.0012846291065216,Low impact,3Dstructure\afdb_correct_to_wrong_2500_structures\Q7YXB7.pdb,A,107,,12,8,0.6666666666666666,0.9166666666666666,1,0,1,1,0.08333333333333333,0.08333333333333333,0.0
3148,f2135a98e285e1cbca6d12ce3ed7f981 SECSG-M01F1.8 A-0,0.0011490881443023,Low impact,3Dstructure\afdb_correct_to_wrong_2500_structures\Q7YXB7.pdb,A,13,,11,9,0.8181818181818182,2.190909090909091,1,0,1,1,0.09090909090909091,0.09090909090909091,0.0
3149,f2135a98e285e1cbca6d12ce3ed7f981 SECSG-M01F1.8 A-0,0.0010931193828582,Low impact,3Dstructure\afdb_correct_to_wrong_2500_structures\Q7YXB7.pdb,A,48,,13,5,0.38461538461538464,-0.2846153846153847,3,1,4,2,0.3076923076923077,0.23076923076923078,0.07692307692307693
3150,f2135a98e285e1cbca6d12ce3ed7f981 SECSG-M01F1.8 A-0,0.0010924041271209,Low impact,3Dstructure\afdb_correct_to_wrong_2500_structures\Q7YXB7.pdb,A,303,,10,4,0.4,0.35,1,0,1,1,0.1,0.1,0.0
3151,f2135a98e285e1cbca6d12ce3ed7f981 SECSG-M01F1.8 A-0,0.0010701715946197,Low impact,3Dstructure\afdb_correct_to_wrong_2500_structures\Q7YXB7.pdb,A,165,,10,3,0.3,-0.9800000000000001,1,2,3,-1,0.3,0.1,0.2
3152,f2135a98e285e1cbca6d12ce3ed7f981 SECSG-M01F1.8 A-0,0.0010593831539154,Low impact,3Dstructure\afdb_correct_to_wrong_2500_structures\Q7YXB7.pdb,A,51,,10,7,0.7,0.6500000000000001,1,0,1,1,0.1,0.1,0.0
3153,f2135a98e285e1cbca6d12ce3ed7f981 SECSG-M01F1.8 A-0,0.0010436475276947,Low impact,3Dstructure\afdb_correct_to_wrong_2500_structures\Q7YXB7.pdb,A,166,,4,0,0.0,-2.5,1,0,1,1,0.25,0.25,0.0
3154,f2135a98e285e1cbca6d12ce3ed7f981 SECSG-M01F1.8 A-0,0.0010294616222381,Low impact,3Dstructure\afdb_correct_to_wrong_2500_structures\Q7YXB7.pdb,A,121,,4,2,0.5,-0.275,1,0,1,1,0.25,0.25,0.0
3155,f2135a98e285e1cbca6d12ce3ed7f981 SECSG-M01F1.8 A-0,0.0010112226009368,Low impact,3Dstructure\afdb_correct_to_wrong_2500_structures\Q7YXB7.pdb,A,76,,10,6,0.6,0.73,1,1,2,0,0.2,0.1,0.1
3156,f2135a98e285e1cbca6d12ce3ed7f981 SECSG-M01F1.8 A-0,0.0009993016719818,Low impact,3Dstructure\afdb_correct_to_wrong_2500_structures\Q7YXB7.pdb,A,250,,4,1,0.25,0.07500000000000007,0,0,0,0,0.0,0.0,0.0
3157,f2135a98e285e1cbca6d12ce3ed7f981 SECSG-M01F1.8 A-0,0.0009972751140594,Low impact,3Dstructure\afdb_correct_to_wrong_2500_structures\Q7YXB7.pdb,A,79,,7,5,0.7142857142857143,1.5857142857142856,0,1,1,-1,0.14285714285714285,0.0,0.14285714285714285
3158,f2135a98e285e1cbca6d12ce3ed7f981 SECSG-M01F1.8 A-0,0.0009289681911468,Low impact,3Dstructure\afdb_correct_to_wrong_2500_structures\Q7YXB7.pdb,A,286,,8,3,0.375,-1.725,3,0,3,3,0.375,0.375,0.0
3159,f2135a98e285e1cbca6d12ce3ed7f981 SECSG-M01F1.8 A-0,0.0008879005908966,Low impact,3Dstructure\afdb_correct_to_wrong_2500_structures\Q7YXB7.pdb,A,189,,8,2,0.25,-0.9875000000000002,2,0,2,2,0.25,0.25,0.0
3160,f2135a98e285e1cbca6d12ce3ed7f981 SECSG-M01F1.8 A-0,0.0008876025676727,Low impact,3Dstructure\afdb_correct_to_wrong_2500_structures\Q7YXB7.pdb,A,259,,4,1,0.25,-1.7999999999999998,1,0,1,1,0.25,0.25,0.0
3161,f2135a98e285e1cbca6d12ce3ed7f981 SECSG-M01F1.8 A-0,0.0008779466152191,Low impact,3Dstructure\afdb_correct_to_wrong_2500_structures\Q7YXB7.pdb,A,179,,5,2,0.4,-1.3800000000000001,1,1,2,0,0.4,0.2,0.2
3162,f2135a98e285e1cbca6d12ce3ed7f981 SECSG-M01F1.8 A-0,0.000812143087387,Low impact,3Dstructure\afdb_correct_to_wrong_2500_structures\Q7YXB7.pdb,A,19,,14,10,0.7142857142857143,1.478571428571429,2,1,3,1,0.21428571428571427,0.14285714285714285,0.07142857142857142
3163,f2135a98e285e1cbca6d12ce3ed7f981 SECSG-M01F1.8 A-0,0.0007834136486053,Low impact,3Dstructure\afdb_correct_to_wrong_2500_structures\Q7YXB7.pdb,A,200,,10,5,0.5,0.37,2,1,3,1,0.3,0.2,0.1
3164,f2135a98e285e1cbca6d12ce3ed7f981 SECSG-M01F1.8 A-0,0.0007565915584564,Low impact,3Dstructure\afdb_correct_to_wrong_2500_structures\Q7YXB7.pdb,A,313,,8,3,0.375,-1.3250000000000002,2,2,4,0,0.5,0.25,0.25
3165,f2135a98e285e1cbca6d12ce3ed7f981 SECSG-M01F1.8 A-0,0.000725120306015,Low impact,3Dstructure\afdb_correct_to_wrong_2500_structures\Q7YXB7.pdb,A,246,,4,1,0.25,-1.225,2,0,2,2,0.5,0.5,0.0
3166,f2135a98e285e1cbca6d12ce3ed7f981 SECSG-M01F1.8 A-0,0.00071582198143,Low impact,3Dstructure\afdb_correct_to_wrong_2500_structures\Q7YXB7.pdb,A,150,,9,4,0.4444444444444444,0.41111111111111104,0,0,0,0,0.0,0.0,0.0
3167,f2135a98e285e1cbca6d12ce3ed7f981 SECSG-M01F1.8 A-0,0.0006401240825653,Low impact,3Dstructure\afdb_correct_to_wrong_2500_structures\Q7YXB7.pdb,A,94,,10,6,0.6,1.0399999999999998,0,1,1,-1,0.1,0.0,0.1
3168,f2135a98e285e1cbca6d12ce3ed7f981 SECSG-M01F1.8 A-0,0.0005625188350677,Low impact,3Dstructure\afdb_correct_to_wrong_2500_structures\Q7YXB7.pdb,A,58,,6,2,0.3333333333333333,-0.43333333333333335,1,2,3,-1,0.5,0.16666666666666666,0.3333333333333333
3169,0b4fa0614e38683b88716d86a4704d9b MCSG-APC65866.0 A-0,0.180024117231369,High impact,3Dstructure\afdb_correct_to_wrong_2500_structures\O25557.pdb,A,38,,8,4,0.5,-0.26249999999999996,0,1,1,-1,0.125,0.0,0.125
3170,0b4fa0614e38683b88716d86a4704d9b MCSG-APC65866.0 A-0,0.0749031007289886,High impact,3Dstructure\afdb_correct_to_wrong_2500_structures\O25557.pdb,A,34,,8,4,0.5,-0.35,3,0,3,3,0.375,0.375,0.0
3171,0b4fa0614e38683b88716d86a4704d9b MCSG-APC65866.0 A-0,0.0748157799243927,High impact,3Dstructure\afdb_correct_to_wrong_2500_structures\O25557.pdb,A,1,,2,0,0.0,-1.0,0,0,0,0,0.0,0.0,0.0
3172,e3cac5e662de67721dfebd06ebbad3a3 JCSG-383866 A-0,0.1798161268234253,High impact,3Dstructure\afdb_correct_to_wrong_2500_structures\A0AAX2KQB5.pdb,A,1,,4,2,0.5,-1.7,1,0,1,1,0.25,0.25,0.0
3173,961d01a753b6d504120a495d5051489f JCSG-379211 A-0,0.1784768402576446,High impact,3Dstructure\afdb_correct_to_wrong_2500_structures\A0A5Z1FHS4.pdb,A,1,,4,1,0.25,-1.8750000000000002,2,0,2,2,0.5,0.5,0.0
3174,0c94d30c90f8bf0a563dd74b53b4f3c9 NYSGRC-013694 A-0,0.1781194806098938,High impact,3Dstructure\afdb_correct_to_wrong_2500_structures\G0H1D2.pdb,A,1,,8,4,0.5,0.275,1,3,4,-2,0.5,0.125,0.375
3185,0c94d30c90f8bf0a563dd74b53b4f3c9 NYSGRC-013694 A-0,0.009256899356842,Low impact,3Dstructure\afdb_correct_to_wrong_2500_structures\G0H1D2.pdb,A,183,,6,3,0.5,-0.06666666666666675,0,1,1,-1,0.16666666666666666,0.0,0.16666666666666666
3186,0c94d30c90f8bf0a563dd74b53b4f3c9 NYSGRC-013694 A-0,0.0091781020164489,Low impact,3Dstructure\afdb_correct_to_wrong_2500_structures\G0H1D2.pdb,A,229,,15,6,0.4,0.19333333333333327,1,3,4,-2,0.26666666666666666,0.06666666666666667,0.2
3187,0c94d30c90f8bf0a563dd74b53b4f3c9 NYSGRC-013694 A-0,0.0090323686599731,Low impact,3Dstructure\afdb_correct_to_wrong_2500_structures\G0H1D2.pdb,A,205,,9,1,0.1111111111111111,-1.577777777777778,1,3,4,-2,0.4444444444444444,0.1111111111111111,0.3333333333333333
3188,0c94d30c90f8bf0a563dd74b53b4f3c9 NYSGRC-013694 A-0,0.0090197920799255,Low impact,3Dstructure\afdb_correct_to_wrong_2500_structures\G0H1D2.pdb,A,253,,8,4,0.5,0.75,0,2,2,-2,0.25,0.0,0.25
3189,0c94d30c90f8bf0a563dd74b53b4f3c9 NYSGRC-013694 A-0,0.0087895989418029,Low impact,3Dstructure\afdb_correct_to_wrong_2500_structures\G0H1D2.pdb,A,76,,11,4,0.36363636363636365,0.39999999999999997,1,0,1,1,0.09090909090909091,0.09090909090909091,0.0
3190,0c94d30c90f8bf0a563dd74b53b4f3c9 NYSGRC-013694 A-0,0.0086711049079895,Low impact,3Dstructure\afdb_correct_to_wrong_2500_structures\G0H1D2.pdb,A,198,,12,8,0.6666666666666666,2.191666666666667,0,1,1,-1,0.08333333333333333,0.0,0.08333333333333333
3191,0c94d30c90f8bf0a563dd74b53b4f3c9 NYSGRC-013694 A-0,0.0080195665359497,Low impact,3Dstructure\afdb_correct_to_wrong_2500_structures\G0H1D2.pdb,A,7,,10,4,0.4,-0.21000000000000005,1,2,3,-1,0.3,0.1,0.2
3192,0c94d30c90f8bf0a563dd74b53b4f3c9 NYSGRC-013694 A-0,0.0079712271690368,Low impact,3Dstructure\afdb_correct_to_wrong_2500_structures\G0H1D2.pdb,A,77,,12,5,0.4166666666666667,0.20833333333333326,1,1,2,0,0.16666666666666666,0.08333333333333333,0.08333333333333333
3193,0c94d30c90f8bf0a563dd74b53b4f3c9 NYSGRC-013694 A-0,0.0076494812965393,Low impact,3Dstructure\afdb_correct_to_wrong_2500_structures\G0H1D2.pdb,A,207,,7,1,0.14285714285714285,-0.942857142857143,2,1,3,1,0.42857142857142855,0.2857142857142857,0.14285714285714285
3194,0c94d30c90f8bf0a563dd74b53b4f3c9 NYSGRC-013694 A-0,0.0074957609176635,Low impact,3Dstructure\afdb_correct_to_wrong_2500_structures\G0H1D2.pdb,A,430,,15,7,0.4666666666666667,0.25333333333333324,1,2,3,-1,0.2,0.06666666666666667,0.13333333333333333
3195,0c94d30c90f8bf0a563dd74b53b4f3c9 NYSGRC-013694 A-0,0.0073195099830627,Low impact,3Dstructure\afdb_correct_to_wrong_2500_structures\G0H1D2.pdb,A,352,,7,2,0.2857142857142857,-1.8000000000000003,2,2,4,0,0.5714285714285714,0.2857142857142857,0.2857142857142857
3196,0c94d30c90f8bf0a563dd74b53b4f3c9 NYSGRC-013694 A-0,0.0073111057281494,Low impact,3Dstructure\afdb_correct_to_wrong_2500_structures\G0H1D2.pdb,A,501,,10,5,0.5,0.08999999999999986,2,1,3,1,0.3,0.2,0.1
3197,0c94d30c90f8bf0a563dd74b53b4f3c9 NYSGRC-013694 A-0,0.0070838928222656,Low impact,3Dstructure\afdb_correct_to_wrong_2500_structures\G0H1D2.pdb,A,6,,8,3,0.375,-0.03749999999999998,1,1,2,0,0.25,0.125,0.125
3198,0c94d30c90f8bf0a563dd74b53b4f3c9 NYSGRC-013694 A-0,0.0069794058799743,Low impact,3Dstructure\afdb_correct_to_wrong_2500_structures\G0H1D2.pdb,A,186,,8,4,0.5,-0.7749999999999999,1,2,3,-1,0.375,0.125,0.25
3199,0c94d30c90f8bf0a563dd74b53b4f3c9 NYSGRC-013694 A-0,0.006931722164154,Low impact,3Dstructure\afdb_correct_to_wrong_2500_structures\G0H1D2.pdb,A,70,,12,8,0.6666666666666666,2.083333333333333,0,1,1,-1,0.08333333333333333,0.0,0.08333333333333333
3200,0c94d30c90f8bf0a563dd74b53b4f3c9 NYSGRC-013694 A-0,0.0067532062530517,Low impact,3Dstructure\afdb_correct_to_wrong_2500_structures\G0H1D2.pdb,A,19,,10,8,0.8,2.13,0,2,2,-2,0.2,0.0,0.2
3201,0c94d30c90f8bf0a563dd74b53b4f3c9 NYSGRC-013694 A-0,0.0065276026725769,Low impact,3Dstructure\afdb_correct_to_wrong_2500_structures\G0H1D2.pdb,A,196,,13,6,0.46153846153846156,0.41538461538461535,1,3,4,-2,0.3076923076923077,0.07692307692307693,0.23076923076923078
3202,0c94d30c90f8bf0a563dd74b53b4f3c9 NYSGRC-013694 A-0,0.0065217614173889,Low impact,3Dstructure\afdb_correct_to_wrong_2500_structures\G0H1D2.pdb,A,232,,14,7,0.5,1.342857142857143,1,2,3,-1,0.21428571428571427,0.07142857142857142,0.14285714285714285
3203,0c94d30c90f8bf0a563dd74b53b4f3c9 NYSGRC-013694 A-0,0.0064075589179992,Low impact,3Dstructure\afdb_correct_to_wrong_2500_structures\G0H1D2.pdb,A,226,,6,2,0.3333333333333333,-1.2833333333333334,2,0,2,2,0.3333333333333333,0.3333333333333333,0.0
3204,0c94d30c90f8bf0a563dd74b53b4f3c9 NYSGRC-013694 A-0,0.0063834190368652,Low impact,3Dstructure\afdb_correct_to_wrong_2500_structures\G0H1D2.pdb,A,10,,5,2,0.4,-0.040000000000000036,0,1,1,-1,0.2,0.0,0.2
3205,0c94d30c90f8bf0a563dd74b53b4f3c9 NYSGRC-013694 A-0,0.0060606598854064,Low impact,3Dstructure\afdb_correct_to_wrong_2500_structures\G0H1D2.pdb,A,464,,10,5,0.5,0.4000000000000001,1,1,2,0,0.2,0.1,0.1
3206,0c94d30c90f8bf0a563dd74b53b4f3c9 NYSGRC-013694 A-0,0.0060431361198425,Low impact,3Dstructure\afdb_correct_to_wrong_2500_structures\G0H1D2.pdb,A,27,,7,2,0.2857142857142857,-1.3285714285714287,2,0,2,2,0.2857142857142857,0.2857142857142857,0.0
3207,0c94d30c90f8bf0a563dd74b53b4f3c9 NYSGRC-013694 A-0,0.0060086250305175,Low impact,3Dstructure\afdb_correct_to_wrong_2500_structures\G0H1D2.pdb,A,264,,10,1,0.1,-1.4600000000000002,2,1,3,1,0.3,0.2,0.1
3208,0c94d30c90f8bf0a563dd74b53b4f3c9 NYSGRC-013694 A-0,0.0058637261390686,Low impact,3Dstructure\afdb_correct_to_wrong_2500_structures\G0H1D2.pdb,A,496,,8,4,0.5,0.8375,1,1,2,0,0.25,0.125,0.125
3209,0c94d30c90f8bf0a563dd74b53b4f3c9 NYSGRC-013694 A-0,0.0058183670043945,Low impact,3Dstructure\afdb_correct_to_wrong_2500_structures\G0H1D2.pdb,A,288,,14,6,0.42857142857142855,0.3,3,2,5,1,0.35714285714285715,0.21428571428571427,0.14285714285714285
3210,0c94d30c90f8bf0a563dd74b53b4f3c9 NYSGRC-013694 A-0,0.0055484771728515,Low impact,3Dstructure\afdb_correct_to_wrong_2500_structures\G0H1D2.pdb,A,477,,11,4,0.36363636363636365,-0.11818181818181817,2,1,3,1,0.2727272727272727,0.18181818181818182,0.09090909090909091
3211,0c94d30c90f8bf0a563dd74b53b4f3c9 NYSGRC-013694 A-0,0.0053915381431579,Low impact,3Dstructure\afdb_correct_to_wrong_2500_structures\G0H1D2.pdb,A,194,,15,7,0.4666666666666667,0.7666666666666667,1,2,3,-1,0.2,0.06666666666666667,0.13333333333333333
3212,0c94d30c90f8bf0a563dd74b53b4f3c9 NYSGRC-013694 A-0,0.0053824186325073,Low impact,3Dstructure\afdb_correct_to_wrong_2500_structures\G0H1D2.pdb,A,209,,11,3,0.2727272727272727,-1.0,2,3,5,-1,0.45454545454545453,0.18181818181818182,0.2727272727272727
3213,0c94d30c90f8bf0a563dd74b53b4f3c9 NYSGRC-013694 A-0,0.0052765011787414,Low impact,3Dstructure\afdb_correct_to_wrong_2500_structures\G0H1D2.pdb,A,244,,10,4,0.4,-0.43999999999999995,1,3,4,-2,0.4,0.1,0.3
3214,0c94d30c90f8bf0a563dd74b53b4f3c9 NYSGRC-013694 A-0,0.0051501393318176,Low impact,3Dstructure\afdb_correct_to_wrong_2500_structures\G0H1D2.pdb,A,13,,7,3,0.42857142857142855,-0.15714285714285717,0,2,2,-2,0.2857142857142857,0.0,0.2857142857142857
3215,0c94d30c90f8bf0a563dd74b53b4f3c9 NYSGRC-013694 A-0,0.0051445364952087,Low impact,3Dstructure\afdb_correct_to_wrong_2500_structures\G0H1D2.pdb,A,35,,9,5,0.5555555555555556,1.1888888888888889,0,2,2,-2,0.2222222222222222,0.0,0.2222222222222222
3216,0c94d30c90f8bf0a563dd74b53b4f3c9 NYSGRC-013694 A-0,0.0051301717758178,Low impact,3Dstructure\afdb_correct_to_wrong_2500_structures\G0H1D2.pdb,A,95,,12,4,0.3333333333333333,-0.7083333333333334,2,2,4,0,0.3333333333333333,0.16666666666666666,0.16666666666666666
3217,0c94d30c90f8bf0a563dd74b53b4f3c9 NYSGRC-013694 A-0,0.0051052570343017,Low impact,3Dstructure\afdb_correct_to_wrong_2500_structures\G0H1D2.pdb,A,204,,6,1,0.16666666666666666,-1.1833333333333333,0,2,2,-2,0.3333333333333333,0.0,0.3333333333333333
3218,0c94d30c90f8bf0a563dd74b53b4f3c9 NYSGRC-013694 A-0,0.0048481225967407,Low impact,3Dstructure\afdb_correct_to_wrong_2500_structures\G0H1D2.pdb,A,189,,15,8,0.5333333333333333,0.02666666666666657,3,1,4,2,0.26666666666666666,0.2,0.06666666666666667
3219,0c94d30c90f8bf0a563dd74b53b4f3c9 NYSGRC-013694 A-0,0.004730999469757,Low impact,3Dstructure\afdb_correct_to_wrong_2500_structures\G0H1D2.pdb,A,258,,12,7,0.5833333333333334,1.1833333333333336,0,2,2,-2,0.16666666666666666,0.0,0.16666666666666666
3220,0c94d30c90f8bf0a563dd74b53b4f3c9 NYSGRC-013694 A-0,0.0046730637550354,Low impact,3Dstructure\afdb_correct_to_wrong_2500_structures\G0H1D2.pdb,A,61,,9,3,0.3333333333333333,-0.13333333333333336,2,1,3,1,0.3333333333333333,0.2222222222222222,0.1111111111111111
3221,0c94d30c90f8bf0a563dd74b53b4f3c9 NYSGRC-013694 A-0,0.004602313041687,Low impact,3Dstructure\afdb_correct_to_wrong_2500_structures\G0H1D2.pdb,A,510,,8,4,0.5,0.75,1,0,1,1,0.125,0.125,0.0
3222,0c94d30c90f8bf0a563dd74b53b4f3c9 NYSGRC-013694 A-0,0.0045728087425231,Low impact,3Dstructure\afdb_correct_to_wrong_2500_structures\G0H1D2.pdb,A,489,,13,8,0.6153846153846154,2.1,0,0,0,0,0.0,0.0,0.0
3223,0c94d30c90f8bf0a563dd74b53b4f3c9 NYSGRC-013694 A-0,0.0045685172080993,Low impact,3Dstructure\afdb_correct_to_wrong_2500_structures\G0H1D2.pdb,A,179,,9,3,0.3333333333333333,-0.7555555555555555,1,2,3,-1,0.3333333333333333,0.1111111111111111,0.2222222222222222
3224,0c94d30c90f8bf0a563dd74b53b4f3c9 NYSGRC-013694 A-0,0.0045322179794311,Low impact,3Dstructure\afdb_correct_to_wrong_2500_structures\G0H1D2.pdb,A,80,,8,4,0.5,0.6874999999999999,0,1,1,-1,0.125,0.0,0.125
3225,0c94d30c90f8bf0a563dd74b53b4f3c9 NYSGRC-013694 A-0,0.0045165419578552,Low impact,3Dstructure\afdb_correct_to_wrong_2500_structures\G0H1D2.pdb,A,502,,6,3,0.5,-0.20000000000000004,3,0,3,3,0.5,0.5,0.0
3226,0c94d30c90f8bf0a563dd74b53b4f3c9 NYSGRC-013694 A-0,0.0043663382530212,Low impact,3Dstructure\afdb_correct_to_wrong_2500_structures\G0H1D2.pdb,A,173,,8,4,0.5,-0.02499999999999991,3,0,3,3,0.375,0.375,0.0
3227,0c94d30c90f8bf0a563dd74b53b4f3c9 NYSGRC-013694 A-0,0.0041761398315429,Low impact,3Dstructure\afdb_correct_to_wrong_2500_structures\G0H1D2.pdb,A,473,,12,5,0.4166666666666667,-1.1583333333333332,1,2,3,-1,0.25,0.08333333333333333,0.16666666666666666
3228,0c94d30c90f8bf0a563dd74b53b4f3c9 NYSGRC-013694 A-0,0.0041353702545166,Low impact,3Dstructure\afdb_correct_to_wrong_2500_structures\G0H1D2.pdb,A,168,,6,1,0.16666666666666666,-0.6666666666666666,2,0,2,2,0.3333333333333333,0.3333333333333333,0.0
3229,0c94d30c90f8bf0a563dd74b53b4f3c9 NYSGRC-013694 A-0,0.0040441155433654,Low impact,3Dstructure\afdb_correct_to_wrong_2500_structures\G0H1D2.pdb,A,395,,13,7,0.5384615384615384,0.7384615384615386,1,1,2,0,0.15384615384615385,0.07692307692307693,0.07692307692307693
3230,0c94d30c90f8bf0a563dd74b53b4f3c9 NYSGRC-013694 A-0,0.0040244460105896,Low impact,3Dstructure\afdb_correct_to_wrong_2500_structures\G0H1D2.pdb,A,296,,15,5,0.3333333333333333,-0.12666666666666662,0,3,3,-3,0.2,0.0,0.2
3231,0c94d30c90f8bf0a563dd74b53b4f3c9 NYSGRC-013694 A-0,0.0039986968040466,Low impact,3Dstructure\afdb_correct_to_wrong_2500_structures\G0H1D2.pdb,A,85,,11,4,0.36363636363636365,-0.14545454545454548,0,2,2,-2,0.18181818181818182,0.0,0.18181818181818182
3232,0c94d30c90f8bf0a563dd74b53b4f3c9 NYSGRC-013694 A-0,0.0039944648742675,Low impact,3Dstructure\afdb_correct_to_wrong_2500_structures\G0H1D2.pdb,A,161,,5,1,0.2,-2.34,2,0,2,2,0.4,0.4,0.0
3233,0c94d30c90f8bf0a563dd74b53b4f3c9 NYSGRC-013694 A-0,0.0039378404617309,Low impact,3Dstructure\afdb_correct_to_wrong_2500_structures\G0H1D2.pdb,A,177,,8,3,0.375,-1.2125000000000001,2,2,4,0,0.5,0.25,0.25
3234,0c94d30c90f8bf0a563dd74b53b4f3c9 NYSGRC-013694 A-0,0.0039190053939819,Low impact,3Dstructure\afdb_correct_to_wrong_2500_structures\G0H1D2.pdb,A,381,,13,8,0.6153846153846154,1.2000000000000002,0,1,1,-1,0.07692307692307693,0.0,0.07692307692307693
3235,0c94d30c90f8bf0a563dd74b53b4f3c9 NYSGRC-013694 A-0,0.0038880109786987,Low impact,3Dstructure\afdb_correct_to_wrong_2500_structures\G0H1D2.pdb,A,309,,14,9,0.6428571428571429,1.764285714285714,1,2,3,-1,0.21428571428571427,0.07142857142857142,0.14285714285714285
3236,0c94d30c90f8bf0a563dd74b53b4f3c9 NYSGRC-013694 A-0,0.003881812095642,Low impact,3Dstructure\afdb_correct_to_wrong_2500_structures\G0H1D2.pdb,A,322,,14,3,0.21428571428571427,-0.3714285714285715,2,0,2,2,0.14285714285714285,0.14285714285714285,0.0
3237,0c94d30c90f8bf0a563dd74b53b4f3c9 NYSGRC-013694 A-0,0.00385183095932,Low impact,3Dstructure\afdb_correct_to_wrong_2500_structures\G0H1D2.pdb,A,478,,7,3,0.42857142857142855,-0.8571428571428573,1,2,3,-1,0.42857142857142855,0.14285714285714285,0.2857142857142857
3238,0c94d30c90f8bf0a563dd74b53b4f3c9 NYSGRC-013694 A-0,0.0038057565689086,Low impact,3Dstructure\afdb_correct_to_wrong_2500_structures\G0H1D2.pdb,A,499,,8,4,0.5,0.2749999999999999,2,1,3,1,0.375,0.25,0.125
3239,0c94d30c90f8bf0a563dd74b53b4f3c9 NYSGRC-013694 A-0,0.0037726759910583,Low impact,3Dstructure\afdb_correct_to_wrong_2500_structures\G0H1D2.pdb,A,337,,15,7,0.4666666666666667,0.22666666666666666,1,0,1,1,0.06666666666666667,0.06666666666666667,0.0
3240,0c94d30c90f8bf0a563dd74b53b4f3c9 NYSGRC-013694 A-0,0.0037166476249694,Low impact,3Dstructure\afdb_correct_to_wrong_2500_structures\G0H1D2.pdb,A,184,,9,4,0.4444444444444444,-0.3888888888888889,0,1,1,-1,0.1111111111111111,0.0,0.1111111111111111
3241,0c94d30c90f8bf0a563dd74b53b4f3c9 NYSGRC-013694 A-0,0.0035964250564575,Low impact,3Dstructure\afdb_correct_to_wrong_2500_structures\G0H1D2.pdb,A,490,,13,7,0.5384615384615384,1.4846153846153847,1,0,1,1,0.07692307692307693,0.07692307692307693,0.0
3242,0c94d30c90f8bf0a563dd74b53b4f3c9 NYSGRC-013694 A-0,0.0034587383270263,Low impact,3Dstructure\afdb_correct_to_wrong_2500_structures\G0H1D2.pdb,A,245,,14,7,0.5,0.664285714285714,2,2,4,0,0.2857142857142857,0.14285714285714285,0.14285714285714285
3243,0c94d30c90f8bf0a563dd74b53b4f3c9 NYSGRC-013694 A-0,0.0034235715866088,Low impact,3Dstructure\afdb_correct_to_wrong_2500_structures\G0H1D2.pdb,A,327,,9,4,0.4444444444444444,-1.2333333333333332,1,3,4,-2,0.4444444444444444,0.1111111111111111,0.3333333333333333
3244,0c94d30c90f8bf0a563dd74b53b4f3c9 NYSGRC-013694 A-0,0.0033367872238159,Low impact,3Dstructure\afdb_correct_to_wrong_2500_structures\G0H1D2.pdb,A,208,,9,3,0.3333333333333333,-0.10000000000000002,1,2,3,-1,0.3333333333333333,0.1111111111111111,0.2222222222222222
3245,0c94d30c90f8bf0a563dd74b53b4f3c9 NYSGRC-013694 A-0,0.0033134222030639,Low impact,3Dstructure\afdb_correct_to_wrong_2500_structures\G0H1D2.pdb,A,410,,6,4,0.6666666666666666,0.7499999999999999,1,0,1,1,0.16666666666666666,0.16666666666666666,0.0
3246,0c94d30c90f8bf0a563dd74b53b4f3c9 NYSGRC-013694 A-0,0.0033067464828491,Low impact,3Dstructure\afdb_correct_to_wrong_2500_structures\G0H1D2.pdb,A,505,,5,3,0.6,0.2,2,0,2,2,0.4,0.4,0.0
3247,0c94d30c90f8bf0a563dd74b53b4f3c9 NYSGRC-013694 A-0,0.0032899379730224,Low impact,3Dstructure\afdb_correct_to_wrong_2500_structures\G0H1D2.pdb,A,48,,8,2,0.25,-1.2875,1,2,3,-1,0.375,0.125,0.25
3248,0c94d30c90f8bf0a563dd74b53b4f3c9 NYSGRC-013694 A-0,0.0032497644424438,Low impact,3Dstructure\afdb_correct_to_wrong_2500_structures\G0H1D2.pdb,A,469,,9,5,0.5555555555555556,0.18888888888888883,0,2,2,-2,0.2222222222222222,0.0,0.2222222222222222
3249,0c94d30c90f8bf0a563dd74b53b4f3c9 NYSGRC-013694 A-0,0.0032092332839965,Low impact,3Dstructure\afdb_correct_to_wrong_2500_structures\G0H1D2.pdb,A,117,,9,3,0.3333333333333333,-1.2333333333333334,0,3,3,-3,0.3333333333333333,0.0,0.3333333333333333
3250,0c94d30c90f8bf0a563dd74b53b4f3c9 NYSGRC-013694 A-0,0.0031796693801879,Low impact,3Dstructure\afdb_correct_to_wrong_2500_structures\G0H1D2.pdb,A,163,,5,1,0.2,-0.4800000000000001,0,0,0,0,0.0,0.0,0.0
3251,0c94d30c90f8bf0a563dd74b53b4f3c9 NYSGRC-013694 A-0,0.0031648278236389,Low impact,3Dstructure\afdb_correct_to_wrong_2500_structures\G0H1D2.pdb,A,463,,14,7,0.5,0.1,1,1,2,0,0.14285714285714285,0.07142857142857142,0.07142857142857142
3252,0c94d30c90f8bf0a563dd74b53b4f3c9 NYSGRC-013694 A-0,0.003138780593872,Low impact,3Dstructure\afdb_correct_to_wrong_2500_structures\G0H1D2.pdb,A,236,,13,4,0.3076923076923077,-1.2769230769230768,2,3,5,-1,0.38461538461538464,0.15384615384615385,0.23076923076923078
3253,0c94d30c90f8bf0a563dd74b53b4f3c9 NYSGRC-013694 A-0,0.0030736923217773,Low impact,3Dstructure\afdb_correct_to_wrong_2500_structures\G0H1D2.pdb,A,432,,8,3,0.375,0.19999999999999996,1,0,1,1,0.125,0.125,0.0
3254,0c94d30c90f8bf0a563dd74b53b4f3c9 NYSGRC-013694 A-0,0.0030595660209655,Low impact,3Dstructure\afdb_correct_to_wrong_2500_structures\G0H1D2.pdb,A,504,,8,2,0.25,-1.9875,3,2,5,1,0.625,0.375,0.25
3255,0c94d30c90f8bf0a563dd74b53b4f3c9 NYSGRC-013694 A-0,0.0029772520065307,Low impact,3Dstructure\afdb_correct_to_wrong_2500_structures\G0H1D2.pdb,A,431,,9,4,0.4444444444444444,0.3888888888888889,0,0,0,0,0.0,0.0,0.0
3256,0c94d30c90f8bf0a563dd74b53b4f3c9 NYSGRC-013694 A-0,0.002935767173767,Low impact,3Dstructure\afdb_correct_to_wrong_2500_structures\G0H1D2.pdb,A,9,,11,4,0.36363636363636365,-0.5454545454545454,2,2,4,0,0.36363636363636365,0.18181818181818182,0.18181818181818182
3257,0c94d30c90f8bf0a563dd74b53b4f3c9 NYSGRC-013694 A-0,0.0028741955757141,Low impact,3Dstructure\afdb_correct_to_wrong_2500_structures\G0H1D2.pdb,A,37,,9,4,0.4444444444444444,0.32222222222222224,0,4,4,-4,0.4444444444444444,0.0,0.4444444444444444
3258,0c94d30c90f8bf0a563dd74b53b4f3c9 NYSGRC-013694 A-0,0.0028374195098876,Low impact,3Dstructure\afdb_correct_to_wrong_2500_structures\G0H1D2.pdb,A,422,,8,2,0.25,-1.4875000000000003,2,2,4,0,0.5,0.25,0.25
3259,0c94d30c90f8bf0a563dd74b53b4f3c9 NYSGRC-013694 A-0,0.00282484292984,Low impact,3Dstructure\afdb_correct_to_wrong_2500_structures\G0H1D2.pdb,A,455,,12,3,0.25,-1.5666666666666667,2,3,5,-1,0.4166666666666667,0.16666666666666666,0.25
3260,0c94d30c90f8bf0a563dd74b53b4f3c9 NYSGRC-013694 A-0,0.0028240084648132,Low impact,3Dstructure\afdb_correct_to_wrong_2500_structures\G0H1D2.pdb,A,41,,8,4,0.5,0.7749999999999999,0,3,3,-3,0.375,0.0,0.375
3261,0c94d30c90f8bf0a563dd74b53b4f3c9 NYSGRC-013694 A-0,0.0028170943260192,Low impact,3Dstructure\afdb_correct_to_wrong_2500_structures\G0H1D2.pdb,A,439,,8,6,0.75,1.4,1,0,1,1,0.125,0.125,0.0
3262,0c94d30c90f8bf0a563dd74b53b4f3c9 NYSGRC-013694 A-0,0.0027105212211608,Low impact,3Dstructure\afdb_correct_to_wrong_2500_structures\G0H1D2.pdb,A,390,,14,9,0.6428571428571429,0.40714285714285703,0,1,1,-1,0.07142857142857142,0.0,0.07142857142857142
3263,0c94d30c90f8bf0a563dd74b53b4f3c9 NYSGRC-013694 A-0,0.0027061104774475,Low impact,3Dstructure\afdb_correct_to_wrong_2500_structures\G0H1D2.pdb,A,222,,15,7,0.4666666666666667,0.15333333333333335,4,0,4,4,0.26666666666666666,0.26666666666666666,0.0
3264,0c94d30c90f8bf0a563dd74b53b4f3c9 NYSGRC-013694 A-0,0.0026940107345581,Low impact,3Dstructure\afdb_correct_to_wrong_2500_structures\G0H1D2.pdb,A,171,,9,3,0.3333333333333333,-0.9111111111111112,4,1,5,3,0.5555555555555556,0.4444444444444444,0.1111111111111111
3265,0c94d30c90f8bf0a563dd74b53b4f3c9 NYSGRC-013694 A-0,0.0026932954788208,Low impact,3Dstructure\afdb_correct_to_wrong_2500_structures\G0H1D2.pdb,A,376,,5,0,0.0,-3.46,3,0,3,3,0.6,0.6,0.0
3266,0c94d30c90f8bf0a563dd74b53b4f3c9 NYSGRC-013694 A-0,0.0026895999908447,Low impact,3Dstructure\afdb_correct_to_wrong_2500_structures\G0H1D2.pdb,A,354,,9,5,0.5555555555555556,1.1555555555555554,0,2,2,-2,0.2222222222222222,0.0,0.2222222222222222
3267,0c94d30c90f8bf0a563dd74b53b4f3c9 NYSGRC-013694 A-0,0.0026858448982238,Low impact,3Dstructure\afdb_correct_to_wrong_2500_structures\G0H1D2.pdb,A,65,,12,4,0.3333333333333333,-0.6083333333333335,2,2,4,0,0.3333333333333333,0.16666666666666666,0.16666666666666666
3268,0c94d30c90f8bf0a563dd74b53b4f3c9 NYSGRC-013694 A-0,0.0026793479919433,Low impact,3Dstructure\afdb_correct_to_wrong_2500_structures\G0H1D2.pdb,A,409,,5,2,0.4,-0.68,1,0,1,1,0.2,0.2,0.0
3269,0c94d30c90f8bf0a563dd74b53b4f3c9 NYSGRC-013694 A-0,0.0026679635047912,Low impact,3Dstructure\afdb_correct_to_wrong_2500_structures\G0H1D2.pdb,A,231,,14,9,0.6428571428571429,2.1999999999999997,0,2,2,-2,0.14285714285714285,0.0,0.14285714285714285
3270,0c94d30c90f8bf0a563dd74b53b4f3c9 NYSGRC-013694 A-0,0.0026587843894958,Low impact,3Dstructure\afdb_correct_to_wrong_2500_structures\G0H1D2.pdb,A,452,,7,3,0.42857142857142855,-0.21428571428571422,0,2,2,-2,0.2857142857142857,0.0,0.2857142857142857
3271,0c94d30c90f8bf0a563dd74b53b4f3c9 NYSGRC-013694 A-0,0.002629280090332,Low impact,3Dstructure\afdb_correct_to_wrong_2500_structures\G0H1D2.pdb,A,398,,15,9,0.6,0.5799999999999998,1,0,1,1,0.06666666666666667,0.06666666666666667,0.0
3272,0c94d30c90f8bf0a563dd74b53b4f3c9 NYSGRC-013694 A-0,0.0026119351387023,Low impact,3Dstructure\afdb_correct_to_wrong_2500_structures\G0H1D2.pdb,A,306,,16,7,0.4375,0.30625,3,0,3,3,0.1875,0.1875,0.0
3273,0c94d30c90f8bf0a563dd74b53b4f3c9 NYSGRC-013694 A-0,0.0026047825813293,Low impact,3Dstructure\afdb_correct_to_wrong_2500_structures\G0H1D2.pdb,A,213,,6,2,0.3333333333333333,-1.2666666666666666,0,4,4,-4,0.6666666666666666,0.0,0.6666666666666666
3274,0c94d30c90f8bf0a563dd74b53b4f3c9 NYSGRC-013694 A-0,0.002602994441986,Low impact,3Dstructure\afdb_correct_to_wrong_2500_structures\G0H1D2.pdb,A,234,,14,7,0.5,0.8499999999999999,0,2,2,-2,0.14285714285714285,0.0,0.14285714285714285
3275,0c94d30c90f8bf0a563dd74b53b4f3c9 NYSGRC-013694 A-0,0.0025942325592041,Low impact,3Dstructure\afdb_correct_to_wrong_2500_structures\G0H1D2.pdb,A,483,,9,4,0.4444444444444444,-1.0111111111111113,2,2,4,0,0.4444444444444444,0.2222222222222222,0.2222222222222222
3276,0c94d30c90f8bf0a563dd74b53b4f3c9 NYSGRC-013694 A-0,0.0025914907455444,Low impact,3Dstructure\afdb_correct_to_wrong_2500_structures\G0H1D2.pdb,A,237,,11,3,0.2727272727272727,-1.2272727272727275,2,2,4,0,0.36363636363636365,0.18181818181818182,0.18181818181818182
3277,0c94d30c90f8bf0a563dd74b53b4f3c9 NYSGRC-013694 A-0,0.0025891661643981,Low impact,3Dstructure\afdb_correct_to_wrong_2500_structures\G0H1D2.pdb,A,175,,9,3,0.3333333333333333,-1.4555555555555557,4,1,5,3,0.5555555555555556,0.4444444444444444,0.1111111111111111
3278,0c94d30c90f8bf0a563dd74b53b4f3c9 NYSGRC-013694 A-0,0.0025664567947387,Low impact,3Dstructure\afdb_correct_to_wrong_2500_structures\G0H1D2.pdb,A,200,,14,3,0.21428571428571427,-0.7785714285714286,2,2,4,0,0.2857142857142857,0.14285714285714285,0.14285714285714285
3279,0c94d30c90f8bf0a563dd74b53b4f3c9 NYSGRC-013694 A-0,0.0025379061698913,Low impact,3Dstructure\afdb_correct_to_wrong_2500_structures\G0H1D2.pdb,A,471,,9,6,0.6666666666666666,1.1111111111111112,0,1,1,-1,0.1111111111111111,0.0,0.1111111111111111
3280,0c94d30c90f8bf0a563dd74b53b4f3c9 NYSGRC-013694 A-0,0.0025343298912048,Low impact,3Dstructure\afdb_correct_to_wrong_2500_structures\G0H1D2.pdb,A,302,,12,4,0.3333333333333333,-0.5000000000000001,2,2,4,0,0.3333333333333333,0.16666666666666666,0.16666666666666666
3281,0c94d30c90f8bf0a563dd74b53b4f3c9 NYSGRC-013694 A-0,0.0025206208229064,Low impact,3Dstructure\afdb_correct_to_wrong_2500_structures\G0H1D2.pdb,A,353,,6,3,0.5,0.9833333333333334,1,1,2,0,0.3333333333333333,0.16666666666666666,0.16666666666666666
3282,0c94d30c90f8bf0a563dd74b53b4f3c9 NYSGRC-013694 A-0,0.0025125741958618,Low impact,3Dstructure\afdb_correct_to_wrong_2500_structures\G0H1D2.pdb,A,444,,8,2,0.25,-1.4500000000000002,2,2,4,0,0.5,0.25,0.25
3283,0c94d30c90f8bf0a563dd74b53b4f3c9 NYSGRC-013694 A-0,0.0024918317794799,Low impact,3Dstructure\afdb_correct_to_wrong_2500_structures\G0H1D2.pdb,A,149,,10,3,0.3,-0.46000000000000013,3,1,4,2,0.4,0.3,0.1
3284,0c94d30c90f8bf0a563dd74b53b4f3c9 NYSGRC-013694 A-0,0.0024710297584533,Low impact,3Dstructure\afdb_correct_to_wrong_2500_structures\G0H1D2.pdb,A,103,,13,6,0.46153846153846156,0.26153846153846144,2,1,3,1,0.23076923076923078,0.15384615384615385,0.07692307692307693
3285,0c94d30c90f8bf0a563dd74b53b4f3c9 NYSGRC-013694 A-0,0.0024594664573669,Low impact,3Dstructure\afdb_correct_to_wrong_2500_structures\G0H1D2.pdb,A,219,,14,9,0.6428571428571429,0.8857142857142859,1,3,4,-2,0.2857142857142857,0.07142857142857142,0.21428571428571427
3286,0c94d30c90f8bf0a563dd74b53b4f3c9 NYSGRC-013694 A-0,0.0024121403694152,Low impact,3Dstructure\afdb_correct_to_wrong_2500_structures\G0H1D2.pdb,A,281,,11,9,0.8181818181818182,2.6545454545454543,1,0,1,1,0.09090909090909091,0.09090909090909091,0.0
3287,0c94d30c90f8bf0a563dd74b53b4f3c9 NYSGRC-013694 A-0,0.0023767352104187,Low impact,3Dstructure\afdb_correct_to_wrong_2500_structures\G0H1D2.pdb,A,215,,14,6,0.42857142857142855,-0.17857142857142858,1,4,5,-3,0.35714285714285715,0.07142857142857142,0.2857142857142857
3288,0c94d30c90f8bf0a563dd74b53b4f3c9 NYSGRC-013694 A-0,0.0023719072341918,Low impact,3Dstructure\afdb_correct_to_wrong_2500_structures\G0H1D2.pdb,A,142,,14,6,0.42857142857142855,-0.22142857142857153,3,1,4,2,0.2857142857142857,0.21428571428571427,0.07142857142857142
3289,0c94d30c90f8bf0a563dd74b53b4f3c9 NYSGRC-013694 A-0,0.0023571848869323,Low impact,3Dstructure\afdb_correct_to_wrong_2500_structures\G0H1D2.pdb,A,494,,8,6,0.75,2.3124999999999996,0,1,1,-1,0.125,0.0,0.125
3290,0c94d30c90f8bf0a563dd74b53b4f3c9 NYSGRC-013694 A-0,0.0023311972618103,Low impact,3Dstructure\afdb_correct_to_wrong_2500_structures\G0H1D2.pdb,A,423,,8,1,0.125,-1.5999999999999999,1,3,4,-2,0.5,0.125,0.375
3291,0c94d30c90f8bf0a563dd74b53b4f3c9 NYSGRC-013694 A-0,0.0023298859596252,Low impact,3Dstructure\afdb_correct_to_wrong_2500_structures\G0H1D2.pdb,A,404,,12,4,0.3333333333333333,-1.2750000000000001,4,0,4,4,0.3333333333333333,0.3333333333333333,0.0
3292,0c94d30c90f8bf0a563dd74b53b4f3c9 NYSGRC-013694 A-0,0.0023160576820373,Low impact,3Dstructure\afdb_correct_to_wrong_2500_structures\G0H1D2.pdb,A,344,,12,3,0.25,-1.2750000000000001,4,3,7,1,0.5833333333333334,0.3333333333333333,0.25
3293,0c94d30c90f8bf0a563dd74b53b4f3c9 NYSGRC-013694 A-0,0.0023136734962463,Low impact,3Dstructure\afdb_correct_to_wrong_2500_structures\G0H1D2.pdb,A,440,,8,4,0.5,0.36249999999999993,2,1,3,1,0.375,0.25,0.125
3294,0c94d30c90f8bf0a563dd74b53b4f3c9 NYSGRC-013694 A-0,0.002274215221405,Low impact,3Dstructure\afdb_correct_to_wrong_2500_structures\G0H1D2.pdb,A,355,,8,5,0.625,1.3375,0,1,1,-1,0.125,0.0,0.125
3295,0c94d30c90f8bf0a563dd74b53b4f3c9 NYSGRC-013694 A-0,0.0022538900375366,Low impact,3Dstructure\afdb_correct_to_wrong_2500_structures\G0H1D2.pdb,A,326,,11,4,0.36363636363636365,-0.5818181818181818,1,2,3,-1,0.2727272727272727,0.09090909090909091,0.18181818181818182
3296,0c94d30c90f8bf0a563dd74b53b4f3c9 NYSGRC-013694 A-0,0.002113938331604,Low impact,3Dstructure\afdb_correct_to_wrong_2500_structures\G0H1D2.pdb,A,438,,12,7,0.5833333333333334,0.9249999999999998,1,1,2,0,0.16666666666666666,0.08333333333333333,0.08333333333333333
3297,0c94d30c90f8bf0a563dd74b53b4f3c9 NYSGRC-013694 A-0,0.0020833015441894,Low impact,3Dstructure\afdb_correct_to_wrong_2500_structures\G0H1D2.pdb,A,468,,13,4,0.3076923076923077,-1.2076923076923076,1,3,4,-2,0.3076923076923077,0.07692307692307693,0.23076923076923078
3298,0c94d30c90f8bf0a563dd74b53b4f3c9 NYSGRC-013694 A-0,0.0020797848701477,Low impact,3Dstructure\afdb_correct_to_wrong_2500_structures\G0H1D2.pdb,A,88,,13,7,0.5384615384615384,0.8384615384615384,0,2,2,-2,0.15384615384615385,0.0,0.15384615384615385
3299,0c94d30c90f8bf0a563dd74b53b4f3c9 NYSGRC-013694 A-0,0.0020618438720703,Low impact,3Dstructure\afdb_correct_to_wrong_2500_structures\G0H1D2.pdb,A,507,,8,4,0.5,0.6624999999999999,1,1,2,0,0.25,0.125,0.125
3300,0c94d30c90f8bf0a563dd74b53b4f3c9 NYSGRC-013694 A-0,0.0020565390586853,Low impact,3Dstructure\afdb_correct_to_wrong_2500_structures\G0H1D2.pdb,A,448,,17,9,0.5294117647058824,0.6823529411764707,0,2,2,-2,0.11764705882352941,0.0,0.11764705882352941
3301,0c94d30c90f8bf0a563dd74b53b4f3c9 NYSGRC-013694 A-0,0.0019853711128234,Low impact,3Dstructure\afdb_correct_to_wrong_2500_structures\G0H1D2.pdb,A,389,,11,6,0.5454545454545454,0.24545454545454548,0,1,1,-1,0.09090909090909091,0.0,0.09090909090909091
3302,0c94d30c90f8bf0a563dd74b53b4f3c9 NYSGRC-013694 A-0,0.0019575357437133,Low impact,3Dstructure\afdb_correct_to_wrong_2500_structures\G0H1D2.pdb,A,277,,12,8,0.6666666666666666,1.5833333333333333,1,1,2,0,0.16666666666666666,0.08333333333333333,0.08333333333333333
3303,0c94d30c90f8bf0a563dd74b53b4f3c9 NYSGRC-013694 A-0,0.0019489526748657,Low impact,3Dstructure\afdb_correct_to_wrong_2500_structures\G0H1D2.pdb,A,356,,10,5,0.5,0.6700000000000002,1,1,2,0,0.2,0.1,0.1
3304,0c94d30c90f8bf0a563dd74b53b4f3c9 NYSGRC-013694 A-0,0.0019141435623168,Low impact,3Dstructure\afdb_correct_to_wrong_2500_structures\G0H1D2.pdb,A,415,,8,2,0.25,-1.375,1,4,5,-3,0.625,0.125,0.5
3305,0c94d30c90f8bf0a563dd74b53b4f3c9 NYSGRC-013694 A-0,0.0018954277038574,Low impact,3Dstructure\afdb_correct_to_wrong_2500_structures\G0H1D2.pdb,A,313,,16,9,0.5625,1.5875,0,0,0,0,0.0,0.0,0.0
3306,0c94d30c90f8bf0a563dd74b53b4f3c9 NYSGRC-013694 A-0,0.0018467307090759,Low impact,3Dstructure\afdb_correct_to_wrong_2500_structures\G0H1D2.pdb,A,457,,9,5,0.5555555555555556,0.1555555555555556,1,1,2,0,0.2222222222222222,0.1111111111111111,0.1111111111111111
3307,0c94d30c90f8bf0a563dd74b53b4f3c9 NYSGRC-013694 A-0,0.001834213733673,Low impact,3Dstructure\afdb_correct_to_wrong_2500_structures\G0H1D2.pdb,A,396,,13,6,0.46153846153846156,-0.5,2,1,3,1,0.23076923076923078,0.15384615384615385,0.07692307692307693
3308,0c94d30c90f8bf0a563dd74b53b4f3c9 NYSGRC-013694 A-0,0.0018332004547119,Low impact,3Dstructure\afdb_correct_to_wrong_2500_structures\G0H1D2.pdb,A,466,,8,4,0.5,1.1875,0,1,1,-1,0.125,0.0,0.125
3309,0c94d30c90f8bf0a563dd74b53b4f3c9 NYSGRC-013694 A-0,0.0018261671066284,Low impact,3Dstructure\afdb_correct_to_wrong_2500_structures\G0H1D2.pdb,A,346,,9,5,0.5555555555555556,0.2333333333333335,1,3,4,-2,0.4444444444444444,0.1111111111111111,0.3333333333333333
3310,0c94d30c90f8bf0a563dd74b53b4f3c9 NYSGRC-013694 A-0,0.0018246173858642,Low impact,3Dstructure\afdb_correct_to_wrong_2500_structures\G0H1D2.pdb,A,62,,8,5,0.625,1.1125,1,0,1,1,0.125,0.125,0.0
3311,0c94d30c90f8bf0a563dd74b53b4f3c9 NYSGRC-013694 A-0,0.0017650127410888,Low impact,3Dstructure\afdb_correct_to_wrong_2500_structures\G0H1D2.pdb,A,449,,17,7,0.4117647058823529,0.12352941176470592,0,3,3,-3,0.17647058823529413,0.0,0.17647058823529413
3312,0c94d30c90f8bf0a563dd74b53b4f3c9 NYSGRC-013694 A-0,0.0017504096031188,Low impact,3Dstructure\afdb_correct_to_wrong_2500_structures\G0H1D2.pdb,A,509,,11,5,0.45454545454545453,1.0363636363636364,1,0,1,1,0.09090909090909091,0.09090909090909091,0.0
3313,0c94d30c90f8bf0a563dd74b53b4f3c9 NYSGRC-013694 A-0,0.0017230510711669,Low impact,3Dstructure\afdb_correct_to_wrong_2500_structures\G0H1D2.pdb,A,292,,14,9,0.6428571428571429,1.9642857142857142,0,1,1,-1,0.07142857142857142,0.0,0.07142857142857142
3314,0c94d30c90f8bf0a563dd74b53b4f3c9 NYSGRC-013694 A-0,0.0017094612121582,Low impact,3Dstructure\afdb_correct_to_wrong_2500_structures\G0H1D2.pdb,A,83,,8,4,0.5,0.6999999999999998,0,1,1,-1,0.125,0.0,0.125
3315,0c94d30c90f8bf0a563dd74b53b4f3c9 NYSGRC-013694 A-0,0.001707911491394,Low impact,3Dstructure\afdb_correct_to_wrong_2500_structures\G0H1D2.pdb,A,408,,5,2,0.4,-0.38000000000000017,1,0,1,1,0.2,0.2,0.0
3316,0c94d30c90f8bf0a563dd74b53b4f3c9 NYSGRC-013694 A-0,0.0017002820968627,Low impact,3Dstructure\afdb_correct_to_wrong_2500_structures\G0H1D2.pdb,A,86,,8,4,0.5,1.025,0,0,0,0,0.0,0.0,0.0
3317,0c94d30c90f8bf0a563dd74b53b4f3c9 NYSGRC-013694 A-0,0.0016965866088867,Low impact,3Dstructure\afdb_correct_to_wrong_2500_structures\G0H1D2.pdb,A,180,,6,1,0.16666666666666666,-2.45,2,1,3,1,0.5,0.3333333333333333,0.16666666666666666
3318,0c94d30c90f8bf0a563dd74b53b4f3c9 NYSGRC-013694 A-0,0.0016758441925048,Low impact,3Dstructure\afdb_correct_to_wrong_2500_structures\G0H1D2.pdb,A,441,,7,3,0.42857142857142855,-0.6285714285714287,1,2,3,-1,0.42857142857142855,0.14285714285714285,0.2857142857142857
3319,0c94d30c90f8bf0a563dd74b53b4f3c9 NYSGRC-013694 A-0,0.0016674995422363,Low impact,3Dstructure\afdb_correct_to_wrong_2500_structures\G0H1D2.pdb,A,508,,9,7,0.7777777777777778,2.4333333333333336,1,0,1,1,0.1111111111111111,0.1111111111111111,0.0
3320,0c94d30c90f8bf0a563dd74b53b4f3c9 NYSGRC-013694 A-0,0.0016466975212097,Low impact,3Dstructure\afdb_correct_to_wrong_2500_structures\G0H1D2.pdb,A,11,,8,3,0.375,-0.3375,0,1,1,-1,0.125,0.0,0.125
3321,0c94d30c90f8bf0a563dd74b53b4f3c9 NYSGRC-013694 A-0,0.001641035079956,Low impact,3Dstructure\afdb_correct_to_wrong_2500_structures\G0H1D2.pdb,A,388,,9,5,0.5555555555555556,1.0222222222222224,0,1,1,-1,0.1111111111111111,0.0,0.1111111111111111
3322,0c94d30c90f8bf0a563dd74b53b4f3c9 NYSGRC-013694 A-0,0.0016111731529235,Low impact,3Dstructure\afdb_correct_to_wrong_2500_structures\G0H1D2.pdb,A,256,,16,9,0.5625,1.25625,1,2,3,-1,0.1875,0.0625,0.125
3323,0c94d30c90f8bf0a563dd74b53b4f3c9 NYSGRC-013694 A-0,0.0015890598297119,Low impact,3Dstructure\afdb_correct_to_wrong_2500_structures\G0H1D2.pdb,A,368,,11,7,0.6363636363636364,1.1181818181818182,2,0,2,2,0.18181818181818182,0.18181818181818182,0.0
3324,0c94d30c90f8bf0a563dd74b53b4f3c9 NYSGRC-013694 A-0,0.0015798807144165,Low impact,3Dstructure\afdb_correct_to_wrong_2500_structures\G0H1D2.pdb,A,474,,9,2,0.2222222222222222,-0.5333333333333333,0,2,2,-2,0.2222222222222222,0.0,0.2222222222222222
3325,0c94d30c90f8bf0a563dd74b53b4f3c9 NYSGRC-013694 A-0,0.0015766024589538,Low impact,3Dstructure\afdb_correct_to_wrong_2500_structures\G0H1D2.pdb,A,324,,17,9,0.5294117647058824,0.4235294117647058,0,1,1,-1,0.058823529411764705,0.0,0.058823529411764705
3326,0c94d30c90f8bf0a563dd74b53b4f3c9 NYSGRC-013694 A-0,0.0015524625778198,Low impact,3Dstructure\afdb_correct_to_wrong_2500_structures\G0H1D2.pdb,A,328,,10,5,0.5,-1.8199999999999998,1,1,2,0,0.2,0.1,0.1
3327,0c94d30c90f8bf0a563dd74b53b4f3c9 NYSGRC-013694 A-0,0.0015479922294616,Low impact,3Dstructure\afdb_correct_to_wrong_2500_structures\G0H1D2.pdb,A,359,,11,4,0.36363636363636365,-0.581818181818182,2,2,4,0,0.36363636363636365,0.18181818181818182,0.18181818181818182
3328,0c94d30c90f8bf0a563dd74b53b4f3c9 NYSGRC-013694 A-0,0.0015309453010559,Low impact,3Dstructure\afdb_correct_to_wrong_2500_structures\G0H1D2.pdb,A,446,,15,9,0.6,0.2333333333333334,1,2,3,-1,0.2,0.06666666666666667,0.13333333333333333
3329,0c94d30c90f8bf0a563dd74b53b4f3c9 NYSGRC-013694 A-0,0.0015239119529724,Low impact,3Dstructure\afdb_correct_to_wrong_2500_structures\G0H1D2.pdb,A,362,,11,5,0.45454545454545453,0.14545454545454542,2,1,3,1,0.2727272727272727,0.18181818181818182,0.09090909090909091
3330,0c94d30c90f8bf0a563dd74b53b4f3c9 NYSGRC-013694 A-0,0.0015057325363159,Low impact,3Dstructure\afdb_correct_to_wrong_2500_structures\G0H1D2.pdb,A,28,,7,2,0.2857142857142857,-1.4285714285714286,2,0,2,2,0.2857142857142857,0.2857142857142857,0.0
3331,0c94d30c90f8bf0a563dd74b53b4f3c9 NYSGRC-013694 A-0,0.0014415383338928,Low impact,3Dstructure\afdb_correct_to_wrong_2500_structures\G0H1D2.pdb,A,58,,14,7,0.5,0.5357142857142856,3,0,3,3,0.21428571428571427,0.21428571428571427,0.0
3332,0c94d30c90f8bf0a563dd74b53b4f3c9 NYSGRC-013694 A-0,0.0014268159866333,Low impact,3Dstructure\afdb_correct_to_wrong_2500_structures\G0H1D2.pdb,A,57,,13,6,0.46153846153846156,0.3461538461538459,3,0,3,3,0.23076923076923078,0.23076923076923078,0.0
3333,0c94d30c90f8bf0a563dd74b53b4f3c9 NYSGRC-013694 A-0,0.0014135837554931,Low impact,3Dstructure\afdb_correct_to_wrong_2500_structures\G0H1D2.pdb,A,251,,7,3,0.42857142857142855,0.20000000000000004,1,1,2,0,0.2857142857142857,0.14285714285714285,0.14285714285714285
3334,0c94d30c90f8bf0a563dd74b53b4f3c9 NYSGRC-013694 A-0,0.0014091730117797,Low impact,3Dstructure\afdb_correct_to_wrong_2500_structures\G0H1D2.pdb,A,39,,12,7,0.5833333333333334,1.075,1,3,4,-2,0.3333333333333333,0.08333333333333333,0.25
3335,0c94d30c90f8bf0a563dd74b53b4f3c9 NYSGRC-013694 A-0,0.0014027953147888,Low impact,3Dstructure\afdb_correct_to_wrong_2500_structures\G0H1D2.pdb,A,40,,12,7,0.5833333333333334,0.8333333333333334,1,3,4,-2,0.3333333333333333,0.08333333333333333,0.25
3336,0c94d30c90f8bf0a563dd74b53b4f3c9 NYSGRC-013694 A-0,0.0013878941535949,Low impact,3Dstructure\afdb_correct_to_wrong_2500_structures\G0H1D2.pdb,A,211,,8,3,0.375,-0.04999999999999999,0,2,2,-2,0.25,0.0,0.25
3337,0c94d30c90f8bf0a563dd74b53b4f3c9 NYSGRC-013694 A-0,0.0013788342475891,Low impact,3Dstructure\afdb_correct_to_wrong_2500_structures\G0H1D2.pdb,A,373,,12,4,0.3333333333333333,-0.7583333333333332,4,1,5,3,0.4166666666666667,0.3333333333333333,0.08333333333333333
3338,0c94d30c90f8bf0a563dd74b53b4f3c9 NYSGRC-013694 A-0,0.0013725161552429,Low impact,3Dstructure\afdb_correct_to_wrong_2500_structures\G0H1D2.pdb,A,157,,11,3,0.2727272727272727,-1.1090909090909091,2,2,4,0,0.36363636363636365,0.18181818181818182,0.18181818181818182
3339,0c94d30c90f8bf0a563dd74b53b4f3c9 NYSGRC-013694 A-0,0.0013627409934997,Low impact,3Dstructure\afdb_correct_to_wrong_2500_structures\G0H1D2.pdb,A,414,,8,2,0.25,-1.0,2,2,4,0,0.5,0.25,0.25
3340,0c94d30c90f8bf0a563dd74b53b4f3c9 NYSGRC-013694 A-0,0.0013587474822998,Low impact,3Dstructure\afdb_correct_to_wrong_2500_structures\G0H1D2.pdb,A,321,,9,3,0.3333333333333333,-0.4666666666666668,2,0,2,2,0.2222222222222222,0.2222222222222222,0.0
3341,0c94d30c90f8bf0a563dd74b53b4f3c9 NYSGRC-013694 A-0,0.0013446807861328,Low impact,3Dstructure\afdb_correct_to_wrong_2500_structures\G0H1D2.pdb,A,89,,10,3,0.3,-0.3900000000000001,1,2,3,-1,0.3,0.1,0.2
3342,0c94d30c90f8bf0a563dd74b53b4f3c9 NYSGRC-013694 A-0,0.0013232827186584,Low impact,3Dstructure\afdb_correct_to_wrong_2500_structures\G0H1D2.pdb,A,235,,18,6,0.3333333333333333,-0.7000000000000001,2,4,6,-2,0.3333333333333333,0.1111111111111111,0.2222222222222222
3343,0c94d30c90f8bf0a563dd74b53b4f3c9 NYSGRC-013694 A-0,0.0013152956962585,Low impact,3Dstructure\afdb_correct_to_wrong_2500_structures\G0H1D2.pdb,A,269,,6,1,0.16666666666666666,-2.1333333333333333,3,1,4,2,0.6666666666666666,0.5,0.16666666666666666
3344,0c94d30c90f8bf0a563dd74b53b4f3c9 NYSGRC-013694 A-0,0.0012779831886291,Low impact,3Dstructure\afdb_correct_to_wrong_2500_structures\G0H1D2.pdb,A,96,,16,5,0.3125,-0.26875000000000004,2,2,4,0,0.25,0.125,0.125
3345,0c94d30c90f8bf0a563dd74b53b4f3c9 NYSGRC-013694 A-0,0.0012433528900146,Low impact,3Dstructure\afdb_correct_to_wrong_2500_structures\G0H1D2.pdb,A,212,,10,3,0.3,-1.3900000000000001,0,5,5,-5,0.5,0.0,0.5
3346,0c94d30c90f8bf0a563dd74b53b4f3c9 NYSGRC-013694 A-0,0.0011966228485107,Low impact,3Dstructure\afdb_correct_to_wrong_2500_structures\G0H1D2.pdb,A,454,,6,2,0.3333333333333333,-0.9666666666666667,1,2,3,-1,0.5,0.16666666666666666,0.3333333333333333
3347,0c94d30c90f8bf0a563dd74b53b4f3c9 NYSGRC-013694 A-0,0.001189649105072,Low impact,3Dstructure\afdb_correct_to_wrong_2500_structures\G0H1D2.pdb,A,167,,4,0,0.0,-1.775,1,1,2,0,0.5,0.25,0.25
3348,0c94d30c90f8bf0a563dd74b53b4f3c9 NYSGRC-013694 A-0,0.0011796951293945,Low impact,3Dstructure\afdb_correct_to_wrong_2500_structures\G0H1D2.pdb,A,433,,11,4,0.36363636363636365,-0.20000000000000007,1,0,1,1,0.09090909090909091,0.09090909090909091,0.0
3349,0c94d30c90f8bf0a563dd74b53b4f3c9 NYSGRC-013694 A-0,0.0011762380599975,Low impact,3Dstructure\afdb_correct_to_wrong_2500_structures\G0H1D2.pdb,A,125,,6,3,0.5,-0.5666666666666665,0,1,1,-1,0.16666666666666666,0.0,0.16666666666666666
3350,0c94d30c90f8bf0a563dd74b53b4f3c9 NYSGRC-013694 A-0,0.0011674165725708,Low impact,3Dstructure\afdb_correct_to_wrong_2500_structures\G0H1D2.pdb,A,493,,8,5,0.625,1.5999999999999999,0,1,1,-1,0.125,0.0,0.125
3351,0c94d30c90f8bf0a563dd74b53b4f3c9 NYSGRC-013694 A-0,0.0011513829231262,Low impact,3Dstructure\afdb_correct_to_wrong_2500_structures\G0H1D2.pdb,A,503,,6,2,0.3333333333333333,-1.3500000000000003,2,1,3,1,0.5,0.3333333333333333,0.16666666666666666
3352,0c94d30c90f8bf0a563dd74b53b4f3c9 NYSGRC-013694 A-0,0.0011439323425292,Low impact,3Dstructure\afdb_correct_to_wrong_2500_structures\G0H1D2.pdb,A,403,,12,5,0.4166666666666667,-0.575,2,1,3,1,0.25,0.16666666666666666,0.08333333333333333
3353,0c94d30c90f8bf0a563dd74b53b4f3c9 NYSGRC-013694 A-0,0.0011157989501953,Low impact,3Dstructure\afdb_correct_to_wrong_2500_structures\G0H1D2.pdb,A,336,,11,3,0.2727272727272727,-0.6000000000000001,1,0,1,1,0.09090909090909091,0.09090909090909091,0.0
3354,0c94d30c90f8bf0a563dd74b53b4f3c9 NYSGRC-013694 A-0,0.0011131167411804,Low impact,3Dstructure\afdb_correct_to_wrong_2500_structures\G0H1D2.pdb,A,276,,14,7,0.5,0.46428571428571425,1,2,3,-1,0.21428571428571427,0.07142857142857142,0.14285714285714285
3355,0c94d30c90f8bf0a563dd74b53b4f3c9 NYSGRC-013694 A-0,0.0010917782783508,Low impact,3Dstructure\afdb_correct_to_wrong_2500_structures\G0H1D2.pdb,A,300,,14,6,0.42857142857142855,0.24999999999999997,1,3,4,-2,0.2857142857142857,0.07142857142857142,0.21428571428571427
3356,0c94d30c90f8bf0a563dd74b53b4f3c9 NYSGRC-013694 A-0,0.0010892748832702,Low impact,3Dstructure\afdb_correct_to_wrong_2500_structures\G0H1D2.pdb,A,339,,7,4,0.5714285714285714,0.8285714285714284,2,0,2,2,0.2857142857142857,0.2857142857142857,0.0
3357,0c94d30c90f8bf0a563dd74b53b4f3c9 NYSGRC-013694 A-0,0.0010515451431274,Low impact,3Dstructure\afdb_correct_to_wrong_2500_structures\G0H1D2.pdb,A,492,,10,5,0.5,1.22,1,0,1,1,0.1,0.1,0.0
3358,0c94d30c90f8bf0a563dd74b53b4f3c9 NYSGRC-013694 A-0,0.0010467171669006,Low impact,3Dstructure\afdb_correct_to_wrong_2500_structures\G0H1D2.pdb,A,301,,11,4,0.36363636363636365,-0.18181818181818185,1,4,5,-3,0.45454545454545453,0.09090909090909091,0.36363636363636365
3359,0c94d30c90f8bf0a563dd74b53b4f3c9 NYSGRC-013694 A-0,0.0010383129119873,Low impact,3Dstructure\afdb_correct_to_wrong_2500_structures\G0H1D2.pdb,A,358,,9,5,0.5555555555555556,0.8555555555555556,1,1,2,0,0.2222222222222222,0.1111111111111111,0.1111111111111111
3360,0c94d30c90f8bf0a563dd74b53b4f3c9 NYSGRC-013694 A-0,0.0010273456573486,Low impact,3Dstructure\afdb_correct_to_wrong_2500_structures\G0H1D2.pdb,A,447,,15,9,0.6,1.0266666666666668,1,1,2,0,0.13333333333333333,0.06666666666666667,0.06666666666666667
3361,0c94d30c90f8bf0a563dd74b53b4f3c9 NYSGRC-013694 A-0,0.0010181069374084,Low impact,3Dstructure\afdb_correct_to_wrong_2500_structures\G0H1D2.pdb,A,243,,12,6,0.5,0.3333333333333332,1,3,4,-2,0.3333333333333333,0.08333333333333333,0.25
3362,0c94d30c90f8bf0a563dd74b53b4f3c9 NYSGRC-013694 A-0,0.0010130405426025,Low impact,3Dstructure\afdb_correct_to_wrong_2500_structures\G0H1D2.pdb,A,214,,10,4,0.4,-0.38,1,3,4,-2,0.4,0.1,0.3
3363,0c94d30c90f8bf0a563dd74b53b4f3c9 NYSGRC-013694 A-0,0.0010069012641906,Low impact,3Dstructure\afdb_correct_to_wrong_2500_structures\G0H1D2.pdb,A,94,,8,2,0.25,-1.275,2,1,3,1,0.375,0.25,0.125
3364,0c94d30c90f8bf0a563dd74b53b4f3c9 NYSGRC-013694 A-0,0.0009926557540893,Low impact,3Dstructure\afdb_correct_to_wrong_2500_structures\G0H1D2.pdb,A,369,,11,6,0.5454545454545454,0.13636363636363635,2,0,2,2,0.18181818181818182,0.18181818181818182,0.0
3365,0c94d30c90f8bf0a563dd74b53b4f3c9 NYSGRC-013694 A-0,0.0009920597076416,Low impact,3Dstructure\afdb_correct_to_wrong_2500_structures\G0H1D2.pdb,A,305,,13,4,0.3076923076923077,-0.14615384615384633,2,1,3,1,0.23076923076923078,0.15384615384615385,0.07692307692307693
3366,0c94d30c90f8bf0a563dd74b53b4f3c9 NYSGRC-013694 A-0,0.0009841322898864,Low impact,3Dstructure\afdb_correct_to_wrong_2500_structures\G0H1D2.pdb,A,317,,10,2,0.2,-1.4999999999999996,2,0,2,2,0.2,0.2,0.0
3367,0c94d30c90f8bf0a563dd74b53b4f3c9 NYSGRC-013694 A-0,0.0009737610816955,Low impact,3Dstructure\afdb_correct_to_wrong_2500_structures\G0H1D2.pdb,A,345,,12,7,0.5833333333333334,0.5916666666666667,3,2,5,1,0.4166666666666667,0.25,0.16666666666666666
3368,0c94d30c90f8bf0a563dd74b53b4f3c9 NYSGRC-013694 A-0,0.0009698867797851,Low impact,3Dstructure\afdb_correct_to_wrong_2500_structures\G0H1D2.pdb,A,462,,11,5,0.45454545454545453,-0.22727272727272727,1,1,2,0,0.18181818181818182,0.09090909090909091,0.09090909090909091
3369,0c94d30c90f8bf0a563dd74b53b4f3c9 NYSGRC-013694 A-0,0.0009462237358093,Low impact,3Dstructure\afdb_correct_to_wrong_2500_structures\G0H1D2.pdb,A,181,,12,2,0.16666666666666666,-1.6916666666666667,2,3,5,-1,0.4166666666666667,0.16666666666666666,0.25
3370,0c94d30c90f8bf0a563dd74b53b4f3c9 NYSGRC-013694 A-0,0.0009445548057556,Low impact,3Dstructure\afdb_correct_to_wrong_2500_structures\G0H1D2.pdb,A,138,,10,5,0.5,0.59,0,2,2,-2,0.2,0.0,0.2
3371,0c94d30c90f8bf0a563dd74b53b4f3c9 NYSGRC-013694 A-0,0.0009316802024841,Low impact,3Dstructure\afdb_correct_to_wrong_2500_structures\G0H1D2.pdb,A,267,,10,1,0.1,-2.3200000000000003,3,3,6,0,0.6,0.3,0.3
3372,0c94d30c90f8bf0a563dd74b53b4f3c9 NYSGRC-013694 A-0,0.0008971691131591,Low impact,3Dstructure\afdb_correct_to_wrong_2500_structures\G0H1D2.pdb,A,223,,10,5,0.5,-0.07000000000000002,3,0,3,3,0.3,0.3,0.0
3373,0c94d30c90f8bf0a563dd74b53b4f3c9 NYSGRC-013694 A-0,0.0008811950683593,Low impact,3Dstructure\afdb_correct_to_wrong_2500_structures\G0H1D2.pdb,A,191,,8,5,0.625,-0.03750000000000003,1,1,2,0,0.25,0.125,0.125
3374,0c94d30c90f8bf0a563dd74b53b4f3c9 NYSGRC-013694 A-0,0.000847041606903,Low impact,3Dstructure\afdb_correct_to_wrong_2500_structures\G0H1D2.pdb,A,335,,10,4,0.4,-0.48,2,0,2,2,0.2,0.2,0.0
3375,0c94d30c90f8bf0a563dd74b53b4f3c9 NYSGRC-013694 A-0,0.0008350014686584,Low impact,3Dstructure\afdb_correct_to_wrong_2500_structures\G0H1D2.pdb,A,26,,11,3,0.2727272727272727,-1.518181818181818,3,0,3,3,0.2727272727272727,0.2727272727272727,0.0
3376,0c94d30c90f8bf0a563dd74b53b4f3c9 NYSGRC-013694 A-0,0.000828206539154,Low impact,3Dstructure\afdb_correct_to_wrong_2500_structures\G0H1D2.pdb,A,318,,14,2,0.14285714285714285,-1.1142857142857143,3,0,3,3,0.21428571428571427,0.21428571428571427,0.0
3377,0c94d30c90f8bf0a563dd74b53b4f3c9 NYSGRC-013694 A-0,0.0008150935173034,Low impact,3Dstructure\afdb_correct_to_wrong_2500_structures\G0H1D2.pdb,A,363,,10,7,0.7,0.5499999999999999,2,1,3,1,0.3,0.2,0.1
3378,0c94d30c90f8bf0a563dd74b53b4f3c9 NYSGRC-013694 A-0,0.0007991194725036,Low impact,3Dstructure\afdb_correct_to_wrong_2500_structures\G0H1D2.pdb,A,367,,11,7,0.6363636363636364,0.17272727272727273,2,0,2,2,0.18181818181818182,0.18181818181818182,0.0
3379,0c94d30c90f8bf0a563dd74b53b4f3c9 NYSGRC-013694 A-0,0.000791311264038,Low impact,3Dstructure\afdb_correct_to_wrong_2500_structures\G0H1D2.pdb,A,351,,6,2,0.3333333333333333,-1.2833333333333332,0,3,3,-3,0.5,0.0,0.5
3380,0c94d30c90f8bf0a563dd74b53b4f3c9 NYSGRC-013694 A-0,0.0007596611976623,Low impact,3Dstructure\afdb_correct_to_wrong_2500_structures\G0H1D2.pdb,A,25,,10,5,0.5,0.29,1,0,1,1,0.1,0.1,0.0
3381,0c94d30c90f8bf0a563dd74b53b4f3c9 NYSGRC-013694 A-0,0.0007441639900207,Low impact,3Dstructure\afdb_correct_to_wrong_2500_structures\G0H1D2.pdb,A,350,,8,3,0.375,-0.9375,2,2,4,0,0.5,0.25,0.25
3382,0c94d30c90f8bf0a563dd74b53b4f3c9 NYSGRC-013694 A-0,0.0007375478744506,Low impact,3Dstructure\afdb_correct_to_wrong_2500_structures\G0H1D2.pdb,A,249,,14,8,0.5714285714285714,0.9785714285714285,1,2,3,-1,0.21428571428571427,0.07142857142857142,0.14285714285714285
3383,0c94d30c90f8bf0a563dd74b53b4f3c9 NYSGRC-013694 A-0,0.0007141828536987,Low impact,3Dstructure\afdb_correct_to_wrong_2500_structures\G0H1D2.pdb,A,372,,13,5,0.38461538461538464,0.1538461538461538,3,0,3,3,0.23076923076923078,0.23076923076923078,0.0
3384,0c94d30c90f8bf0a563dd74b53b4f3c9 NYSGRC-013694 A-0,0.000650405883789,Low impact,3Dstructure\afdb_correct_to_wrong_2500_structures\G0H1D2.pdb,A,405,,6,3,0.5,-0.6500000000000001,1,0,1,1,0.16666666666666666,0.16666666666666666,0.0
3385,0c94d30c90f8bf0a563dd74b53b4f3c9 NYSGRC-013694 A-0,0.0006463527679443,Low impact,3Dstructure\afdb_correct_to_wrong_2500_structures\G0H1D2.pdb,A,81,,10,6,0.6,1.23,0,1,1,-1,0.1,0.0,0.1
3386,0c94d30c90f8bf0a563dd74b53b4f3c9 NYSGRC-013694 A-0,0.00064617395401,Low impact,3Dstructure\afdb_correct_to_wrong_2500_structures\G0H1D2.pdb,A,487,,13,10,0.7692307692307693,2.0384615384615383,1,1,2,0,0.15384615384615385,0.07692307692307693,0.07692307692307693
3387,0c94d30c90f8bf0a563dd74b53b4f3c9 NYSGRC-013694 A-0,0.0006214976310729,Low impact,3Dstructure\afdb_correct_to_wrong_2500_structures\G0H1D2.pdb,A,182,,10,3,0.3,-1.9099999999999997,2,3,5,-1,0.5,0.2,0.3
3388,0c94d30c90f8bf0a563dd74b53b4f3c9 NYSGRC-013694 A-0,0.0006012320518493,Low impact,3Dstructure\afdb_correct_to_wrong_2500_structures\G0H1D2.pdb,A,144,,11,4,0.36363636363636365,-1.2272727272727273,5,0,5,5,0.45454545454545453,0.45454545454545453,0.0
3389,0c94d30c90f8bf0a563dd74b53b4f3c9 NYSGRC-013694 A-0,0.0005918741226196,Low impact,3Dstructure\afdb_correct_to_wrong_2500_structures\G0H1D2.pdb,A,140,,14,6,0.42857142857142855,-0.792857142857143,2,2,4,0,0.2857142857142857,0.14285714285714285,0.14285714285714285
3390,0c94d30c90f8bf0a563dd74b53b4f3c9 NYSGRC-013694 A-0,0.0005537271499633,Low impact,3Dstructure\afdb_correct_to_wrong_2500_structures\G0H1D2.pdb,A,445,,11,6,0.5454545454545454,-0.390909090909091,1,2,3,-1,0.2727272727272727,0.09090909090909091,0.18181818181818182
3391,0c94d30c90f8bf0a563dd74b53b4f3c9 NYSGRC-013694 A-0,0.0005412697792053,Low impact,3Dstructure\afdb_correct_to_wrong_2500_structures\G0H1D2.pdb,A,338,,10,5,0.5,1.0100000000000002,1,0,1,1,0.1,0.1,0.0
3392,0c94d30c90f8bf0a563dd74b53b4f3c9 NYSGRC-013694 A-0,0.0005395412445068,Low impact,3Dstructure\afdb_correct_to_wrong_2500_structures\G0H1D2.pdb,A,176,,6,2,0.3333333333333333,-1.1833333333333333,2,2,4,0,0.6666666666666666,0.3333333333333333,0.3333333333333333
3393,0c94d30c90f8bf0a563dd74b53b4f3c9 NYSGRC-013694 A-0,0.0005092620849609,Low impact,3Dstructure\afdb_correct_to_wrong_2500_structures\G0H1D2.pdb,A,56,,13,5,0.38461538461538464,-0.4461538461538463,4,0,4,4,0.3076923076923077,0.3076923076923077,0.0
3394,0c94d30c90f8bf0a563dd74b53b4f3c9 NYSGRC-013694 A-0,0.000507116317749,Low impact,3Dstructure\afdb_correct_to_wrong_2500_structures\G0H1D2.pdb,A,63,,12,5,0.4166666666666667,0.03333333333333332,3,0,3,3,0.25,0.25,0.0
3395,0c94d30c90f8bf0a563dd74b53b4f3c9 NYSGRC-013694 A-0,0.0005000829696655,Low impact,3Dstructure\afdb_correct_to_wrong_2500_structures\G0H1D2.pdb,A,402,,10,5,0.5,-0.20999999999999996,0,1,1,-1,0.1,0.0,0.1
3396,0c94d30c90f8bf0a563dd74b53b4f3c9 NYSGRC-013694 A-0,0.0004763007164001,Low impact,3Dstructure\afdb_correct_to_wrong_2500_structures\G0H1D2.pdb,A,266,,14,3,0.21428571428571427,-1.1571428571428573,2,1,3,1,0.21428571428571427,0.14285714285714285,0.07142857142857142
3397,0c94d30c90f8bf0a563dd74b53b4f3c9 NYSGRC-013694 A-0,0.000464379787445,Low impact,3Dstructure\afdb_correct_to_wrong_2500_structures\G0H1D2.pdb,A,75,,13,6,0.46153846153846156,0.823076923076923,0,0,0,0,0.0,0.0,0.0
3398,0c94d30c90f8bf0a563dd74b53b4f3c9 NYSGRC-013694 A-0,0.0004528164863586,Low impact,3Dstructure\afdb_correct_to_wrong_2500_structures\G0H1D2.pdb,A,401,,14,6,0.42857142857142855,-0.24285714285714288,1,1,2,0,0.14285714285714285,0.07142857142857142,0.07142857142857142
3399,0c94d30c90f8bf0a563dd74b53b4f3c9 NYSGRC-013694 A-0,0.0004291534423828,Low impact,3Dstructure\afdb_correct_to_wrong_2500_structures\G0H1D2.pdb,A,475,,11,2,0.18181818181818182,-1.3545454545454545,0,4,4,-4,0.36363636363636365,0.0,0.36363636363636365
3400,0c94d30c90f8bf0a563dd74b53b4f3c9 NYSGRC-013694 A-0,0.0003982186317443,Low impact,3Dstructure\afdb_correct_to_wrong_2500_structures\G0H1D2.pdb,A,172,,6,3,0.5,0.2999999999999998,2,0,2,2,0.3333333333333333,0.3333333333333333,0.0
3401,0c94d30c90f8bf0a563dd74b53b4f3c9 NYSGRC-013694 A-0,0.000385582447052,Low impact,3Dstructure\afdb_correct_to_wrong_2500_structures\G0H1D2.pdb,A,257,,15,10,0.6666666666666666,2.206666666666666,0,2,2,-2,0.13333333333333333,0.0,0.13333333333333333
3402,0c94d30c90f8bf0a563dd74b53b4f3c9 NYSGRC-013694 A-0,0.0003674030303955,Low impact,3Dstructure\afdb_correct_to_wrong_2500_structures\G0H1D2.pdb,A,370,,9,4,0.4444444444444444,-0.3555555555555557,1,0,1,1,0.1111111111111111,0.1111111111111111,0.0
3403,0c94d30c90f8bf0a563dd74b53b4f3c9 NYSGRC-013694 A-0,0.0003665089607238,Low impact,3Dstructure\afdb_correct_to_wrong_2500_structures\G0H1D2.pdb,A,14,,11,6,0.5454545454545454,0.43636363636363634,0,3,3,-3,0.2727272727272727,0.0,0.2727272727272727
3404,0c94d30c90f8bf0a563dd74b53b4f3c9 NYSGRC-013694 A-0,0.0003504157066345,Low impact,3Dstructure\afdb_correct_to_wrong_2500_structures\G0H1D2.pdb,A,122,,9,5,0.5555555555555556,-0.05555555555555555,0,1,1,-1,0.1111111111111111,0.0,0.1111111111111111
3405,0c94d30c90f8bf0a563dd74b53b4f3c9 NYSGRC-013694 A-0,0.0003354549407958,Low impact,3Dstructure\afdb_correct_to_wrong_2500_structures\G0H1D2.pdb,A,421,,6,1,0.16666666666666666,-1.2833333333333334,0,4,4,-4,0.6666666666666666,0.0,0.6666666666666666
3406,0c94d30c90f8bf0a563dd74b53b4f3c9 NYSGRC-013694 A-0,0.0003181099891662,Low impact,3Dstructure\afdb_correct_to_wrong_2500_structures\G0H1D2.pdb,A,343,,8,4,0.5,0.11250000000000004,2,1,3,1,0.375,0.25,0.125
3407,0c94d30c90f8bf0a563dd74b53b4f3c9 NYSGRC-013694 A-0,0.0003166198730468,Low impact,3Dstructure\afdb_correct_to_wrong_2500_structures\G0H1D2.pdb,A,443,,11,5,0.45454545454545453,0.20909090909090908,2,3,5,-1,0.45454545454545453,0.18181818181818182,0.2727272727272727
3408,0c94d30c90f8bf0a563dd74b53b4f3c9 NYSGRC-013694 A-0,0.0003119111061096,Low impact,3Dstructure\afdb_correct_to_wrong_2500_structures\G0H1D2.pdb,A,104,,12,5,0.4166666666666667,0.9416666666666668,0,1,1,-1,0.08333333333333333,0.0,0.08333333333333333
3409,0c94d30c90f8bf0a563dd74b53b4f3c9 NYSGRC-013694 A-0,0.0003008842468261,Low impact,3Dstructure\afdb_correct_to_wrong_2500_structures\G0H1D2.pdb,A,488,,12,7,0.5833333333333334,1.6583333333333334,1,0,1,1,0.08333333333333333,0.08333333333333333,0.0
3410,0c94d30c90f8bf0a563dd74b53b4f3c9 NYSGRC-013694 A-0,0.0002764463424682,Low impact,3Dstructure\afdb_correct_to_wrong_2500_structures\G0H1D2.pdb,A,101,,12,6,0.5,0.5416666666666665,2,1,3,1,0.25,0.16666666666666666,0.08333333333333333
3411,0c94d30c90f8bf0a563dd74b53b4f3c9 NYSGRC-013694 A-0,0.000247836112976,Low impact,3Dstructure\afdb_correct_to_wrong_2500_structures\G0H1D2.pdb,A,434,,11,6,0.5454545454545454,0.5818181818181818,1,0,1,1,0.09090909090909091,0.09090909090909091,0.0
3412,0c94d30c90f8bf0a563dd74b53b4f3c9 NYSGRC-013694 A-0,0.0002420544624328,Low impact,3Dstructure\afdb_correct_to_wrong_2500_structures\G0H1D2.pdb,A,33,,8,4,0.5,1.0499999999999998,1,1,2,0,0.25,0.125,0.125
3413,0c94d30c90f8bf0a563dd74b53b4f3c9 NYSGRC-013694 A-0,0.000221848487854,Low impact,3Dstructure\afdb_correct_to_wrong_2500_structures\G0H1D2.pdb,A,320,,12,4,0.3333333333333333,-1.0999999999999999,3,0,3,3,0.25,0.25,0.0
3414,0c94d30c90f8bf0a563dd74b53b4f3c9 NYSGRC-013694 A-0,0.0002135038375854,Low impact,3Dstructure\afdb_correct_to_wrong_2500_structures\G0H1D2.pdb,A,323,,19,7,0.3684210526315789,-0.9473684210526315,4,0,4,4,0.21052631578947367,0.21052631578947367,0.0
3415,0c94d30c90f8bf0a563dd74b53b4f3c9 NYSGRC-013694 A-0,0.0002058148384094,Low impact,3Dstructure\afdb_correct_to_wrong_2500_structures\G0H1D2.pdb,A,143,,12,6,0.5,-0.425,2,2,4,0,0.3333333333333333,0.16666666666666666,0.16666666666666666
3416,0c94d30c90f8bf0a563dd74b53b4f3c9 NYSGRC-013694 A-0,0.0002033114433288,Low impact,3Dstructure\afdb_correct_to_wrong_2500_structures\G0H1D2.pdb,A,371,,10,2,0.2,-1.4299999999999997,4,0,4,4,0.4,0.4,0.0
3417,0c94d30c90f8bf0a563dd74b53b4f3c9 NYSGRC-013694 A-0,0.0001972913742065,Low impact,3Dstructure\afdb_correct_to_wrong_2500_structures\G0H1D2.pdb,A,291,,13,10,0.7692307692307693,2.592307692307692,0,0,0,0,0.0,0.0,0.0
3418,0c94d30c90f8bf0a563dd74b53b4f3c9 NYSGRC-013694 A-0,0.0001967549324035,Low impact,3Dstructure\afdb_correct_to_wrong_2500_structures\G0H1D2.pdb,A,340,,10,6,0.6,1.15,1,0,1,1,0.1,0.1,0.0
3419,0c94d30c90f8bf0a563dd74b53b4f3c9 NYSGRC-013694 A-0,0.00018972158432,Low impact,3Dstructure\afdb_correct_to_wrong_2500_structures\G0H1D2.pdb,A,147,,7,1,0.14285714285714285,-1.0,3,0,3,3,0.42857142857142855,0.42857142857142855,0.0
3420,0c94d30c90f8bf0a563dd74b53b4f3c9 NYSGRC-013694 A-0,0.0001667141914367,Low impact,3Dstructure\afdb_correct_to_wrong_2500_structures\G0H1D2.pdb,A,72,,14,6,0.42857142857142855,0.9357142857142856,1,0,1,1,0.07142857142857142,0.07142857142857142,0.0
3421,0c94d30c90f8bf0a563dd74b53b4f3c9 NYSGRC-013694 A-0,0.0001561045646667,Low impact,3Dstructure\afdb_correct_to_wrong_2500_structures\G0H1D2.pdb,A,387,,8,5,0.625,0.625,0,1,1,-1,0.125,0.0,0.125
3422,0c94d30c90f8bf0a563dd74b53b4f3c9 NYSGRC-013694 A-0,0.0001466274261474,Low impact,3Dstructure\afdb_correct_to_wrong_2500_structures\G0H1D2.pdb,A,495,,6,4,0.6666666666666666,1.816666666666667,1,0,1,1,0.16666666666666666,0.16666666666666666,0.0
3423,0c94d30c90f8bf0a563dd74b53b4f3c9 NYSGRC-013694 A-0,0.0001401305198669,Low impact,3Dstructure\afdb_correct_to_wrong_2500_structures\G0H1D2.pdb,A,479,,8,2,0.25,-0.8875000000000001,1,2,3,-1,0.375,0.125,0.25
3424,0c94d30c90f8bf0a563dd74b53b4f3c9 NYSGRC-013694 A-0,0.0001376271247863,Low impact,3Dstructure\afdb_correct_to_wrong_2500_structures\G0H1D2.pdb,A,169,,8,2,0.25,-0.6000000000000001,2,2,4,0,0.5,0.25,0.25
3425,0c94d30c90f8bf0a563dd74b53b4f3c9 NYSGRC-013694 A-0,0.0001373887062072,Low impact,3Dstructure\afdb_correct_to_wrong_2500_structures\G0H1D2.pdb,A,34,,6,2,0.3333333333333333,-0.3666666666666667,0,3,3,-3,0.5,0.0,0.5
3426,0c94d30c90f8bf0a563dd74b53b4f3c9 NYSGRC-013694 A-0,0.0001192092895507,Low impact,3Dstructure\afdb_correct_to_wrong_2500_structures\G0H1D2.pdb,A,377,,6,1,0.16666666666666666,-2.25,3,1,4,2,0.6666666666666666,0.5,0.16666666666666666
3427,0c94d30c90f8bf0a563dd74b53b4f3c9 NYSGRC-013694 A-0,0.0001093745231628,Low impact,3Dstructure\afdb_correct_to_wrong_2500_structures\G0H1D2.pdb,A,427,,15,8,0.5333333333333333,1.3933333333333333,0,0,0,0,0.0,0.0,0.0
3428,0c94d30c90f8bf0a563dd74b53b4f3c9 NYSGRC-013694 A-0,9.804964065551758e-05,Low impact,3Dstructure\afdb_correct_to_wrong_2500_structures\G0H1D2.pdb,A,272,,8,4,0.5,-0.525,2,2,4,0,0.5,0.25,0.25
3429,0c94d30c90f8bf0a563dd74b53b4f3c9 NYSGRC-013694 A-0,8.535385131835938e-05,Low impact,3Dstructure\afdb_correct_to_wrong_2500_structures\G0H1D2.pdb,A,397,,14,6,0.42857142857142855,-0.014285714285714377,2,0,2,2,0.14285714285714285,0.14285714285714285,0.0
3430,63c894a14f4d21bc7e8f021a78dce19d SGPP-Tbru019943AAA A-0,0.178043931722641,High impact,3Dstructure\afdb_correct_to_wrong_2500_structures\A0A1G4IC30.pdb,A,1,,2,0,0.0,-4.2,2,0,2,2,1.0,1.0,0.0
3431,9326d4ba8e85f544a99b37e56ba9c931 MCSG-APC23840 A-0,0.177358478307724,High impact,3Dstructure\afdb_correct_to_wrong_2500_structures\A0A0D3QTA7.pdb,A,1,,6,2,0.3333333333333333,-1.9833333333333336,1,2,3,-1,0.5,0.16666666666666666,0.3333333333333333
3439,0a8a7857024479318e18b4c54db5bdfc MCSG-APC35856 A-0,0.1754517257213592,High impact,3Dstructure\afdb_correct_to_wrong_2500_structures\A0AA91TCH6.pdb,A,3,,4,1,0.25,-1.3,1,0,1,1,0.25,0.25,0.0
3440,4c1141e562568622ca3bee52f19a9f29 SECSG-W09H1.3 A-1,0.175391137599945,High impact,3Dstructure\afdb_correct_to_wrong_2500_structures\O45901.pdb,A,98,,4,2,0.5,1.0,0,1,1,-1,0.25,0.0,0.25
3441,4c1141e562568622ca3bee52f19a9f29 SECSG-W09H1.3 A-1,0.1651641428470611,High impact,3Dstructure\afdb_correct_to_wrong_2500_structures\O45901.pdb,A,92,,4,2,0.5,1.475,0,0,0,0,0.0,0.0,0.0
3442,4c1141e562568622ca3bee52f19a9f29 SECSG-W09H1.3 A-1,0.1429520845413208,High impact,3Dstructure\afdb_correct_to_wrong_2500_structures\O45901.pdb,A,20,,9,3,0.3333333333333333,-0.5,1,2,3,-1,0.3333333333333333,0.1111111111111111,0.2222222222222222
3443,e54ef0928dfef3c6e5f01fe81d023382 MCSG-APC105855 A-1,0.1724916100502014,High impact,3Dstructure\afdb_correct_to_wrong_2500_structures\Q7NVS8.pdb,A,170,,6,3,0.5,0.0166666666666667,0,1,1,-1,0.16666666666666666,0.0,0.16666666666666666
3444,e54ef0928dfef3c6e5f01fe81d023382 MCSG-APC105855 A-1,0.1601547300815582,High impact,3Dstructure\afdb_correct_to_wrong_2500_structures\Q7NVS8.pdb,A,102,,8,4,0.5,0.32499999999999996,1,0,1,1,0.125,0.125,0.0
3445,e54ef0928dfef3c6e5f01fe81d023382 MCSG-APC105855 A-1,0.1562452614307403,High impact,3Dstructure\afdb_correct_to_wrong_2500_structures\Q7NVS8.pdb,A,71,,8,5,0.625,0.5374999999999999,2,0,2,2,0.25,0.25,0.0
3446,e54ef0928dfef3c6e5f01fe81d023382 MCSG-APC105855 A-1,0.14504474401474,High impact,3Dstructure\afdb_correct_to_wrong_2500_structures\Q7NVS8.pdb,A,94,,8,4,0.5,0.32499999999999996,0,1,1,-1,0.125,0.0,0.125
3447,cb2cd6637328f7beb4cb7fba31ea742e 2MVH_1 A-1,0.1703699827194214,High impact,3Dstructure\afdb_correct_to_wrong_2500_structures\A0AAP1E7T3.pdb,A,22,,7,4,0.5714285714285714,0.6428571428571429,2,0,2,2,0.2857142857142857,0.2857142857142857,0.0
3448,cb2cd6637328f7beb4cb7fba31ea742e 2MVH_1 A-1,0.1701257824897766,High impact,3Dstructure\afdb_correct_to_wrong_2500_structures\A0AAP1E7T3.pdb,A,25,,6,4,0.6666666666666666,1.25,0,0,0,0,0.0,0.0,0.0
3449,cb2cd6637328f7beb4cb7fba31ea742e 2MVH_1 A-1,0.167349636554718,High impact,3Dstructure\afdb_correct_to_wrong_2500_structures\A0AAP1E7T3.pdb,A,24,,7,3,0.42857142857142855,-0.6857142857142858,2,0,2,2,0.2857142857142857,0.2857142857142857,0.0
3450,cb2cd6637328f7beb4cb7fba31ea742e 2MVH_1 A-1,0.1576371490955352,High impact,3Dstructure\afdb_correct_to_wrong_2500_structures\A0AAP1E7T3.pdb,A,35,,8,5,0.625,1.875,0,0,0,0,0.0,0.0,0.0
3451,cb2cd6637328f7beb4cb7fba31ea742e 2MVH_1 A-1,0.1526910960674286,High impact,3Dstructure\afdb_correct_to_wrong_2500_structures\A0AAP1E7T3.pdb,A,27,,6,4,0.6666666666666666,1.1833333333333333,2,0,2,2,0.3333333333333333,0.3333333333333333,0.0
3452,76e71b68bf7279e804aba81a834fe6d5 SGPP-Lmaj012103AAA A-0,0.1697757542133331,High impact,3Dstructure\afdb_correct_to_wrong_2500_structures\Q4Q5E5.pdb,A,1,,2,0,0.0,-2.15,0,0,0,0,0.0,0.0,0.0
3456,c70980f7deb8bcaa52bc0468c2dd6aa1 JCSG-370025 A-0,0.169125497341156,High impact,3Dstructure\afdb_correct_to_wrong_2500_structures\Q8KBQ2.pdb,A,1,,2,1,0.5,1.7,0,0,0,0,0.0,0.0,0.0
3457,6be619d5caa3e8b9f7a10c3ef02bb889 SSGCID-AcbaC.19001.a A-1,0.1690186262130737,High impact,3Dstructure\afdb_correct_to_wrong_2500_structures\A0A0D5YK68.pdb,A,82,,10,5,0.5,-0.9400000000000002,2,1,3,1,0.3,0.2,0.1
3458,6be619d5caa3e8b9f7a10c3ef02bb889 SSGCID-AcbaC.19001.a A-1,0.1651563644409179,High impact,3Dstructure\afdb_correct_to_wrong_2500_structures\A0A0D5YK68.pdb,A,80,,14,9,0.6428571428571429,0.35000000000000003,2,2,4,0,0.2857142857142857,0.14285714285714285,0.14285714285714285
3459,6be619d5caa3e8b9f7a10c3ef02bb889 SSGCID-AcbaC.19001.a A-1,0.1008520722389221,High impact,3Dstructure\afdb_correct_to_wrong_2500_structures\A0A0D5YK68.pdb,A,29,,6,1,0.16666666666666666,-2.2333333333333334,1,0,1,1,0.16666666666666666,0.16666666666666666,0.0
3460,6be619d5caa3e8b9f7a10c3ef02bb889 SSGCID-AcbaC.19001.a A-1,0.0983074307441711,High impact,3Dstructure\afdb_correct_to_wrong_2500_structures\A0A0D5YK68.pdb,A,75,,6,2,0.3333333333333333,-0.9,1,0,1,1,0.16666666666666666,0.16666666666666666,0.0
3461,6be619d5caa3e8b9f7a10c3ef02bb889 SSGCID-AcbaC.19001.a A-1,0.0960190892219543,High impact,3Dstructure\afdb_correct_to_wrong_2500_structures\A0A0D5YK68.pdb,A,130,,12,6,0.5,0.31666666666666665,2,1,3,1,0.25,0.16666666666666666,0.08333333333333333
3462,6be619d5caa3e8b9f7a10c3ef02bb889 SSGCID-AcbaC.19001.a A-1,0.0881421864032745,High impact,3Dstructure\afdb_correct_to_wrong_2500_structures\A0A0D5YK68.pdb,A,115,,13,8,0.6153846153846154,0.5384615384615384,2,2,4,0,0.3076923076923077,0.15384615384615385,0.15384615384615385
3463,6be619d5caa3e8b9f7a10c3ef02bb889 SSGCID-AcbaC.19001.a A-1,0.083404928445816,High impact,3Dstructure\afdb_correct_to_wrong_2500_structures\A0A0D5YK68.pdb,A,147,,12,6,0.5,-0.3083333333333334,0,2,2,-2,0.16666666666666666,0.0,0.16666666666666666
3464,6be619d5caa3e8b9f7a10c3ef02bb889 SSGCID-AcbaC.19001.a A-1,0.0826998949050903,High impact,3Dstructure\afdb_correct_to_wrong_2500_structures\A0A0D5YK68.pdb,A,117,,12,9,0.75,1.3083333333333333,1,1,2,0,0.16666666666666666,0.08333333333333333,0.08333333333333333
3465,6be619d5caa3e8b9f7a10c3ef02bb889 SSGCID-AcbaC.19001.a A-1,0.0822826623916626,High impact,3Dstructure\afdb_correct_to_wrong_2500_structures\A0A0D5YK68.pdb,A,114,,12,6,0.5,-0.19999999999999996,2,3,5,-1,0.4166666666666667,0.16666666666666666,0.25
3466,6be619d5caa3e8b9f7a10c3ef02bb889 SSGCID-AcbaC.19001.a A-1,0.0771680772304534,High impact,3Dstructure\afdb_correct_to_wrong_2500_structures\A0A0D5YK68.pdb,A,41,,8,3,0.375,-0.17500000000000004,0,1,1,-1,0.125,0.0,0.125
3467,6be619d5caa3e8b9f7a10c3ef02bb889 SSGCID-AcbaC.19001.a A-1,0.0767828226089477,High impact,3Dstructure\afdb_correct_to_wrong_2500_structures\A0A0D5YK68.pdb,A,85,,11,7,0.6363636363636364,0.8545454545454544,0,2,2,-2,0.18181818181818182,0.0,0.18181818181818182
3468,6be619d5caa3e8b9f7a10c3ef02bb889 SSGCID-AcbaC.19001.a A-1,0.0739085972309112,High impact,3Dstructure\afdb_correct_to_wrong_2500_structures\A0A0D5YK68.pdb,A,107,,7,3,0.42857142857142855,0.4428571428571429,1,1,2,0,0.2857142857142857,0.14285714285714285,0.14285714285714285
3469,6be619d5caa3e8b9f7a10c3ef02bb889 SSGCID-AcbaC.19001.a A-1,0.072378009557724,High impact,3Dstructure\afdb_correct_to_wrong_2500_structures\A0A0D5YK68.pdb,A,81,,13,8,0.6153846153846154,0.5,2,1,3,1,0.23076923076923078,0.15384615384615385,0.07692307692307693
3470,6be619d5caa3e8b9f7a10c3ef02bb889 SSGCID-AcbaC.19001.a A-1,0.0708563327789306,High impact,3Dstructure\afdb_correct_to_wrong_2500_structures\A0A0D5YK68.pdb,A,148,,14,6,0.42857142857142855,-0.41428571428571426,2,3,5,-1,0.35714285714285715,0.14285714285714285,0.21428571428571427
3471,6be619d5caa3e8b9f7a10c3ef02bb889 SSGCID-AcbaC.19001.a A-1,0.0707371532917022,High impact,3Dstructure\afdb_correct_to_wrong_2500_structures\A0A0D5YK68.pdb,A,34,,6,2,0.3333333333333333,-0.8333333333333334,0,1,1,-1,0.16666666666666666,0.0,0.16666666666666666
3472,6be619d5caa3e8b9f7a10c3ef02bb889 SSGCID-AcbaC.19001.a A-1,0.06816366314888,High impact,3Dstructure\afdb_correct_to_wrong_2500_structures\A0A0D5YK68.pdb,A,32,,8,3,0.375,-0.9749999999999999,1,1,2,0,0.25,0.125,0.125
3473,6be619d5caa3e8b9f7a10c3ef02bb889 SSGCID-AcbaC.19001.a A-1,0.0681095123291015,High impact,3Dstructure\afdb_correct_to_wrong_2500_structures\A0A0D5YK68.pdb,A,54,,9,5,0.5555555555555556,0.2777777777777778,0,2,2,-2,0.2222222222222222,0.0,0.2222222222222222
3474,6be619d5caa3e8b9f7a10c3ef02bb889 SSGCID-AcbaC.19001.a A-1,0.0678994953632354,High impact,3Dstructure\afdb_correct_to_wrong_2500_structures\A0A0D5YK68.pdb,A,31,,13,5,0.38461538461538464,-0.9153846153846156,1,2,3,-1,0.23076923076923078,0.07692307692307693,0.15384615384615385
3551,6be619d5caa3e8b9f7a10c3ef02bb889 SSGCID-AcbaC.19001.a A-1,0.0084013044834136,Low impact,3Dstructure\afdb_correct_to_wrong_2500_structures\A0A0D5YK68.pdb,A,135,,9,4,0.4444444444444444,-0.9444444444444444,3,1,4,2,0.4444444444444444,0.3333333333333333,0.1111111111111111
3552,6be619d5caa3e8b9f7a10c3ef02bb889 SSGCID-AcbaC.19001.a A-1,0.0075312852859497,Low impact,3Dstructure\afdb_correct_to_wrong_2500_structures\A0A0D5YK68.pdb,A,38,,5,1,0.2,0.07999999999999993,0,1,1,-1,0.2,0.0,0.2
3553,6be619d5caa3e8b9f7a10c3ef02bb889 SSGCID-AcbaC.19001.a A-1,0.0058275759220123,Low impact,3Dstructure\afdb_correct_to_wrong_2500_structures\A0A0D5YK68.pdb,A,156,,7,4,0.5714285714285714,1.257142857142857,0,2,2,-2,0.2857142857142857,0.0,0.2857142857142857
3554,6be619d5caa3e8b9f7a10c3ef02bb889 SSGCID-AcbaC.19001.a A-1,0.005408763885498,Low impact,3Dstructure\afdb_correct_to_wrong_2500_structures\A0A0D5YK68.pdb,A,58,,14,9,0.6428571428571429,0.8500000000000002,1,2,3,-1,0.21428571428571427,0.07142857142857142,0.14285714285714285
3555,6be619d5caa3e8b9f7a10c3ef02bb889 SSGCID-AcbaC.19001.a A-1,0.0052659213542938,Low impact,3Dstructure\afdb_correct_to_wrong_2500_structures\A0A0D5YK68.pdb,A,98,,10,6,0.6,0.25,0,2,2,-2,0.2,0.0,0.2
3556,6be619d5caa3e8b9f7a10c3ef02bb889 SSGCID-AcbaC.19001.a A-1,0.0048044919967651,Low impact,3Dstructure\afdb_correct_to_wrong_2500_structures\A0A0D5YK68.pdb,A,49,,6,0,0.0,-1.6499999999999997,1,1,2,0,0.3333333333333333,0.16666666666666666,0.16666666666666666
3557,6be619d5caa3e8b9f7a10c3ef02bb889 SSGCID-AcbaC.19001.a A-1,0.0047235488891601,Low impact,3Dstructure\afdb_correct_to_wrong_2500_structures\A0A0D5YK68.pdb,A,56,,9,5,0.5555555555555556,1.0333333333333334,1,0,1,1,0.1111111111111111,0.1111111111111111,0.0
3558,6be619d5caa3e8b9f7a10c3ef02bb889 SSGCID-AcbaC.19001.a A-1,0.0043281316757202,Low impact,3Dstructure\afdb_correct_to_wrong_2500_structures\A0A0D5YK68.pdb,A,144,,12,6,0.5,-0.6000000000000001,1,4,5,-3,0.4166666666666667,0.08333333333333333,0.3333333333333333
3559,6be619d5caa3e8b9f7a10c3ef02bb889 SSGCID-AcbaC.19001.a A-1,0.0040816068649291,Low impact,3Dstructure\afdb_correct_to_wrong_2500_structures\A0A0D5YK68.pdb,A,83,,8,3,0.375,-0.8,1,2,3,-1,0.375,0.125,0.25
3560,6be619d5caa3e8b9f7a10c3ef02bb889 SSGCID-AcbaC.19001.a A-1,0.0033924579620361,Low impact,3Dstructure\afdb_correct_to_wrong_2500_structures\A0A0D5YK68.pdb,A,51,,5,1,0.2,-1.5799999999999998,1,1,2,0,0.4,0.2,0.2
3561,6be619d5caa3e8b9f7a10c3ef02bb889 SSGCID-AcbaC.19001.a A-1,0.0028447210788726,Low impact,3Dstructure\afdb_correct_to_wrong_2500_structures\A0A0D5YK68.pdb,A,183,,6,1,0.16666666666666666,-2.3000000000000003,2,2,4,0,0.6666666666666666,0.3333333333333333,0.3333333333333333
3562,6be619d5caa3e8b9f7a10c3ef02bb889 SSGCID-AcbaC.19001.a A-1,0.0025193393230438,Low impact,3Dstructure\afdb_correct_to_wrong_2500_structures\A0A0D5YK68.pdb,A,189,,10,4,0.4,0.23999999999999994,0,0,0,0,0.0,0.0,0.0
3563,6be619d5caa3e8b9f7a10c3ef02bb889 SSGCID-AcbaC.19001.a A-1,0.0025162398815155,Low impact,3Dstructure\afdb_correct_to_wrong_2500_structures\A0A0D5YK68.pdb,A,196,,7,3,0.42857142857142855,-0.45714285714285713,1,1,2,0,0.2857142857142857,0.14285714285714285,0.14285714285714285
3564,6be619d5caa3e8b9f7a10c3ef02bb889 SSGCID-AcbaC.19001.a A-1,0.0023160278797149,Low impact,3Dstructure\afdb_correct_to_wrong_2500_structures\A0A0D5YK68.pdb,A,206,,6,5,0.8333333333333334,1.7666666666666664,0,1,1,-1,0.16666666666666666,0.0,0.16666666666666666
3565,6be619d5caa3e8b9f7a10c3ef02bb889 SSGCID-AcbaC.19001.a A-1,0.0019579231739044,Low impact,3Dstructure\afdb_correct_to_wrong_2500_structures\A0A0D5YK68.pdb,A,123,,10,5,0.5,0.19000000000000003,1,2,3,-1,0.3,0.1,0.2
3566,6be619d5caa3e8b9f7a10c3ef02bb889 SSGCID-AcbaC.19001.a A-1,0.0019299685955047,Low impact,3Dstructure\afdb_correct_to_wrong_2500_structures\A0A0D5YK68.pdb,A,61,,12,6,0.5,0.49166666666666653,2,2,4,0,0.3333333333333333,0.16666666666666666,0.16666666666666666
3567,6be619d5caa3e8b9f7a10c3ef02bb889 SSGCID-AcbaC.19001.a A-1,0.0009899735450744,Low impact,3Dstructure\afdb_correct_to_wrong_2500_structures\A0A0D5YK68.pdb,A,169,,12,6,0.5,0.04999999999999997,1,1,2,0,0.16666666666666666,0.08333333333333333,0.08333333333333333
3568,f4733d57c44b70a2780e1b7cc41fe3d6 MCSG-APC107254 A-0,0.1689266264438629,High impact,3Dstructure\afdb_correct_to_wrong_2500_structures\C7N8J7.pdb,A,1,,4,2,0.5,-1.2250000000000003,1,0,1,1,0.25,0.25,0.0
3597,13609851e6f933480122fdb97255fa17 MCSG-APC21453.1 A-0,0.1637673079967498,High impact,3Dstructure\afdb_correct_to_wrong_2500_structures\A0A395UXF0.pdb,A,199,,10,7,0.7,1.4700000000000002,1,1,2,0,0.2,0.1,0.1
3598,13609851e6f933480122fdb97255fa17 MCSG-APC21453.1 A-0,0.1586891710758209,High impact,3Dstructure\afdb_correct_to_wrong_2500_structures\A0A395UXF0.pdb,A,204,,9,6,0.6666666666666666,1.9000000000000001,2,0,2,2,0.2222222222222222,0.2222222222222222,0.0
3599,13609851e6f933480122fdb97255fa17 MCSG-APC21453.1 A-0,0.1548471748828888,High impact,3Dstructure\afdb_correct_to_wrong_2500_structures\A0A395UXF0.pdb,A,290,,8,4,0.5,1.0375,0,1,1,-1,0.125,0.0,0.125
3600,13609851e6f933480122fdb97255fa17 MCSG-APC21453.1 A-0,0.081613689661026,High impact,3Dstructure\afdb_correct_to_wrong_2500_structures\A0A395UXF0.pdb,A,201,,9,6,0.6666666666666666,1.511111111111111,1,0,1,1,0.1111111111111111,0.1111111111111111,0.0
3601,2e1b409d17cb59c304786a7b1a57a9d3 NYSGRC-027078 A-0,0.1614913046360016,High impact,3Dstructure\afdb_correct_to_wrong_2500_structures\A0A0E2E3D8.pdb,A,1,,2,0,0.0,-3.9,2,0,2,2,1.0,1.0,0.0
3602,bfe54b100a8971a8c7de8704b86e33e0 MCSG-APC27886 A-0,0.1592460870742797,High impact,3Dstructure\afdb_correct_to_wrong_2500_structures\A0A0H2V180.pdb,A,1,,6,2,0.3333333333333333,-0.5499999999999999,0,0,0,0,0.0,0.0,0.0
3612,a3c7cb09f3c08534699d42acedf798fd MCSG-APC65905.0 A-0,0.1591079235076904,High impact,3Dstructure\afdb_correct_to_wrong_2500_structures\A4X081.pdb,A,1,,2,1,0.5,1.5,0,0,0,0,0.0,0.0,0.0
3652,a3c7cb09f3c08534699d42acedf798fd MCSG-APC65905.0 A-0,0.0092573165893554,Low impact,3Dstructure\afdb_correct_to_wrong_2500_structures\A4X081.pdb,A,9,,6,3,0.5,-0.016666666666666757,1,1,2,0,0.3333333333333333,0.16666666666666666,0.16666666666666666
3653,a3c7cb09f3c08534699d42acedf798fd MCSG-APC65905.0 A-0,0.0090548396110534,Low impact,3Dstructure\afdb_correct_to_wrong_2500_structures\A4X081.pdb,A,4,,4,2,0.5,0.825,0,1,1,-1,0.25,0.0,0.25
3654,a3c7cb09f3c08534699d42acedf798fd MCSG-APC65905.0 A-0,0.0086918473243713,Low impact,3Dstructure\afdb_correct_to_wrong_2500_structures\A4X081.pdb,A,80,,4,2,0.5,-0.37499999999999994,0,1,1,-1,0.25,0.0,0.25
3655,a3c7cb09f3c08534699d42acedf798fd MCSG-APC65905.0 A-0,0.008376657962799,Low impact,3Dstructure\afdb_correct_to_wrong_2500_structures\A4X081.pdb,A,8,,7,3,0.42857142857142855,0.028571428571428532,0,2,2,-2,0.2857142857142857,0.0,0.2857142857142857
3656,a3c7cb09f3c08534699d42acedf798fd MCSG-APC65905.0 A-0,0.0079861283302307,Low impact,3Dstructure\afdb_correct_to_wrong_2500_structures\A4X081.pdb,A,51,,6,1,0.16666666666666666,-2.233333333333334,3,1,4,2,0.6666666666666666,0.5,0.16666666666666666
3657,a3c7cb09f3c08534699d42acedf798fd MCSG-APC65905.0 A-0,0.006253957748413,Low impact,3Dstructure\afdb_correct_to_wrong_2500_structures\A4X081.pdb,A,86,,6,2,0.3333333333333333,-1.3,2,2,4,0,0.6666666666666666,0.3333333333333333,0.3333333333333333
3658,a3c7cb09f3c08534699d42acedf798fd MCSG-APC65905.0 A-0,0.0056093335151672,Low impact,3Dstructure\afdb_correct_to_wrong_2500_structures\A4X081.pdb,A,49,,11,2,0.18181818181818182,-1.8272727272727274,4,1,5,3,0.45454545454545453,0.36363636363636365,0.09090909090909091
3659,a3c7cb09f3c08534699d42acedf798fd MCSG-APC65905.0 A-0,0.0039461255073547,Low impact,3Dstructure\afdb_correct_to_wrong_2500_structures\A4X081.pdb,A,41,,11,5,0.45454545454545453,0.9454545454545453,0,0,0,0,0.0,0.0,0.0
3660,a3c7cb09f3c08534699d42acedf798fd MCSG-APC65905.0 A-0,0.0016875267028808,Low impact,3Dstructure\afdb_correct_to_wrong_2500_structures\A4X081.pdb,A,102,,3,0,0.0,-3.066666666666667,2,0,2,2,0.6666666666666666,0.6666666666666666,0.0
3661,a3c7cb09f3c08534699d42acedf798fd MCSG-APC65905.0 A-0,0.0015943646430969,Low impact,3Dstructure\afdb_correct_to_wrong_2500_structures\A4X081.pdb,A,76,,6,2,0.3333333333333333,0.4166666666666666,0,0,0,0,0.0,0.0,0.0
3662,e55abe8122d360721821ff32bb913918 NESG-HR6465 A-0,0.1583170294761657,High impact,3Dstructure\afdb_correct_to_wrong_2500_structures\A0A2I2ZGJ5.pdb,A,1,,2,1,0.5,1.7,0,0,0,0,0.0,0.0,0.0
3663,e55abe8122d360721821ff32bb913918 NESG-HR6465 A-0,0.0801607370376586,High impact,3Dstructure\afdb_correct_to_wrong_2500_structures\A0A2I2ZGJ5.pdb,A,2,,3,2,0.6666666666666666,0.39999999999999974,1,0,1,1,0.3333333333333333,0.3333333333333333,0.0
3665,c70d1130879e517e32fe19daca538ff4 MCSG-APC22288 A-0,0.157427579164505,High impact,3Dstructure\afdb_correct_to_wrong_2500_structures\O67922.pdb,A,1,,2,1,0.5,-2.4,1,0,1,1,0.5,0.5,0.0
3666,72644613f3ff12b3512bd71eba2a86f1 JCSG-383906 A-0,0.1568430960178375,High impact,3Dstructure\afdb_correct_to_wrong_2500_structures\A3QAL5.pdb,A,1,,6,4,0.6666666666666666,0.7999999999999999,2,0,2,2,0.3333333333333333,0.3333333333333333,0.0
3856,1fc7a85fd46f5bc95319e0feedf3e9d1 MCSG-APC23385 A-0,0.1533478796482086,High impact,3Dstructure\afdb_correct_to_wrong_2500_structures\A0A0F6B103.pdb,A,1,,4,3,0.75,0.7,0,0,0,0,0.0,0.0,0.0
3857,c1bfac3ace8bbd78c4a36c583d21e6c4 MCSG-APC22058 A-0,0.1526273190975189,High impact,3Dstructure\afdb_correct_to_wrong_2500_structures\A0A2V3GXH6.pdb,A,1,,2,1,0.5,1.7000000000000002,0,0,0,0,0.0,0.0,0.0
3858,ea84b310085b11551bb0be6cd54c3768 MCSG-APC109566 A-0,0.1523460447788238,High impact,3Dstructure\afdb_correct_to_wrong_2500_structures\C0L0L5.pdb,A,1,,5,3,0.6,-0.05999999999999996,2,0,2,2,0.4,0.4,0.0
3859,582157bec9720154f789ec2f8ac36f89 SGPP-Tbru013981AAA A-0,0.1522159278392791,High impact,3Dstructure\afdb_correct_to_wrong_2500_structures\A0A1G4HZP5.pdb,A,1,,2,1,0.5,1.75,0,0,0,0,0.0,0.0,0.0
3860,ff4fea546022af6cc123727930384168 JCSG-354721 A-0,0.1516929566860199,High impact,3Dstructure\afdb_correct_to_wrong_2500_structures\A0AAW0J2B1.pdb,A,245,,12,5,0.4166666666666667,-0.7333333333333334,2,2,4,0,0.3333333333333333,0.16666666666666666,0.16666666666666666
3861,6e19f75110af3ae752c29977103010f5 JCSG-599 A-0,0.1508092284202575,High impact,3Dstructure\afdb_correct_to_wrong_2500_structures\Q9XVW9.pdb,A,43,,7,2,0.2857142857142857,-0.585714285714286,3,0,3,3,0.42857142857142855,0.42857142857142855,0.0
3862,e107f48a02869ed96530e28dff388a5b MCSG-APC103453 A-0,0.1501396298408508,High impact,3Dstructure\afdb_correct_to_wrong_2500_structures\D0LNY4.pdb,A,341,,12,3,0.25,-1.4416666666666664,3,2,5,1,0.4166666666666667,0.25,0.16666666666666666
3863,e107f48a02869ed96530e28dff388a5b MCSG-APC103453 A-0,0.1378720998764038,High impact,3Dstructure\afdb_correct_to_wrong_2500_structures\D0LNY4.pdb,A,234,,8,4,0.5,0.6875,1,1,2,0,0.25,0.125,0.125
3864,e107f48a02869ed96530e28dff388a5b MCSG-APC103453 A-0,0.135505735874176,High impact,3Dstructure\afdb_correct_to_wrong_2500_structures\D0LNY4.pdb,A,236,,13,8,0.6153846153846154,0.6307692307692309,1,3,4,-2,0.3076923076923077,0.07692307692307693,0.23076923076923078
3865,e107f48a02869ed96530e28dff388a5b MCSG-APC103453 A-0,0.1343617439270019,High impact,3Dstructure\afdb_correct_to_wrong_2500_structures\D0LNY4.pdb,A,343,,6,2,0.3333333333333333,-0.7166666666666667,1,1,2,0,0.3333333333333333,0.16666666666666666,0.16666666666666666
3866,f12e976696f0bd8948d7609234582b9b NESG-YR231 A-0,0.1486802101135254,High impact,3Dstructure\afdb_correct_to_wrong_2500_structures\B5VPH7.pdb,A,1,,2,0,0.0,-3.5,0,1,1,-1,0.5,0.0,0.5
3867,8a8f56ad876ba4990c5e606aa5895df5 JCSG-250 A-0,0.147463709115982,High impact,3Dstructure\afdb_correct_to_wrong_2500_structures\Q22760.pdb,A,26,,10,4,0.4,0.02999999999999998,0,2,2,-2,0.2,0.0,0.2
3868,0c5fe9a3d0c03835c2c08ba913227d31 SGPP-Lmaj006941AAA A-0,0.1474159955978393,High impact,3Dstructure\afdb_correct_to_wrong_2500_structures\A0AAW3C4G7.pdb,A,1,,2,0,0.0,-1.6,0,0,0,0,0.0,0.0,0.0
3870,8c1a92dc4b93bb04df3f318eca738628 JCSG-354574 A-1,0.1450202167034149,High impact,3Dstructure\afdb_correct_to_wrong_2500_structures\Q7TMM0.pdb,A,115,,10,6,0.6,1.7899999999999998,0,0,0,0,0.0,0.0,0.0
3871,a214782baf7982af254dcdd86a92b048 SECSG-F09E10.5 A-0,0.1449721455574035,High impact,3Dstructure\afdb_correct_to_wrong_2500_structures\Q19248.pdb,A,1,,5,1,0.2,-0.9400000000000001,0,1,1,-1,0.2,0.0,0.2
3872,ab7f289b6ab1900f0adb760df834a1a3 MCSG-APC103441 A-1,0.1444142162799835,High impact,3Dstructure\afdb_correct_to_wrong_2500_structures\C6W4E9.pdb,A,82,,9,4,0.4444444444444444,0.03333333333333331,0,0,0,0,0.0,0.0,0.0
3873,ab7f289b6ab1900f0adb760df834a1a3 MCSG-APC103441 A-1,0.0761071443557739,High impact,3Dstructure\afdb_correct_to_wrong_2500_structures\C6W4E9.pdb,A,81,,9,4,0.4444444444444444,1.0555555555555556,0,0,0,0,0.0,0.0,0.0
3874,ab7f289b6ab1900f0adb760df834a1a3 MCSG-APC103441 A-1,0.0670587420463562,High impact,3Dstructure\afdb_correct_to_wrong_2500_structures\C6W4E9.pdb,A,79,,8,3,0.375,-0.11249999999999999,0,1,1,-1,0.125,0.0,0.125
3875,a0571c0af404cc87109acdfcf0dcf6fe SECSG-K01B6.1 A-0,0.144374668598175,High impact,3Dstructure\afdb_correct_to_wrong_2500_structures\A0A261C6H6.pdb,A,16,,4,3,0.75,1.0,0,1,1,-1,0.25,0.0,0.25
3876,0ad68a8ace53dbf402e65b88573728fa JCSG-370016 A-0,0.1443313658237457,High impact,3Dstructure\afdb_correct_to_wrong_2500_structures\Q04D07.pdb,A,36,,8,3,0.375,-0.012500000000000067,3,0,3,3,0.375,0.375,0.0
3877,0ad68a8ace53dbf402e65b88573728fa JCSG-370016 A-0,0.1395553052425384,High impact,3Dstructure\afdb_correct_to_wrong_2500_structures\Q04D07.pdb,A,1,,2,1,0.5,0.5,0,0,0,0,0.0,0.0,0.0
3921,47e423ab6ed697d8b7abdb86b14adb47 SECSG-ZK287.1 A-0,0.1417587101459503,High impact,3Dstructure\afdb_correct_to_wrong_2500_structures\A0AAE9A3N0.pdb,A,100,,8,2,0.25,-1.1375,0,3,3,-3,0.375,0.0,0.375
3923,e931c5ac25a575a27f0b8b3ff3dc82b7 MCSG-APC85759 A-0,0.1410485208034515,High impact,3Dstructure\afdb_correct_to_wrong_2500_structures\A0A1V3J7J2.pdb,A,1,,2,1,0.5,-1.0499999999999998,1,0,1,1,0.5,0.5,0.0
3925,e931c5ac25a575a27f0b8b3ff3dc82b7 MCSG-APC85759 A-0,0.082186609506607,High impact,3Dstructure\afdb_correct_to_wrong_2500_structures\A0A1V3J7J2.pdb,A,6,,8,3,0.375,0.33750000000000013,1,1,2,0,0.25,0.125,0.125
3926,e931c5ac25a575a27f0b8b3ff3dc82b7 MCSG-APC85759 A-0,0.0760737955570221,High impact,3Dstructure\afdb_correct_to_wrong_2500_structures\A0A1V3J7J2.pdb,A,107,,9,2,0.2222222222222222,-1.0333333333333334,2,2,4,0,0.4444444444444444,0.2222222222222222,0.2222222222222222
3927,e931c5ac25a575a27f0b8b3ff3dc82b7 MCSG-APC85759 A-0,0.0759875476360321,High impact,3Dstructure\afdb_correct_to_wrong_2500_structures\A0A1V3J7J2.pdb,A,35,,4,2,0.5,-1.375,1,1,2,0,0.5,0.25,0.25
3928,e931c5ac25a575a27f0b8b3ff3dc82b7 MCSG-APC85759 A-0,0.0686783492565155,High impact,3Dstructure\afdb_correct_to_wrong_2500_structures\A0A1V3J7J2.pdb,A,116,,12,6,0.5,-0.31666666666666665,3,1,4,2,0.3333333333333333,0.25,0.08333333333333333
3933,ef904db082f76dda5f8027d11eeda5d1 MCSG-APC83804 A-0,0.1404489874839782,High impact,3Dstructure\afdb_correct_to_wrong_2500_structures\A0A1B1ZAS4.pdb,A,1,,4,1,0.25,-2.25,1,2,3,-1,0.75,0.25,0.5
3934,c2855ce851dba56ee372b7d063fcf6ec SSGCID-EnhiA.18438.a A-0,0.1380350589752197,High impact,3Dstructure\afdb_correct_to_wrong_2500_structures\A0A5K1VDF3.pdb,A,1,,4,0,0.0,-4.0,2,0,2,2,0.5,0.5,0.0
3936,6120b3c72b6e0110bf3f2de44302ee34 MCSG-APC26336 A-0,0.1371579468250274,High impact,3Dstructure\afdb_correct_to_wrong_2500_structures\A0A060KYQ4.pdb,A,1,,2,1,0.5,0.30000000000000004,1,0,1,1,0.5,0.5,0.0
3937,7ab4818721c7940ca6d319854f33a22b MCSG-APC82337 A-0,0.1365272998809814,High impact,3Dstructure\afdb_correct_to_wrong_2500_structures\A0A015UC00.pdb,A,1,,2,1,0.5,0.5,0,1,1,-1,0.5,0.0,0.5
3938,817ae04ce93d9b6fecb370b07b6cb099 MCSG-APC83788 A-0,0.1334687769412994,High impact,3Dstructure\afdb_correct_to_wrong_2500_structures\Q9JXR7.pdb,A,1,,2,0,0.0,-2.3,1,0,1,1,0.5,0.5,0.0
3940,e912611ae7a7da0382c04912d6f8190d MCSG-APC27845 A-0,0.133159726858139,High impact,3Dstructure\afdb_correct_to_wrong_2500_structures\A0A0H2VYK3.pdb,A,1,,2,1,0.5,0.0,1,0,1,1,0.5,0.5,0.0
3942,727ee8870744733c4897ec4f2b9835f6 SGPP-Pfal006552AAA A-0,0.1320889890193939,High impact,3Dstructure\afdb_correct_to_wrong_2500_structures\A0A024V3F8.pdb,A,1,,2,0,0.0,-3.5,0,2,2,-2,1.0,0.0,1.0
3943,38068d7dd0150dfaf06d4f540a1708cc MCSG-APC22073 A-0,0.1312990188598632,High impact,3Dstructure\afdb_correct_to_wrong_2500_structures\A0A2V4GGT4.pdb,A,1,,2,1,0.5,-0.3500000000000001,1,0,1,1,0.5,0.5,0.0
3944,d20deb453cce363cdbb017bc04499c41 5LSB_2 A-1,0.130029946565628,High impact,3Dstructure\afdb_correct_to_wrong_2500_structures\A0A6C1DXH9.pdb,A,365,,5,4,0.8,0.72,0,0,0,0,0.0,0.0,0.0
3945,d20deb453cce363cdbb017bc04499c41 5LSB_2 A-1,0.115913450717926,High impact,3Dstructure\afdb_correct_to_wrong_2500_structures\A0A6C1DXH9.pdb,A,310,,7,4,0.5714285714285714,0.39999999999999997,0,0,0,0,0.0,0.0,0.0
3946,d20deb453cce363cdbb017bc04499c41 5LSB_2 A-1,0.108505755662918,High impact,3Dstructure\afdb_correct_to_wrong_2500_structures\A0A6C1DXH9.pdb,A,305,,7,2,0.2857142857142857,-1.4000000000000001,1,1,2,0,0.2857142857142857,0.14285714285714285,0.14285714285714285
3947,d20deb453cce363cdbb017bc04499c41 5LSB_2 A-1,0.1057460010051727,High impact,3Dstructure\afdb_correct_to_wrong_2500_structures\A0A6C1DXH9.pdb,A,330,,11,5,0.45454545454545453,-0.48181818181818187,2,0,2,2,0.18181818181818182,0.18181818181818182,0.0
3948,d20deb453cce363cdbb017bc04499c41 5LSB_2 A-1,0.0991602540016174,High impact,3Dstructure\afdb_correct_to_wrong_2500_structures\A0A6C1DXH9.pdb,A,331,,14,7,0.5,0.16428571428571417,1,1,2,0,0.14285714285714285,0.07142857142857142,0.07142857142857142
3949,d20deb453cce363cdbb017bc04499c41 5LSB_2 A-1,0.0870582461357116,High impact,3Dstructure\afdb_correct_to_wrong_2500_structures\A0A6C1DXH9.pdb,A,333,,9,4,0.4444444444444444,-0.588888888888889,2,1,3,1,0.3333333333333333,0.2222222222222222,0.1111111111111111
3950,d20deb453cce363cdbb017bc04499c41 5LSB_2 A-1,0.0810774266719818,High impact,3Dstructure\afdb_correct_to_wrong_2500_structures\A0A6C1DXH9.pdb,A,295,,9,2,0.2222222222222222,-2.033333333333333,4,2,6,2,0.6666666666666666,0.4444444444444444,0.2222222222222222
3951,d20deb453cce363cdbb017bc04499c41 5LSB_2 A-1,0.0782193839550018,High impact,3Dstructure\afdb_correct_to_wrong_2500_structures\A0A6C1DXH9.pdb,A,322,,8,4,0.5,0.6375,0,0,0,0,0.0,0.0,0.0
3952,d20deb453cce363cdbb017bc04499c41 5LSB_2 A-1,0.0698077678680419,High impact,3Dstructure\afdb_correct_to_wrong_2500_structures\A0A6C1DXH9.pdb,A,320,,7,3,0.42857142857142855,-0.3857142857142858,2,1,3,1,0.42857142857142855,0.2857142857142857,0.14285714285714285
3974,ba746b22a45619606d30865f41a7b1af SGPP-Pfal008585AAA A-0,0.1269271969795227,High impact,3Dstructure\afdb_correct_to_wrong_2500_structures\A0A024VBR1.pdb,A,1,,2,0,0.0,-3.7,1,0,1,1,0.5,0.5,0.0
3975,3818cc83979ed4eeee47279423bfbc00 NESG-HsR59 A-0,0.1268011629581451,High impact,3Dstructure\afdb_correct_to_wrong_2500_structures\A0A4D6GZ06.pdb,A,1,,2,0,0.0,-3.5,0,1,1,-1,0.5,0.0,0.5
3976,0c88a8ebe83e2c00850ce15432c2d7b3 MCSG-APC83869 A-0,0.1267320215702057,High impact,3Dstructure\afdb_correct_to_wrong_2500_structures\A0A0Y5XSM9.pdb,A,1,,5,4,0.8,1.4,0,1,1,-1,0.2,0.0,0.2
3977,0a5084cdfd20ebe0c5758cc7e6ffbf09 JCSG-420908 A-1,0.126220703125,High impact,3Dstructure\afdb_correct_to_wrong_2500_structures\A0A0D1BU06.pdb,A,77,,7,3,0.42857142857142855,0.18571428571428564,1,1,2,0,0.2857142857142857,0.14285714285714285,0.14285714285714285
3978,0a5084cdfd20ebe0c5758cc7e6ffbf09 JCSG-420908 A-1,0.0829994976520538,High impact,3Dstructure\afdb_correct_to_wrong_2500_structures\A0A0D1BU06.pdb,A,58,,8,3,0.375,0.4999999999999999,0,0,0,0,0.0,0.0,0.0
3979,0a5084cdfd20ebe0c5758cc7e6ffbf09 JCSG-420908 A-1,0.0817292928695678,High impact,3Dstructure\afdb_correct_to_wrong_2500_structures\A0A0D1BU06.pdb,A,81,,9,6,0.6666666666666666,0.6777777777777777,1,0,1,1,0.1111111111111111,0.1111111111111111,0.0
3980,0a5084cdfd20ebe0c5758cc7e6ffbf09 JCSG-420908 A-1,0.0807808637619018,High impact,3Dstructure\afdb_correct_to_wrong_2500_structures\A0A0D1BU06.pdb,A,73,,6,2,0.3333333333333333,-0.08333333333333333,0,2,2,-2,0.3333333333333333,0.0,0.3333333333333333
3981,0a5084cdfd20ebe0c5758cc7e6ffbf09 JCSG-420908 A-1,0.0720583200454711,High impact,3Dstructure\afdb_correct_to_wrong_2500_structures\A0A0D1BU06.pdb,A,26,,12,9,0.75,1.883333333333333,0,0,0,0,0.0,0.0,0.0
3999,e076576019533fbcf16f864fd0cec83e JCSG-402006 A-0,0.125128298997879,High impact,3Dstructure\afdb_correct_to_wrong_2500_structures\A0AAW9TTW6.pdb,A,1,,3,1,0.3333333333333333,-0.03333333333333351,1,0,1,1,0.3333333333333333,0.3333333333333333,0.0
4000,955036c02bac24394e2ccade2e54b860 MCSG-APC27092 A-0,0.1243012249469757,High impact,3Dstructure\afdb_correct_to_wrong_2500_structures\A0A0H5ZXB6.pdb,A,1,,5,2,0.4,-0.4,0,1,1,-1,0.2,0.0,0.2
4002,3c1473f0445536dd98ea845f123e0799 MCSG-APC104075 A-0,0.1238667666912078,High impact,3Dstructure\afdb_correct_to_wrong_2500_structures\Q6ZEA8.pdb,A,1,,2,0,0.0,-2.15,0,1,1,-1,0.5,0.0,0.5
4003,e7de71bbef5cbf0eea333b5f0486b52d SSGCID-BagrA.18405.a A-1,0.1201545596122741,High impact,3Dstructure\afdb_correct_to_wrong_2500_structures\B0RKD1.pdb,A,41,,4,2,0.5,-0.575,0,0,0,0,0.0,0.0,0.0
4004,e7de71bbef5cbf0eea333b5f0486b52d SSGCID-BagrA.18405.a A-1,0.1124292016029357,High impact,3Dstructure\afdb_correct_to_wrong_2500_structures\B0RKD1.pdb,A,246,,4,2,0.5,0.44999999999999996,1,0,1,1,0.25,0.25,0.0
4005,e7de71bbef5cbf0eea333b5f0486b52d SSGCID-BagrA.18405.a A-1,0.1085797250270843,High impact,3Dstructure\afdb_correct_to_wrong_2500_structures\B0RKD1.pdb,A,38,,4,2,0.5,0.25,0,0,0,0,0.0,0.0,0.0
4006,e7de71bbef5cbf0eea333b5f0486b52d SSGCID-BagrA.18405.a A-1,0.1065145432949066,High impact,3Dstructure\afdb_correct_to_wrong_2500_structures\B0RKD1.pdb,A,248,,4,1,0.25,-1.0,1,0,1,1,0.25,0.25,0.0
4007,e7de71bbef5cbf0eea333b5f0486b52d SSGCID-BagrA.18405.a A-1,0.1048276424407959,High impact,3Dstructure\afdb_correct_to_wrong_2500_structures\B0RKD1.pdb,A,187,,6,2,0.3333333333333333,-0.16666666666666652,2,0,2,2,0.3333333333333333,0.3333333333333333,0.0
4008,e7de71bbef5cbf0eea333b5f0486b52d SSGCID-BagrA.18405.a A-1,0.1039849519729614,High impact,3Dstructure\afdb_correct_to_wrong_2500_structures\B0RKD1.pdb,A,80,,8,2,0.25,-1.2999999999999998,2,2,4,0,0.5,0.25,0.25
4009,e7de71bbef5cbf0eea333b5f0486b52d SSGCID-BagrA.18405.a A-1,0.0999636650085449,High impact,3Dstructure\afdb_correct_to_wrong_2500_structures\B0RKD1.pdb,A,39,,4,1,0.25,-1.2,0,0,0,0,0.0,0.0,0.0
4010,e7de71bbef5cbf0eea333b5f0486b52d SSGCID-BagrA.18405.a A-1,0.0985157787799835,High impact,3Dstructure\afdb_correct_to_wrong_2500_structures\B0RKD1.pdb,A,59,,4,1,0.25,-2.175,0,1,1,-1,0.25,0.0,0.25
4011,e7de71bbef5cbf0eea333b5f0486b52d SSGCID-BagrA.18405.a A-1,0.0930409729480743,High impact,3Dstructure\afdb_correct_to_wrong_2500_structures\B0RKD1.pdb,A,214,,8,4,0.5,0.2875,2,0,2,2,0.25,0.25,0.0
4012,e7de71bbef5cbf0eea333b5f0486b52d SSGCID-BagrA.18405.a A-1,0.0928525328636169,High impact,3Dstructure\afdb_correct_to_wrong_2500_structures\B0RKD1.pdb,A,222,,9,6,0.6666666666666666,0.6333333333333333,1,0,1,1,0.1111111111111111,0.1111111111111111,0.0
4013,e7de71bbef5cbf0eea333b5f0486b52d SSGCID-BagrA.18405.a A-1,0.0923708975315094,High impact,3Dstructure\afdb_correct_to_wrong_2500_structures\B0RKD1.pdb,A,135,,7,2,0.2857142857142857,-0.7999999999999999,0,2,2,-2,0.2857142857142857,0.0,0.2857142857142857
4014,e7de71bbef5cbf0eea333b5f0486b52d SSGCID-BagrA.18405.a A-1,0.0907730162143707,High impact,3Dstructure\afdb_correct_to_wrong_2500_structures\B0RKD1.pdb,A,212,,8,3,0.375,-0.55,1,1,2,0,0.25,0.125,0.125
4032,24c355a7bf84fd436c641b7392b070ab SGPP-Lmaj004669AAA A-0,0.1192922890186309,High impact,3Dstructure\afdb_correct_to_wrong_2500_structures\Q4Q634.pdb,A,1,,3,0,0.0,-1.7,0,0,0,0,0.0,0.0,0.0
4034,ada6009c13d0724e163b10c9355860c4 SGPP-Pfal005958AAA A-0,0.1171579957008361,High impact,3Dstructure\afdb_correct_to_wrong_2500_structures\A0A0L7KG62.pdb,A,1,,2,2,1.0,2.3,0,0,0,0,0.0,0.0,0.0
4035,db09e4375edc861a9fea731a2dbd8c6d JCSG-402938 A-1,0.1170757412910461,High impact,3Dstructure\afdb_correct_to_wrong_2500_structures\Q39UD6.pdb,A,85,,9,2,0.2222222222222222,-1.3777777777777775,2,3,5,-1,0.5555555555555556,0.2222222222222222,0.3333333333333333
4036,db09e4375edc861a9fea731a2dbd8c6d JCSG-402938 A-1,0.1159727573394775,High impact,3Dstructure\afdb_correct_to_wrong_2500_structures\Q39UD6.pdb,A,83,,8,4,0.5,0.45000000000000007,2,1,3,1,0.375,0.25,0.125
4037,db09e4375edc861a9fea731a2dbd8c6d JCSG-402938 A-1,0.1009816527366638,High impact,3Dstructure\afdb_correct_to_wrong_2500_structures\Q39UD6.pdb,A,109,,14,6,0.42857142857142855,-0.10714285714285714,1,3,4,-2,0.2857142857142857,0.07142857142857142,0.21428571428571427
4038,db09e4375edc861a9fea731a2dbd8c6d JCSG-402938 A-1,0.0939951837062835,High impact,3Dstructure\afdb_correct_to_wrong_2500_structures\Q39UD6.pdb,A,97,,4,2,0.5,0.7250000000000001,0,1,1,-1,0.25,0.0,0.25
4039,db09e4375edc861a9fea731a2dbd8c6d JCSG-402938 A-1,0.0937766730785369,High impact,3Dstructure\afdb_correct_to_wrong_2500_structures\Q39UD6.pdb,A,120,,12,3,0.25,-0.9499999999999998,2,0,2,2,0.16666666666666666,0.16666666666666666,0.0
4040,b915ad7749e940b97546b514ee6af2be 3RJ2_1 A-1,0.1156893968582153,High impact,3Dstructure\afdb_correct_to_wrong_2500_structures\Q5YFA7.pdb,A,66,,6,3,0.5,-0.8999999999999999,1,0,1,1,0.16666666666666666,0.16666666666666666,0.0
4041,b915ad7749e940b97546b514ee6af2be 3RJ2_1 A-1,0.0925148725509643,High impact,3Dstructure\afdb_correct_to_wrong_2500_structures\Q5YFA7.pdb,A,77,,8,4,0.5,-0.17500000000000016,1,2,3,-1,0.375,0.125,0.25
4042,b915ad7749e940b97546b514ee6af2be 3RJ2_1 A-1,0.0896272659301757,High impact,3Dstructure\afdb_correct_to_wrong_2500_structures\Q5YFA7.pdb,A,61,,15,9,0.6,0.28666666666666657,2,0,2,2,0.13333333333333333,0.13333333333333333,0.0
4043,41743e68c8ac274a0fb15eb801244abe SSGCID-CrpaA.18230.a A-0,0.113703966140747,High impact,3Dstructure\afdb_correct_to_wrong_2500_structures\A0A7G2HL02.pdb,A,1,,2,0,0.0,-3.5,0,1,1,-1,0.5,0.0,0.5
4044,bfe2e86f602d0d1e2498d1a3f1190f4d JCSG-383794 A-0,0.112975925207138,High impact,3Dstructure\afdb_correct_to_wrong_2500_structures\A2SKL8.pdb,A,1,,2,1,0.5,1.2,0,0,0,0,0.0,0.0,0.0
4045,0fbdf37c1008961274d21f0154294310 SECSG-R07A4.4 A-0,0.1129290461540222,High impact,3Dstructure\afdb_correct_to_wrong_2500_structures\Q21782.pdb,A,197,,4,3,0.75,0.9749999999999999,0,1,1,-1,0.25,0.0,0.25
4046,097500c5e06c561839241fa182460cb6 MCSG-APC110682 A-1,0.1124680936336517,High impact,3Dstructure\afdb_correct_to_wrong_2500_structures\C8X6I0.pdb,A,28,,12,3,0.25,-0.7916666666666666,1,1,2,0,0.16666666666666666,0.08333333333333333,0.08333333333333333
4047,097500c5e06c561839241fa182460cb6 MCSG-APC110682 A-1,0.1122903227806091,High impact,3Dstructure\afdb_correct_to_wrong_2500_structures\C8X6I0.pdb,A,93,,13,3,0.23076923076923078,-0.2615384615384616,1,0,1,1,0.07692307692307693,0.07692307692307693,0.0
4048,097500c5e06c561839241fa182460cb6 MCSG-APC110682 A-1,0.1121555864810943,High impact,3Dstructure\afdb_correct_to_wrong_2500_structures\C8X6I0.pdb,A,33,,12,5,0.4166666666666667,-0.016666666666666757,1,1,2,0,0.16666666666666666,0.08333333333333333,0.08333333333333333
4049,097500c5e06c561839241fa182460cb6 MCSG-APC110682 A-1,0.1103532016277313,High impact,3Dstructure\afdb_correct_to_wrong_2500_structures\C8X6I0.pdb,A,90,,13,6,0.46153846153846156,1.5153846153846153,0,0,0,0,0.0,0.0,0.0
4050,097500c5e06c561839241fa182460cb6 MCSG-APC110682 A-1,0.1086271405220031,High impact,3Dstructure\afdb_correct_to_wrong_2500_structures\C8X6I0.pdb,A,102,,12,4,0.3333333333333333,0.19999999999999996,2,0,2,2,0.16666666666666666,0.16666666666666666,0.0
4051,097500c5e06c561839241fa182460cb6 MCSG-APC110682 A-1,0.1085229218006134,High impact,3Dstructure\afdb_correct_to_wrong_2500_structures\C8X6I0.pdb,A,151,,9,6,0.6666666666666666,1.0333333333333334,1,0,1,1,0.1111111111111111,0.1111111111111111,0.0
4052,097500c5e06c561839241fa182460cb6 MCSG-APC110682 A-1,0.1067197322845459,High impact,3Dstructure\afdb_correct_to_wrong_2500_structures\C8X6I0.pdb,A,107,,11,5,0.45454545454545453,-0.20909090909090908,3,1,4,2,0.36363636363636365,0.2727272727272727,0.09090909090909091
4053,097500c5e06c561839241fa182460cb6 MCSG-APC110682 A-1,0.0978642106056213,High impact,3Dstructure\afdb_correct_to_wrong_2500_structures\C8X6I0.pdb,A,40,,13,6,0.46153846153846156,0.7615384615384614,1,0,1,1,0.07692307692307693,0.07692307692307693,0.0
4054,097500c5e06c561839241fa182460cb6 MCSG-APC110682 A-1,0.0970881283283233,High impact,3Dstructure\afdb_correct_to_wrong_2500_structures\C8X6I0.pdb,A,124,,11,4,0.36363636363636365,-1.3636363636363638,1,1,2,0,0.18181818181818182,0.09090909090909091,0.09090909090909091
4055,097500c5e06c561839241fa182460cb6 MCSG-APC110682 A-1,0.0956993103027343,High impact,3Dstructure\afdb_correct_to_wrong_2500_structures\C8X6I0.pdb,A,130,,16,10,0.625,1.55,1,0,1,1,0.0625,0.0625,0.0
4056,097500c5e06c561839241fa182460cb6 MCSG-APC110682 A-1,0.0881687700748443,High impact,3Dstructure\afdb_correct_to_wrong_2500_structures\C8X6I0.pdb,A,63,,9,5,0.5555555555555556,-0.7888888888888889,2,1,3,1,0.3333333333333333,0.2222222222222222,0.1111111111111111
4057,826b02551a0bd00bf7659bc9a9a81f7a MCSG-APC6930 A-1,0.111718475818634,High impact,3Dstructure\afdb_correct_to_wrong_2500_structures\Q82T29.pdb,A,26,,5,4,0.8,2.8,0,0,0,0,0.0,0.0,0.0
4058,826b02551a0bd00bf7659bc9a9a81f7a MCSG-APC6930 A-1,0.0852962434291839,High impact,3Dstructure\afdb_correct_to_wrong_2500_structures\Q82T29.pdb,A,65,,11,6,0.5454545454545454,0.4545454545454545,1,0,1,1,0.09090909090909091,0.09090909090909091,0.0
4059,826b02551a0bd00bf7659bc9a9a81f7a MCSG-APC6930 A-1,0.083499789237976,High impact,3Dstructure\afdb_correct_to_wrong_2500_structures\Q82T29.pdb,A,18,,4,0,0.0,-2.275,1,1,2,0,0.5,0.25,0.25
4060,826b02551a0bd00bf7659bc9a9a81f7a MCSG-APC6930 A-1,0.0821397006511688,High impact,3Dstructure\afdb_correct_to_wrong_2500_structures\Q82T29.pdb,A,22,,5,2,0.4,0.07999999999999989,1,0,1,1,0.2,0.2,0.0
4061,826b02551a0bd00bf7659bc9a9a81f7a MCSG-APC6930 A-1,0.0717888474464416,High impact,3Dstructure\afdb_correct_to_wrong_2500_structures\Q82T29.pdb,A,35,,5,1,0.2,-2.44,1,1,2,0,0.4,0.2,0.2
4062,826b02551a0bd00bf7659bc9a9a81f7a MCSG-APC6930 A-1,0.0687674283981323,High impact,3Dstructure\afdb_correct_to_wrong_2500_structures\Q82T29.pdb,A,64,,8,3,0.375,-0.07499999999999998,1,1,2,0,0.25,0.125,0.125
4072,6ef0131d5a1889dfeda6a4d211a392ee SSGCID-LeinA.18746.a A-0,0.1113839745521545,High impact,3Dstructure\afdb_correct_to_wrong_2500_structures\A0A6L0XX07.pdb,A,1,,2,1,0.5,1.5,0,0,0,0,0.0,0.0,0.0
4073,6e322d2f3a5d430c71b83904fc32281d NESG-GsR3 A-0,0.1110040843486785,High impact,3Dstructure\afdb_correct_to_wrong_2500_structures\Q74H43.pdb,A,1,,2,1,0.5,2.05,0,0,0,0,0.0,0.0,0.0
4074,b1e67704e32a910a8ec3f221ba817687 MCSG-APC41556.0 A-1,0.1100851893424987,High impact,3Dstructure\afdb_correct_to_wrong_2500_structures\A0A059Y184.pdb,A,8,,8,3,0.375,-1.3875000000000002,1,1,2,0,0.25,0.125,0.125
4075,b1e67704e32a910a8ec3f221ba817687 MCSG-APC41556.0 A-1,0.1000484824180603,High impact,3Dstructure\afdb_correct_to_wrong_2500_structures\A0A059Y184.pdb,A,6,,5,1,0.2,-1.7,0,2,2,-2,0.4,0.0,0.4
4076,b1e67704e32a910a8ec3f221ba817687 MCSG-APC41556.0 A-1,0.0880460739135742,High impact,3Dstructure\afdb_correct_to_wrong_2500_structures\A0A059Y184.pdb,A,26,,6,2,0.3333333333333333,-1.5666666666666667,1,3,4,-2,0.6666666666666666,0.16666666666666666,0.5
4077,b1e67704e32a910a8ec3f221ba817687 MCSG-APC41556.0 A-1,0.0704186558723449,High impact,3Dstructure\afdb_correct_to_wrong_2500_structures\A0A059Y184.pdb,A,54,,9,3,0.3333333333333333,-0.3555555555555555,0,1,1,-1,0.1111111111111111,0.0,0.1111111111111111
4078,b1e67704e32a910a8ec3f221ba817687 MCSG-APC41556.0 A-1,0.069969356060028,High impact,3Dstructure\afdb_correct_to_wrong_2500_structures\A0A059Y184.pdb,A,85,,11,4,0.36363636363636365,-0.7363636363636363,2,1,3,1,0.2727272727272727,0.18181818181818182,0.09090909090909091
4079,b1e67704e32a910a8ec3f221ba817687 MCSG-APC41556.0 A-1,0.067045509815216,High impact,3Dstructure\afdb_correct_to_wrong_2500_structures\A0A059Y184.pdb,A,5,,8,3,0.375,-0.8375000000000001,1,1,2,0,0.25,0.125,0.125
4080,b1e67704e32a910a8ec3f221ba817687 MCSG-APC41556.0 A-1,0.0669111311435699,High impact,3Dstructure\afdb_correct_to_wrong_2500_structures\A0A059Y184.pdb,A,86,,15,7,0.4666666666666667,0.05999999999999996,1,2,3,-1,0.2,0.06666666666666667,0.13333333333333333
4093,97e74668a5a738115516de1a42f98854 SGPP-Lmaj012064AAA A-0,0.1097384691238403,High impact,3Dstructure\afdb_correct_to_wrong_2500_structures\Q4Q5I4.pdb,A,1,,2,1,0.5,0.5,0,0,0,0,0.0,0.0,0.0
4094,fe692085d42848fbb1c3397a3e81f624 5ODT_2 A-1,0.1091389954090118,High impact,3Dstructure\afdb_correct_to_wrong_2500_structures\B4E355.pdb,A,485,,4,2,0.5,0.5249999999999999,0,1,1,-1,0.25,0.0,0.25
4095,fe692085d42848fbb1c3397a3e81f624 5ODT_2 A-1,0.089466780424118,High impact,3Dstructure\afdb_correct_to_wrong_2500_structures\B4E355.pdb,A,475,,6,3,0.5,-0.1333333333333333,1,1,2,0,0.3333333333333333,0.16666666666666666,0.16666666666666666
4096,fe692085d42848fbb1c3397a3e81f624 5ODT_2 A-1,0.0860763490200042,High impact,3Dstructure\afdb_correct_to_wrong_2500_structures\B4E355.pdb,A,471,,5,2,0.4,-0.3200000000000001,1,1,2,0,0.4,0.2,0.2
4097,fe692085d42848fbb1c3397a3e81f624 5ODT_2 A-1,0.0734404325485229,High impact,3Dstructure\afdb_correct_to_wrong_2500_structures\B4E355.pdb,A,487,,4,3,0.75,0.8,0,1,1,-1,0.25,0.0,0.25
4098,fe692085d42848fbb1c3397a3e81f624 5ODT_2 A-1,0.0716652572154998,High impact,3Dstructure\afdb_correct_to_wrong_2500_structures\B4E355.pdb,A,476,,7,3,0.42857142857142855,-0.2999999999999999,1,2,3,-1,0.42857142857142855,0.14285714285714285,0.2857142857142857
4110,a458b8fe35faf7b3d05729f73297d908 4WP5_2 A-1,0.1090567708015441,High impact,3Dstructure\afdb_correct_to_wrong_2500_structures\G0SG92.pdb,A,88,,12,4,0.3333333333333333,-1.2166666666666666,5,0,5,5,0.4166666666666667,0.4166666666666667,0.0
4111,a458b8fe35faf7b3d05729f73297d908 4WP5_2 A-1,0.1068451106548309,High impact,3Dstructure\afdb_correct_to_wrong_2500_structures\G0SG92.pdb,A,44,,6,2,0.3333333333333333,-1.4833333333333334,2,0,2,2,0.3333333333333333,0.3333333333333333,0.0
4112,a458b8fe35faf7b3d05729f73297d908 4WP5_2 A-1,0.1035801768302917,High impact,3Dstructure\afdb_correct_to_wrong_2500_structures\G0SG92.pdb,A,52,,10,4,0.4,-0.59,3,0,3,3,0.3,0.3,0.0
4113,a458b8fe35faf7b3d05729f73297d908 4WP5_2 A-1,0.1009469330310821,High impact,3Dstructure\afdb_correct_to_wrong_2500_structures\G0SG92.pdb,A,92,,9,5,0.5555555555555556,-0.5222222222222221,1,1,2,0,0.2222222222222222,0.1111111111111111,0.1111111111111111
4114,a458b8fe35faf7b3d05729f73297d908 4WP5_2 A-1,0.0990090668201446,High impact,3Dstructure\afdb_correct_to_wrong_2500_structures\G0SG92.pdb,A,157,,13,8,0.6153846153846154,1.0923076923076924,2,1,3,1,0.23076923076923078,0.15384615384615385,0.07692307692307693
4115,a458b8fe35faf7b3d05729f73297d908 4WP5_2 A-1,0.0936192274093627,High impact,3Dstructure\afdb_correct_to_wrong_2500_structures\G0SG92.pdb,A,64,,11,5,0.45454545454545453,-0.36363636363636365,1,2,3,-1,0.2727272727272727,0.09090909090909091,0.18181818181818182
4116,a458b8fe35faf7b3d05729f73297d908 4WP5_2 A-1,0.0897564888000488,High impact,3Dstructure\afdb_correct_to_wrong_2500_structures\G0SG92.pdb,A,137,,13,7,0.5384615384615384,-0.09230769230769229,4,0,4,4,0.3076923076923077,0.3076923076923077,0.0
4117,a458b8fe35faf7b3d05729f73297d908 4WP5_2 A-1,0.0876238644123077,High impact,3Dstructure\afdb_correct_to_wrong_2500_structures\G0SG92.pdb,A,94,,8,3,0.375,1.025,0,1,1,-1,0.125,0.0,0.125
4118,a458b8fe35faf7b3d05729f73297d908 4WP5_2 A-1,0.0873895585536956,High impact,3Dstructure\afdb_correct_to_wrong_2500_structures\G0SG92.pdb,A,16,,9,6,0.6666666666666666,-0.3222222222222222,1,1,2,0,0.2222222222222222,0.1111111111111111,0.1111111111111111
4119,a458b8fe35faf7b3d05729f73297d908 4WP5_2 A-1,0.0873821973800659,High impact,3Dstructure\afdb_correct_to_wrong_2500_structures\G0SG92.pdb,A,20,,11,6,0.5454545454545454,-0.8272727272727274,1,2,3,-1,0.2727272727272727,0.09090909090909091,0.18181818181818182
4120,a458b8fe35faf7b3d05729f73297d908 4WP5_2 A-1,0.0862354338169097,High impact,3Dstructure\afdb_correct_to_wrong_2500_structures\G0SG92.pdb,A,154,,11,5,0.45454545454545453,-0.1272727272727273,2,1,3,1,0.2727272727272727,0.18181818181818182,0.09090909090909091
4121,a458b8fe35faf7b3d05729f73297d908 4WP5_2 A-1,0.0834092795848846,High impact,3Dstructure\afdb_correct_to_wrong_2500_structures\G0SG92.pdb,A,184,,11,4,0.36363636363636365,-0.8636363636363636,3,1,4,2,0.36363636363636365,0.2727272727272727,0.09090909090909091
4122,a458b8fe35faf7b3d05729f73297d908 4WP5_2 A-1,0.0805819034576416,High impact,3Dstructure\afdb_correct_to_wrong_2500_structures\G0SG92.pdb,A,136,,15,8,0.5333333333333333,0.12000000000000005,2,1,3,1,0.2,0.13333333333333333,0.06666666666666667
4123,a458b8fe35faf7b3d05729f73297d908 4WP5_2 A-1,0.0770670473575592,High impact,3Dstructure\afdb_correct_to_wrong_2500_structures\G0SG92.pdb,A,98,,11,7,0.6363636363636364,0.8999999999999999,2,1,3,1,0.2727272727272727,0.18181818181818182,0.09090909090909091
4124,a458b8fe35faf7b3d05729f73297d908 4WP5_2 A-1,0.0768841505050659,High impact,3Dstructure\afdb_correct_to_wrong_2500_structures\G0SG92.pdb,A,104,,9,5,0.5555555555555556,-0.8888888888888888,2,0,2,2,0.2222222222222222,0.2222222222222222,0.0
4125,a458b8fe35faf7b3d05729f73297d908 4WP5_2 A-1,0.0755252838134765,High impact,3Dstructure\afdb_correct_to_wrong_2500_structures\G0SG92.pdb,A,164,,7,3,0.42857142857142855,-0.6428571428571429,1,1,2,0,0.2857142857142857,0.14285714285714285,0.14285714285714285
4126,a458b8fe35faf7b3d05729f73297d908 4WP5_2 A-1,0.0743342936038971,High impact,3Dstructure\afdb_correct_to_wrong_2500_structures\G0SG92.pdb,A,169,,5,2,0.4,-0.44000000000000006,1,1,2,0,0.4,0.2,0.2
4127,a458b8fe35faf7b3d05729f73297d908 4WP5_2 A-1,0.0730216801166534,High impact,3Dstructure\afdb_correct_to_wrong_2500_structures\G0SG92.pdb,A,63,,9,3,0.3333333333333333,-0.39999999999999997,0,3,3,-3,0.3333333333333333,0.0,0.3333333333333333
4128,a458b8fe35faf7b3d05729f73297d908 4WP5_2 A-1,0.0726078450679779,High impact,3Dstructure\afdb_correct_to_wrong_2500_structures\G0SG92.pdb,A,133,,12,5,0.4166666666666667,0.10833333333333332,1,2,3,-1,0.25,0.08333333333333333,0.16666666666666666
4129,a458b8fe35faf7b3d05729f73297d908 4WP5_2 A-1,0.0711614489555358,High impact,3Dstructure\afdb_correct_to_wrong_2500_structures\G0SG92.pdb,A,32,,11,8,0.7272727272727273,0.5272727272727273,1,0,1,1,0.09090909090909091,0.09090909090909091,0.0
4130,a458b8fe35faf7b3d05729f73297d908 4WP5_2 A-1,0.0705218315124511,High impact,3Dstructure\afdb_correct_to_wrong_2500_structures\G0SG92.pdb,A,60,,13,8,0.6153846153846154,0.10769230769230773,0,3,3,-3,0.23076923076923078,0.0,0.23076923076923078
4131,a458b8fe35faf7b3d05729f73297d908 4WP5_2 A-1,0.0703771114349365,High impact,3Dstructure\afdb_correct_to_wrong_2500_structures\G0SG92.pdb,A,153,,12,4,0.3333333333333333,-1.4000000000000001,2,1,3,1,0.25,0.16666666666666666,0.08333333333333333
4132,a458b8fe35faf7b3d05729f73297d908 4WP5_2 A-1,0.0698123574256897,High impact,3Dstructure\afdb_correct_to_wrong_2500_structures\G0SG92.pdb,A,87,,11,3,0.2727272727272727,-0.7727272727272727,2,0,2,2,0.18181818181818182,0.18181818181818182,0.0
4133,a458b8fe35faf7b3d05729f73297d908 4WP5_2 A-1,0.0697881579399108,High impact,3Dstructure\afdb_correct_to_wrong_2500_structures\G0SG92.pdb,A,35,,11,4,0.36363636363636365,-0.890909090909091,0,0,0,0,0.0,0.0,0.0
4134,a458b8fe35faf7b3d05729f73297d908 4WP5_2 A-1,0.0694563686847686,High impact,3Dstructure\afdb_correct_to_wrong_2500_structures\G0SG92.pdb,A,40,,11,4,0.36363636363636365,-0.5727272727272728,2,0,2,2,0.18181818181818182,0.18181818181818182,0.0
4135,747b31e25235cde624322070fa04e9ca 4BI4_1 A-1,0.108682632446289,High impact,3Dstructure\afdb_correct_to_wrong_2500_structures\S4S1W2.pdb,A,128,,4,2,0.5,-0.25,0,1,1,-1,0.25,0.0,0.25
4136,12e7e626d8dab97f336a85e58f54db81 JCSG-371520 A-0,0.1072745323181152,High impact,3Dstructure\afdb_correct_to_wrong_2500_structures\A0A0C6P8X5.pdb,A,1,,5,1,0.2,-1.12,1,1,2,0,0.4,0.2,0.2
4137,5f71d4e803685aeab0b177848f220108 JCSG-392240 A-1,0.1071826815605163,High impact,3Dstructure\afdb_correct_to_wrong_2500_structures\Q98LI6.pdb,A,8,,11,5,0.45454545454545453,-0.08181818181818193,3,0,3,3,0.2727272727272727,0.2727272727272727,0.0
4138,5f71d4e803685aeab0b177848f220108 JCSG-392240 A-1,0.104964941740036,High impact,3Dstructure\afdb_correct_to_wrong_2500_structures\Q98LI6.pdb,A,50,,10,3,0.3,-0.9099999999999999,4,0,4,4,0.4,0.4,0.0
4140,623da34586495151557dd532952f57ea MCSG-APC40753.0 A-0,0.1063613295555114,High impact,3Dstructure\afdb_correct_to_wrong_2500_structures\A0AAW7HRL6.pdb,A,1,,7,3,0.42857142857142855,-0.5142857142857143,2,0,2,2,0.2857142857142857,0.2857142857142857,0.0
4141,3d4c7c57e3b41a53e5eff547820680bb SGPP-Lmaj006140AAA A-0,0.1061920523643493,High impact,3Dstructure\afdb_correct_to_wrong_2500_structures\Q4Q056.pdb,A,96,,9,4,0.4444444444444444,-1.577777777777778,3,1,4,2,0.4444444444444444,0.3333333333333333,0.1111111111111111
4144,befc0c38e556e2fbb16ac3831fe54579 TB-Rv1333 A-0,0.1041975617408752,High impact,3Dstructure\afdb_correct_to_wrong_2500_structures\A0A045IT55.pdb,A,1,,3,0,0.0,-2.6,0,1,1,-1,0.3333333333333333,0.0,0.3333333333333333
4145,7791e8120211663da4f63a6ee18ed0e7 2NB9_1 A-1,0.1033649146556854,High impact,3Dstructure\afdb_correct_to_wrong_2500_structures\A0A0H3CAB7.pdb,A,21,,8,6,0.75,0.8625,1,1,2,0,0.25,0.125,0.125
4146,7791e8120211663da4f63a6ee18ed0e7 2NB9_1 A-1,0.0916380286216735,High impact,3Dstructure\afdb_correct_to_wrong_2500_structures\A0A0H3CAB7.pdb,A,15,,6,1,0.16666666666666666,0.7000000000000001,0,0,0,0,0.0,0.0,0.0
4147,6adda42b6972f5a29def43073df670ba SGPP-Pviv004861AAA A-1,0.1022695302963256,High impact,3Dstructure\afdb_correct_to_wrong_2500_structures\A0A0J9SJM1.pdb,A,115,,8,6,0.75,0.3999999999999999,1,0,1,1,0.125,0.125,0.0
4148,6adda42b6972f5a29def43073df670ba SGPP-Pviv004861AAA A-1,0.094979852437973,High impact,3Dstructure\afdb_correct_to_wrong_2500_structures\A0A0J9SJM1.pdb,A,96,,6,2,0.3333333333333333,-1.1833333333333333,3,0,3,3,0.5,0.5,0.0
4149,6adda42b6972f5a29def43073df670ba SGPP-Pviv004861AAA A-1,0.0756323635578155,High impact,3Dstructure\afdb_correct_to_wrong_2500_structures\A0A0J9SJM1.pdb,A,79,,12,7,0.5833333333333334,1.0666666666666664,1,1,2,0,0.16666666666666666,0.08333333333333333,0.08333333333333333
4150,6adda42b6972f5a29def43073df670ba SGPP-Pviv004861AAA A-1,0.072963923215866,High impact,3Dstructure\afdb_correct_to_wrong_2500_structures\A0A0J9SJM1.pdb,A,161,,5,2,0.4,-0.04000000000000008,1,1,2,0,0.4,0.2,0.2
4159,c34c468ed0479b180528b619bae28c75 MCSG-APC23811 A-0,0.1005505323410034,High impact,3Dstructure\afdb_correct_to_wrong_2500_structures\A0A0H2X1B5.pdb,A,1,,3,1,0.3333333333333333,-0.46666666666666673,0,0,0,0,0.0,0.0,0.0
4160,3628694ea3451403da5ccd35cf468bb2 JCSG-383854 A-0,0.0986213684082031,High impact,3Dstructure\afdb_correct_to_wrong_2500_structures\A0A0H3C2Z6.pdb,A,1,,2,0,0.0,-3.7,1,1,2,0,1.0,0.5,0.5
4170,1e52526ec269f127453efc44d20e1bba SGPP-Tbru019161AAA A-0,0.0984633564949035,High impact,3Dstructure\afdb_correct_to_wrong_2500_structures\A0A1G4HYU7.pdb,A,1,,9,5,0.5555555555555556,1.288888888888889,0,0,0,0,0.0,0.0,0.0
4171,7d2c75a1985c1138bd7f78537db3fc96 MCSG-APC67204.2 A-1,0.0980574786663055,High impact,3Dstructure\afdb_correct_to_wrong_2500_structures\A1R3H1.pdb,A,237,,9,3,0.3333333333333333,-1.0666666666666667,1,1,2,0,0.2222222222222222,0.1111111111111111,0.1111111111111111
4172,7d2c75a1985c1138bd7f78537db3fc96 MCSG-APC67204.2 A-1,0.0932812690734863,High impact,3Dstructure\afdb_correct_to_wrong_2500_structures\A1R3H1.pdb,A,216,,9,4,0.4444444444444444,-1.0777777777777777,2,1,3,1,0.3333333333333333,0.2222222222222222,0.1111111111111111
4173,7d2c75a1985c1138bd7f78537db3fc96 MCSG-APC67204.2 A-1,0.0903680324554443,High impact,3Dstructure\afdb_correct_to_wrong_2500_structures\A1R3H1.pdb,A,220,,11,7,0.6363636363636364,-0.7545454545454546,1,2,3,-1,0.2727272727272727,0.09090909090909091,0.18181818181818182
4174,7d2c75a1985c1138bd7f78537db3fc96 MCSG-APC67204.2 A-1,0.0895912647247314,High impact,3Dstructure\afdb_correct_to_wrong_2500_structures\A1R3H1.pdb,A,228,,6,1,0.16666666666666666,-0.65,1,0,1,1,0.16666666666666666,0.16666666666666666,0.0
4175,7d2c75a1985c1138bd7f78537db3fc96 MCSG-APC67204.2 A-1,0.0894331932067871,High impact,3Dstructure\afdb_correct_to_wrong_2500_structures\A1R3H1.pdb,A,234,,14,10,0.7142857142857143,1.5500000000000003,0,0,0,0,0.0,0.0,0.0
4176,7d2c75a1985c1138bd7f78537db3fc96 MCSG-APC67204.2 A-1,0.0876088738441467,High impact,3Dstructure\afdb_correct_to_wrong_2500_structures\A1R3H1.pdb,A,297,,11,4,0.36363636363636365,-0.0181818181818182,1,1,2,0,0.18181818181818182,0.09090909090909091,0.09090909090909091
4177,7d2c75a1985c1138bd7f78537db3fc96 MCSG-APC67204.2 A-1,0.0867047309875488,High impact,3Dstructure\afdb_correct_to_wrong_2500_structures\A1R3H1.pdb,A,230,,14,6,0.42857142857142855,-0.04999999999999995,2,1,3,1,0.21428571428571427,0.14285714285714285,0.07142857142857142
4178,7d2c75a1985c1138bd7f78537db3fc96 MCSG-APC67204.2 A-1,0.0859076976776123,High impact,3Dstructure\afdb_correct_to_wrong_2500_structures\A1R3H1.pdb,A,275,,9,7,0.7777777777777778,1.1777777777777778,1,0,1,1,0.1111111111111111,0.1111111111111111,0.0
4179,7d2c75a1985c1138bd7f78537db3fc96 MCSG-APC67204.2 A-1,0.0857115387916565,High impact,3Dstructure\afdb_correct_to_wrong_2500_structures\A1R3H1.pdb,A,249,,13,6,0.46153846153846156,0.5923076923076922,1,0,1,1,0.07692307692307693,0.07692307692307693,0.0
4180,7d2c75a1985c1138bd7f78537db3fc96 MCSG-APC67204.2 A-1,0.0835115611553192,High impact,3Dstructure\afdb_correct_to_wrong_2500_structures\A1R3H1.pdb,A,259,,12,7,0.5833333333333334,0.6666666666666664,1,1,2,0,0.16666666666666666,0.08333333333333333,0.08333333333333333
4181,7d2c75a1985c1138bd7f78537db3fc96 MCSG-APC67204.2 A-1,0.0814474523067474,High impact,3Dstructure\afdb_correct_to_wrong_2500_structures\A1R3H1.pdb,A,248,,13,7,0.5384615384615384,-0.3307692307692308,2,0,2,2,0.15384615384615385,0.15384615384615385,0.0
4182,7d2c75a1985c1138bd7f78537db3fc96 MCSG-APC67204.2 A-1,0.0811413526535034,High impact,3Dstructure\afdb_correct_to_wrong_2500_structures\A1R3H1.pdb,A,247,,13,7,0.5384615384615384,-0.07692307692307694,2,1,3,1,0.23076923076923078,0.15384615384615385,0.07692307692307693
4183,7d2c75a1985c1138bd7f78537db3fc96 MCSG-APC67204.2 A-1,0.0807401239871978,High impact,3Dstructure\afdb_correct_to_wrong_2500_structures\A1R3H1.pdb,A,224,,13,5,0.38461538461538464,-0.5538461538461539,1,2,3,-1,0.23076923076923078,0.07692307692307693,0.15384615384615385
4184,7d2c75a1985c1138bd7f78537db3fc96 MCSG-APC67204.2 A-1,0.0807191431522369,High impact,3Dstructure\afdb_correct_to_wrong_2500_structures\A1R3H1.pdb,A,243,,15,6,0.4,0.24666666666666662,0,1,1,-1,0.06666666666666667,0.0,0.06666666666666667
4185,7d2c75a1985c1138bd7f78537db3fc96 MCSG-APC67204.2 A-1,0.0804612636566162,High impact,3Dstructure\afdb_correct_to_wrong_2500_structures\A1R3H1.pdb,A,276,,9,6,0.6666666666666666,0.8555555555555555,1,0,1,1,0.1111111111111111,0.1111111111111111,0.0
4186,7d2c75a1985c1138bd7f78537db3fc96 MCSG-APC67204.2 A-1,0.07905113697052,High impact,3Dstructure\afdb_correct_to_wrong_2500_structures\A1R3H1.pdb,A,260,,14,6,0.42857142857142855,0.04999999999999992,0,1,1,-1,0.07142857142857142,0.0,0.07142857142857142
4187,7d2c75a1985c1138bd7f78537db3fc96 MCSG-APC67204.2 A-1,0.0762344896793365,High impact,3Dstructure\afdb_correct_to_wrong_2500_structures\A1R3H1.pdb,A,308,,9,2,0.2222222222222222,-0.8555555555555556,1,0,1,1,0.1111111111111111,0.1111111111111111,0.0
4188,7d2c75a1985c1138bd7f78537db3fc96 MCSG-APC67204.2 A-1,0.0736438632011413,High impact,3Dstructure\afdb_correct_to_wrong_2500_structures\A1R3H1.pdb,A,253,,13,4,0.3076923076923077,-0.7999999999999999,0,2,2,-2,0.15384615384615385,0.0,0.15384615384615385
4189,7d2c75a1985c1138bd7f78537db3fc96 MCSG-APC67204.2 A-1,0.0733331739902496,High impact,3Dstructure\afdb_correct_to_wrong_2500_structures\A1R3H1.pdb,A,257,,10,6,0.6,1.27,0,1,1,-1,0.1,0.0,0.1
4190,7d2c75a1985c1138bd7f78537db3fc96 MCSG-APC67204.2 A-1,0.0729559361934661,High impact,3Dstructure\afdb_correct_to_wrong_2500_structures\A1R3H1.pdb,A,233,,14,11,0.7857142857142857,1.742857142857143,1,0,1,1,0.07142857142857142,0.07142857142857142,0.0
4191,7d2c75a1985c1138bd7f78537db3fc96 MCSG-APC67204.2 A-1,0.0728801488876342,High impact,3Dstructure\afdb_correct_to_wrong_2500_structures\A1R3H1.pdb,A,256,,13,7,0.5384615384615384,0.546153846153846,1,2,3,-1,0.23076923076923078,0.07692307692307693,0.15384615384615385
4192,7d2c75a1985c1138bd7f78537db3fc96 MCSG-APC67204.2 A-1,0.0704232156276702,High impact,3Dstructure\afdb_correct_to_wrong_2500_structures\A1R3H1.pdb,A,116,,12,8,0.6666666666666666,0.9666666666666668,0,2,2,-2,0.16666666666666666,0.0,0.16666666666666666
4193,1ce56d1497004fa2ea73b188da5611ef MCSG-APC26321 A-0,0.0976892113685607,High impact,3Dstructure\afdb_correct_to_wrong_2500_structures\A0A0H3AM44.pdb,A,1,,8,2,0.25,-0.45,0,1,1,-1,0.125,0.0,0.125
4205,1ce56d1497004fa2ea73b188da5611ef MCSG-APC26321 A-0,0.0088925957679748,Low impact,3Dstructure\afdb_correct_to_wrong_2500_structures\A0A0H3AM44.pdb,A,132,,4,3,0.75,1.7249999999999999,0,1,1,-1,0.25,0.0,0.25
4206,1ce56d1497004fa2ea73b188da5611ef MCSG-APC26321 A-0,0.0088038444519042,Low impact,3Dstructure\afdb_correct_to_wrong_2500_structures\A0A0H3AM44.pdb,A,156,,13,9,0.6923076923076923,1.0538461538461539,1,1,2,0,0.15384615384615385,0.07692307692307693,0.07692307692307693
4207,1ce56d1497004fa2ea73b188da5611ef MCSG-APC26321 A-0,0.0082837343215942,Low impact,3Dstructure\afdb_correct_to_wrong_2500_structures\A0A0H3AM44.pdb,A,58,,7,3,0.42857142857142855,0.34285714285714286,0,2,2,-2,0.2857142857142857,0.0,0.2857142857142857
4208,1ce56d1497004fa2ea73b188da5611ef MCSG-APC26321 A-0,0.008171260356903,Low impact,3Dstructure\afdb_correct_to_wrong_2500_structures\A0A0H3AM44.pdb,A,100,,10,5,0.5,0.15,2,2,4,0,0.4,0.2,0.2
4209,1ce56d1497004fa2ea73b188da5611ef MCSG-APC26321 A-0,0.0081612467765808,Low impact,3Dstructure\afdb_correct_to_wrong_2500_structures\A0A0H3AM44.pdb,A,11,,13,6,0.46153846153846156,-0.5692307692307692,1,2,3,-1,0.23076923076923078,0.07692307692307693,0.15384615384615385
4210,1ce56d1497004fa2ea73b188da5611ef MCSG-APC26321 A-0,0.0076323151588439,Low impact,3Dstructure\afdb_correct_to_wrong_2500_structures\A0A0H3AM44.pdb,A,50,,11,6,0.5454545454545454,-0.1818181818181819,2,1,3,1,0.2727272727272727,0.18181818181818182,0.09090909090909091
4211,1ce56d1497004fa2ea73b188da5611ef MCSG-APC26321 A-0,0.0073358416557312,Low impact,3Dstructure\afdb_correct_to_wrong_2500_structures\A0A0H3AM44.pdb,A,86,,9,5,0.5555555555555556,0.15555555555555556,2,2,4,0,0.4444444444444444,0.2222222222222222,0.2222222222222222
4212,1ce56d1497004fa2ea73b188da5611ef MCSG-APC26321 A-0,0.0072001814842224,Low impact,3Dstructure\afdb_correct_to_wrong_2500_structures\A0A0H3AM44.pdb,A,104,,9,4,0.4444444444444444,0.2222222222222222,2,0,2,2,0.2222222222222222,0.2222222222222222,0.0
4213,1ce56d1497004fa2ea73b188da5611ef MCSG-APC26321 A-0,0.0069342255592346,Low impact,3Dstructure\afdb_correct_to_wrong_2500_structures\A0A0H3AM44.pdb,A,70,,12,7,0.5833333333333334,0.19166666666666665,2,1,3,1,0.25,0.16666666666666666,0.08333333333333333
4214,1ce56d1497004fa2ea73b188da5611ef MCSG-APC26321 A-0,0.0066606402397155,Low impact,3Dstructure\afdb_correct_to_wrong_2500_structures\A0A0H3AM44.pdb,A,63,,10,6,0.6,1.39,1,1,2,0,0.2,0.1,0.1
4215,1ce56d1497004fa2ea73b188da5611ef MCSG-APC26321 A-0,0.0058493614196777,Low impact,3Dstructure\afdb_correct_to_wrong_2500_structures\A0A0H3AM44.pdb,A,155,,12,8,0.6666666666666666,1.4333333333333336,0,1,1,-1,0.08333333333333333,0.0,0.08333333333333333
4216,1ce56d1497004fa2ea73b188da5611ef MCSG-APC26321 A-0,0.0057953596115112,Low impact,3Dstructure\afdb_correct_to_wrong_2500_structures\A0A0H3AM44.pdb,A,106,,10,3,0.3,-1.1,2,3,5,-1,0.5,0.2,0.3
4217,1ce56d1497004fa2ea73b188da5611ef MCSG-APC26321 A-0,0.0052589774131774,Low impact,3Dstructure\afdb_correct_to_wrong_2500_structures\A0A0H3AM44.pdb,A,98,,9,6,0.6666666666666666,0.7000000000000001,1,2,3,-1,0.3333333333333333,0.1111111111111111,0.2222222222222222
4218,1ce56d1497004fa2ea73b188da5611ef MCSG-APC26321 A-0,0.0049744248390197,Low impact,3Dstructure\afdb_correct_to_wrong_2500_structures\A0A0H3AM44.pdb,A,83,,7,3,0.42857142857142855,-0.8857142857142858,2,1,3,1,0.42857142857142855,0.2857142857142857,0.14285714285714285
4219,39f02313657f6c0346c27741b31d5b73 MCSG-APC107247 A-0,0.0954028964042663,High impact,3Dstructure\afdb_correct_to_wrong_2500_structures\A0A4D6KC85.pdb,A,1,,5,1,0.2,-1.5999999999999999,1,2,3,-1,0.6,0.2,0.4
4234,0ff9676678c217a7d06fe8fd6c659578 JCSG-370028 A-0,0.092934250831604,High impact,3Dstructure\afdb_correct_to_wrong_2500_structures\A0A0C2YDF3.pdb,A,2,,10,6,0.6,0.76,0,1,1,-1,0.1,0.0,0.1
4239,7ea5e3a7978958f72b8433f82d71b087 JCSG-417367 A-1,0.0904816091060638,High impact,3Dstructure\afdb_correct_to_wrong_2500_structures\A0A0E3T8F2.pdb,A,33,,4,0,0.0,-2.05,0,1,1,-1,0.25,0.0,0.25
4240,7ea5e3a7978958f72b8433f82d71b087 JCSG-417367 A-1,0.0784384906291961,High impact,3Dstructure\afdb_correct_to_wrong_2500_structures\A0A0E3T8F2.pdb,A,72,,5,2,0.4,-0.26000000000000006,1,0,1,1,0.2,0.2,0.0
4241,dbc0efee96aa7de7bcb8754eb35dca52 JCSG-437 A-0,0.0899101793766021,High impact,3Dstructure\afdb_correct_to_wrong_2500_structures\O45628.pdb,A,97,,8,5,0.625,1.025,0,0,0,0,0.0,0.0,0.0
4242,dbc0efee96aa7de7bcb8754eb35dca52 JCSG-437 A-0,0.0699933469295501,High impact,3Dstructure\afdb_correct_to_wrong_2500_structures\O45628.pdb,A,98,,7,4,0.5714285714285714,0.7714285714285712,0,0,0,0,0.0,0.0,0.0
4246,0ab4bd655ad1c29f203eed1ea0d346c5 NYSGRC-004552 A-0,0.0885198712348938,High impact,3Dstructure\afdb_correct_to_wrong_2500_structures\A0A086LJK9.pdb,A,1,,2,1,0.5,1.5,0,0,0,0,0.0,0.0,0.0
4247,088669bdddb365257bc2f68c330733d6 MCSG-APC23804 A-0,0.0881567597389221,High impact,3Dstructure\afdb_correct_to_wrong_2500_structures\A0A0H3JVX8.pdb,A,1,,2,1,0.5,-0.050000000000000044,1,0,1,1,0.5,0.5,0.0
4248,7da1e8503948b0360ee6703d4e72a8ef MCSG-APC81813 A-1,0.0876895189285278,High impact,3Dstructure\afdb_correct_to_wrong_2500_structures\Q8A4K8.pdb,A,100,,7,2,0.2857142857142857,-0.6714285714285714,2,1,3,1,0.42857142857142855,0.2857142857142857,0.14285714285714285
4249,6dd5ef671fb8b14668d73f44e65fac2e SSGCID-BobuA.18899.e A-1,0.0869747400283813,High impact,3Dstructure\afdb_correct_to_wrong_2500_structures\A0A0H3C262.pdb,A,8,,6,1,0.16666666666666666,-1.9000000000000001,1,1,2,0,0.3333333333333333,0.16666666666666666,0.16666666666666666
4250,6dd5ef671fb8b14668d73f44e65fac2e SSGCID-BobuA.18899.e A-1,0.0851671993732452,High impact,3Dstructure\afdb_correct_to_wrong_2500_structures\A0A0H3C262.pdb,A,148,,8,2,0.25,-1.7750000000000001,3,0,3,3,0.375,0.375,0.0
4251,6dd5ef671fb8b14668d73f44e65fac2e SSGCID-BobuA.18899.e A-1,0.0738867819309234,High impact,3Dstructure\afdb_correct_to_wrong_2500_structures\A0A0H3C262.pdb,A,140,,8,4,0.5,-0.9625,1,2,3,-1,0.375,0.125,0.25
4252,c24847a03aa258bd80aa319b01dac9e6 SECSG-T05D4.2 A-0,0.0859129130840301,High impact,3Dstructure\afdb_correct_to_wrong_2500_structures\O45748.pdb,A,1,,5,4,0.8,-1.8199999999999998,1,0,1,1,0.2,0.2,0.0
4253,e0a5a8c0a63a5db2741f9f78a2dd352b BSGI-O27597 A-0,0.0856612920761108,High impact,3Dstructure\afdb_correct_to_wrong_2500_structures\O27597.pdb,A,1,,6,2,0.3333333333333333,-1.1833333333333336,2,2,4,0,0.6666666666666666,0.3333333333333333,0.3333333333333333
4254,3baa219156bc8e2a64e719da15acab1c JCSG-402919 A-1,0.0854616165161132,High impact,3Dstructure\afdb_correct_to_wrong_2500_structures\Q39WX1.pdb,A,4,,12,10,0.8333333333333334,2.033333333333333,0,1,1,-1,0.08333333333333333,0.0,0.08333333333333333
4255,3baa219156bc8e2a64e719da15acab1c JCSG-402919 A-1,0.0844551622867584,High impact,3Dstructure\afdb_correct_to_wrong_2500_structures\Q39WX1.pdb,A,71,,10,4,0.4,-0.63,1,1,2,0,0.2,0.1,0.1
4256,3baa219156bc8e2a64e719da15acab1c JCSG-402919 A-1,0.0722710192203521,High impact,3Dstructure\afdb_correct_to_wrong_2500_structures\Q39WX1.pdb,A,22,,11,5,0.45454545454545453,-0.4818181818181818,0,1,1,-1,0.09090909090909091,0.0,0.09090909090909091
4259,db4d8da81cbb91d6693c5b8e2e7c0a6e JCSG-283391 A-1,0.0830650925636291,High impact,3Dstructure\afdb_correct_to_wrong_2500_structures\Q9X1M0.pdb,A,48,,7,0,0.0,-1.0285714285714287,2,0,2,2,0.2857142857142857,0.2857142857142857,0.0
4260,db4d8da81cbb91d6693c5b8e2e7c0a6e JCSG-283391 A-1,0.0818803012371063,High impact,3Dstructure\afdb_correct_to_wrong_2500_structures\Q9X1M0.pdb,A,79,,8,3,0.375,-0.7625,2,2,4,0,0.5,0.25,0.25
4261,db4d8da81cbb91d6693c5b8e2e7c0a6e JCSG-283391 A-1,0.0756315886974334,High impact,3Dstructure\afdb_correct_to_wrong_2500_structures\Q9X1M0.pdb,A,72,,8,2,0.25,-1.9375000000000002,4,2,6,2,0.75,0.5,0.25
4262,db4d8da81cbb91d6693c5b8e2e7c0a6e JCSG-283391 A-1,0.0741357505321502,High impact,3Dstructure\afdb_correct_to_wrong_2500_structures\Q9X1M0.pdb,A,76,,8,3,0.375,-1.225,3,2,5,1,0.625,0.375,0.25
4263,185216323c8d0bec0db888d8da778643 BSGI-C2510_ECOL6 A-0,0.0829828977584838,High impact,3Dstructure\afdb_correct_to_wrong_2500_structures\A0A0H2VAW1.pdb,A,1,,2,1,0.5,0.3500000000000001,0,0,0,0,0.0,0.0,0.0
4265,a3cf3fa1710178eac71421e4bf03a3fc TB-Rv2036 A-0,0.081066757440567,High impact,3Dstructure\afdb_correct_to_wrong_2500_structures\A0A045JQ87.pdb,A,1,,2,2,1.0,3.15,0,0,0,0,0.0,0.0,0.0
4266,8d34686e5b3e9d7699e4316fc6ea0e9f JCSG-370507 A-1,0.0802877247333526,High impact,3Dstructure\afdb_correct_to_wrong_2500_structures\Q97H02.pdb,A,101,,12,5,0.4166666666666667,-0.2083333333333334,1,2,3,-1,0.25,0.08333333333333333,0.16666666666666666
4330,8d34686e5b3e9d7699e4316fc6ea0e9f JCSG-370507 A-1,0.0086610615253448,Low impact,3Dstructure\afdb_correct_to_wrong_2500_structures\Q97H02.pdb,A,69,,6,3,0.5,0.2333333333333333,1,1,2,0,0.3333333333333333,0.16666666666666666,0.16666666666666666
4331,8d34686e5b3e9d7699e4316fc6ea0e9f JCSG-370507 A-1,0.0085476040840148,Low impact,3Dstructure\afdb_correct_to_wrong_2500_structures\Q97H02.pdb,A,118,,7,3,0.42857142857142855,-6.344131569286608e-17,1,0,1,1,0.14285714285714285,0.14285714285714285,0.0
4332,8d34686e5b3e9d7699e4316fc6ea0e9f JCSG-370507 A-1,0.008006602525711,Low impact,3Dstructure\afdb_correct_to_wrong_2500_structures\Q97H02.pdb,A,48,,11,3,0.2727272727272727,-1.2727272727272732,3,3,6,0,0.5454545454545454,0.2727272727272727,0.2727272727272727
4333,8d34686e5b3e9d7699e4316fc6ea0e9f JCSG-370507 A-1,0.0079849064350128,Low impact,3Dstructure\afdb_correct_to_wrong_2500_structures\Q97H02.pdb,A,133,,7,2,0.2857142857142857,-1.2285714285714284,1,0,1,1,0.14285714285714285,0.14285714285714285,0.0
4334,8d34686e5b3e9d7699e4316fc6ea0e9f JCSG-370507 A-1,0.0075258910655975,Low impact,3Dstructure\afdb_correct_to_wrong_2500_structures\Q97H02.pdb,A,73,,7,2,0.2857142857142857,-1.4714285714285715,1,2,3,-1,0.42857142857142855,0.14285714285714285,0.2857142857142857
4335,8d34686e5b3e9d7699e4316fc6ea0e9f JCSG-370507 A-1,0.0072988867759704,Low impact,3Dstructure\afdb_correct_to_wrong_2500_structures\Q97H02.pdb,A,98,,9,3,0.3333333333333333,-0.8444444444444444,1,2,3,-1,0.3333333333333333,0.1111111111111111,0.2222222222222222
4336,8d34686e5b3e9d7699e4316fc6ea0e9f JCSG-370507 A-1,0.0067788958549499,Low impact,3Dstructure\afdb_correct_to_wrong_2500_structures\Q97H02.pdb,A,37,,8,5,0.625,0.7,1,2,3,-1,0.375,0.125,0.25
4337,8d34686e5b3e9d7699e4316fc6ea0e9f JCSG-370507 A-1,0.0067745447158813,Low impact,3Dstructure\afdb_correct_to_wrong_2500_structures\Q97H02.pdb,A,89,,8,4,0.5,-0.3375000000000001,2,2,4,0,0.5,0.25,0.25
4338,8d34686e5b3e9d7699e4316fc6ea0e9f JCSG-370507 A-1,0.0067278742790222,Low impact,3Dstructure\afdb_correct_to_wrong_2500_structures\Q97H02.pdb,A,75,,7,2,0.2857142857142857,-1.5285714285714285,2,2,4,0,0.5714285714285714,0.2857142857142857,0.2857142857142857
4339,8d34686e5b3e9d7699e4316fc6ea0e9f JCSG-370507 A-1,0.0065262615680694,Low impact,3Dstructure\afdb_correct_to_wrong_2500_structures\Q97H02.pdb,A,18,,9,4,0.4444444444444444,0.4555555555555555,1,2,3,-1,0.3333333333333333,0.1111111111111111,0.2222222222222222
4340,8d34686e5b3e9d7699e4316fc6ea0e9f JCSG-370507 A-1,0.0061993300914764,Low impact,3Dstructure\afdb_correct_to_wrong_2500_structures\Q97H02.pdb,A,59,,11,7,0.6363636363636364,1.3272727272727272,1,1,2,0,0.18181818181818182,0.09090909090909091,0.09090909090909091
4341,8d34686e5b3e9d7699e4316fc6ea0e9f JCSG-370507 A-1,0.0057718157768249,Low impact,3Dstructure\afdb_correct_to_wrong_2500_structures\Q97H02.pdb,A,11,,9,3,0.3333333333333333,-0.4555555555555555,2,1,3,1,0.3333333333333333,0.2222222222222222,0.1111111111111111
4342,8d34686e5b3e9d7699e4316fc6ea0e9f JCSG-370507 A-1,0.0057137906551361,Low impact,3Dstructure\afdb_correct_to_wrong_2500_structures\Q97H02.pdb,A,128,,9,1,0.1111111111111111,-1.7555555555555555,3,0,3,3,0.3333333333333333,0.3333333333333333,0.0
4343,8d34686e5b3e9d7699e4316fc6ea0e9f JCSG-370507 A-1,0.0053465068340301,Low impact,3Dstructure\afdb_correct_to_wrong_2500_structures\Q97H02.pdb,A,46,,8,3,0.375,-0.2875000000000001,2,1,3,1,0.375,0.25,0.125
4344,8d34686e5b3e9d7699e4316fc6ea0e9f JCSG-370507 A-1,0.0052115619182586,Low impact,3Dstructure\afdb_correct_to_wrong_2500_structures\Q97H02.pdb,A,21,,8,5,0.625,1.4375,1,1,2,0,0.25,0.125,0.125
4345,8d34686e5b3e9d7699e4316fc6ea0e9f JCSG-370507 A-1,0.004591166973114,Low impact,3Dstructure\afdb_correct_to_wrong_2500_structures\Q97H02.pdb,A,99,,8,2,0.25,-1.5625,2,1,3,1,0.375,0.25,0.125
4346,8d34686e5b3e9d7699e4316fc6ea0e9f JCSG-370507 A-1,0.0044997930526733,Low impact,3Dstructure\afdb_correct_to_wrong_2500_structures\Q97H02.pdb,A,51,,9,3,0.3333333333333333,-0.3444444444444444,2,0,2,2,0.2222222222222222,0.2222222222222222,0.0
4347,8d34686e5b3e9d7699e4316fc6ea0e9f JCSG-370507 A-1,0.0043840408325195,Low impact,3Dstructure\afdb_correct_to_wrong_2500_structures\Q97H02.pdb,A,125,,4,1,0.25,-0.8,1,0,1,1,0.25,0.25,0.0
4348,8d34686e5b3e9d7699e4316fc6ea0e9f JCSG-370507 A-1,0.0035507082939147,Low impact,3Dstructure\afdb_correct_to_wrong_2500_structures\Q97H02.pdb,A,47,,8,2,0.25,-1.2000000000000002,1,3,4,-2,0.5,0.125,0.375
4349,8d34686e5b3e9d7699e4316fc6ea0e9f JCSG-370507 A-1,0.0034396946430206,Low impact,3Dstructure\afdb_correct_to_wrong_2500_structures\Q97H02.pdb,A,77,,7,2,0.2857142857142857,-1.0285714285714287,0,0,0,0,0.0,0.0,0.0
4350,8d34686e5b3e9d7699e4316fc6ea0e9f JCSG-370507 A-1,0.0033594965934753,Low impact,3Dstructure\afdb_correct_to_wrong_2500_structures\Q97H02.pdb,A,44,,9,4,0.4444444444444444,0.2555555555555554,2,1,3,1,0.3333333333333333,0.2222222222222222,0.1111111111111111
4351,8d34686e5b3e9d7699e4316fc6ea0e9f JCSG-370507 A-1,0.003288596868515,Low impact,3Dstructure\afdb_correct_to_wrong_2500_structures\Q97H02.pdb,A,14,,8,2,0.25,-1.175,1,3,4,-2,0.5,0.125,0.375
4352,8d34686e5b3e9d7699e4316fc6ea0e9f JCSG-370507 A-1,0.0027955472469329,Low impact,3Dstructure\afdb_correct_to_wrong_2500_structures\Q97H02.pdb,A,95,,8,3,0.375,-0.9750000000000002,2,2,4,0,0.5,0.25,0.25
4353,8d34686e5b3e9d7699e4316fc6ea0e9f JCSG-370507 A-1,0.0016224682331085,Low impact,3Dstructure\afdb_correct_to_wrong_2500_structures\Q97H02.pdb,A,96,,8,1,0.125,-2.3875,3,2,5,1,0.625,0.375,0.25
4354,8d34686e5b3e9d7699e4316fc6ea0e9f JCSG-370507 A-1,0.0015628039836883,Low impact,3Dstructure\afdb_correct_to_wrong_2500_structures\Q97H02.pdb,A,112,,8,5,0.625,1.7625,1,0,1,1,0.125,0.125,0.0
4355,d4588f3aca96384c09ac3472f3f2e8be MCSG-APC23796 A-0,0.0783982276916503,High impact,3Dstructure\afdb_correct_to_wrong_2500_structures\A0A9Q4UHP0.pdb,A,1,,7,2,0.2857142857142857,-1.3571428571428572,1,3,4,-2,0.5714285714285714,0.14285714285714285,0.42857142857142855
4357,c0e685591c6ed0c432618fafac2e5d4d MCSG-APC25775 A-0,0.0781808793544769,High impact,3Dstructure\afdb_correct_to_wrong_2500_structures\Q81GA1.pdb,A,1,,2,1,0.5,3.15,0,0,0,0,0.0,0.0,0.0
4358,6c3d58b99d66cb1fe1bffc05fd9ba9dd 5T09_1 A-1,0.0771329402923584,High impact,3Dstructure\afdb_correct_to_wrong_2500_structures\A0A0Q0CD50.pdb,A,175,,8,5,0.625,0.5,0,1,1,-1,0.125,0.0,0.125
4362,22cca2496e21423f163146293d82c862 JCSG-417435 A-1,0.0760397315025329,High impact,3Dstructure\afdb_correct_to_wrong_2500_structures\A7B3G2.pdb,A,31,,8,3,0.375,1.3375000000000001,0,0,0,0,0.0,0.0,0.0
4364,62d0bf4dd3b79eefd9cc5233357f22c9 SECSG-T06G6.3 A-0,0.0756131410598754,High impact,3Dstructure\afdb_correct_to_wrong_2500_structures\O18051.pdb,A,1,,2,0,0.0,-2.1,0,1,1,-1,0.5,0.0,0.5
4365,43bc7ecf87a5b8b26ebe04f7d26524d5 MCSG-APC107242 A-0,0.0752882957458496,High impact,3Dstructure\afdb_correct_to_wrong_2500_structures\A0A4D6KCR4.pdb,A,1,,4,3,0.75,0.725,0,0,0,0,0.0,0.0,0.0
4366,97c7dbc0cb0a7e9048a8032e085bc623 JCSG-366522 A-0,0.0730963945388794,High impact,3Dstructure\afdb_correct_to_wrong_2500_structures\B2IZP3.pdb,A,220,,6,2,0.3333333333333333,-1.25,3,1,4,2,0.6666666666666666,0.5,0.16666666666666666
4367,412b5ba15595ca9677c65097f824f68a MCSG-APC83973 A-1,0.072646290063858,High impact,3Dstructure\afdb_correct_to_wrong_2500_structures\A0A0H5QRN6.pdb,A,57,,12,7,0.5833333333333334,1.0666666666666667,1,2,3,-1,0.25,0.08333333333333333,0.16666666666666666
4368,412b5ba15595ca9677c65097f824f68a MCSG-APC83973 A-1,0.0683552324771881,High impact,3Dstructure\afdb_correct_to_wrong_2500_structures\A0A0H5QRN6.pdb,A,9,,11,5,0.45454545454545453,0.7272727272727271,0,3,3,-3,0.2727272727272727,0.0,0.2727272727272727
4369,412b5ba15595ca9677c65097f824f68a MCSG-APC83973 A-1,0.0682381391525268,High impact,3Dstructure\afdb_correct_to_wrong_2500_structures\A0A0H5QRN6.pdb,A,66,,11,4,0.36363636363636365,-0.4272727272727273,2,1,3,1,0.2727272727272727,0.18181818181818182,0.09090909090909091
4398,45322f7ecb8f3122ff120ef716f759c1 SECSG-ZK228.3 A-0,0.0722512602806091,High impact,3Dstructure\afdb_correct_to_wrong_2500_structures\O46009.pdb,A,1,,6,3,0.5,0.21666666666666656,1,2,3,-1,0.5,0.16666666666666666,0.3333333333333333
4425,3ef4448345d0bfe80471161122ed1c06 SSGCID-EnhiA.17856.a A-0,0.0092678666114807,Low impact,3Dstructure\afdb_correct_to_wrong_2500_structures\A0A5K1UQR4.pdb,A,302,,11,7,0.6363636363636364,1.3272727272727272,1,1,2,0,0.18181818181818182,0.09090909090909091,0.09090909090909091
4426,3ef4448345d0bfe80471161122ed1c06 SSGCID-EnhiA.17856.a A-0,0.0091400742530822,Low impact,3Dstructure\afdb_correct_to_wrong_2500_structures\A0A5K1UQR4.pdb,A,39,,5,0,0.0,-3.04,2,1,3,1,0.6,0.4,0.2
4427,3ef4448345d0bfe80471161122ed1c06 SSGCID-EnhiA.17856.a A-0,0.0091264843940734,Low impact,3Dstructure\afdb_correct_to_wrong_2500_structures\A0A5K1UQR4.pdb,A,369,,12,8,0.6666666666666666,1.2416666666666667,2,0,2,2,0.16666666666666666,0.16666666666666666,0.0
4428,3ef4448345d0bfe80471161122ed1c06 SSGCID-EnhiA.17856.a A-0,0.0087308883666992,Low impact,3Dstructure\afdb_correct_to_wrong_2500_structures\A0A5K1UQR4.pdb,A,27,,11,5,0.45454545454545453,0.009090909090909078,2,0,2,2,0.18181818181818182,0.18181818181818182,0.0
4429,3ef4448345d0bfe80471161122ed1c06 SSGCID-EnhiA.17856.a A-0,0.0086725950241088,Low impact,3Dstructure\afdb_correct_to_wrong_2500_structures\A0A5K1UQR4.pdb,A,267,,13,8,0.6153846153846154,0.7923076923076923,0,0,0,0,0.0,0.0,0.0
4430,3ef4448345d0bfe80471161122ed1c06 SSGCID-EnhiA.17856.a A-0,0.0085663199424743,Low impact,3Dstructure\afdb_correct_to_wrong_2500_structures\A0A5K1UQR4.pdb,A,343,,13,4,0.3076923076923077,-0.07692307692307679,0,1,1,-1,0.07692307692307693,0.0,0.07692307692307693
4431,3ef4448345d0bfe80471161122ed1c06 SSGCID-EnhiA.17856.a A-0,0.008533775806427,Low impact,3Dstructure\afdb_correct_to_wrong_2500_structures\A0A5K1UQR4.pdb,A,265,,11,4,0.36363636363636365,-0.3272727272727273,1,1,2,0,0.18181818181818182,0.09090909090909091,0.09090909090909091
4432,3ef4448345d0bfe80471161122ed1c06 SSGCID-EnhiA.17856.a A-0,0.0084336400032043,Low impact,3Dstructure\afdb_correct_to_wrong_2500_structures\A0A5K1UQR4.pdb,A,171,,4,1,0.25,-1.75,1,2,3,-1,0.75,0.25,0.5
4433,3ef4448345d0bfe80471161122ed1c06 SSGCID-EnhiA.17856.a A-0,0.0082448124885559,Low impact,3Dstructure\afdb_correct_to_wrong_2500_structures\A0A5K1UQR4.pdb,A,368,,12,9,0.75,2.3666666666666667,1,1,2,0,0.16666666666666666,0.08333333333333333,0.08333333333333333
4434,3ef4448345d0bfe80471161122ed1c06 SSGCID-EnhiA.17856.a A-0,0.0079970955848693,Low impact,3Dstructure\afdb_correct_to_wrong_2500_structures\A0A5K1UQR4.pdb,A,187,,9,4,0.4444444444444444,-0.04444444444444451,1,1,2,0,0.2222222222222222,0.1111111111111111,0.1111111111111111
4435,3ef4448345d0bfe80471161122ed1c06 SSGCID-EnhiA.17856.a A-0,0.0070094466209411,Low impact,3Dstructure\afdb_correct_to_wrong_2500_structures\A0A5K1UQR4.pdb,A,327,,9,3,0.3333333333333333,-1.5,0,2,2,-2,0.2222222222222222,0.0,0.2222222222222222
4436,3ef4448345d0bfe80471161122ed1c06 SSGCID-EnhiA.17856.a A-0,0.0068666934967041,Low impact,3Dstructure\afdb_correct_to_wrong_2500_structures\A0A5K1UQR4.pdb,A,358,,11,7,0.6363636363636364,1.7818181818181815,0,1,1,-1,0.09090909090909091,0.0,0.09090909090909091
4437,3ef4448345d0bfe80471161122ed1c06 SSGCID-EnhiA.17856.a A-0,0.0068379044532775,Low impact,3Dstructure\afdb_correct_to_wrong_2500_structures\A0A5K1UQR4.pdb,A,29,,11,5,0.45454545454545453,-0.22727272727272724,2,2,4,0,0.36363636363636365,0.18181818181818182,0.18181818181818182
4438,3ef4448345d0bfe80471161122ed1c06 SSGCID-EnhiA.17856.a A-0,0.0067806839942932,Low impact,3Dstructure\afdb_correct_to_wrong_2500_structures\A0A5K1UQR4.pdb,A,32,,13,5,0.38461538461538464,-0.5923076923076924,4,1,5,3,0.38461538461538464,0.3076923076923077,0.07692307692307693
4439,3ef4448345d0bfe80471161122ed1c06 SSGCID-EnhiA.17856.a A-0,0.0067789554595947,Low impact,3Dstructure\afdb_correct_to_wrong_2500_structures\A0A5K1UQR4.pdb,A,311,,11,5,0.45454545454545453,0.7999999999999997,2,0,2,2,0.18181818181818182,0.18181818181818182,0.0
4440,3ef4448345d0bfe80471161122ed1c06 SSGCID-EnhiA.17856.a A-0,0.0064342617988586,Low impact,3Dstructure\afdb_correct_to_wrong_2500_structures\A0A5K1UQR4.pdb,A,416,,3,1,0.3333333333333333,-1.4000000000000001,0,0,0,0,0.0,0.0,0.0
4441,3ef4448345d0bfe80471161122ed1c06 SSGCID-EnhiA.17856.a A-0,0.0064244866371154,Low impact,3Dstructure\afdb_correct_to_wrong_2500_structures\A0A5K1UQR4.pdb,A,41,,9,2,0.2222222222222222,-1.2000000000000002,1,1,2,0,0.2222222222222222,0.1111111111111111,0.1111111111111111
4442,3ef4448345d0bfe80471161122ed1c06 SSGCID-EnhiA.17856.a A-0,0.0063299536705017,Low impact,3Dstructure\afdb_correct_to_wrong_2500_structures\A0A5K1UQR4.pdb,A,342,,9,1,0.1111111111111111,-1.4444444444444444,1,1,2,0,0.2222222222222222,0.1111111111111111,0.1111111111111111
4443,3ef4448345d0bfe80471161122ed1c06 SSGCID-EnhiA.17856.a A-0,0.006323754787445,Low impact,3Dstructure\afdb_correct_to_wrong_2500_structures\A0A5K1UQR4.pdb,A,375,,5,1,0.2,-1.3199999999999998,2,0,2,2,0.4,0.4,0.0
4444,3ef4448345d0bfe80471161122ed1c06 SSGCID-EnhiA.17856.a A-0,0.0063171982765197,Low impact,3Dstructure\afdb_correct_to_wrong_2500_structures\A0A5K1UQR4.pdb,A,417,,2,1,0.5,-2.4,0,0,0,0,0.0,0.0,0.0
4445,147eb730aa5f3f5380e5bd2087918027 MCSG-APC87047 A-0,0.0695357620716095,High impact,3Dstructure\afdb_correct_to_wrong_2500_structures\A0A3G8ELD0.pdb,A,34,,10,4,0.4,0.7999999999999999,1,0,1,1,0.1,0.1,0.0
4447,2511437e7a98d0959d72620c5d5db2a6 SECSG-F41G3.6 A-0,0.0689399540424346,High impact,3Dstructure\afdb_correct_to_wrong_2500_structures\Q20287.pdb,A,1,,2,1,0.5,-2.9,1,0,1,1,0.5,0.5,0.0
4448,31a4f3fd57e7c275dd55d91c63870830 SGPP-Tbru015144AAA A-1,0.0688803195953369,High impact,3Dstructure\afdb_correct_to_wrong_2500_structures\A0A1G4I5M7.pdb,A,109,,8,4,0.5,-0.26250000000000007,2,1,3,1,0.375,0.25,0.125
4455,a1f5ea7b87bf31edd6cc8503ff6fe35b SSGCID-HepyC.19473.a A-0,0.0686756372451782,High impact,3Dstructure\afdb_correct_to_wrong_2500_structures\A0A1V3ASI4.pdb,A,1,,10,4,0.4,-0.47999999999999987,1,1,2,0,0.2,0.1,0.1
4456,c346a4cb6135995390e371966b30dbfc 5DWB_1 A-1,0.0683585405349731,High impact,3Dstructure\afdb_correct_to_wrong_2500_structures\A0A0N7LVK2.pdb,A,190,,10,3,0.3,-0.9399999999999998,1,3,4,-2,0.4,0.1,0.3
4457,c346a4cb6135995390e371966b30dbfc 5DWB_1 A-1,0.0676453113555908,High impact,3Dstructure\afdb_correct_to_wrong_2500_structures\A0A0N7LVK2.pdb,A,51,,4,1,0.25,-1.4,2,0,2,2,0.5,0.5,0.0
4553,c706883cdb6eb767ac36ead2b9e4ea3a JCSG-402696 A-1,0.0679673254489898,High impact,3Dstructure\afdb_correct_to_wrong_2500_structures\Q481P0.pdb,A,3,,14,6,0.42857142857142855,-0.6857142857142857,2,2,4,0,0.2857142857142857,0.14285714285714285,0.14285714285714285
4554,4ec99a87bc5836b8e1c0f130b070295e MCSG-APC41475.0 A-1,0.0678472816944122,High impact,3Dstructure\afdb_correct_to_wrong_2500_structures\B6ANJ3.pdb,A,25,,10,7,0.7,0.95,0,2,2,-2,0.2,0.0,0.2
4555,1c06d21a310ada5c8cdcd3ea91bb042b SGPP-Pviv009021AAA A-0,0.0673106908798217,High impact,3Dstructure\afdb_correct_to_wrong_2500_structures\A0A0J9S6S8.pdb,A,1,,2,1,0.5,-1.0,0,0,0,0,0.0,0.0,0.0
4708,ecd5f29e40fa2b4a695db465e94d4b77 SSGCID-PlbeA.18601.a A-0,0.0091445744037628,Low impact,3Dstructure\afdb_correct_to_wrong_2500_structures\Q8WP96.pdb,A,311,,8,4,0.5,0.2750000000000001,2,1,3,1,0.375,0.25,0.125
4709,ecd5f29e40fa2b4a695db465e94d4b77 SSGCID-PlbeA.18601.a A-0,0.0087803304195404,Low impact,3Dstructure\afdb_correct_to_wrong_2500_structures\Q8WP96.pdb,A,309,,9,5,0.5555555555555556,0.16666666666666657,3,1,4,2,0.4444444444444444,0.3333333333333333,0.1111111111111111
4710,ecd5f29e40fa2b4a695db465e94d4b77 SSGCID-PlbeA.18601.a A-0,0.0082816779613494,Low impact,3Dstructure\afdb_correct_to_wrong_2500_structures\Q8WP96.pdb,A,284,,4,1,0.25,-1.575,0,2,2,-2,0.5,0.0,0.5
4711,ecd5f29e40fa2b4a695db465e94d4b77 SSGCID-PlbeA.18601.a A-0,0.0081030428409576,Low impact,3Dstructure\afdb_correct_to_wrong_2500_structures\Q8WP96.pdb,A,286,,4,2,0.5,0.35,0,0,0,0,0.0,0.0,0.0
4712,ecd5f29e40fa2b4a695db465e94d4b77 SSGCID-PlbeA.18601.a A-0,0.007914513349533,Low impact,3Dstructure\afdb_correct_to_wrong_2500_structures\Q8WP96.pdb,A,300,,6,3,0.5,0.6,1,1,2,0,0.3333333333333333,0.16666666666666666,0.16666666666666666
4713,ecd5f29e40fa2b4a695db465e94d4b77 SSGCID-PlbeA.18601.a A-0,0.0078449547290802,Low impact,3Dstructure\afdb_correct_to_wrong_2500_structures\Q8WP96.pdb,A,254,,4,1,0.25,-0.9999999999999999,0,1,1,-1,0.25,0.0,0.25
4714,ecd5f29e40fa2b4a695db465e94d4b77 SSGCID-PlbeA.18601.a A-0,0.0076771676540374,Low impact,3Dstructure\afdb_correct_to_wrong_2500_structures\Q8WP96.pdb,A,305,,9,3,0.3333333333333333,-0.5,2,1,3,1,0.3333333333333333,0.2222222222222222,0.1111111111111111
4715,ecd5f29e40fa2b4a695db465e94d4b77 SSGCID-PlbeA.18601.a A-0,0.0072394907474517,Low impact,3Dstructure\afdb_correct_to_wrong_2500_structures\Q8WP96.pdb,A,211,,4,1,0.25,-1.525,2,0,2,2,0.5,0.5,0.0
4716,ecd5f29e40fa2b4a695db465e94d4b77 SSGCID-PlbeA.18601.a A-0,0.0071531236171722,Low impact,3Dstructure\afdb_correct_to_wrong_2500_structures\Q8WP96.pdb,A,241,,4,0,0.0,-2.125,0,1,1,-1,0.25,0.0,0.25
4717,ecd5f29e40fa2b4a695db465e94d4b77 SSGCID-PlbeA.18601.a A-0,0.0067631900310516,Low impact,3Dstructure\afdb_correct_to_wrong_2500_structures\Q8WP96.pdb,A,195,,4,0,0.0,-2.825,2,1,3,1,0.75,0.5,0.25
4718,ecd5f29e40fa2b4a695db465e94d4b77 SSGCID-PlbeA.18601.a A-0,0.0066973268985748,Low impact,3Dstructure\afdb_correct_to_wrong_2500_structures\Q8WP96.pdb,A,181,,4,1,0.25,-0.425,0,1,1,-1,0.25,0.0,0.25
4719,ecd5f29e40fa2b4a695db465e94d4b77 SSGCID-PlbeA.18601.a A-0,0.0065826475620269,Low impact,3Dstructure\afdb_correct_to_wrong_2500_structures\Q8WP96.pdb,A,182,,4,1,0.25,-0.3250000000000002,0,1,1,-1,0.25,0.0,0.25
4720,ecd5f29e40fa2b4a695db465e94d4b77 SSGCID-PlbeA.18601.a A-0,0.0065561234951019,Low impact,3Dstructure\afdb_correct_to_wrong_2500_structures\Q8WP96.pdb,A,319,,6,1,0.16666666666666666,-1.7666666666666666,0,1,1,-1,0.16666666666666666,0.0,0.16666666666666666
4721,ecd5f29e40fa2b4a695db465e94d4b77 SSGCID-PlbeA.18601.a A-0,0.0063225924968719,Low impact,3Dstructure\afdb_correct_to_wrong_2500_structures\Q8WP96.pdb,A,173,,8,0,0.0,-3.75,5,1,6,4,0.75,0.625,0.125
4722,ecd5f29e40fa2b4a695db465e94d4b77 SSGCID-PlbeA.18601.a A-0,0.0061756670475006,Low impact,3Dstructure\afdb_correct_to_wrong_2500_structures\Q8WP96.pdb,A,312,,7,4,0.5714285714285714,0.4285714285714285,1,1,2,0,0.2857142857142857,0.14285714285714285,0.14285714285714285
4723,ecd5f29e40fa2b4a695db465e94d4b77 SSGCID-PlbeA.18601.a A-0,0.0058530271053314,Low impact,3Dstructure\afdb_correct_to_wrong_2500_structures\Q8WP96.pdb,A,278,,4,0,0.0,-2.0,0,2,2,-2,0.5,0.0,0.5
4724,ecd5f29e40fa2b4a695db465e94d4b77 SSGCID-PlbeA.18601.a A-0,0.0057909786701202,Low impact,3Dstructure\afdb_correct_to_wrong_2500_structures\Q8WP96.pdb,A,188,,4,2,0.5,-0.95,0,0,0,0,0.0,0.0,0.0
4725,ecd5f29e40fa2b4a695db465e94d4b77 SSGCID-PlbeA.18601.a A-0,0.0052984058856964,Low impact,3Dstructure\afdb_correct_to_wrong_2500_structures\Q8WP96.pdb,A,290,,4,1,0.25,-0.9,0,2,2,-2,0.5,0.0,0.5
4726,ecd5f29e40fa2b4a695db465e94d4b77 SSGCID-PlbeA.18601.a A-0,0.0052822530269622,Low impact,3Dstructure\afdb_correct_to_wrong_2500_structures\Q8WP96.pdb,A,244,,4,1,0.25,-2.35,1,0,1,1,0.25,0.25,0.0
4727,ecd5f29e40fa2b4a695db465e94d4b77 SSGCID-PlbeA.18601.a A-0,0.0051703751087188,Low impact,3Dstructure\afdb_correct_to_wrong_2500_structures\Q8WP96.pdb,A,273,,4,0,0.0,-2.1,1,2,3,-1,0.75,0.25,0.5
4728,ecd5f29e40fa2b4a695db465e94d4b77 SSGCID-PlbeA.18601.a A-0,0.0041187703609466,Low impact,3Dstructure\afdb_correct_to_wrong_2500_structures\Q8WP96.pdb,A,261,,4,1,0.25,-1.575,0,1,1,-1,0.25,0.0,0.25
4729,ecd5f29e40fa2b4a695db465e94d4b77 SSGCID-PlbeA.18601.a A-0,0.0033149421215057,Low impact,3Dstructure\afdb_correct_to_wrong_2500_structures\Q8WP96.pdb,A,340,,10,5,0.5,0.2800000000000001,2,0,2,2,0.2,0.2,0.0
4730,ecd5f29e40fa2b4a695db465e94d4b77 SSGCID-PlbeA.18601.a A-0,0.0032614171504974,Low impact,3Dstructure\afdb_correct_to_wrong_2500_structures\Q8WP96.pdb,A,287,,4,1,0.25,-0.9,0,1,1,-1,0.25,0.0,0.25
4731,ecd5f29e40fa2b4a695db465e94d4b77 SSGCID-PlbeA.18601.a A-0,0.0032208859920501,Low impact,3Dstructure\afdb_correct_to_wrong_2500_structures\Q8WP96.pdb,A,316,,7,1,0.14285714285714285,-1.2714285714285716,0,2,2,-2,0.2857142857142857,0.0,0.2857142857142857
4732,ecd5f29e40fa2b4a695db465e94d4b77 SSGCID-PlbeA.18601.a A-0,0.0026985704898834,Low impact,3Dstructure\afdb_correct_to_wrong_2500_structures\Q8WP96.pdb,A,331,,11,6,0.5454545454545454,0.27272727272727265,0,1,1,-1,0.09090909090909091,0.0,0.09090909090909091
4733,ecd5f29e40fa2b4a695db465e94d4b77 SSGCID-PlbeA.18601.a A-0,0.0025416910648345,Low impact,3Dstructure\afdb_correct_to_wrong_2500_structures\Q8WP96.pdb,A,283,,4,1,0.25,-0.675,0,1,1,-1,0.25,0.0,0.25
4734,ecd5f29e40fa2b4a695db465e94d4b77 SSGCID-PlbeA.18601.a A-0,0.0024777352809906,Low impact,3Dstructure\afdb_correct_to_wrong_2500_structures\Q8WP96.pdb,A,274,,4,1,0.25,-0.17499999999999993,1,1,2,0,0.5,0.25,0.25
4735,ecd5f29e40fa2b4a695db465e94d4b77 SSGCID-PlbeA.18601.a A-0,0.0022154152393341,Low impact,3Dstructure\afdb_correct_to_wrong_2500_structures\Q8WP96.pdb,A,282,,4,2,0.5,1.25,0,0,0,0,0.0,0.0,0.0
4736,ecd5f29e40fa2b4a695db465e94d4b77 SSGCID-PlbeA.18601.a A-0,0.0019328296184539,Low impact,3Dstructure\afdb_correct_to_wrong_2500_structures\Q8WP96.pdb,A,217,,4,0,0.0,-2.8,0,1,1,-1,0.25,0.0,0.25
4962,998c564373b529f703ccfa8158888f8d SSGCID-BobuA.18983.a A-1,0.0093896389007568,Low impact,3Dstructure\afdb_correct_to_wrong_2500_structures\O50923.pdb,A,113,,10,2,0.2,-0.6100000000000001,3,1,4,2,0.4,0.3,0.1
4963,998c564373b529f703ccfa8158888f8d SSGCID-BobuA.18983.a A-1,0.0093153417110443,Low impact,3Dstructure\afdb_correct_to_wrong_2500_structures\O50923.pdb,A,33,,9,5,0.5555555555555556,0.5333333333333334,1,1,2,0,0.2222222222222222,0.1111111111111111,0.1111111111111111
4964,998c564373b529f703ccfa8158888f8d SSGCID-BobuA.18983.a A-1,0.0084345638751983,Low impact,3Dstructure\afdb_correct_to_wrong_2500_structures\O50923.pdb,A,157,,8,2,0.25,-1.8875000000000002,3,3,6,0,0.75,0.375,0.375
4965,998c564373b529f703ccfa8158888f8d SSGCID-BobuA.18983.a A-1,0.0082907974720001,Low impact,3Dstructure\afdb_correct_to_wrong_2500_structures\O50923.pdb,A,101,,8,5,0.625,1.3125,0,1,1,-1,0.125,0.0,0.125
4966,998c564373b529f703ccfa8158888f8d SSGCID-BobuA.18983.a A-1,0.0080718994140625,Low impact,3Dstructure\afdb_correct_to_wrong_2500_structures\O50923.pdb,A,161,,8,2,0.25,-2.1375,3,3,6,0,0.75,0.375,0.375
4967,998c564373b529f703ccfa8158888f8d SSGCID-BobuA.18983.a A-1,0.0077326595783233,Low impact,3Dstructure\afdb_correct_to_wrong_2500_structures\O50923.pdb,A,153,,9,4,0.4444444444444444,-0.21111111111111114,1,2,3,-1,0.3333333333333333,0.1111111111111111,0.2222222222222222
4968,998c564373b529f703ccfa8158888f8d SSGCID-BobuA.18983.a A-1,0.007520705461502,Low impact,3Dstructure\afdb_correct_to_wrong_2500_structures\O50923.pdb,A,15,,7,5,0.7142857142857143,1.9142857142857141,1,0,1,1,0.14285714285714285,0.14285714285714285,0.0
4969,998c564373b529f703ccfa8158888f8d SSGCID-BobuA.18983.a A-1,0.0071293711662292,Low impact,3Dstructure\afdb_correct_to_wrong_2500_structures\O50923.pdb,A,178,,8,3,0.375,-0.15000000000000002,1,2,3,-1,0.375,0.125,0.25
4970,998c564373b529f703ccfa8158888f8d SSGCID-BobuA.18983.a A-1,0.0068990886211395,Low impact,3Dstructure\afdb_correct_to_wrong_2500_structures\O50923.pdb,A,20,,9,6,0.6666666666666666,1.0,1,2,3,-1,0.3333333333333333,0.1111111111111111,0.2222222222222222
4971,998c564373b529f703ccfa8158888f8d SSGCID-BobuA.18983.a A-1,0.0068232417106628,Low impact,3Dstructure\afdb_correct_to_wrong_2500_structures\O50923.pdb,A,188,,8,2,0.25,-0.8125000000000001,3,0,3,3,0.375,0.375,0.0
4972,998c564373b529f703ccfa8158888f8d SSGCID-BobuA.18983.a A-1,0.0067780017852783,Low impact,3Dstructure\afdb_correct_to_wrong_2500_structures\O50923.pdb,A,121,,8,6,0.75,1.5624999999999998,1,1,2,0,0.25,0.125,0.125
4973,998c564373b529f703ccfa8158888f8d SSGCID-BobuA.18983.a A-1,0.0063986182212829,Low impact,3Dstructure\afdb_correct_to_wrong_2500_structures\O50923.pdb,A,112,,8,1,0.125,-2.0125,4,0,4,4,0.5,0.5,0.0
4974,998c564373b529f703ccfa8158888f8d SSGCID-BobuA.18983.a A-1,0.0062207579612731,Low impact,3Dstructure\afdb_correct_to_wrong_2500_structures\O50923.pdb,A,142,,9,3,0.3333333333333333,-0.7666666666666667,3,0,3,3,0.3333333333333333,0.3333333333333333,0.0
4975,998c564373b529f703ccfa8158888f8d SSGCID-BobuA.18983.a A-1,0.0061532258987426,Low impact,3Dstructure\afdb_correct_to_wrong_2500_structures\O50923.pdb,A,85,,8,2,0.25,-1.6749999999999998,2,2,4,0,0.5,0.25,0.25
4976,998c564373b529f703ccfa8158888f8d SSGCID-BobuA.18983.a A-1,0.0057319104671478,Low impact,3Dstructure\afdb_correct_to_wrong_2500_structures\O50923.pdb,A,96,,8,4,0.5,-0.8624999999999999,0,3,3,-3,0.375,0.0,0.375
4977,998c564373b529f703ccfa8158888f8d SSGCID-BobuA.18983.a A-1,0.0057153403759002,Low impact,3Dstructure\afdb_correct_to_wrong_2500_structures\O50923.pdb,A,29,,8,4,0.5,0.55,0,1,1,-1,0.125,0.0,0.125
4978,998c564373b529f703ccfa8158888f8d SSGCID-BobuA.18983.a A-1,0.0056831836700439,Low impact,3Dstructure\afdb_correct_to_wrong_2500_structures\O50923.pdb,A,174,,9,4,0.4444444444444444,-0.15555555555555556,2,2,4,0,0.4444444444444444,0.2222222222222222,0.2222222222222222
4979,998c564373b529f703ccfa8158888f8d SSGCID-BobuA.18983.a A-1,0.0054341256618499,Low impact,3Dstructure\afdb_correct_to_wrong_2500_structures\O50923.pdb,A,140,,8,1,0.125,-2.05,3,1,4,2,0.5,0.375,0.125
4980,998c564373b529f703ccfa8158888f8d SSGCID-BobuA.18983.a A-1,0.005326509475708,Low impact,3Dstructure\afdb_correct_to_wrong_2500_structures\O50923.pdb,A,138,,11,3,0.2727272727272727,-1.2363636363636366,1,2,3,-1,0.2727272727272727,0.09090909090909091,0.18181818181818182
4981,998c564373b529f703ccfa8158888f8d SSGCID-BobuA.18983.a A-1,0.0051846802234649,Low impact,3Dstructure\afdb_correct_to_wrong_2500_structures\O50923.pdb,A,184,,8,4,0.5,0.8875,1,1,2,0,0.25,0.125,0.125
4982,998c564373b529f703ccfa8158888f8d SSGCID-BobuA.18983.a A-1,0.0049158334732055,Low impact,3Dstructure\afdb_correct_to_wrong_2500_structures\O50923.pdb,A,94,,8,3,0.375,-1.3125,2,2,4,0,0.5,0.25,0.25
4983,998c564373b529f703ccfa8158888f8d SSGCID-BobuA.18983.a A-1,0.0047167241573333,Low impact,3Dstructure\afdb_correct_to_wrong_2500_structures\O50923.pdb,A,67,,4,2,0.5,-0.09999999999999998,1,0,1,1,0.25,0.25,0.0
4984,998c564373b529f703ccfa8158888f8d SSGCID-BobuA.18983.a A-1,0.0036402642726898,Low impact,3Dstructure\afdb_correct_to_wrong_2500_structures\O50923.pdb,A,79,,8,4,0.5,0.20000000000000018,2,0,2,2,0.25,0.25,0.0
4985,998c564373b529f703ccfa8158888f8d SSGCID-BobuA.18983.a A-1,0.0035414993762969,Low impact,3Dstructure\afdb_correct_to_wrong_2500_structures\O50923.pdb,A,37,,9,5,0.5555555555555556,-1.0666666666666669,3,0,3,3,0.3333333333333333,0.3333333333333333,0.0
4986,998c564373b529f703ccfa8158888f8d SSGCID-BobuA.18983.a A-1,0.0030644237995147,Low impact,3Dstructure\afdb_correct_to_wrong_2500_structures\O50923.pdb,A,61,,4,1,0.25,-0.8,0,1,1,-1,0.25,0.0,0.25
4987,998c564373b529f703ccfa8158888f8d SSGCID-BobuA.18983.a A-1,0.0029833912849426,Low impact,3Dstructure\afdb_correct_to_wrong_2500_structures\O50923.pdb,A,144,,6,2,0.3333333333333333,-1.0166666666666668,2,0,2,2,0.3333333333333333,0.3333333333333333,0.0
4988,998c564373b529f703ccfa8158888f8d SSGCID-BobuA.18983.a A-1,0.0029306709766387,Low impact,3Dstructure\afdb_correct_to_wrong_2500_structures\O50923.pdb,A,175,,8,3,0.375,0.2625000000000002,1,2,3,-1,0.375,0.125,0.25
4989,998c564373b529f703ccfa8158888f8d SSGCID-BobuA.18983.a A-1,0.0027211308479309,Low impact,3Dstructure\afdb_correct_to_wrong_2500_structures\O50923.pdb,A,41,,9,3,0.3333333333333333,-0.8777777777777779,3,0,3,3,0.3333333333333333,0.3333333333333333,0.0
4990,998c564373b529f703ccfa8158888f8d SSGCID-BobuA.18983.a A-1,0.0026021897792816,Low impact,3Dstructure\afdb_correct_to_wrong_2500_structures\O50923.pdb,A,179,,8,3,0.375,-0.725,1,3,4,-2,0.5,0.125,0.375
4991,998c564373b529f703ccfa8158888f8d SSGCID-BobuA.18983.a A-1,0.0025437474250793,Low impact,3Dstructure\afdb_correct_to_wrong_2500_structures\O50923.pdb,A,181,,9,4,0.4444444444444444,-0.3333333333333334,2,3,5,-1,0.5555555555555556,0.2222222222222222,0.3333333333333333
4992,998c564373b529f703ccfa8158888f8d SSGCID-BobuA.18983.a A-1,0.0020579695701599,Low impact,3Dstructure\afdb_correct_to_wrong_2500_structures\O50923.pdb,A,86,,8,3,0.375,-0.6125,2,1,3,1,0.375,0.25,0.125
4993,998c564373b529f703ccfa8158888f8d SSGCID-BobuA.18983.a A-1,0.0020118355751037,Low impact,3Dstructure\afdb_correct_to_wrong_2500_structures\O50923.pdb,A,105,,8,3,0.375,0.9249999999999998,1,1,2,0,0.25,0.125,0.125
4994,998c564373b529f703ccfa8158888f8d SSGCID-BobuA.18983.a A-1,0.0018525123596191,Low impact,3Dstructure\afdb_correct_to_wrong_2500_structures\O50923.pdb,A,82,,8,4,0.5,0.7,1,1,2,0,0.25,0.125,0.125
4995,998c564373b529f703ccfa8158888f8d SSGCID-BobuA.18983.a A-1,0.0018176436424255,Low impact,3Dstructure\afdb_correct_to_wrong_2500_structures\O50923.pdb,A,53,,4,1,0.25,-1.35,1,0,1,1,0.25,0.25,0.0
4996,998c564373b529f703ccfa8158888f8d SSGCID-BobuA.18983.a A-1,0.0017362534999847,Low impact,3Dstructure\afdb_correct_to_wrong_2500_structures\O50923.pdb,A,137,,8,3,0.375,-0.30000000000000004,1,0,1,1,0.125,0.125,0.0
4997,998c564373b529f703ccfa8158888f8d SSGCID-BobuA.18983.a A-1,0.0017099976539611,Low impact,3Dstructure\afdb_correct_to_wrong_2500_structures\O50923.pdb,A,194,,8,3,0.375,-0.3125,2,0,2,2,0.25,0.25,0.0
4998,998c564373b529f703ccfa8158888f8d SSGCID-BobuA.18983.a A-1,0.0016292631626129,Low impact,3Dstructure\afdb_correct_to_wrong_2500_structures\O50923.pdb,A,49,,6,1,0.16666666666666666,-1.8999999999999997,2,1,3,1,0.5,0.3333333333333333,0.16666666666666666
4999,998c564373b529f703ccfa8158888f8d SSGCID-BobuA.18983.a A-1,0.001449704170227,Low impact,3Dstructure\afdb_correct_to_wrong_2500_structures\O50923.pdb,A,75,,8,5,0.625,0.9874999999999999,0,1,1,-1,0.125,0.0,0.125
5027,37b27f4ae7a6d9c1b3ffcabc1a472f0f MCSG-APC36135 A-0,0.0070780813694,Low impact,3Dstructure\afdb_correct_to_wrong_2500_structures\A0A7U9P9S9.pdb,A,96,,5,2,0.4,0.039999999999999945,0,2,2,-2,0.4,0.0,0.4
5028,37b27f4ae7a6d9c1b3ffcabc1a472f0f MCSG-APC36135 A-0,0.0059849321842193,Low impact,3Dstructure\afdb_correct_to_wrong_2500_structures\A0A7U9P9S9.pdb,A,93,,4,1,0.25,-1.4,0,2,2,-2,0.5,0.0,0.5
5029,37b27f4ae7a6d9c1b3ffcabc1a472f0f MCSG-APC36135 A-0,0.0059426724910736,Low impact,3Dstructure\afdb_correct_to_wrong_2500_structures\A0A7U9P9S9.pdb,A,79,,4,2,0.5,1.2,0,0,0,0,0.0,0.0,0.0
5030,37b27f4ae7a6d9c1b3ffcabc1a472f0f MCSG-APC36135 A-0,0.0054735243320465,Low impact,3Dstructure\afdb_correct_to_wrong_2500_structures\A0A7U9P9S9.pdb,A,52,,4,1,0.25,-1.025,0,0,0,0,0.0,0.0,0.0
5031,37b27f4ae7a6d9c1b3ffcabc1a472f0f MCSG-APC36135 A-0,0.0049158632755279,Low impact,3Dstructure\afdb_correct_to_wrong_2500_structures\A0A7U9P9S9.pdb,A,58,,4,2,0.5,0.6,0,0,0,0,0.0,0.0,0.0
5032,37b27f4ae7a6d9c1b3ffcabc1a472f0f MCSG-APC36135 A-0,0.0043226778507232,Low impact,3Dstructure\afdb_correct_to_wrong_2500_structures\A0A7U9P9S9.pdb,A,5,,6,5,0.8333333333333334,2.3833333333333333,0,0,0,0,0.0,0.0,0.0
5033,37b27f4ae7a6d9c1b3ffcabc1a472f0f MCSG-APC36135 A-0,0.0041376650333404,Low impact,3Dstructure\afdb_correct_to_wrong_2500_structures\A0A7U9P9S9.pdb,A,78,,4,2,0.5,1.7,0,0,0,0,0.0,0.0,0.0
5034,37b27f4ae7a6d9c1b3ffcabc1a472f0f MCSG-APC36135 A-0,0.0038360059261322,Low impact,3Dstructure\afdb_correct_to_wrong_2500_structures\A0A7U9P9S9.pdb,A,50,,6,0,0.0,-1.7666666666666666,1,0,1,1,0.16666666666666666,0.16666666666666666,0.0
5035,37b27f4ae7a6d9c1b3ffcabc1a472f0f MCSG-APC36135 A-0,0.0028528869152069,Low impact,3Dstructure\afdb_correct_to_wrong_2500_structures\A0A7U9P9S9.pdb,A,9,,11,9,0.8181818181818182,1.8272727272727272,1,0,1,1,0.09090909090909091,0.09090909090909091,0.0
5036,37b27f4ae7a6d9c1b3ffcabc1a472f0f MCSG-APC36135 A-0,0.0028366148471832,Low impact,3Dstructure\afdb_correct_to_wrong_2500_structures\A0A7U9P9S9.pdb,A,57,,4,2,0.5,0.5,0,0,0,0,0.0,0.0,0.0
5037,37b27f4ae7a6d9c1b3ffcabc1a472f0f MCSG-APC36135 A-0,0.0024901330471038,Low impact,3Dstructure\afdb_correct_to_wrong_2500_structures\A0A7U9P9S9.pdb,A,35,,10,6,0.6,0.57,2,2,4,0,0.4,0.2,0.2
5038,37b27f4ae7a6d9c1b3ffcabc1a472f0f MCSG-APC36135 A-0,0.0023460686206817,Low impact,3Dstructure\afdb_correct_to_wrong_2500_structures\A0A7U9P9S9.pdb,A,71,,4,1,0.25,0.6500000000000001,0,0,0,0,0.0,0.0,0.0
5039,37b27f4ae7a6d9c1b3ffcabc1a472f0f MCSG-APC36135 A-0,0.0020525157451629,Low impact,3Dstructure\afdb_correct_to_wrong_2500_structures\A0A7U9P9S9.pdb,A,95,,4,1,0.25,-0.2250000000000001,0,0,0,0,0.0,0.0,0.0
5040,37b27f4ae7a6d9c1b3ffcabc1a472f0f MCSG-APC36135 A-0,0.0019891560077667,Low impact,3Dstructure\afdb_correct_to_wrong_2500_structures\A0A7U9P9S9.pdb,A,64,,4,2,0.5,1.7999999999999998,0,0,0,0,0.0,0.0,0.0
5041,37b27f4ae7a6d9c1b3ffcabc1a472f0f MCSG-APC36135 A-0,0.0019067823886871,Low impact,3Dstructure\afdb_correct_to_wrong_2500_structures\A0A7U9P9S9.pdb,A,39,,10,7,0.7,1.6799999999999997,1,1,2,0,0.2,0.1,0.1
5042,37b27f4ae7a6d9c1b3ffcabc1a472f0f MCSG-APC36135 A-0,0.0017896592617034,Low impact,3Dstructure\afdb_correct_to_wrong_2500_structures\A0A7U9P9S9.pdb,A,59,,4,2,0.5,0.4,0,0,0,0,0.0,0.0,0.0
5043,37b27f4ae7a6d9c1b3ffcabc1a472f0f MCSG-APC36135 A-0,0.0013708174228668,Low impact,3Dstructure\afdb_correct_to_wrong_2500_structures\A0A7U9P9S9.pdb,A,81,,4,1,0.25,0.6500000000000001,0,0,0,0,0.0,0.0,0.0
5044,37b27f4ae7a6d9c1b3ffcabc1a472f0f MCSG-APC36135 A-0,0.0013411343097686,Low impact,3Dstructure\afdb_correct_to_wrong_2500_structures\A0A7U9P9S9.pdb,A,49,,6,1,0.16666666666666666,-1.3833333333333335,0,1,1,-1,0.16666666666666666,0.0,0.16666666666666666
5045,37b27f4ae7a6d9c1b3ffcabc1a472f0f MCSG-APC36135 A-0,0.0011672675609588,Low impact,3Dstructure\afdb_correct_to_wrong_2500_structures\A0A7U9P9S9.pdb,A,22,,6,1,0.16666666666666666,-2.5500000000000003,3,0,3,3,0.5,0.5,0.0
5046,37b27f4ae7a6d9c1b3ffcabc1a472f0f MCSG-APC36135 A-0,0.0009728968143463,Low impact,3Dstructure\afdb_correct_to_wrong_2500_structures\A0A7U9P9S9.pdb,A,86,,4,1,0.25,-1.0750000000000002,1,1,2,0,0.5,0.25,0.25
5047,37b27f4ae7a6d9c1b3ffcabc1a472f0f MCSG-APC36135 A-0,0.0008548200130462,Low impact,3Dstructure\afdb_correct_to_wrong_2500_structures\A0A7U9P9S9.pdb,A,13,,11,7,0.6363636363636364,0.9090909090909091,1,3,4,-2,0.36363636363636365,0.09090909090909091,0.2727272727272727
5048,37b27f4ae7a6d9c1b3ffcabc1a472f0f MCSG-APC36135 A-0,0.0006230771541595,Low impact,3Dstructure\afdb_correct_to_wrong_2500_structures\A0A7U9P9S9.pdb,A,26,,7,1,0.14285714285714285,-2.2857142857142856,2,1,3,1,0.42857142857142855,0.2857142857142857,0.14285714285714285
5049,37b27f4ae7a6d9c1b3ffcabc1a472f0f MCSG-APC36135 A-0,0.0003072321414947,Low impact,3Dstructure\afdb_correct_to_wrong_2500_structures\A0A7U9P9S9.pdb,A,16,,12,6,0.5,-0.375,4,2,6,2,0.5,0.3333333333333333,0.16666666666666666
5187,21483dfd4c019c8bdbc9a3e0f44107dd 5EUR_1 A-1,0.0093243420124053,Low impact,3Dstructure\afdb_correct_to_wrong_2500_structures\A0A3X8ZN14.pdb,A,114,,8,4,0.5,-0.7749999999999999,3,1,4,2,0.5,0.375,0.125
5188,21483dfd4c019c8bdbc9a3e0f44107dd 5EUR_1 A-1,0.0092595815658569,Low impact,3Dstructure\afdb_correct_to_wrong_2500_structures\A0A3X8ZN14.pdb,A,97,,8,4,0.5,-0.9750000000000001,3,0,3,3,0.375,0.375,0.0
5189,21483dfd4c019c8bdbc9a3e0f44107dd 5EUR_1 A-1,0.008935272693634,Low impact,3Dstructure\afdb_correct_to_wrong_2500_structures\A0A3X8ZN14.pdb,A,78,,8,3,0.375,-1.6375,1,1,2,0,0.25,0.125,0.125
5190,21483dfd4c019c8bdbc9a3e0f44107dd 5EUR_1 A-1,0.0089002847671508,Low impact,3Dstructure\afdb_correct_to_wrong_2500_structures\A0A3X8ZN14.pdb,A,105,,6,2,0.3333333333333333,-0.9166666666666666,1,2,3,-1,0.5,0.16666666666666666,0.3333333333333333
5191,21483dfd4c019c8bdbc9a3e0f44107dd 5EUR_1 A-1,0.0087064206600189,Low impact,3Dstructure\afdb_correct_to_wrong_2500_structures\A0A3X8ZN14.pdb,A,56,,12,7,0.5833333333333334,0.5083333333333332,3,1,4,2,0.3333333333333333,0.25,0.08333333333333333
5192,21483dfd4c019c8bdbc9a3e0f44107dd 5EUR_1 A-1,0.0081034004688262,Low impact,3Dstructure\afdb_correct_to_wrong_2500_structures\A0A3X8ZN14.pdb,A,133,,6,2,0.3333333333333333,-0.6000000000000002,1,0,1,1,0.16666666666666666,0.16666666666666666,0.0
5193,21483dfd4c019c8bdbc9a3e0f44107dd 5EUR_1 A-1,0.007933497428894,Low impact,3Dstructure\afdb_correct_to_wrong_2500_structures\A0A3X8ZN14.pdb,A,76,,8,4,0.5,-1.3125,1,0,1,1,0.125,0.125,0.0
5194,21483dfd4c019c8bdbc9a3e0f44107dd 5EUR_1 A-1,0.0074537992477416,Low impact,3Dstructure\afdb_correct_to_wrong_2500_structures\A0A3X8ZN14.pdb,A,47,,10,4,0.4,-1.4100000000000001,0,1,1,-1,0.1,0.0,0.1
5195,21483dfd4c019c8bdbc9a3e0f44107dd 5EUR_1 A-1,0.0073778331279754,Low impact,3Dstructure\afdb_correct_to_wrong_2500_structures\A0A3X8ZN14.pdb,A,123,,9,3,0.3333333333333333,-1.2444444444444445,3,2,5,1,0.5555555555555556,0.3333333333333333,0.2222222222222222
5196,21483dfd4c019c8bdbc9a3e0f44107dd 5EUR_1 A-1,0.0071110129356384,Low impact,3Dstructure\afdb_correct_to_wrong_2500_structures\A0A3X8ZN14.pdb,A,106,,6,3,0.5,0.06666666666666661,0,2,2,-2,0.3333333333333333,0.0,0.3333333333333333
5197,21483dfd4c019c8bdbc9a3e0f44107dd 5EUR_1 A-1,0.0068887770175933,Low impact,3Dstructure\afdb_correct_to_wrong_2500_structures\A0A3X8ZN14.pdb,A,91,,8,2,0.25,-2.6125,6,0,6,6,0.75,0.75,0.0
5198,21483dfd4c019c8bdbc9a3e0f44107dd 5EUR_1 A-1,0.0066075325012207,Low impact,3Dstructure\afdb_correct_to_wrong_2500_structures\A0A3X8ZN14.pdb,A,115,,8,4,0.5,-0.9000000000000001,4,0,4,4,0.5,0.5,0.0
5199,21483dfd4c019c8bdbc9a3e0f44107dd 5EUR_1 A-1,0.00640070438385,Low impact,3Dstructure\afdb_correct_to_wrong_2500_structures\A0A3X8ZN14.pdb,A,81,,8,2,0.25,-1.9625,1,1,2,0,0.25,0.125,0.125
5200,21483dfd4c019c8bdbc9a3e0f44107dd 5EUR_1 A-1,0.0060754716396331,Low impact,3Dstructure\afdb_correct_to_wrong_2500_structures\A0A3X8ZN14.pdb,A,84,,8,1,0.125,-3.2125,3,2,5,1,0.625,0.375,0.25
5201,21483dfd4c019c8bdbc9a3e0f44107dd 5EUR_1 A-1,0.0053214430809021,Low impact,3Dstructure\afdb_correct_to_wrong_2500_structures\A0A3X8ZN14.pdb,A,48,,6,1,0.16666666666666666,-2.3166666666666664,1,1,2,0,0.3333333333333333,0.16666666666666666,0.16666666666666666
5202,21483dfd4c019c8bdbc9a3e0f44107dd 5EUR_1 A-1,0.0052304863929748,Low impact,3Dstructure\afdb_correct_to_wrong_2500_structures\A0A3X8ZN14.pdb,A,55,,9,5,0.5555555555555556,0.18888888888888897,2,1,3,1,0.3333333333333333,0.2222222222222222,0.1111111111111111
5203,21483dfd4c019c8bdbc9a3e0f44107dd 5EUR_1 A-1,0.0042252838611602,Low impact,3Dstructure\afdb_correct_to_wrong_2500_structures\A0A3X8ZN14.pdb,A,69,,6,3,0.5,-1.5333333333333334,1,0,1,1,0.16666666666666666,0.16666666666666666,0.0
5204,21483dfd4c019c8bdbc9a3e0f44107dd 5EUR_1 A-1,0.0041742026805877,Low impact,3Dstructure\afdb_correct_to_wrong_2500_structures\A0A3X8ZN14.pdb,A,50,,12,7,0.5833333333333334,-0.17499999999999996,1,1,2,0,0.16666666666666666,0.08333333333333333,0.08333333333333333
5205,21483dfd4c019c8bdbc9a3e0f44107dd 5EUR_1 A-1,0.0040883719921112,Low impact,3Dstructure\afdb_correct_to_wrong_2500_structures\A0A3X8ZN14.pdb,A,7,,7,3,0.42857142857142855,-1.2857142857142858,2,2,4,0,0.5714285714285714,0.2857142857142857,0.2857142857142857
5206,21483dfd4c019c8bdbc9a3e0f44107dd 5EUR_1 A-1,0.0036928951740264,Low impact,3Dstructure\afdb_correct_to_wrong_2500_structures\A0A3X8ZN14.pdb,A,83,,8,2,0.25,-2.425,2,3,5,-1,0.625,0.25,0.375
5207,21483dfd4c019c8bdbc9a3e0f44107dd 5EUR_1 A-1,0.0036644637584686,Low impact,3Dstructure\afdb_correct_to_wrong_2500_structures\A0A3X8ZN14.pdb,A,86,,8,1,0.125,-3.3874999999999997,5,1,6,4,0.75,0.625,0.125
5208,21483dfd4c019c8bdbc9a3e0f44107dd 5EUR_1 A-1,0.0034092366695404,Low impact,3Dstructure\afdb_correct_to_wrong_2500_structures\A0A3X8ZN14.pdb,A,136,,4,2,0.5,0.9499999999999998,0,0,0,0,0.0,0.0,0.0
5209,21483dfd4c019c8bdbc9a3e0f44107dd 5EUR_1 A-1,0.0033692419528961,Low impact,3Dstructure\afdb_correct_to_wrong_2500_structures\A0A3X8ZN14.pdb,A,38,,8,5,0.625,1.6999999999999997,0,0,0,0,0.0,0.0,0.0
5210,21483dfd4c019c8bdbc9a3e0f44107dd 5EUR_1 A-1,0.0030329823493957,Low impact,3Dstructure\afdb_correct_to_wrong_2500_structures\A0A3X8ZN14.pdb,A,90,,8,2,0.25,-2.6,4,2,6,2,0.75,0.5,0.25
5243,daab837940441a4ccd3ba4d53ed3e09f 6OV6_1 A-1,0.0095174610614776,Low impact,3Dstructure\afdb_correct_to_wrong_2500_structures\G2EBB4.pdb,A,60,,6,2,0.3333333333333333,-1.3500000000000003,1,1,2,0,0.3333333333333333,0.16666666666666666,0.16666666666666666
5244,daab837940441a4ccd3ba4d53ed3e09f 6OV6_1 A-1,0.0092641413211822,Low impact,3Dstructure\afdb_correct_to_wrong_2500_structures\G2EBB4.pdb,A,96,,9,2,0.2222222222222222,-1.2111111111111112,2,2,4,0,0.4444444444444444,0.2222222222222222,0.2222222222222222
5245,daab837940441a4ccd3ba4d53ed3e09f 6OV6_1 A-1,0.0081319212913513,Low impact,3Dstructure\afdb_correct_to_wrong_2500_structures\G2EBB4.pdb,A,24,,8,5,0.625,0.07500000000000007,0,0,0,0,0.0,0.0,0.0
5246,daab837940441a4ccd3ba4d53ed3e09f 6OV6_1 A-1,0.0078038871288299,Low impact,3Dstructure\afdb_correct_to_wrong_2500_structures\G2EBB4.pdb,A,202,,7,1,0.14285714285714285,-1.614285714285714,2,1,3,1,0.42857142857142855,0.2857142857142857,0.14285714285714285
5247,daab837940441a4ccd3ba4d53ed3e09f 6OV6_1 A-1,0.0074567198753356,Low impact,3Dstructure\afdb_correct_to_wrong_2500_structures\G2EBB4.pdb,A,37,,8,4,0.5,-0.6500000000000001,1,1,2,0,0.25,0.125,0.125
5248,daab837940441a4ccd3ba4d53ed3e09f 6OV6_1 A-1,0.0074242949485778,Low impact,3Dstructure\afdb_correct_to_wrong_2500_structures\G2EBB4.pdb,A,25,,9,5,0.5555555555555556,-0.3111111111111111,0,1,1,-1,0.1111111111111111,0.0,0.1111111111111111
5249,daab837940441a4ccd3ba4d53ed3e09f 6OV6_1 A-1,0.0073020756244659,Low impact,3Dstructure\afdb_correct_to_wrong_2500_structures\G2EBB4.pdb,A,44,,9,4,0.4444444444444444,1.2666666666666666,1,1,2,0,0.2222222222222222,0.1111111111111111,0.1111111111111111
5250,daab837940441a4ccd3ba4d53ed3e09f 6OV6_1 A-1,0.0069453716278076,Low impact,3Dstructure\afdb_correct_to_wrong_2500_structures\G2EBB4.pdb,A,98,,10,6,0.6,0.5200000000000001,1,2,3,-1,0.3,0.1,0.2
5251,daab837940441a4ccd3ba4d53ed3e09f 6OV6_1 A-1,0.006665676832199,Low impact,3Dstructure\afdb_correct_to_wrong_2500_structures\G2EBB4.pdb,A,198,,6,1,0.16666666666666666,-1.0166666666666668,1,0,1,1,0.16666666666666666,0.16666666666666666,0.0
5252,daab837940441a4ccd3ba4d53ed3e09f 6OV6_1 A-1,0.0065509378910064,Low impact,3Dstructure\afdb_correct_to_wrong_2500_structures\G2EBB4.pdb,A,21,,8,3,0.375,-0.9,0,2,2,-2,0.25,0.0,0.25
5253,daab837940441a4ccd3ba4d53ed3e09f 6OV6_1 A-1,0.0062191486358642,Low impact,3Dstructure\afdb_correct_to_wrong_2500_structures\G2EBB4.pdb,A,99,,11,6,0.5454545454545454,0.5636363636363637,2,2,4,0,0.36363636363636365,0.18181818181818182,0.18181818181818182
5254,daab837940441a4ccd3ba4d53ed3e09f 6OV6_1 A-1,0.0060795843601226,Low impact,3Dstructure\afdb_correct_to_wrong_2500_structures\G2EBB4.pdb,A,200,,7,3,0.42857142857142855,0.9857142857142857,0,0,0,0,0.0,0.0,0.0
5255,daab837940441a4ccd3ba4d53ed3e09f 6OV6_1 A-1,0.0059966444969177,Low impact,3Dstructure\afdb_correct_to_wrong_2500_structures\G2EBB4.pdb,A,69,,10,2,0.2,-0.39,0,1,1,-1,0.1,0.0,0.1
5256,daab837940441a4ccd3ba4d53ed3e09f 6OV6_1 A-1,0.0059884786605834,Low impact,3Dstructure\afdb_correct_to_wrong_2500_structures\G2EBB4.pdb,A,233,,5,2,0.4,-1.06,0,1,1,-1,0.2,0.0,0.2
5257,daab837940441a4ccd3ba4d53ed3e09f 6OV6_1 A-1,0.0059459805488586,Low impact,3Dstructure\afdb_correct_to_wrong_2500_structures\G2EBB4.pdb,A,220,,5,2,0.4,-0.1,2,0,2,2,0.4,0.4,0.0
5258,daab837940441a4ccd3ba4d53ed3e09f 6OV6_1 A-1,0.0056303441524505,Low impact,3Dstructure\afdb_correct_to_wrong_2500_structures\G2EBB4.pdb,A,100,,13,9,0.6923076923076923,1.1538461538461537,3,0,3,3,0.23076923076923078,0.23076923076923078,0.0
5259,daab837940441a4ccd3ba4d53ed3e09f 6OV6_1 A-1,0.0053306818008422,Low impact,3Dstructure\afdb_correct_to_wrong_2500_structures\G2EBB4.pdb,A,86,,8,0,0.0,-2.475,1,3,4,-2,0.5,0.125,0.375
5260,daab837940441a4ccd3ba4d53ed3e09f 6OV6_1 A-1,0.0053232014179229,Low impact,3Dstructure\afdb_correct_to_wrong_2500_structures\G2EBB4.pdb,A,137,,8,5,0.625,0.9875,0,0,0,0,0.0,0.0,0.0
5261,daab837940441a4ccd3ba4d53ed3e09f 6OV6_1 A-1,0.0052794218063354,Low impact,3Dstructure\afdb_correct_to_wrong_2500_structures\G2EBB4.pdb,A,136,,8,5,0.625,0.20000000000000018,0,0,0,0,0.0,0.0,0.0
5262,daab837940441a4ccd3ba4d53ed3e09f 6OV6_1 A-1,0.0052303969860076,Low impact,3Dstructure\afdb_correct_to_wrong_2500_structures\G2EBB4.pdb,A,131,,9,4,0.4444444444444444,0.15555555555555559,0,0,0,0,0.0,0.0,0.0
5263,daab837940441a4ccd3ba4d53ed3e09f 6OV6_1 A-1,0.0052292048931121,Low impact,3Dstructure\afdb_correct_to_wrong_2500_structures\G2EBB4.pdb,A,77,,9,4,0.4444444444444444,-0.2777777777777778,2,1,3,1,0.3333333333333333,0.2222222222222222,0.1111111111111111
5264,daab837940441a4ccd3ba4d53ed3e09f 6OV6_1 A-1,0.0052146017551422,Low impact,3Dstructure\afdb_correct_to_wrong_2500_structures\G2EBB4.pdb,A,130,,9,4,0.4444444444444444,0.5444444444444444,0,0,0,0,0.0,0.0,0.0
5265,daab837940441a4ccd3ba4d53ed3e09f 6OV6_1 A-1,0.0049976110458374,Low impact,3Dstructure\afdb_correct_to_wrong_2500_structures\G2EBB4.pdb,A,120,,6,1,0.16666666666666666,-1.0666666666666667,1,1,2,0,0.3333333333333333,0.16666666666666666,0.16666666666666666
5266,daab837940441a4ccd3ba4d53ed3e09f 6OV6_1 A-1,0.0049231052398681,Low impact,3Dstructure\afdb_correct_to_wrong_2500_structures\G2EBB4.pdb,A,236,,7,4,0.5714285714285714,0.2857142857142857,1,0,1,1,0.14285714285714285,0.14285714285714285,0.0
5267,daab837940441a4ccd3ba4d53ed3e09f 6OV6_1 A-1,0.0049108564853668,Low impact,3Dstructure\afdb_correct_to_wrong_2500_structures\G2EBB4.pdb,A,19,,9,3,0.3333333333333333,-0.8777777777777778,0,2,2,-2,0.2222222222222222,0.0,0.2222222222222222
5268,daab837940441a4ccd3ba4d53ed3e09f 6OV6_1 A-1,0.0048189163208007,Low impact,3Dstructure\afdb_correct_to_wrong_2500_structures\G2EBB4.pdb,A,158,,8,1,0.125,-0.36250000000000004,0,1,1,-1,0.125,0.0,0.125
5269,daab837940441a4ccd3ba4d53ed3e09f 6OV6_1 A-1,0.0047837793827056,Low impact,3Dstructure\afdb_correct_to_wrong_2500_structures\G2EBB4.pdb,A,91,,8,2,0.25,-1.0375,1,1,2,0,0.25,0.125,0.125
5270,daab837940441a4ccd3ba4d53ed3e09f 6OV6_1 A-1,0.0047833025455474,Low impact,3Dstructure\afdb_correct_to_wrong_2500_structures\G2EBB4.pdb,A,95,,7,3,0.42857142857142855,0.42857142857142855,0,1,1,-1,0.14285714285714285,0.0,0.14285714285714285
5271,daab837940441a4ccd3ba4d53ed3e09f 6OV6_1 A-1,0.0046999156475067,Low impact,3Dstructure\afdb_correct_to_wrong_2500_structures\G2EBB4.pdb,A,128,,7,2,0.2857142857142857,-1.3142857142857145,2,0,2,2,0.2857142857142857,0.2857142857142857,0.0
5272,daab837940441a4ccd3ba4d53ed3e09f 6OV6_1 A-1,0.004604697227478,Low impact,3Dstructure\afdb_correct_to_wrong_2500_structures\G2EBB4.pdb,A,242,,5,2,0.4,-0.5,1,1,2,0,0.4,0.2,0.2
5273,daab837940441a4ccd3ba4d53ed3e09f 6OV6_1 A-1,0.0044872462749481,Low impact,3Dstructure\afdb_correct_to_wrong_2500_structures\G2EBB4.pdb,A,256,,8,1,0.125,-0.7375,1,0,1,1,0.125,0.125,0.0
5274,daab837940441a4ccd3ba4d53ed3e09f 6OV6_1 A-1,0.0044555962085723,Low impact,3Dstructure\afdb_correct_to_wrong_2500_structures\G2EBB4.pdb,A,34,,10,5,0.5,0.16999999999999998,0,0,0,0,0.0,0.0,0.0
5275,daab837940441a4ccd3ba4d53ed3e09f 6OV6_1 A-1,0.0043134987354278,Low impact,3Dstructure\afdb_correct_to_wrong_2500_structures\G2EBB4.pdb,A,261,,8,1,0.125,-2.0,1,1,2,0,0.25,0.125,0.125
5276,daab837940441a4ccd3ba4d53ed3e09f 6OV6_1 A-1,0.0042769610881805,Low impact,3Dstructure\afdb_correct_to_wrong_2500_structures\G2EBB4.pdb,A,78,,8,3,0.375,-0.7375,2,1,3,1,0.375,0.25,0.125
5277,daab837940441a4ccd3ba4d53ed3e09f 6OV6_1 A-1,0.0042557120323181,Low impact,3Dstructure\afdb_correct_to_wrong_2500_structures\G2EBB4.pdb,A,20,,8,3,0.375,-0.55,0,2,2,-2,0.25,0.0,0.25
5339,f62b0a884ce847faa0f376be97d533c2 5KEW_1 A-1,0.0094702839851379,Low impact,3Dstructure\afdb_correct_to_wrong_2500_structures\A0A0L8RX60.pdb,A,234,,10,3,0.3,-0.8100000000000002,3,2,5,1,0.5,0.3,0.2
5340,f62b0a884ce847faa0f376be97d533c2 5KEW_1 A-1,0.0094363987445831,Low impact,3Dstructure\afdb_correct_to_wrong_2500_structures\A0A0L8RX60.pdb,A,241,,8,4,0.5,-0.275,1,1,2,0,0.25,0.125,0.125
5341,f62b0a884ce847faa0f376be97d533c2 5KEW_1 A-1,0.0090449452400207,Low impact,3Dstructure\afdb_correct_to_wrong_2500_structures\A0A0L8RX60.pdb,A,164,,5,2,0.4,-1.52,1,1,2,0,0.4,0.2,0.2
5342,f62b0a884ce847faa0f376be97d533c2 5KEW_1 A-1,0.0083599388599395,Low impact,3Dstructure\afdb_correct_to_wrong_2500_structures\A0A0L8RX60.pdb,A,252,,5,3,0.6,0.08000000000000003,0,1,1,-1,0.2,0.0,0.2
5343,f62b0a884ce847faa0f376be97d533c2 5KEW_1 A-1,0.0083397626876831,Low impact,3Dstructure\afdb_correct_to_wrong_2500_structures\A0A0L8RX60.pdb,A,163,,5,1,0.2,-1.34,0,2,2,-2,0.4,0.0,0.4
5344,f62b0a884ce847faa0f376be97d533c2 5KEW_1 A-1,0.0080651342868804,Low impact,3Dstructure\afdb_correct_to_wrong_2500_structures\A0A0L8RX60.pdb,A,246,,8,3,0.375,-0.1625000000000001,1,2,3,-1,0.375,0.125,0.25
5345,f62b0a884ce847faa0f376be97d533c2 5KEW_1 A-1,0.0080274641513824,Low impact,3Dstructure\afdb_correct_to_wrong_2500_structures\A0A0L8RX60.pdb,A,208,,11,9,0.8181818181818182,1.8545454545454545,1,0,1,1,0.09090909090909091,0.09090909090909091,0.0
5346,f62b0a884ce847faa0f376be97d533c2 5KEW_1 A-1,0.0070917904376983,Low impact,3Dstructure\afdb_correct_to_wrong_2500_structures\A0A0L8RX60.pdb,A,215,,10,4,0.4,0.3099999999999999,1,1,2,0,0.2,0.1,0.1
5347,f62b0a884ce847faa0f376be97d533c2 5KEW_1 A-1,0.006652295589447,Low impact,3Dstructure\afdb_correct_to_wrong_2500_structures\A0A0L8RX60.pdb,A,242,,8,4,0.5,-0.75,1,1,2,0,0.25,0.125,0.125
5348,f62b0a884ce847faa0f376be97d533c2 5KEW_1 A-1,0.0059221982955932,Low impact,3Dstructure\afdb_correct_to_wrong_2500_structures\A0A0L8RX60.pdb,A,231,,8,3,0.375,0.09999999999999998,1,0,1,1,0.125,0.125,0.0
5349,f62b0a884ce847faa0f376be97d533c2 5KEW_1 A-1,0.0050448477268218,Low impact,3Dstructure\afdb_correct_to_wrong_2500_structures\A0A0L8RX60.pdb,A,206,,11,7,0.6363636363636364,0.4272727272727273,0,1,1,-1,0.09090909090909091,0.0,0.09090909090909091
5350,f62b0a884ce847faa0f376be97d533c2 5KEW_1 A-1,0.0049392879009246,Low impact,3Dstructure\afdb_correct_to_wrong_2500_structures\A0A0L8RX60.pdb,A,238,,7,2,0.2857142857142857,-1.7142857142857142,3,0,3,3,0.42857142857142855,0.42857142857142855,0.0
5399,2ee432939385e48ad6c7543dac12d70b SECSG-T05H4.14 A-0,0.0087399184703826,Low impact,3Dstructure\afdb_correct_to_wrong_2500_structures\A0A261BZE6.pdb,A,142,,17,9,0.5294117647058824,0.5411764705882354,1,1,2,0,0.11764705882352941,0.058823529411764705,0.058823529411764705
5400,2ee432939385e48ad6c7543dac12d70b SECSG-T05H4.14 A-0,0.0075133740901947,Low impact,3Dstructure\afdb_correct_to_wrong_2500_structures\A0A261BZE6.pdb,A,353,,11,5,0.45454545454545453,-0.5636363636363636,2,1,3,1,0.2727272727272727,0.18181818181818182,0.09090909090909091
5401,2ee432939385e48ad6c7543dac12d70b SECSG-T05H4.14 A-0,0.006834477186203,Low impact,3Dstructure\afdb_correct_to_wrong_2500_structures\A0A261BZE6.pdb,A,248,,14,4,0.2857142857142857,-0.06428571428571425,2,2,4,0,0.2857142857142857,0.14285714285714285,0.14285714285714285
5402,2ee432939385e48ad6c7543dac12d70b SECSG-T05H4.14 A-0,0.006687194108963,Low impact,3Dstructure\afdb_correct_to_wrong_2500_structures\A0A261BZE6.pdb,A,615,,6,3,0.5,0.3666666666666667,0,0,0,0,0.0,0.0,0.0
5403,2ee432939385e48ad6c7543dac12d70b SECSG-T05H4.14 A-0,0.0062730014324188,Low impact,3Dstructure\afdb_correct_to_wrong_2500_structures\A0A261BZE6.pdb,A,144,,9,5,0.5555555555555556,0.2777777777777778,0,0,0,0,0.0,0.0,0.0
5404,2ee432939385e48ad6c7543dac12d70b SECSG-T05H4.14 A-0,0.0058501064777374,Low impact,3Dstructure\afdb_correct_to_wrong_2500_structures\A0A261BZE6.pdb,A,352,,14,6,0.42857142857142855,0.04999999999999995,2,1,3,1,0.21428571428571427,0.14285714285714285,0.07142857142857142
5405,2ee432939385e48ad6c7543dac12d70b SECSG-T05H4.14 A-0,0.0055218040943145,Low impact,3Dstructure\afdb_correct_to_wrong_2500_structures\A0A261BZE6.pdb,A,342,,15,8,0.5333333333333333,0.9999999999999999,2,0,2,2,0.13333333333333333,0.13333333333333333,0.0
5410,97b9c74973e2098fef7334b225f42948 MCSG-APC23567 A-0,0.0082756876945495,Low impact,3Dstructure\afdb_correct_to_wrong_2500_structures\A0A0D6FAT4.pdb,A,386,,12,6,0.5,1.0833333333333333,0,0,0,0,0.0,0.0,0.0
5441,8d40753ef38290ae7b7c8ac423196c68 MCSG-APC108129 A-1,0.0094960331916809,Low impact,3Dstructure\afdb_correct_to_wrong_2500_structures\A0A2S6F6S2.pdb,A,85,,11,6,0.5454545454545454,-0.18181818181818182,1,2,3,-1,0.2727272727272727,0.09090909090909091,0.18181818181818182
5442,8d40753ef38290ae7b7c8ac423196c68 MCSG-APC108129 A-1,0.0092983543872833,Low impact,3Dstructure\afdb_correct_to_wrong_2500_structures\A0A2S6F6S2.pdb,A,132,,6,2,0.3333333333333333,-0.5666666666666668,1,1,2,0,0.3333333333333333,0.16666666666666666,0.16666666666666666
5443,8d40753ef38290ae7b7c8ac423196c68 MCSG-APC108129 A-1,0.0091244280338287,Low impact,3Dstructure\afdb_correct_to_wrong_2500_structures\A0A2S6F6S2.pdb,A,171,,11,4,0.36363636363636365,-4.0371746350005693e-17,0,2,2,-2,0.18181818181818182,0.0,0.18181818181818182
5444,8d40753ef38290ae7b7c8ac423196c68 MCSG-APC108129 A-1,0.0086278021335601,Low impact,3Dstructure\afdb_correct_to_wrong_2500_structures\A0A2S6F6S2.pdb,A,54,,11,8,0.7272727272727273,0.9090909090909091,0,1,1,-1,0.09090909090909091,0.0,0.09090909090909091
5445,8d40753ef38290ae7b7c8ac423196c68 MCSG-APC108129 A-1,0.008625715970993,Low impact,3Dstructure\afdb_correct_to_wrong_2500_structures\A0A2S6F6S2.pdb,A,212,,15,6,0.4,-1.0533333333333335,4,2,6,2,0.4,0.26666666666666666,0.13333333333333333
5446,8d40753ef38290ae7b7c8ac423196c68 MCSG-APC108129 A-1,0.0084640979766845,Low impact,3Dstructure\afdb_correct_to_wrong_2500_structures\A0A2S6F6S2.pdb,A,50,,9,3,0.3333333333333333,-0.6111111111111112,1,1,2,0,0.2222222222222222,0.1111111111111111,0.1111111111111111
5447,8d40753ef38290ae7b7c8ac423196c68 MCSG-APC108129 A-1,0.0080953240394592,Low impact,3Dstructure\afdb_correct_to_wrong_2500_structures\A0A2S6F6S2.pdb,A,89,,9,5,0.5555555555555556,0.2111111111111111,2,0,2,2,0.2222222222222222,0.2222222222222222,0.0
5448,8d40753ef38290ae7b7c8ac423196c68 MCSG-APC108129 A-1,0.0079544782638549,Low impact,3Dstructure\afdb_correct_to_wrong_2500_structures\A0A2S6F6S2.pdb,A,83,,7,3,0.42857142857142855,-1.0571428571428572,1,2,3,-1,0.42857142857142855,0.14285714285714285,0.2857142857142857
5449,8d40753ef38290ae7b7c8ac423196c68 MCSG-APC108129 A-1,0.007798820734024,Low impact,3Dstructure\afdb_correct_to_wrong_2500_structures\A0A2S6F6S2.pdb,A,111,,11,4,0.36363636363636365,-0.6454545454545455,2,2,4,0,0.36363636363636365,0.18181818181818182,0.18181818181818182
5450,8d40753ef38290ae7b7c8ac423196c68 MCSG-APC108129 A-1,0.0077950358390808,Low impact,3Dstructure\afdb_correct_to_wrong_2500_structures\A0A2S6F6S2.pdb,A,41,,13,4,0.3076923076923077,-0.6153846153846153,1,1,2,0,0.15384615384615385,0.07692307692307693,0.07692307692307693
5451,8d40753ef38290ae7b7c8ac423196c68 MCSG-APC108129 A-1,0.0075549781322479,Low impact,3Dstructure\afdb_correct_to_wrong_2500_structures\A0A2S6F6S2.pdb,A,48,,10,4,0.4,-0.45999999999999985,3,1,4,2,0.4,0.3,0.1
5452,8d40753ef38290ae7b7c8ac423196c68 MCSG-APC108129 A-1,0.0070342719554901,Low impact,3Dstructure\afdb_correct_to_wrong_2500_structures\A0A2S6F6S2.pdb,A,151,,11,4,0.36363636363636365,-0.9818181818181819,2,3,5,-1,0.45454545454545453,0.18181818181818182,0.2727272727272727
5453,8d40753ef38290ae7b7c8ac423196c68 MCSG-APC108129 A-1,0.0069774091243743,Low impact,3Dstructure\afdb_correct_to_wrong_2500_structures\A0A2S6F6S2.pdb,A,100,,12,6,0.5,0.9,1,2,3,-1,0.25,0.08333333333333333,0.16666666666666666
5454,8d40753ef38290ae7b7c8ac423196c68 MCSG-APC108129 A-1,0.00694140791893,Low impact,3Dstructure\afdb_correct_to_wrong_2500_structures\A0A2S6F6S2.pdb,A,56,,8,6,0.75,-0.6125,0,1,1,-1,0.125,0.0,0.125
5455,8d40753ef38290ae7b7c8ac423196c68 MCSG-APC108129 A-1,0.0069013833999633,Low impact,3Dstructure\afdb_correct_to_wrong_2500_structures\A0A2S6F6S2.pdb,A,181,,12,6,0.5,0.2416666666666666,2,0,2,2,0.16666666666666666,0.16666666666666666,0.0
5456,8d40753ef38290ae7b7c8ac423196c68 MCSG-APC108129 A-1,0.0066459774971008,Low impact,3Dstructure\afdb_correct_to_wrong_2500_structures\A0A2S6F6S2.pdb,A,107,,10,4,0.4,-0.7500000000000001,2,2,4,0,0.4,0.2,0.2
5457,8d40753ef38290ae7b7c8ac423196c68 MCSG-APC108129 A-1,0.0066446065902709,Low impact,3Dstructure\afdb_correct_to_wrong_2500_structures\A0A2S6F6S2.pdb,A,98,,13,4,0.3076923076923077,-0.8307692307692308,3,2,5,1,0.38461538461538464,0.23076923076923078,0.15384615384615385
5458,8d40753ef38290ae7b7c8ac423196c68 MCSG-APC108129 A-1,0.0065327882766723,Low impact,3Dstructure\afdb_correct_to_wrong_2500_structures\A0A2S6F6S2.pdb,A,117,,12,6,0.5,-0.3499999999999999,2,4,6,-2,0.5,0.16666666666666666,0.3333333333333333
5536,39104e57c0bed89db1c79be74699f0f5 SECSG-F27D4.2 A-1,0.0093560218811035,Low impact,3Dstructure\afdb_correct_to_wrong_2500_structures\A7LPI4.pdb,A,93,,7,1,0.14285714285714285,-0.7428571428571429,0,1,1,-1,0.14285714285714285,0.0,0.14285714285714285
5537,39104e57c0bed89db1c79be74699f0f5 SECSG-F27D4.2 A-1,0.009276658296585,Low impact,3Dstructure\afdb_correct_to_wrong_2500_structures\A7LPI4.pdb,A,148,,6,4,0.6666666666666666,0.5499999999999999,0,0,0,0,0.0,0.0,0.0
5538,39104e57c0bed89db1c79be74699f0f5 SECSG-F27D4.2 A-1,0.0090969204902648,Low impact,3Dstructure\afdb_correct_to_wrong_2500_structures\A7LPI4.pdb,A,192,,4,2,0.5,1.225,0,0,0,0,0.0,0.0,0.0
5539,39104e57c0bed89db1c79be74699f0f5 SECSG-F27D4.2 A-1,0.0089636743068695,Low impact,3Dstructure\afdb_correct_to_wrong_2500_structures\A7LPI4.pdb,A,197,,4,1,0.25,-1.675,0,0,0,0,0.0,0.0,0.0
5540,39104e57c0bed89db1c79be74699f0f5 SECSG-F27D4.2 A-1,0.0086727440357208,Low impact,3Dstructure\afdb_correct_to_wrong_2500_structures\A7LPI4.pdb,A,259,,4,0,0.0,-3.025,0,2,2,-2,0.5,0.0,0.5
5541,39104e57c0bed89db1c79be74699f0f5 SECSG-F27D4.2 A-1,0.0086658895015716,Low impact,3Dstructure\afdb_correct_to_wrong_2500_structures\A7LPI4.pdb,A,5,,8,5,0.625,0.7874999999999999,1,1,2,0,0.25,0.125,0.125
5542,39104e57c0bed89db1c79be74699f0f5 SECSG-F27D4.2 A-1,0.0086062550544738,Low impact,3Dstructure\afdb_correct_to_wrong_2500_structures\A7LPI4.pdb,A,172,,6,3,0.5,-0.3333333333333334,0,0,0,0,0.0,0.0,0.0
5543,39104e57c0bed89db1c79be74699f0f5 SECSG-F27D4.2 A-1,0.0085731744766235,Low impact,3Dstructure\afdb_correct_to_wrong_2500_structures\A7LPI4.pdb,A,205,,8,6,0.75,0.65,1,0,1,1,0.125,0.125,0.0
5544,39104e57c0bed89db1c79be74699f0f5 SECSG-F27D4.2 A-1,0.0085621774196624,Low impact,3Dstructure\afdb_correct_to_wrong_2500_structures\A7LPI4.pdb,A,182,,4,3,0.75,1.9,0,0,0,0,0.0,0.0,0.0
5545,39104e57c0bed89db1c79be74699f0f5 SECSG-F27D4.2 A-1,0.0084989070892333,Low impact,3Dstructure\afdb_correct_to_wrong_2500_structures\A7LPI4.pdb,A,142,,4,1,0.25,-0.9249999999999999,0,0,0,0,0.0,0.0,0.0
5546,39104e57c0bed89db1c79be74699f0f5 SECSG-F27D4.2 A-1,0.0083512067794799,Low impact,3Dstructure\afdb_correct_to_wrong_2500_structures\A7LPI4.pdb,A,180,,4,1,0.25,0.15000000000000002,0,0,0,0,0.0,0.0,0.0
5547,39104e57c0bed89db1c79be74699f0f5 SECSG-F27D4.2 A-1,0.0083384215831756,Low impact,3Dstructure\afdb_correct_to_wrong_2500_structures\A7LPI4.pdb,A,36,,8,3,0.375,-0.7125000000000001,1,1,2,0,0.25,0.125,0.125
5548,39104e57c0bed89db1c79be74699f0f5 SECSG-F27D4.2 A-1,0.0082563459873199,Low impact,3Dstructure\afdb_correct_to_wrong_2500_structures\A7LPI4.pdb,A,90,,8,3,0.375,-0.7625000000000001,1,2,3,-1,0.375,0.125,0.25
5549,39104e57c0bed89db1c79be74699f0f5 SECSG-F27D4.2 A-1,0.0082470178604125,Low impact,3Dstructure\afdb_correct_to_wrong_2500_structures\A7LPI4.pdb,A,128,,6,4,0.6666666666666666,0.8999999999999999,0,0,0,0,0.0,0.0,0.0
5550,39104e57c0bed89db1c79be74699f0f5 SECSG-F27D4.2 A-1,0.0082110464572906,Low impact,3Dstructure\afdb_correct_to_wrong_2500_structures\A7LPI4.pdb,A,16,,8,2,0.25,-0.9375,1,1,2,0,0.25,0.125,0.125
5551,39104e57c0bed89db1c79be74699f0f5 SECSG-F27D4.2 A-1,0.0081709325313568,Low impact,3Dstructure\afdb_correct_to_wrong_2500_structures\A7LPI4.pdb,A,23,,8,1,0.125,-2.0875,1,1,2,0,0.25,0.125,0.125
5552,39104e57c0bed89db1c79be74699f0f5 SECSG-F27D4.2 A-1,0.0081328749656677,Low impact,3Dstructure\afdb_correct_to_wrong_2500_structures\A7LPI4.pdb,A,258,,4,0,0.0,-3.125,1,2,3,-1,0.75,0.25,0.5
5553,39104e57c0bed89db1c79be74699f0f5 SECSG-F27D4.2 A-1,0.0080900490283966,Low impact,3Dstructure\afdb_correct_to_wrong_2500_structures\A7LPI4.pdb,A,210,,8,6,0.75,0.65,1,0,1,1,0.125,0.125,0.0
5554,39104e57c0bed89db1c79be74699f0f5 SECSG-F27D4.2 A-1,0.0080767273902893,Low impact,3Dstructure\afdb_correct_to_wrong_2500_structures\A7LPI4.pdb,A,91,,8,1,0.125,-1.7,1,2,3,-1,0.375,0.125,0.25
5555,39104e57c0bed89db1c79be74699f0f5 SECSG-F27D4.2 A-1,0.0080513954162597,Low impact,3Dstructure\afdb_correct_to_wrong_2500_structures\A7LPI4.pdb,A,45,,8,2,0.25,-1.8125,0,1,1,-1,0.125,0.0,0.125
5556,39104e57c0bed89db1c79be74699f0f5 SECSG-F27D4.2 A-1,0.0080117285251617,Low impact,3Dstructure\afdb_correct_to_wrong_2500_structures\A7LPI4.pdb,A,141,,4,1,0.25,-1.4,0,0,0,0,0.0,0.0,0.0
5557,39104e57c0bed89db1c79be74699f0f5 SECSG-F27D4.2 A-1,0.0079897046089172,Low impact,3Dstructure\afdb_correct_to_wrong_2500_structures\A7LPI4.pdb,A,37,,8,3,0.375,-0.6625000000000001,0,1,1,-1,0.125,0.0,0.125
5558,39104e57c0bed89db1c79be74699f0f5 SECSG-F27D4.2 A-1,0.0079069137573242,Low impact,3Dstructure\afdb_correct_to_wrong_2500_structures\A7LPI4.pdb,A,188,,4,1,0.25,-0.15,0,0,0,0,0.0,0.0,0.0
5559,39104e57c0bed89db1c79be74699f0f5 SECSG-F27D4.2 A-1,0.0076226890087127,Low impact,3Dstructure\afdb_correct_to_wrong_2500_structures\A7LPI4.pdb,A,8,,8,4,0.5,-0.23750000000000002,3,1,4,2,0.5,0.375,0.125
5560,39104e57c0bed89db1c79be74699f0f5 SECSG-F27D4.2 A-1,0.0076212584972381,Low impact,3Dstructure\afdb_correct_to_wrong_2500_structures\A7LPI4.pdb,A,261,,4,1,0.25,-0.975,0,1,1,-1,0.25,0.0,0.25
5561,39104e57c0bed89db1c79be74699f0f5 SECSG-F27D4.2 A-1,0.0075931549072265,Low impact,3Dstructure\afdb_correct_to_wrong_2500_structures\A7LPI4.pdb,A,272,,4,3,0.75,1.775,0,0,0,0,0.0,0.0,0.0
5562,39104e57c0bed89db1c79be74699f0f5 SECSG-F27D4.2 A-1,0.0074295997619628,Low impact,3Dstructure\afdb_correct_to_wrong_2500_structures\A7LPI4.pdb,A,289,,4,3,0.75,2.375,0,0,0,0,0.0,0.0,0.0
5563,39104e57c0bed89db1c79be74699f0f5 SECSG-F27D4.2 A-1,0.0074028372764587,Low impact,3Dstructure\afdb_correct_to_wrong_2500_structures\A7LPI4.pdb,A,52,,8,2,0.25,-1.3375,1,2,3,-1,0.375,0.125,0.25
5564,39104e57c0bed89db1c79be74699f0f5 SECSG-F27D4.2 A-1,0.0073830783367156,Low impact,3Dstructure\afdb_correct_to_wrong_2500_structures\A7LPI4.pdb,A,264,,4,1,0.25,-1.375,1,1,2,0,0.5,0.25,0.25
5565,39104e57c0bed89db1c79be74699f0f5 SECSG-F27D4.2 A-1,0.0073351860046386,Low impact,3Dstructure\afdb_correct_to_wrong_2500_structures\A7LPI4.pdb,A,254,,4,1,0.25,-1.125,1,1,2,0,0.5,0.25,0.25
5566,39104e57c0bed89db1c79be74699f0f5 SECSG-F27D4.2 A-1,0.0072658360004425,Low impact,3Dstructure\afdb_correct_to_wrong_2500_structures\A7LPI4.pdb,A,290,,3,3,1.0,2.6,0,0,0,0,0.0,0.0,0.0
5567,39104e57c0bed89db1c79be74699f0f5 SECSG-F27D4.2 A-1,0.00725057721138,Low impact,3Dstructure\afdb_correct_to_wrong_2500_structures\A7LPI4.pdb,A,19,,8,2,0.25,-0.4375,0,0,0,0,0.0,0.0,0.0
5568,39104e57c0bed89db1c79be74699f0f5 SECSG-F27D4.2 A-1,0.0072039365768432,Low impact,3Dstructure\afdb_correct_to_wrong_2500_structures\A7LPI4.pdb,A,144,,4,1,0.25,-1.375,0,0,0,0,0.0,0.0,0.0
5569,39104e57c0bed89db1c79be74699f0f5 SECSG-F27D4.2 A-1,0.007091075181961,Low impact,3Dstructure\afdb_correct_to_wrong_2500_structures\A7LPI4.pdb,A,177,,4,2,0.5,0.44999999999999996,0,0,0,0,0.0,0.0,0.0
5570,39104e57c0bed89db1c79be74699f0f5 SECSG-F27D4.2 A-1,0.00708869099617,Low impact,3Dstructure\afdb_correct_to_wrong_2500_structures\A7LPI4.pdb,A,156,,8,5,0.625,0.0124999999999999,1,0,1,1,0.125,0.125,0.0
5571,39104e57c0bed89db1c79be74699f0f5 SECSG-F27D4.2 A-1,0.0069599449634552,Low impact,3Dstructure\afdb_correct_to_wrong_2500_structures\A7LPI4.pdb,A,220,,4,2,0.5,0.9249999999999999,0,0,0,0,0.0,0.0,0.0
5572,39104e57c0bed89db1c79be74699f0f5 SECSG-F27D4.2 A-1,0.0069218873977661,Low impact,3Dstructure\afdb_correct_to_wrong_2500_structures\A7LPI4.pdb,A,196,,4,2,0.5,-0.32500000000000007,0,0,0,0,0.0,0.0,0.0
5573,39104e57c0bed89db1c79be74699f0f5 SECSG-F27D4.2 A-1,0.0068774223327636,Low impact,3Dstructure\afdb_correct_to_wrong_2500_structures\A7LPI4.pdb,A,169,,8,4,0.5,-0.7,0,0,0,0,0.0,0.0,0.0
5574,39104e57c0bed89db1c79be74699f0f5 SECSG-F27D4.2 A-1,0.0068231523036956,Low impact,3Dstructure\afdb_correct_to_wrong_2500_structures\A7LPI4.pdb,A,171,,7,4,0.5714285714285714,-0.0285714285714286,0,0,0,0,0.0,0.0,0.0
5575,39104e57c0bed89db1c79be74699f0f5 SECSG-F27D4.2 A-1,0.0068095922470092,Low impact,3Dstructure\afdb_correct_to_wrong_2500_structures\A7LPI4.pdb,A,184,,4,0,0.0,-1.3,0,0,0,0,0.0,0.0,0.0
5576,39104e57c0bed89db1c79be74699f0f5 SECSG-F27D4.2 A-1,0.0066490471363067,Low impact,3Dstructure\afdb_correct_to_wrong_2500_structures\A7LPI4.pdb,A,244,,4,1,0.25,-0.825,0,0,0,0,0.0,0.0,0.0
5577,39104e57c0bed89db1c79be74699f0f5 SECSG-F27D4.2 A-1,0.0066242814064025,Low impact,3Dstructure\afdb_correct_to_wrong_2500_structures\A7LPI4.pdb,A,149,,7,3,0.42857142857142855,-0.35714285714285715,0,0,0,0,0.0,0.0,0.0
5578,39104e57c0bed89db1c79be74699f0f5 SECSG-F27D4.2 A-1,0.0066116750240325,Low impact,3Dstructure\afdb_correct_to_wrong_2500_structures\A7LPI4.pdb,A,60,,8,2,0.25,-1.7000000000000002,4,1,5,3,0.625,0.5,0.125
5579,39104e57c0bed89db1c79be74699f0f5 SECSG-F27D4.2 A-1,0.0066034495830535,Low impact,3Dstructure\afdb_correct_to_wrong_2500_structures\A7LPI4.pdb,A,55,,8,2,0.25,-1.9375,2,2,4,0,0.5,0.25,0.25
5580,39104e57c0bed89db1c79be74699f0f5 SECSG-F27D4.2 A-1,0.0066003501415252,Low impact,3Dstructure\afdb_correct_to_wrong_2500_structures\A7LPI4.pdb,A,178,,4,3,0.75,1.325,0,0,0,0,0.0,0.0,0.0
5581,39104e57c0bed89db1c79be74699f0f5 SECSG-F27D4.2 A-1,0.0065976083278656,Low impact,3Dstructure\afdb_correct_to_wrong_2500_structures\A7LPI4.pdb,A,173,,6,3,0.5,-0.3333333333333335,0,0,0,0,0.0,0.0,0.0
5582,39104e57c0bed89db1c79be74699f0f5 SECSG-F27D4.2 A-1,0.006518006324768,Low impact,3Dstructure\afdb_correct_to_wrong_2500_structures\A7LPI4.pdb,A,79,,6,0,0.0,-2.733333333333333,0,1,1,-1,0.16666666666666666,0.0,0.16666666666666666
5583,39104e57c0bed89db1c79be74699f0f5 SECSG-F27D4.2 A-1,0.0064465701580047,Low impact,3Dstructure\afdb_correct_to_wrong_2500_structures\A7LPI4.pdb,A,147,,6,3,0.5,0.6833333333333332,0,0,0,0,0.0,0.0,0.0
5584,39104e57c0bed89db1c79be74699f0f5 SECSG-F27D4.2 A-1,0.0063956975936889,Low impact,3Dstructure\afdb_correct_to_wrong_2500_structures\A7LPI4.pdb,A,96,,8,0,0.0,-2.2125,2,0,2,2,0.25,0.25,0.0
5585,39104e57c0bed89db1c79be74699f0f5 SECSG-F27D4.2 A-1,0.0063786506652832,Low impact,3Dstructure\afdb_correct_to_wrong_2500_structures\A7LPI4.pdb,A,176,,4,2,0.5,0.1499999999999999,0,0,0,0,0.0,0.0,0.0
5586,39104e57c0bed89db1c79be74699f0f5 SECSG-F27D4.2 A-1,0.0063397288322448,Low impact,3Dstructure\afdb_correct_to_wrong_2500_structures\A7LPI4.pdb,A,170,,7,3,0.42857142857142855,-1.2,0,0,0,0,0.0,0.0,0.0
5666,2b2be9f8de327aba5e7bda5847bc831f MCSG-APC20554 A-1,0.0092301368713378,Low impact,3Dstructure\afdb_correct_to_wrong_2500_structures\A0A6N4SUV2.pdb,A,59,,5,1,0.2,-2.12,1,2,3,-1,0.6,0.2,0.4
5667,2b2be9f8de327aba5e7bda5847bc831f MCSG-APC20554 A-1,0.0087341666221618,Low impact,3Dstructure\afdb_correct_to_wrong_2500_structures\A0A6N4SUV2.pdb,A,108,,4,1,0.25,-1.825,2,0,2,2,0.5,0.5,0.0
5668,2b2be9f8de327aba5e7bda5847bc831f MCSG-APC20554 A-1,0.0083991289138793,Low impact,3Dstructure\afdb_correct_to_wrong_2500_structures\A0A6N4SUV2.pdb,A,27,,9,6,0.6666666666666666,1.3555555555555554,0,0,0,0,0.0,0.0,0.0
5669,2b2be9f8de327aba5e7bda5847bc831f MCSG-APC20554 A-1,0.0077735781669616,Low impact,3Dstructure\afdb_correct_to_wrong_2500_structures\A0A6N4SUV2.pdb,A,49,,8,3,0.375,-1.0625,1,3,4,-2,0.5,0.125,0.375
5670,2b2be9f8de327aba5e7bda5847bc831f MCSG-APC20554 A-1,0.007652997970581,Low impact,3Dstructure\afdb_correct_to_wrong_2500_structures\A0A6N4SUV2.pdb,A,12,,4,2,0.5,0.0,1,1,2,0,0.5,0.25,0.25
5671,2b2be9f8de327aba5e7bda5847bc831f MCSG-APC20554 A-1,0.0064596533775329,Low impact,3Dstructure\afdb_correct_to_wrong_2500_structures\A0A6N4SUV2.pdb,A,47,,11,4,0.36363636363636365,-0.7636363636363637,2,2,4,0,0.36363636363636365,0.18181818181818182,0.18181818181818182
5672,2b2be9f8de327aba5e7bda5847bc831f MCSG-APC20554 A-1,0.0059496164321899,Low impact,3Dstructure\afdb_correct_to_wrong_2500_structures\A0A6N4SUV2.pdb,A,70,,10,4,0.4,-0.37,1,3,4,-2,0.4,0.1,0.3
5673,2b2be9f8de327aba5e7bda5847bc831f MCSG-APC20554 A-1,0.0057433545589447,Low impact,3Dstructure\afdb_correct_to_wrong_2500_structures\A0A6N4SUV2.pdb,A,93,,7,3,0.42857142857142855,-0.5142857142857143,1,3,4,-2,0.5714285714285714,0.14285714285714285,0.42857142857142855
5674,2b2be9f8de327aba5e7bda5847bc831f MCSG-APC20554 A-1,0.0056876838207244,Low impact,3Dstructure\afdb_correct_to_wrong_2500_structures\A0A6N4SUV2.pdb,A,84,,10,4,0.4,-0.030000000000000027,2,0,2,2,0.2,0.2,0.0
5675,2b2be9f8de327aba5e7bda5847bc831f MCSG-APC20554 A-1,0.0056247413158416,Low impact,3Dstructure\afdb_correct_to_wrong_2500_structures\A0A6N4SUV2.pdb,A,77,,8,4,0.5,-0.475,2,1,3,1,0.375,0.25,0.125
5723,38d7c84b5aa0d4d4a983bd5975def2db MCSG-APC84405 A-1,0.0095425248146057,Low impact,3Dstructure\afdb_correct_to_wrong_2500_structures\A0A0H3LVS7.pdb,A,7,,7,2,0.2857142857142857,-0.8285714285714285,2,1,3,1,0.42857142857142855,0.2857142857142857,0.14285714285714285
5724,38d7c84b5aa0d4d4a983bd5975def2db MCSG-APC84405 A-1,0.0092454254627227,Low impact,3Dstructure\afdb_correct_to_wrong_2500_structures\A0A0H3LVS7.pdb,A,10,,8,5,0.625,1.3375,1,0,1,1,0.125,0.125,0.0
5725,38d7c84b5aa0d4d4a983bd5975def2db MCSG-APC84405 A-1,0.0092411041259765,Low impact,3Dstructure\afdb_correct_to_wrong_2500_structures\A0A0H3LVS7.pdb,A,81,,6,1,0.16666666666666666,-1.1833333333333333,0,1,1,-1,0.16666666666666666,0.0,0.16666666666666666
5726,38d7c84b5aa0d4d4a983bd5975def2db MCSG-APC84405 A-1,0.0091592669486999,Low impact,3Dstructure\afdb_correct_to_wrong_2500_structures\A0A0H3LVS7.pdb,A,154,,11,6,0.5454545454545454,1.2363636363636366,0,1,1,-1,0.09090909090909091,0.0,0.09090909090909091
5727,38d7c84b5aa0d4d4a983bd5975def2db MCSG-APC84405 A-1,0.008557766675949,Low impact,3Dstructure\afdb_correct_to_wrong_2500_structures\A0A0H3LVS7.pdb,A,69,,4,0,0.0,-2.55,0,1,1,-1,0.25,0.0,0.25
5728,38d7c84b5aa0d4d4a983bd5975def2db MCSG-APC84405 A-1,0.0083658993244171,Low impact,3Dstructure\afdb_correct_to_wrong_2500_structures\A0A0H3LVS7.pdb,A,109,,7,2,0.2857142857142857,-0.8428571428571425,2,1,3,1,0.42857142857142855,0.2857142857142857,0.14285714285714285
5729,38d7c84b5aa0d4d4a983bd5975def2db MCSG-APC84405 A-1,0.0083426535129547,Low impact,3Dstructure\afdb_correct_to_wrong_2500_structures\A0A0H3LVS7.pdb,A,61,,4,1,0.25,-2.0500000000000003,2,0,2,2,0.5,0.5,0.0
5730,38d7c84b5aa0d4d4a983bd5975def2db MCSG-APC84405 A-1,0.008292406797409,Low impact,3Dstructure\afdb_correct_to_wrong_2500_structures\A0A0H3LVS7.pdb,A,71,,4,0,0.0,-2.275,1,0,1,1,0.25,0.25,0.0
5731,38d7c84b5aa0d4d4a983bd5975def2db MCSG-APC84405 A-1,0.0082108974456787,Low impact,3Dstructure\afdb_correct_to_wrong_2500_structures\A0A0H3LVS7.pdb,A,90,,8,3,0.375,-1.7249999999999999,2,2,4,0,0.5,0.25,0.25
5732,38d7c84b5aa0d4d4a983bd5975def2db MCSG-APC84405 A-1,0.0076004862785339,Low impact,3Dstructure\afdb_correct_to_wrong_2500_structures\A0A0H3LVS7.pdb,A,135,,9,4,0.4444444444444444,-0.3222222222222223,2,0,2,2,0.2222222222222222,0.2222222222222222,0.0
5733,38d7c84b5aa0d4d4a983bd5975def2db MCSG-APC84405 A-1,0.0074719786643981,Low impact,3Dstructure\afdb_correct_to_wrong_2500_structures\A0A0H3LVS7.pdb,A,37,,10,6,0.6,0.5199999999999999,0,2,2,-2,0.2,0.0,0.2
5734,38d7c84b5aa0d4d4a983bd5975def2db MCSG-APC84405 A-1,0.0073329806327819,Low impact,3Dstructure\afdb_correct_to_wrong_2500_structures\A0A0H3LVS7.pdb,A,125,,8,3,0.375,-1.725,4,1,5,3,0.625,0.5,0.125
5735,38d7c84b5aa0d4d4a983bd5975def2db MCSG-APC84405 A-1,0.007227748632431,Low impact,3Dstructure\afdb_correct_to_wrong_2500_structures\A0A0H3LVS7.pdb,A,11,,11,7,0.6363636363636364,1.3727272727272726,1,0,1,1,0.09090909090909091,0.09090909090909091,0.0
5736,38d7c84b5aa0d4d4a983bd5975def2db MCSG-APC84405 A-1,0.0070207715034484,Low impact,3Dstructure\afdb_correct_to_wrong_2500_structures\A0A0H3LVS7.pdb,A,104,,8,3,0.375,-1.225,3,2,5,1,0.625,0.375,0.25
5737,38d7c84b5aa0d4d4a983bd5975def2db MCSG-APC84405 A-1,0.0069928169250488,Low impact,3Dstructure\afdb_correct_to_wrong_2500_structures\A0A0H3LVS7.pdb,A,157,,8,5,0.625,0.6875,0,1,1,-1,0.125,0.0,0.125
5738,38d7c84b5aa0d4d4a983bd5975def2db MCSG-APC84405 A-1,0.0068369209766387,Low impact,3Dstructure\afdb_correct_to_wrong_2500_structures\A0A0H3LVS7.pdb,A,63,,5,3,0.6,0.45999999999999996,1,0,1,1,0.2,0.2,0.0
5739,38d7c84b5aa0d4d4a983bd5975def2db MCSG-APC84405 A-1,0.0067780911922454,Low impact,3Dstructure\afdb_correct_to_wrong_2500_structures\A0A0H3LVS7.pdb,A,82,,7,2,0.2857142857142857,-1.6428571428571428,0,2,2,-2,0.2857142857142857,0.0,0.2857142857142857
5740,38d7c84b5aa0d4d4a983bd5975def2db MCSG-APC84405 A-1,0.0065903961658477,Low impact,3Dstructure\afdb_correct_to_wrong_2500_structures\A0A0H3LVS7.pdb,A,182,,6,1,0.16666666666666666,-1.7833333333333332,1,2,3,-1,0.5,0.16666666666666666,0.3333333333333333
5741,38d7c84b5aa0d4d4a983bd5975def2db MCSG-APC84405 A-1,0.0065057277679443,Low impact,3Dstructure\afdb_correct_to_wrong_2500_structures\A0A0H3LVS7.pdb,A,131,,8,4,0.5,-0.5500000000000002,2,1,3,1,0.375,0.25,0.125
5742,38d7c84b5aa0d4d4a983bd5975def2db MCSG-APC84405 A-1,0.0063388645648956,Low impact,3Dstructure\afdb_correct_to_wrong_2500_structures\A0A0H3LVS7.pdb,A,36,,7,5,0.7142857142857143,1.0857142857142856,1,1,2,0,0.2857142857142857,0.14285714285714285,0.14285714285714285
5743,38d7c84b5aa0d4d4a983bd5975def2db MCSG-APC84405 A-1,0.0061342716217041,Low impact,3Dstructure\afdb_correct_to_wrong_2500_structures\A0A0H3LVS7.pdb,A,57,,6,1,0.16666666666666666,-2.6666666666666665,1,1,2,0,0.3333333333333333,0.16666666666666666,0.16666666666666666
5744,38d7c84b5aa0d4d4a983bd5975def2db MCSG-APC84405 A-1,0.0060539543628692,Low impact,3Dstructure\afdb_correct_to_wrong_2500_structures\A0A0H3LVS7.pdb,A,70,,4,0,0.0,-2.5,1,1,2,0,0.5,0.25,0.25
5745,38d7c84b5aa0d4d4a983bd5975def2db MCSG-APC84405 A-1,0.0058028399944305,Low impact,3Dstructure\afdb_correct_to_wrong_2500_structures\A0A0H3LVS7.pdb,A,48,,9,5,0.5555555555555556,0.05555555555555566,0,1,1,-1,0.1111111111111111,0.0,0.1111111111111111
5746,38d7c84b5aa0d4d4a983bd5975def2db MCSG-APC84405 A-1,0.005692034959793,Low impact,3Dstructure\afdb_correct_to_wrong_2500_structures\A0A0H3LVS7.pdb,A,105,,8,4,0.5,-0.3125,3,1,4,2,0.5,0.375,0.125
5747,38d7c84b5aa0d4d4a983bd5975def2db MCSG-APC84405 A-1,0.0055243074893951,Low impact,3Dstructure\afdb_correct_to_wrong_2500_structures\A0A0H3LVS7.pdb,A,153,,7,5,0.7142857142857143,1.4000000000000001,0,1,1,-1,0.14285714285714285,0.0,0.14285714285714285
5748,38d7c84b5aa0d4d4a983bd5975def2db MCSG-APC84405 A-1,0.0055149495601654,Low impact,3Dstructure\afdb_correct_to_wrong_2500_structures\A0A0H3LVS7.pdb,A,115,,6,1,0.16666666666666666,-2.6166666666666667,3,2,5,1,0.8333333333333334,0.5,0.3333333333333333
5749,38d7c84b5aa0d4d4a983bd5975def2db MCSG-APC84405 A-1,0.0055105090141296,Low impact,3Dstructure\afdb_correct_to_wrong_2500_structures\A0A0H3LVS7.pdb,A,98,,8,4,0.5,0.325,1,1,2,0,0.25,0.125,0.125
5750,38d7c84b5aa0d4d4a983bd5975def2db MCSG-APC84405 A-1,0.0054961740970611,Low impact,3Dstructure\afdb_correct_to_wrong_2500_structures\A0A0H3LVS7.pdb,A,139,,8,3,0.375,-0.17500000000000004,2,0,2,2,0.25,0.25,0.0
5751,38d7c84b5aa0d4d4a983bd5975def2db MCSG-APC84405 A-1,0.0053732395172119,Low impact,3Dstructure\afdb_correct_to_wrong_2500_structures\A0A0H3LVS7.pdb,A,77,,4,2,0.5,1.0000000000000002,1,0,1,1,0.25,0.25,0.0
5752,38d7c84b5aa0d4d4a983bd5975def2db MCSG-APC84405 A-1,0.0053494572639465,Low impact,3Dstructure\afdb_correct_to_wrong_2500_structures\A0A0H3LVS7.pdb,A,178,,5,1,0.2,-1.2000000000000002,2,0,2,2,0.4,0.4,0.0
5753,38d7c84b5aa0d4d4a983bd5975def2db MCSG-APC84405 A-1,0.0052344799041748,Low impact,3Dstructure\afdb_correct_to_wrong_2500_structures\A0A0H3LVS7.pdb,A,55,,6,3,0.5,-0.5333333333333334,0,0,0,0,0.0,0.0,0.0
5754,38d7c84b5aa0d4d4a983bd5975def2db MCSG-APC84405 A-1,0.0051914751529693,Low impact,3Dstructure\afdb_correct_to_wrong_2500_structures\A0A0H3LVS7.pdb,A,175,,4,2,0.5,0.55,1,0,1,1,0.25,0.25,0.0
5755,38d7c84b5aa0d4d4a983bd5975def2db MCSG-APC84405 A-1,0.0051422715187072,Low impact,3Dstructure\afdb_correct_to_wrong_2500_structures\A0A0H3LVS7.pdb,A,38,,11,4,0.36363636363636365,-0.6454545454545454,0,3,3,-3,0.2727272727272727,0.0,0.2727272727272727
5756,38d7c84b5aa0d4d4a983bd5975def2db MCSG-APC84405 A-1,0.0051102936267852,Low impact,3Dstructure\afdb_correct_to_wrong_2500_structures\A0A0H3LVS7.pdb,A,84,,8,3,0.375,-0.825,0,3,3,-3,0.375,0.0,0.375
5757,38d7c84b5aa0d4d4a983bd5975def2db MCSG-APC84405 A-1,0.0050688982009887,Low impact,3Dstructure\afdb_correct_to_wrong_2500_structures\A0A0H3LVS7.pdb,A,111,,6,2,0.3333333333333333,-0.7000000000000001,1,2,3,-1,0.5,0.16666666666666666,0.3333333333333333
5758,38d7c84b5aa0d4d4a983bd5975def2db MCSG-APC84405 A-1,0.0049465298652648,Low impact,3Dstructure\afdb_correct_to_wrong_2500_structures\A0A0H3LVS7.pdb,A,78,,4,0,0.0,-2.225,1,0,1,1,0.25,0.25,0.0
5759,38d7c84b5aa0d4d4a983bd5975def2db MCSG-APC84405 A-1,0.0049124062061309,Low impact,3Dstructure\afdb_correct_to_wrong_2500_structures\A0A0H3LVS7.pdb,A,33,,8,2,0.25,-1.3624999999999998,2,1,3,1,0.375,0.25,0.125
5760,38d7c84b5aa0d4d4a983bd5975def2db MCSG-APC84405 A-1,0.0048326253890991,Low impact,3Dstructure\afdb_correct_to_wrong_2500_structures\A0A0H3LVS7.pdb,A,127,,8,2,0.25,-1.875,3,2,5,1,0.625,0.375,0.25
5761,38d7c84b5aa0d4d4a983bd5975def2db MCSG-APC84405 A-1,0.0047684609889984,Low impact,3Dstructure\afdb_correct_to_wrong_2500_structures\A0A0H3LVS7.pdb,A,97,,8,3,0.375,-0.9124999999999999,1,2,3,-1,0.375,0.125,0.25
5762,38d7c84b5aa0d4d4a983bd5975def2db MCSG-APC84405 A-1,0.0047443807125091,Low impact,3Dstructure\afdb_correct_to_wrong_2500_structures\A0A0H3LVS7.pdb,A,133,,10,4,0.4,-1.01,2,2,4,0,0.4,0.2,0.2
5763,38d7c84b5aa0d4d4a983bd5975def2db MCSG-APC84405 A-1,0.0047242641448974,Low impact,3Dstructure\afdb_correct_to_wrong_2500_structures\A0A0H3LVS7.pdb,A,6,,7,1,0.14285714285714285,-1.6428571428571428,2,2,4,0,0.5714285714285714,0.2857142857142857,0.2857142857142857
5764,38d7c84b5aa0d4d4a983bd5975def2db MCSG-APC84405 A-1,0.0046375691890716,Low impact,3Dstructure\afdb_correct_to_wrong_2500_structures\A0A0H3LVS7.pdb,A,67,,4,2,0.5,0.42499999999999993,0,1,1,-1,0.25,0.0,0.25
5765,38d7c84b5aa0d4d4a983bd5975def2db MCSG-APC84405 A-1,0.0043629109859466,Low impact,3Dstructure\afdb_correct_to_wrong_2500_structures\A0A0H3LVS7.pdb,A,23,,6,3,0.5,1.1666666666666667,0,0,0,0,0.0,0.0,0.0
5766,38d7c84b5aa0d4d4a983bd5975def2db MCSG-APC84405 A-1,0.004360020160675,Low impact,3Dstructure\afdb_correct_to_wrong_2500_structures\A0A0H3LVS7.pdb,A,183,,6,2,0.3333333333333333,-0.3000000000000001,0,1,1,-1,0.16666666666666666,0.0,0.16666666666666666
5767,38d7c84b5aa0d4d4a983bd5975def2db MCSG-APC84405 A-1,0.0041357278823852,Low impact,3Dstructure\afdb_correct_to_wrong_2500_structures\A0A0H3LVS7.pdb,A,144,,12,6,0.5,0.9833333333333333,0,1,1,-1,0.08333333333333333,0.0,0.08333333333333333
5768,38d7c84b5aa0d4d4a983bd5975def2db MCSG-APC84405 A-1,0.004002958536148,Low impact,3Dstructure\afdb_correct_to_wrong_2500_structures\A0A0H3LVS7.pdb,A,174,,5,2,0.4,0.17999999999999988,1,0,1,1,0.2,0.2,0.0
5769,38d7c84b5aa0d4d4a983bd5975def2db MCSG-APC84405 A-1,0.0039859116077423,Low impact,3Dstructure\afdb_correct_to_wrong_2500_structures\A0A0H3LVS7.pdb,A,107,,8,2,0.25,-1.475,2,2,4,0,0.5,0.25,0.25
5770,38d7c84b5aa0d4d4a983bd5975def2db MCSG-APC84405 A-1,0.0039618909358978,Low impact,3Dstructure\afdb_correct_to_wrong_2500_structures\A0A0H3LVS7.pdb,A,95,,8,3,0.375,-1.0375,1,2,3,-1,0.375,0.125,0.25
5771,38d7c84b5aa0d4d4a983bd5975def2db MCSG-APC84405 A-1,0.0039595961570739,Low impact,3Dstructure\afdb_correct_to_wrong_2500_structures\A0A0H3LVS7.pdb,A,120,,8,3,0.375,-1.3875000000000002,3,2,5,1,0.625,0.375,0.25
5772,38d7c84b5aa0d4d4a983bd5975def2db MCSG-APC84405 A-1,0.003908485174179,Low impact,3Dstructure\afdb_correct_to_wrong_2500_structures\A0A0H3LVS7.pdb,A,129,,9,5,0.5555555555555556,0.16666666666666646,2,1,3,1,0.3333333333333333,0.2222222222222222,0.1111111111111111
5773,38d7c84b5aa0d4d4a983bd5975def2db MCSG-APC84405 A-1,0.0038635730743408,Low impact,3Dstructure\afdb_correct_to_wrong_2500_structures\A0A0H3LVS7.pdb,A,58,,6,2,0.3333333333333333,-2.1,2,0,2,2,0.3333333333333333,0.3333333333333333,0.0
5774,38d7c84b5aa0d4d4a983bd5975def2db MCSG-APC84405 A-1,0.0038224458694458,Low impact,3Dstructure\afdb_correct_to_wrong_2500_structures\A0A0H3LVS7.pdb,A,99,,8,5,0.625,0.6499999999999999,1,2,3,-1,0.375,0.125,0.25
5775,38d7c84b5aa0d4d4a983bd5975def2db MCSG-APC84405 A-1,0.0036036670207977,Low impact,3Dstructure\afdb_correct_to_wrong_2500_structures\A0A0H3LVS7.pdb,A,132,,9,4,0.4444444444444444,-0.3777777777777778,2,1,3,1,0.3333333333333333,0.2222222222222222,0.1111111111111111
5776,38d7c84b5aa0d4d4a983bd5975def2db MCSG-APC84405 A-1,0.0034156143665313,Low impact,3Dstructure\afdb_correct_to_wrong_2500_structures\A0A0H3LVS7.pdb,A,163,,9,7,0.7777777777777778,0.8555555555555555,1,1,2,0,0.2222222222222222,0.1111111111111111,0.1111111111111111
5777,38d7c84b5aa0d4d4a983bd5975def2db MCSG-APC84405 A-1,0.0032616257667541,Low impact,3Dstructure\afdb_correct_to_wrong_2500_structures\A0A0H3LVS7.pdb,A,79,,6,2,0.3333333333333333,-0.3499999999999999,0,1,1,-1,0.16666666666666666,0.0,0.16666666666666666
5778,38d7c84b5aa0d4d4a983bd5975def2db MCSG-APC84405 A-1,0.0030270516872406,Low impact,3Dstructure\afdb_correct_to_wrong_2500_structures\A0A0H3LVS7.pdb,A,113,,6,2,0.3333333333333333,-0.6333333333333333,1,2,3,-1,0.5,0.16666666666666666,0.3333333333333333
5779,38d7c84b5aa0d4d4a983bd5975def2db MCSG-APC84405 A-1,0.0030179619789123,Low impact,3Dstructure\afdb_correct_to_wrong_2500_structures\A0A0H3LVS7.pdb,A,169,,7,5,0.7142857142857143,1.6285714285714283,1,1,2,0,0.2857142857142857,0.14285714285714285,0.14285714285714285
5780,38d7c84b5aa0d4d4a983bd5975def2db MCSG-APC84405 A-1,0.0029130578041076,Low impact,3Dstructure\afdb_correct_to_wrong_2500_structures\A0A0H3LVS7.pdb,A,142,,7,5,0.7142857142857143,1.2571428571428573,0,0,0,0,0.0,0.0,0.0
5781,38d7c84b5aa0d4d4a983bd5975def2db MCSG-APC84405 A-1,0.0028692483901977,Low impact,3Dstructure\afdb_correct_to_wrong_2500_structures\A0A0H3LVS7.pdb,A,21,,8,4,0.5,-0.1874999999999999,2,0,2,2,0.25,0.25,0.0
5782,38d7c84b5aa0d4d4a983bd5975def2db MCSG-APC84405 A-1,0.0027705430984497,Low impact,3Dstructure\afdb_correct_to_wrong_2500_structures\A0A0H3LVS7.pdb,A,51,,8,5,0.625,0.4124999999999999,0,1,1,-1,0.125,0.0,0.125
5783,38d7c84b5aa0d4d4a983bd5975def2db MCSG-APC84405 A-1,0.0023524761199951,Low impact,3Dstructure\afdb_correct_to_wrong_2500_structures\A0A0H3LVS7.pdb,A,15,,12,6,0.5,-0.04166666666666674,4,0,4,4,0.3333333333333333,0.3333333333333333,0.0
5784,38d7c84b5aa0d4d4a983bd5975def2db MCSG-APC84405 A-1,0.0023258328437805,Low impact,3Dstructure\afdb_correct_to_wrong_2500_structures\A0A0H3LVS7.pdb,A,34,,11,5,0.45454545454545453,-0.16363636363636377,2,1,3,1,0.2727272727272727,0.18181818181818182,0.09090909090909091
5785,38d7c84b5aa0d4d4a983bd5975def2db MCSG-APC84405 A-1,0.0022973716259002,Low impact,3Dstructure\afdb_correct_to_wrong_2500_structures\A0A0H3LVS7.pdb,A,89,,8,4,0.5,-0.7625,1,3,4,-2,0.5,0.125,0.375
5786,38d7c84b5aa0d4d4a983bd5975def2db MCSG-APC84405 A-1,0.0022893249988555,Low impact,3Dstructure\afdb_correct_to_wrong_2500_structures\A0A0H3LVS7.pdb,A,31,,7,2,0.2857142857142857,-1.1285714285714288,3,0,3,3,0.42857142857142855,0.42857142857142855,0.0
5787,38d7c84b5aa0d4d4a983bd5975def2db MCSG-APC84405 A-1,0.0022659599781036,Low impact,3Dstructure\afdb_correct_to_wrong_2500_structures\A0A0H3LVS7.pdb,A,50,,9,7,0.7777777777777778,0.8555555555555555,0,1,1,-1,0.1111111111111111,0.0,0.1111111111111111
5788,38d7c84b5aa0d4d4a983bd5975def2db MCSG-APC84405 A-1,0.0020092129707336,Low impact,3Dstructure\afdb_correct_to_wrong_2500_structures\A0A0H3LVS7.pdb,A,150,,8,5,0.625,1.5375,0,0,0,0,0.0,0.0,0.0
5789,38d7c84b5aa0d4d4a983bd5975def2db MCSG-APC84405 A-1,0.0019902288913726,Low impact,3Dstructure\afdb_correct_to_wrong_2500_structures\A0A0H3LVS7.pdb,A,76,,4,2,0.5,0.32500000000000007,1,0,1,1,0.25,0.25,0.0
5790,38d7c84b5aa0d4d4a983bd5975def2db MCSG-APC84405 A-1,0.0018613040447235,Low impact,3Dstructure\afdb_correct_to_wrong_2500_structures\A0A0H3LVS7.pdb,A,146,,6,4,0.6666666666666666,1.8499999999999999,0,0,0,0,0.0,0.0,0.0
5791,38d7c84b5aa0d4d4a983bd5975def2db MCSG-APC84405 A-1,0.001693308353424,Low impact,3Dstructure\afdb_correct_to_wrong_2500_structures\A0A0H3LVS7.pdb,A,73,,4,1,0.25,-1.375,2,0,2,2,0.5,0.5,0.0
5792,38d7c84b5aa0d4d4a983bd5975def2db MCSG-APC84405 A-1,0.0015627145767211,Low impact,3Dstructure\afdb_correct_to_wrong_2500_structures\A0A0H3LVS7.pdb,A,159,,10,7,0.7,0.9999999999999998,1,0,1,1,0.1,0.1,0.0
5793,38d7c84b5aa0d4d4a983bd5975def2db MCSG-APC84405 A-1,0.0012132227420806,Low impact,3Dstructure\afdb_correct_to_wrong_2500_structures\A0A0H3LVS7.pdb,A,54,,7,3,0.42857142857142855,-0.5571428571428573,0,1,1,-1,0.14285714285714285,0.0,0.14285714285714285
5794,38d7c84b5aa0d4d4a983bd5975def2db MCSG-APC84405 A-1,0.0011784136295318,Low impact,3Dstructure\afdb_correct_to_wrong_2500_structures\A0A0H3LVS7.pdb,A,126,,8,2,0.25,-1.875,3,2,5,1,0.625,0.375,0.25
5795,38d7c84b5aa0d4d4a983bd5975def2db MCSG-APC84405 A-1,0.0011170804500579,Low impact,3Dstructure\afdb_correct_to_wrong_2500_structures\A0A0H3LVS7.pdb,A,108,,8,3,0.375,-0.13750000000000007,1,2,3,-1,0.375,0.125,0.25
5796,38d7c84b5aa0d4d4a983bd5975def2db MCSG-APC84405 A-1,0.0010070204734802,Low impact,3Dstructure\afdb_correct_to_wrong_2500_structures\A0A0H3LVS7.pdb,A,130,,8,4,0.5,-0.8,3,0,3,3,0.375,0.375,0.0
5834,b8cb8b11b53cac4690a1691542310446 SGPP-Pkno004674AAA A-1,0.0095252096652984,Low impact,3Dstructure\afdb_correct_to_wrong_2500_structures\A0A1Y3DP62.pdb,A,39,,4,2,0.5,0.30000000000000004,0,1,1,-1,0.25,0.0,0.25
5835,b8cb8b11b53cac4690a1691542310446 SGPP-Pkno004674AAA A-1,0.0092368721961975,Low impact,3Dstructure\afdb_correct_to_wrong_2500_structures\A0A1Y3DP62.pdb,A,203,,2,1,0.5,0.1499999999999999,0,0,0,0,0.0,0.0,0.0
5836,b8cb8b11b53cac4690a1691542310446 SGPP-Pkno004674AAA A-1,0.0089226067066192,Low impact,3Dstructure\afdb_correct_to_wrong_2500_structures\A0A1Y3DP62.pdb,A,193,,8,3,0.375,0.1499999999999999,0,1,1,-1,0.125,0.0,0.125
5837,b8cb8b11b53cac4690a1691542310446 SGPP-Pkno004674AAA A-1,0.0089073777198791,Low impact,3Dstructure\afdb_correct_to_wrong_2500_structures\A0A1Y3DP62.pdb,A,77,,8,5,0.625,-0.3375,2,0,2,2,0.25,0.25,0.0
5838,b8cb8b11b53cac4690a1691542310446 SGPP-Pkno004674AAA A-1,0.0087963342666625,Low impact,3Dstructure\afdb_correct_to_wrong_2500_structures\A0A1Y3DP62.pdb,A,33,,6,4,0.6666666666666666,1.2,1,1,2,0,0.3333333333333333,0.16666666666666666,0.16666666666666666
5839,b8cb8b11b53cac4690a1691542310446 SGPP-Pkno004674AAA A-1,0.0084550082683563,Low impact,3Dstructure\afdb_correct_to_wrong_2500_structures\A0A1Y3DP62.pdb,A,115,,8,3,0.375,-0.7750000000000001,3,0,3,3,0.375,0.375,0.0
5840,b8cb8b11b53cac4690a1691542310446 SGPP-Pkno004674AAA A-1,0.0082376301288604,Low impact,3Dstructure\afdb_correct_to_wrong_2500_structures\A0A1Y3DP62.pdb,A,136,,8,2,0.25,-2.3874999999999997,4,1,5,3,0.625,0.5,0.125
5841,b8cb8b11b53cac4690a1691542310446 SGPP-Pkno004674AAA A-1,0.0082003772258758,Low impact,3Dstructure\afdb_correct_to_wrong_2500_structures\A0A1Y3DP62.pdb,A,101,,8,3,0.375,-0.7625000000000001,2,0,2,2,0.25,0.25,0.0
5842,b8cb8b11b53cac4690a1691542310446 SGPP-Pkno004674AAA A-1,0.0081284046173095,Low impact,3Dstructure\afdb_correct_to_wrong_2500_structures\A0A1Y3DP62.pdb,A,65,,8,4,0.5,0.9125,0,0,0,0,0.0,0.0,0.0
5843,b8cb8b11b53cac4690a1691542310446 SGPP-Pkno004674AAA A-1,0.0079087615013122,Low impact,3Dstructure\afdb_correct_to_wrong_2500_structures\A0A1Y3DP62.pdb,A,135,,8,1,0.125,-3.25,3,3,6,0,0.75,0.375,0.375
5844,b8cb8b11b53cac4690a1691542310446 SGPP-Pkno004674AAA A-1,0.0078482627868652,Low impact,3Dstructure\afdb_correct_to_wrong_2500_structures\A0A1Y3DP62.pdb,A,12,,5,3,0.6,0.76,0,1,1,-1,0.2,0.0,0.2
5845,b8cb8b11b53cac4690a1691542310446 SGPP-Pkno004674AAA A-1,0.0077958106994628,Low impact,3Dstructure\afdb_correct_to_wrong_2500_structures\A0A1Y3DP62.pdb,A,189,,8,3,0.375,-0.625,1,0,1,1,0.125,0.125,0.0
5846,b8cb8b11b53cac4690a1691542310446 SGPP-Pkno004674AAA A-1,0.0077292621135711,Low impact,3Dstructure\afdb_correct_to_wrong_2500_structures\A0A1Y3DP62.pdb,A,3,,4,3,0.75,0.75,0,1,1,-1,0.25,0.0,0.25
5847,b8cb8b11b53cac4690a1691542310446 SGPP-Pkno004674AAA A-1,0.0077185332775115,Low impact,3Dstructure\afdb_correct_to_wrong_2500_structures\A0A1Y3DP62.pdb,A,26,,8,4,0.5,1.325,1,0,1,1,0.125,0.125,0.0
5848,b8cb8b11b53cac4690a1691542310446 SGPP-Pkno004674AAA A-1,0.0076893866062164,Low impact,3Dstructure\afdb_correct_to_wrong_2500_structures\A0A1Y3DP62.pdb,A,152,,8,4,0.5,-0.48750000000000004,1,2,3,-1,0.375,0.125,0.25
5849,b8cb8b11b53cac4690a1691542310446 SGPP-Pkno004674AAA A-1,0.0076211690902709,Low impact,3Dstructure\afdb_correct_to_wrong_2500_structures\A0A1Y3DP62.pdb,A,178,,8,3,0.375,-0.625,1,2,3,-1,0.375,0.125,0.25
5850,b8cb8b11b53cac4690a1691542310446 SGPP-Pkno004674AAA A-1,0.0075833797454833,Low impact,3Dstructure\afdb_correct_to_wrong_2500_structures\A0A1Y3DP62.pdb,A,158,,8,2,0.25,-2.0625,3,1,4,2,0.5,0.375,0.125
5851,b8cb8b11b53cac4690a1691542310446 SGPP-Pkno004674AAA A-1,0.0074817240238189,Low impact,3Dstructure\afdb_correct_to_wrong_2500_structures\A0A1Y3DP62.pdb,A,89,,8,4,0.5,1.0499999999999998,2,0,2,2,0.25,0.25,0.0
5852,b8cb8b11b53cac4690a1691542310446 SGPP-Pkno004674AAA A-1,0.0073616504669189,Low impact,3Dstructure\afdb_correct_to_wrong_2500_structures\A0A1Y3DP62.pdb,A,15,,6,2,0.3333333333333333,-0.5333333333333333,1,0,1,1,0.16666666666666666,0.16666666666666666,0.0
5861,e22b39c0867612d0348186fc45d48070 MCSG-APC6381 A-1,0.0082060992717742,Low impact,3Dstructure\afdb_correct_to_wrong_2500_structures\A0A6C1DY88.pdb,A,35,,4,2,0.5,0.3750000000000001,1,0,1,1,0.25,0.25,0.0
5862,e22b39c0867612d0348186fc45d48070 MCSG-APC6381 A-1,0.006480723619461,Low impact,3Dstructure\afdb_correct_to_wrong_2500_structures\A0A6C1DY88.pdb,A,102,,7,4,0.5714285714285714,0.042857142857142705,2,0,2,2,0.2857142857142857,0.2857142857142857,0.0
5863,e22b39c0867612d0348186fc45d48070 MCSG-APC6381 A-1,0.0062763094902038,Low impact,3Dstructure\afdb_correct_to_wrong_2500_structures\A0A6C1DY88.pdb,A,2,,4,2,0.5,0.09999999999999987,0,1,1,-1,0.25,0.0,0.25
5864,e22b39c0867612d0348186fc45d48070 MCSG-APC6381 A-1,0.0062671601772308,Low impact,3Dstructure\afdb_correct_to_wrong_2500_structures\A0A6C1DY88.pdb,A,45,,4,0,0.0,-3.3,2,0,2,2,0.5,0.5,0.0
5868,727434eeddf36ecf76e9262fb7b644ee NESG-FR588 A-0,0.0094257891178131,Low impact,3Dstructure\afdb_correct_to_wrong_2500_structures\A0A6P8JGX8.pdb,A,598,,8,6,0.75,1.775,2,0,2,2,0.25,0.25,0.0
5903,94a26ef300723c26a6d464d7df5a5a0f MCSG-APC107270 A-1,0.0094403326511383,Low impact,3Dstructure\afdb_correct_to_wrong_2500_structures\C7NBD0.pdb,A,357,,9,4,0.4444444444444444,-1.0555555555555556,2,3,5,-1,0.5555555555555556,0.2222222222222222,0.3333333333333333
5904,94a26ef300723c26a6d464d7df5a5a0f MCSG-APC107270 A-1,0.009247601032257,Low impact,3Dstructure\afdb_correct_to_wrong_2500_structures\C7NBD0.pdb,A,58,,11,8,0.7272727272727273,1.8454545454545455,0,0,0,0,0.0,0.0,0.0
5905,94a26ef300723c26a6d464d7df5a5a0f MCSG-APC107270 A-1,0.0091924965381622,Low impact,3Dstructure\afdb_correct_to_wrong_2500_structures\C7NBD0.pdb,A,3,,6,2,0.3333333333333333,-1.45,1,1,2,0,0.3333333333333333,0.16666666666666666,0.16666666666666666
5906,94a26ef300723c26a6d464d7df5a5a0f MCSG-APC107270 A-1,0.00903782248497,Low impact,3Dstructure\afdb_correct_to_wrong_2500_structures\C7NBD0.pdb,A,116,,16,9,0.5625,0.2500000000000001,3,0,3,3,0.1875,0.1875,0.0
5907,94a26ef300723c26a6d464d7df5a5a0f MCSG-APC107270 A-1,0.0089767277240753,Low impact,3Dstructure\afdb_correct_to_wrong_2500_structures\C7NBD0.pdb,A,359,,5,4,0.8,2.46,0,0,0,0,0.0,0.0,0.0
5908,94a26ef300723c26a6d464d7df5a5a0f MCSG-APC107270 A-1,0.0089727342128753,Low impact,3Dstructure\afdb_correct_to_wrong_2500_structures\C7NBD0.pdb,A,46,,6,1,0.16666666666666666,-2.1,2,0,2,2,0.3333333333333333,0.3333333333333333,0.0
5909,94a26ef300723c26a6d464d7df5a5a0f MCSG-APC107270 A-1,0.0089484751224517,Low impact,3Dstructure\afdb_correct_to_wrong_2500_structures\C7NBD0.pdb,A,112,,15,6,0.4,-0.9333333333333333,3,2,5,1,0.3333333333333333,0.2,0.13333333333333333
5910,94a26ef300723c26a6d464d7df5a5a0f MCSG-APC107270 A-1,0.0088909268379211,Low impact,3Dstructure\afdb_correct_to_wrong_2500_structures\C7NBD0.pdb,A,230,,6,2,0.3333333333333333,-0.9166666666666669,0,1,1,-1,0.16666666666666666,0.0,0.16666666666666666
5911,94a26ef300723c26a6d464d7df5a5a0f MCSG-APC107270 A-1,0.0088095068931579,Low impact,3Dstructure\afdb_correct_to_wrong_2500_structures\C7NBD0.pdb,A,304,,8,2,0.25,-1.2125,1,3,4,-2,0.5,0.125,0.375
5912,94a26ef300723c26a6d464d7df5a5a0f MCSG-APC107270 A-1,0.0087905824184417,Low impact,3Dstructure\afdb_correct_to_wrong_2500_structures\C7NBD0.pdb,A,141,,7,4,0.5714285714285714,-0.9714285714285714,1,0,1,1,0.14285714285714285,0.14285714285714285,0.0
5913,94a26ef300723c26a6d464d7df5a5a0f MCSG-APC107270 A-1,0.0086776614189147,Low impact,3Dstructure\afdb_correct_to_wrong_2500_structures\C7NBD0.pdb,A,81,,6,3,0.5,-0.8166666666666668,1,2,3,-1,0.5,0.16666666666666666,0.3333333333333333
5914,94a26ef300723c26a6d464d7df5a5a0f MCSG-APC107270 A-1,0.0086139738559722,Low impact,3Dstructure\afdb_correct_to_wrong_2500_structures\C7NBD0.pdb,A,252,,10,5,0.5,-1.01,1,2,3,-1,0.3,0.1,0.2
5915,94a26ef300723c26a6d464d7df5a5a0f MCSG-APC107270 A-1,0.0085860192775726,Low impact,3Dstructure\afdb_correct_to_wrong_2500_structures\C7NBD0.pdb,A,277,,12,6,0.5,-0.15000000000000005,3,0,3,3,0.25,0.25,0.0
5916,94a26ef300723c26a6d464d7df5a5a0f MCSG-APC107270 A-1,0.0084375143051147,Low impact,3Dstructure\afdb_correct_to_wrong_2500_structures\C7NBD0.pdb,A,364,,10,3,0.3,-0.019999999999999928,1,1,2,0,0.2,0.1,0.1
5917,94a26ef300723c26a6d464d7df5a5a0f MCSG-APC107270 A-1,0.0084332227706909,Low impact,3Dstructure\afdb_correct_to_wrong_2500_structures\C7NBD0.pdb,A,4,,7,2,0.2857142857142857,-1.8000000000000003,2,2,4,0,0.5714285714285714,0.2857142857142857,0.2857142857142857
5918,94a26ef300723c26a6d464d7df5a5a0f MCSG-APC107270 A-1,0.0083384215831756,Low impact,3Dstructure\afdb_correct_to_wrong_2500_structures\C7NBD0.pdb,A,312,,7,2,0.2857142857142857,0.24285714285714274,0,2,2,-2,0.2857142857142857,0.0,0.2857142857142857
5919,94a26ef300723c26a6d464d7df5a5a0f MCSG-APC107270 A-1,0.0083319246768951,Low impact,3Dstructure\afdb_correct_to_wrong_2500_structures\C7NBD0.pdb,A,91,,13,6,0.46153846153846156,-0.30000000000000016,1,4,5,-3,0.38461538461538464,0.07692307692307693,0.3076923076923077
5920,94a26ef300723c26a6d464d7df5a5a0f MCSG-APC107270 A-1,0.0082554817199707,Low impact,3Dstructure\afdb_correct_to_wrong_2500_structures\C7NBD0.pdb,A,140,,9,2,0.2222222222222222,-1.7222222222222223,1,2,3,-1,0.3333333333333333,0.1111111111111111,0.2222222222222222
5921,94a26ef300723c26a6d464d7df5a5a0f MCSG-APC107270 A-1,0.0081943571567535,Low impact,3Dstructure\afdb_correct_to_wrong_2500_structures\C7NBD0.pdb,A,354,,8,5,0.625,0.7250000000000001,1,0,1,1,0.125,0.125,0.0
5922,94a26ef300723c26a6d464d7df5a5a0f MCSG-APC107270 A-1,0.0081430971622467,Low impact,3Dstructure\afdb_correct_to_wrong_2500_structures\C7NBD0.pdb,A,148,,9,2,0.2222222222222222,-2.211111111111111,3,2,5,1,0.5555555555555556,0.3333333333333333,0.2222222222222222
5923,94a26ef300723c26a6d464d7df5a5a0f MCSG-APC107270 A-1,0.0080794990062713,Low impact,3Dstructure\afdb_correct_to_wrong_2500_structures\C7NBD0.pdb,A,40,,12,7,0.5833333333333334,0.30833333333333335,2,1,3,1,0.25,0.16666666666666666,0.08333333333333333
5924,94a26ef300723c26a6d464d7df5a5a0f MCSG-APC107270 A-1,0.0079628229141235,Low impact,3Dstructure\afdb_correct_to_wrong_2500_structures\C7NBD0.pdb,A,261,,7,3,0.42857142857142855,-0.8142857142857143,1,1,2,0,0.2857142857142857,0.14285714285714285,0.14285714285714285
5925,94a26ef300723c26a6d464d7df5a5a0f MCSG-APC107270 A-1,0.0079222321510314,Low impact,3Dstructure\afdb_correct_to_wrong_2500_structures\C7NBD0.pdb,A,2,,5,1,0.2,-2.58,2,0,2,2,0.4,0.4,0.0
5926,94a26ef300723c26a6d464d7df5a5a0f MCSG-APC107270 A-1,0.0078584849834442,Low impact,3Dstructure\afdb_correct_to_wrong_2500_structures\C7NBD0.pdb,A,326,,8,2,0.25,-1.725,3,2,5,1,0.625,0.375,0.25
5927,94a26ef300723c26a6d464d7df5a5a0f MCSG-APC107270 A-1,0.007850170135498,Low impact,3Dstructure\afdb_correct_to_wrong_2500_structures\C7NBD0.pdb,A,245,,13,7,0.5384615384615384,0.09230769230769226,1,1,2,0,0.15384615384615385,0.07692307692307693,0.07692307692307693
5928,94a26ef300723c26a6d464d7df5a5a0f MCSG-APC107270 A-1,0.0076956748962402,Low impact,3Dstructure\afdb_correct_to_wrong_2500_structures\C7NBD0.pdb,A,136,,16,7,0.4375,-0.22500000000000003,1,2,3,-1,0.1875,0.0625,0.125
5929,94a26ef300723c26a6d464d7df5a5a0f MCSG-APC107270 A-1,0.0075876116752624,Low impact,3Dstructure\afdb_correct_to_wrong_2500_structures\C7NBD0.pdb,A,344,,6,3,0.5,-0.7166666666666667,2,1,3,1,0.5,0.3333333333333333,0.16666666666666666
5930,94a26ef300723c26a6d464d7df5a5a0f MCSG-APC107270 A-1,0.0075061917304992,Low impact,3Dstructure\afdb_correct_to_wrong_2500_structures\C7NBD0.pdb,A,210,,13,8,0.6153846153846154,0.6076923076923075,2,1,3,1,0.23076923076923078,0.15384615384615385,0.07692307692307693
5931,94a26ef300723c26a6d464d7df5a5a0f MCSG-APC107270 A-1,0.0074556469917297,Low impact,3Dstructure\afdb_correct_to_wrong_2500_structures\C7NBD0.pdb,A,368,,8,0,0.0,-1.9375,2,1,3,1,0.375,0.25,0.125
5932,94a26ef300723c26a6d464d7df5a5a0f MCSG-APC107270 A-1,0.007363736629486,Low impact,3Dstructure\afdb_correct_to_wrong_2500_structures\C7NBD0.pdb,A,101,,10,6,0.6,-1.01,0,2,2,-2,0.2,0.0,0.2
5933,94a26ef300723c26a6d464d7df5a5a0f MCSG-APC107270 A-1,0.0073334276676177,Low impact,3Dstructure\afdb_correct_to_wrong_2500_structures\C7NBD0.pdb,A,44,,12,3,0.25,-1.55,3,2,5,1,0.4166666666666667,0.25,0.16666666666666666
5934,94a26ef300723c26a6d464d7df5a5a0f MCSG-APC107270 A-1,0.007251501083374,Low impact,3Dstructure\afdb_correct_to_wrong_2500_structures\C7NBD0.pdb,A,215,,9,3,0.3333333333333333,-1.2888888888888888,2,3,5,-1,0.5555555555555556,0.2222222222222222,0.3333333333333333
5935,94a26ef300723c26a6d464d7df5a5a0f MCSG-APC107270 A-1,0.0071279108524322,Low impact,3Dstructure\afdb_correct_to_wrong_2500_structures\C7NBD0.pdb,A,216,,4,2,0.5,0.07499999999999996,0,1,1,-1,0.25,0.0,0.25
5936,94a26ef300723c26a6d464d7df5a5a0f MCSG-APC107270 A-1,0.007125049829483,Low impact,3Dstructure\afdb_correct_to_wrong_2500_structures\C7NBD0.pdb,A,167,,13,8,0.6153846153846154,0.2153846153846153,2,2,4,0,0.3076923076923077,0.15384615384615385,0.15384615384615385
5937,94a26ef300723c26a6d464d7df5a5a0f MCSG-APC107270 A-1,0.0071207880973815,Low impact,3Dstructure\afdb_correct_to_wrong_2500_structures\C7NBD0.pdb,A,301,,8,2,0.25,-1.2625000000000002,2,3,5,-1,0.625,0.25,0.375
5938,94a26ef300723c26a6d464d7df5a5a0f MCSG-APC107270 A-1,0.007100373506546,Low impact,3Dstructure\afdb_correct_to_wrong_2500_structures\C7NBD0.pdb,A,345,,5,2,0.4,-1.06,2,0,2,2,0.4,0.4,0.0
5939,94a26ef300723c26a6d464d7df5a5a0f MCSG-APC107270 A-1,0.0070705115795135,Low impact,3Dstructure\afdb_correct_to_wrong_2500_structures\C7NBD0.pdb,A,31,,7,3,0.42857142857142855,-1.7714285714285716,0,4,4,-4,0.5714285714285714,0.0,0.5714285714285714
5940,94a26ef300723c26a6d464d7df5a5a0f MCSG-APC107270 A-1,0.0069580376148223,Low impact,3Dstructure\afdb_correct_to_wrong_2500_structures\C7NBD0.pdb,A,89,,8,1,0.125,-2.2,2,2,4,0,0.5,0.25,0.25
5941,94a26ef300723c26a6d464d7df5a5a0f MCSG-APC107270 A-1,0.00690358877182,Low impact,3Dstructure\afdb_correct_to_wrong_2500_structures\C7NBD0.pdb,A,338,,11,6,0.5454545454545454,0.0181818181818182,3,2,5,1,0.45454545454545453,0.2727272727272727,0.18181818181818182
5942,94a26ef300723c26a6d464d7df5a5a0f MCSG-APC107270 A-1,0.0067792832851409,Low impact,3Dstructure\afdb_correct_to_wrong_2500_structures\C7NBD0.pdb,A,5,,8,2,0.25,-2.0875,2,2,4,0,0.5,0.25,0.25
5943,94a26ef300723c26a6d464d7df5a5a0f MCSG-APC107270 A-1,0.0067290663719177,Low impact,3Dstructure\afdb_correct_to_wrong_2500_structures\C7NBD0.pdb,A,240,,11,6,0.5454545454545454,-0.11818181818181812,0,4,4,-4,0.36363636363636365,0.0,0.36363636363636365
5944,94a26ef300723c26a6d464d7df5a5a0f MCSG-APC107270 A-1,0.0066270232200622,Low impact,3Dstructure\afdb_correct_to_wrong_2500_structures\C7NBD0.pdb,A,199,,11,4,0.36363636363636365,-1.1909090909090911,3,3,6,0,0.5454545454545454,0.2727272727272727,0.2727272727272727
5945,94a26ef300723c26a6d464d7df5a5a0f MCSG-APC107270 A-1,0.0065725445747375,Low impact,3Dstructure\afdb_correct_to_wrong_2500_structures\C7NBD0.pdb,A,269,,7,5,0.7142857142857143,0.35714285714285704,1,0,1,1,0.14285714285714285,0.14285714285714285,0.0
5946,94a26ef300723c26a6d464d7df5a5a0f MCSG-APC107270 A-1,0.0065695643424987,Low impact,3Dstructure\afdb_correct_to_wrong_2500_structures\C7NBD0.pdb,A,287,,8,3,0.375,-0.675,0,3,3,-3,0.375,0.0,0.375
5947,94a26ef300723c26a6d464d7df5a5a0f MCSG-APC107270 A-1,0.0065453648567199,Low impact,3Dstructure\afdb_correct_to_wrong_2500_structures\C7NBD0.pdb,A,310,,7,3,0.42857142857142855,0.8142857142857143,0,0,0,0,0.0,0.0,0.0
5948,94a26ef300723c26a6d464d7df5a5a0f MCSG-APC107270 A-1,0.0064444541931152,Low impact,3Dstructure\afdb_correct_to_wrong_2500_structures\C7NBD0.pdb,A,90,,9,3,0.3333333333333333,-0.4888888888888887,2,2,4,0,0.4444444444444444,0.2222222222222222,0.2222222222222222
5949,94a26ef300723c26a6d464d7df5a5a0f MCSG-APC107270 A-1,0.0064298510551452,Low impact,3Dstructure\afdb_correct_to_wrong_2500_structures\C7NBD0.pdb,A,197,,9,5,0.5555555555555556,0.44444444444444436,2,1,3,1,0.3333333333333333,0.2222222222222222,0.1111111111111111
5950,94a26ef300723c26a6d464d7df5a5a0f MCSG-APC107270 A-1,0.0064280331134796,Low impact,3Dstructure\afdb_correct_to_wrong_2500_structures\C7NBD0.pdb,A,78,,10,4,0.4,-1.14,3,2,5,1,0.5,0.3,0.2
5951,94a26ef300723c26a6d464d7df5a5a0f MCSG-APC107270 A-1,0.0064199566841125,Low impact,3Dstructure\afdb_correct_to_wrong_2500_structures\C7NBD0.pdb,A,188,,6,2,0.3333333333333333,-1.0666666666666667,1,3,4,-2,0.6666666666666666,0.16666666666666666,0.5
5952,94a26ef300723c26a6d464d7df5a5a0f MCSG-APC107270 A-1,0.0064089000225067,Low impact,3Dstructure\afdb_correct_to_wrong_2500_structures\C7NBD0.pdb,A,250,,12,4,0.3333333333333333,-1.0166666666666666,1,2,3,-1,0.25,0.08333333333333333,0.16666666666666666
5953,94a26ef300723c26a6d464d7df5a5a0f MCSG-APC107270 A-1,0.0062915086746215,Low impact,3Dstructure\afdb_correct_to_wrong_2500_structures\C7NBD0.pdb,A,264,,5,2,0.4,-1.54,1,0,1,1,0.2,0.2,0.0
5954,94a26ef300723c26a6d464d7df5a5a0f MCSG-APC107270 A-1,0.0062730610370635,Low impact,3Dstructure\afdb_correct_to_wrong_2500_structures\C7NBD0.pdb,A,260,,6,3,0.5,-0.1499999999999999,2,0,2,2,0.3333333333333333,0.3333333333333333,0.0
5955,94a26ef300723c26a6d464d7df5a5a0f MCSG-APC107270 A-1,0.0061906278133392,Low impact,3Dstructure\afdb_correct_to_wrong_2500_structures\C7NBD0.pdb,A,221,,9,4,0.4444444444444444,-0.02222222222222224,0,2,2,-2,0.2222222222222222,0.0,0.2222222222222222
5956,94a26ef300723c26a6d464d7df5a5a0f MCSG-APC107270 A-1,0.0061439573764801,Low impact,3Dstructure\afdb_correct_to_wrong_2500_structures\C7NBD0.pdb,A,118,,10,6,0.6,0.2599999999999999,2,0,2,2,0.2,0.2,0.0
5957,94a26ef300723c26a6d464d7df5a5a0f MCSG-APC107270 A-1,0.0059403777122497,Low impact,3Dstructure\afdb_correct_to_wrong_2500_structures\C7NBD0.pdb,A,41,,9,5,0.5555555555555556,0.3888888888888888,3,0,3,3,0.3333333333333333,0.3333333333333333,0.0
5958,94a26ef300723c26a6d464d7df5a5a0f MCSG-APC107270 A-1,0.0059370994567871,Low impact,3Dstructure\afdb_correct_to_wrong_2500_structures\C7NBD0.pdb,A,272,,7,6,0.8571428571428571,-0.0285714285714286,1,0,1,1,0.14285714285714285,0.14285714285714285,0.0
5959,94a26ef300723c26a6d464d7df5a5a0f MCSG-APC107270 A-1,0.0058705210685729,Low impact,3Dstructure\afdb_correct_to_wrong_2500_structures\C7NBD0.pdb,A,180,,12,6,0.5,-0.5249999999999998,1,3,4,-2,0.3333333333333333,0.08333333333333333,0.25
5960,94a26ef300723c26a6d464d7df5a5a0f MCSG-APC107270 A-1,0.0056260526180267,Low impact,3Dstructure\afdb_correct_to_wrong_2500_structures\C7NBD0.pdb,A,153,,15,7,0.4666666666666667,-1.2533333333333332,3,2,5,1,0.3333333333333333,0.2,0.13333333333333333
5961,94a26ef300723c26a6d464d7df5a5a0f MCSG-APC107270 A-1,0.0054214000701904,Low impact,3Dstructure\afdb_correct_to_wrong_2500_structures\C7NBD0.pdb,A,163,,12,7,0.5833333333333334,0.008333333333333304,0,1,1,-1,0.08333333333333333,0.0,0.08333333333333333
5962,94a26ef300723c26a6d464d7df5a5a0f MCSG-APC107270 A-1,0.0053747594356536,Low impact,3Dstructure\afdb_correct_to_wrong_2500_structures\C7NBD0.pdb,A,324,,10,3,0.3,-1.26,4,3,7,1,0.7,0.4,0.3
5963,94a26ef300723c26a6d464d7df5a5a0f MCSG-APC107270 A-1,0.0053260922431945,Low impact,3Dstructure\afdb_correct_to_wrong_2500_structures\C7NBD0.pdb,A,292,,9,5,0.5555555555555556,0.0666666666666666,1,1,2,0,0.2222222222222222,0.1111111111111111,0.1111111111111111
5964,94a26ef300723c26a6d464d7df5a5a0f MCSG-APC107270 A-1,0.0053096413612365,Low impact,3Dstructure\afdb_correct_to_wrong_2500_structures\C7NBD0.pdb,A,59,,12,5,0.4166666666666667,0.3416666666666666,0,2,2,-2,0.16666666666666666,0.0,0.16666666666666666
5965,94a26ef300723c26a6d464d7df5a5a0f MCSG-APC107270 A-1,0.0052933692932128,Low impact,3Dstructure\afdb_correct_to_wrong_2500_structures\C7NBD0.pdb,A,248,,6,5,0.8333333333333334,0.15000000000000002,0,0,0,0,0.0,0.0,0.0
5966,94a26ef300723c26a6d464d7df5a5a0f MCSG-APC107270 A-1,0.005291610956192,Low impact,3Dstructure\afdb_correct_to_wrong_2500_structures\C7NBD0.pdb,A,286,,6,2,0.3333333333333333,-1.0166666666666666,1,2,3,-1,0.5,0.16666666666666666,0.3333333333333333
5967,94a26ef300723c26a6d464d7df5a5a0f MCSG-APC107270 A-1,0.0052635073661804,Low impact,3Dstructure\afdb_correct_to_wrong_2500_structures\C7NBD0.pdb,A,235,,7,1,0.14285714285714285,-2.1999999999999997,0,4,4,-4,0.5714285714285714,0.0,0.5714285714285714
5968,94a26ef300723c26a6d464d7df5a5a0f MCSG-APC107270 A-1,0.0051965415477752,Low impact,3Dstructure\afdb_correct_to_wrong_2500_structures\C7NBD0.pdb,A,342,,8,3,0.375,-1.75,3,1,4,2,0.5,0.375,0.125
5969,94a26ef300723c26a6d464d7df5a5a0f MCSG-APC107270 A-1,0.0051596164703369,Low impact,3Dstructure\afdb_correct_to_wrong_2500_structures\C7NBD0.pdb,A,50,,8,4,0.5,0.48750000000000016,1,1,2,0,0.25,0.125,0.125
5970,94a26ef300723c26a6d464d7df5a5a0f MCSG-APC107270 A-1,0.0051008462905883,Low impact,3Dstructure\afdb_correct_to_wrong_2500_structures\C7NBD0.pdb,A,84,,4,2,0.5,-1.1250000000000002,0,2,2,-2,0.5,0.0,0.5
5971,94a26ef300723c26a6d464d7df5a5a0f MCSG-APC107270 A-1,0.005095899105072,Low impact,3Dstructure\afdb_correct_to_wrong_2500_structures\C7NBD0.pdb,A,267,,4,2,0.5,-1.1500000000000001,0,0,0,0,0.0,0.0,0.0
5972,94a26ef300723c26a6d464d7df5a5a0f MCSG-APC107270 A-1,0.0050864815711975,Low impact,3Dstructure\afdb_correct_to_wrong_2500_structures\C7NBD0.pdb,A,147,,12,7,0.5833333333333334,-0.4250000000000002,2,1,3,1,0.25,0.16666666666666666,0.08333333333333333
5973,94a26ef300723c26a6d464d7df5a5a0f MCSG-APC107270 A-1,0.0050765573978424,Low impact,3Dstructure\afdb_correct_to_wrong_2500_structures\C7NBD0.pdb,A,265,,6,2,0.3333333333333333,-1.1833333333333333,1,1,2,0,0.3333333333333333,0.16666666666666666,0.16666666666666666
5974,94a26ef300723c26a6d464d7df5a5a0f MCSG-APC107270 A-1,0.0050556659698486,Low impact,3Dstructure\afdb_correct_to_wrong_2500_structures\C7NBD0.pdb,A,100,,12,6,0.5,-0.20000000000000004,0,2,2,-2,0.16666666666666666,0.0,0.16666666666666666
5975,94a26ef300723c26a6d464d7df5a5a0f MCSG-APC107270 A-1,0.0050190985202789,Low impact,3Dstructure\afdb_correct_to_wrong_2500_structures\C7NBD0.pdb,A,302,,9,4,0.4444444444444444,0.3111111111111111,1,3,4,-2,0.4444444444444444,0.1111111111111111,0.3333333333333333
5976,94a26ef300723c26a6d464d7df5a5a0f MCSG-APC107270 A-1,0.0050187408924102,Low impact,3Dstructure\afdb_correct_to_wrong_2500_structures\C7NBD0.pdb,A,362,,10,4,0.4,0.76,0,1,1,-1,0.1,0.0,0.1
5977,94a26ef300723c26a6d464d7df5a5a0f MCSG-APC107270 A-1,0.0049733519554138,Low impact,3Dstructure\afdb_correct_to_wrong_2500_structures\C7NBD0.pdb,A,22,,11,4,0.36363636363636365,-1.4909090909090912,1,2,3,-1,0.2727272727272727,0.09090909090909091,0.18181818181818182
5978,94a26ef300723c26a6d464d7df5a5a0f MCSG-APC107270 A-1,0.004939466714859,Low impact,3Dstructure\afdb_correct_to_wrong_2500_structures\C7NBD0.pdb,A,102,,9,4,0.4444444444444444,-1.0777777777777777,1,2,3,-1,0.3333333333333333,0.1111111111111111,0.2222222222222222
5979,94a26ef300723c26a6d464d7df5a5a0f MCSG-APC107270 A-1,0.0049322843551635,Low impact,3Dstructure\afdb_correct_to_wrong_2500_structures\C7NBD0.pdb,A,297,,8,4,0.5,0.2749999999999999,2,2,4,0,0.5,0.25,0.25
5980,94a26ef300723c26a6d464d7df5a5a0f MCSG-APC107270 A-1,0.0048218369483947,Low impact,3Dstructure\afdb_correct_to_wrong_2500_structures\C7NBD0.pdb,A,21,,8,3,0.375,-1.4500000000000002,3,0,3,3,0.375,0.375,0.0
5981,94a26ef300723c26a6d464d7df5a5a0f MCSG-APC107270 A-1,0.004804641008377,Low impact,3Dstructure\afdb_correct_to_wrong_2500_structures\C7NBD0.pdb,A,129,,14,7,0.5,-0.12857142857142861,2,0,2,2,0.14285714285714285,0.14285714285714285,0.0
5982,94a26ef300723c26a6d464d7df5a5a0f MCSG-APC107270 A-1,0.0047633647918701,Low impact,3Dstructure\afdb_correct_to_wrong_2500_structures\C7NBD0.pdb,A,98,,14,9,0.6428571428571429,-0.10000000000000002,0,0,0,0,0.0,0.0,0.0
5983,94a26ef300723c26a6d464d7df5a5a0f MCSG-APC107270 A-1,0.004751831293106,Low impact,3Dstructure\afdb_correct_to_wrong_2500_structures\C7NBD0.pdb,A,138,,13,5,0.38461538461538464,-0.7307692307692311,2,1,3,1,0.23076923076923078,0.15384615384615385,0.07692307692307693
5984,94a26ef300723c26a6d464d7df5a5a0f MCSG-APC107270 A-1,0.0046680271625518,Low impact,3Dstructure\afdb_correct_to_wrong_2500_structures\C7NBD0.pdb,A,80,,7,3,0.42857142857142855,-1.2,1,2,3,-1,0.42857142857142855,0.14285714285714285,0.2857142857142857
5985,94a26ef300723c26a6d464d7df5a5a0f MCSG-APC107270 A-1,0.0046426653861999,Low impact,3Dstructure\afdb_correct_to_wrong_2500_structures\C7NBD0.pdb,A,360,,7,3,0.42857142857142855,-0.48571428571428577,2,1,3,1,0.42857142857142855,0.2857142857142857,0.14285714285714285
5986,94a26ef300723c26a6d464d7df5a5a0f MCSG-APC107270 A-1,0.0045918822288513,Low impact,3Dstructure\afdb_correct_to_wrong_2500_structures\C7NBD0.pdb,A,241,,13,6,0.46153846153846156,-1.1538461538461542,1,5,6,-4,0.46153846153846156,0.07692307692307693,0.38461538461538464
5987,94a26ef300723c26a6d464d7df5a5a0f MCSG-APC107270 A-1,0.0045726597309112,Low impact,3Dstructure\afdb_correct_to_wrong_2500_structures\C7NBD0.pdb,A,343,,6,2,0.3333333333333333,-0.5500000000000002,1,2,3,-1,0.5,0.16666666666666666,0.3333333333333333
5988,94a26ef300723c26a6d464d7df5a5a0f MCSG-APC107270 A-1,0.004552274942398,Low impact,3Dstructure\afdb_correct_to_wrong_2500_structures\C7NBD0.pdb,A,209,,11,6,0.5454545454545454,-0.25454545454545463,2,1,3,1,0.2727272727272727,0.18181818181818182,0.09090909090909091
5989,94a26ef300723c26a6d464d7df5a5a0f MCSG-APC107270 A-1,0.0045265257358551,Low impact,3Dstructure\afdb_correct_to_wrong_2500_structures\C7NBD0.pdb,A,176,,11,4,0.36363636363636365,-0.9909090909090907,2,2,4,0,0.36363636363636365,0.18181818181818182,0.18181818181818182
5990,94a26ef300723c26a6d464d7df5a5a0f MCSG-APC107270 A-1,0.0045256614685058,Low impact,3Dstructure\afdb_correct_to_wrong_2500_structures\C7NBD0.pdb,A,75,,12,9,0.75,1.675,1,1,2,0,0.16666666666666666,0.08333333333333333,0.08333333333333333
5991,94a26ef300723c26a6d464d7df5a5a0f MCSG-APC107270 A-1,0.0044840574264526,Low impact,3Dstructure\afdb_correct_to_wrong_2500_structures\C7NBD0.pdb,A,182,,11,6,0.5454545454545454,0.018181818181818278,2,3,5,-1,0.45454545454545453,0.18181818181818182,0.2727272727272727
5992,94a26ef300723c26a6d464d7df5a5a0f MCSG-APC107270 A-1,0.0044747292995452,Low impact,3Dstructure\afdb_correct_to_wrong_2500_structures\C7NBD0.pdb,A,32,,9,4,0.4444444444444444,-1.5777777777777777,0,4,4,-4,0.4444444444444444,0.0,0.4444444444444444
5993,94a26ef300723c26a6d464d7df5a5a0f MCSG-APC107270 A-1,0.004405528306961,Low impact,3Dstructure\afdb_correct_to_wrong_2500_structures\C7NBD0.pdb,A,271,,8,5,0.625,-0.42499999999999993,1,1,2,0,0.25,0.125,0.125
5994,94a26ef300723c26a6d464d7df5a5a0f MCSG-APC107270 A-1,0.0043394267559051,Low impact,3Dstructure\afdb_correct_to_wrong_2500_structures\C7NBD0.pdb,A,52,,7,3,0.42857142857142855,0.6571428571428574,0,1,1,-1,0.14285714285714285,0.0,0.14285714285714285
5995,94a26ef300723c26a6d464d7df5a5a0f MCSG-APC107270 A-1,0.0042664110660552,Low impact,3Dstructure\afdb_correct_to_wrong_2500_structures\C7NBD0.pdb,A,194,,6,2,0.3333333333333333,-1.4666666666666668,1,3,4,-2,0.6666666666666666,0.16666666666666666,0.5
5996,94a26ef300723c26a6d464d7df5a5a0f MCSG-APC107270 A-1,0.0042649209499359,Low impact,3Dstructure\afdb_correct_to_wrong_2500_structures\C7NBD0.pdb,A,169,,13,7,0.5384615384615384,-0.6615384615384616,0,2,2,-2,0.15384615384615385,0.0,0.15384615384615385
5997,94a26ef300723c26a6d464d7df5a5a0f MCSG-APC107270 A-1,0.0042560994625091,Low impact,3Dstructure\afdb_correct_to_wrong_2500_structures\C7NBD0.pdb,A,198,,10,4,0.4,-0.5799999999999998,3,2,5,1,0.5,0.3,0.2
5998,94a26ef300723c26a6d464d7df5a5a0f MCSG-APC107270 A-1,0.004175841808319,Low impact,3Dstructure\afdb_correct_to_wrong_2500_structures\C7NBD0.pdb,A,322,,8,1,0.125,-2.3125,3,3,6,0,0.75,0.375,0.375
5999,94a26ef300723c26a6d464d7df5a5a0f MCSG-APC107270 A-1,0.0041334629058837,Low impact,3Dstructure\afdb_correct_to_wrong_2500_structures\C7NBD0.pdb,A,255,,8,2,0.25,-1.65,2,2,4,0,0.5,0.25,0.25
6000,94a26ef300723c26a6d464d7df5a5a0f MCSG-APC107270 A-1,0.0040816366672515,Low impact,3Dstructure\afdb_correct_to_wrong_2500_structures\C7NBD0.pdb,A,70,,7,4,0.5714285714285714,-0.7428571428571429,2,0,2,2,0.2857142857142857,0.2857142857142857,0.0
6001,94a26ef300723c26a6d464d7df5a5a0f MCSG-APC107270 A-1,0.0040254294872283,Low impact,3Dstructure\afdb_correct_to_wrong_2500_structures\C7NBD0.pdb,A,319,,8,0,0.0,-2.2125000000000004,3,2,5,1,0.625,0.375,0.25
6002,94a26ef300723c26a6d464d7df5a5a0f MCSG-APC107270 A-1,0.0040076673030853,Low impact,3Dstructure\afdb_correct_to_wrong_2500_structures\C7NBD0.pdb,A,288,,11,4,0.36363636363636365,-1.0363636363636366,2,3,5,-1,0.45454545454545453,0.18181818181818182,0.2727272727272727
6003,94a26ef300723c26a6d464d7df5a5a0f MCSG-APC107270 A-1,0.0040051937103271,Low impact,3Dstructure\afdb_correct_to_wrong_2500_structures\C7NBD0.pdb,A,190,,4,1,0.25,-2.125,2,1,3,1,0.75,0.5,0.25
6004,94a26ef300723c26a6d464d7df5a5a0f MCSG-APC107270 A-1,0.0039843320846557,Low impact,3Dstructure\afdb_correct_to_wrong_2500_structures\C7NBD0.pdb,A,371,,4,0,0.0,-3.7,2,1,3,1,0.75,0.5,0.25
6005,94a26ef300723c26a6d464d7df5a5a0f MCSG-APC107270 A-1,0.0039807856082916,Low impact,3Dstructure\afdb_correct_to_wrong_2500_structures\C7NBD0.pdb,A,237,,7,5,0.7142857142857143,1.0999999999999999,0,2,2,-2,0.2857142857142857,0.0,0.2857142857142857
6006,94a26ef300723c26a6d464d7df5a5a0f MCSG-APC107270 A-1,0.0039553940296173,Low impact,3Dstructure\afdb_correct_to_wrong_2500_structures\C7NBD0.pdb,A,243,,12,9,0.75,0.8833333333333333,0,2,2,-2,0.16666666666666666,0.0,0.16666666666666666
6007,94a26ef300723c26a6d464d7df5a5a0f MCSG-APC107270 A-1,0.0039152204990386,Low impact,3Dstructure\afdb_correct_to_wrong_2500_structures\C7NBD0.pdb,A,29,,9,4,0.4444444444444444,-0.06666666666666655,1,2,3,-1,0.3333333333333333,0.1111111111111111,0.2222222222222222
6008,94a26ef300723c26a6d464d7df5a5a0f MCSG-APC107270 A-1,0.0039002299308776,Low impact,3Dstructure\afdb_correct_to_wrong_2500_structures\C7NBD0.pdb,A,151,,9,5,0.5555555555555556,-0.6777777777777778,1,2,3,-1,0.3333333333333333,0.1111111111111111,0.2222222222222222
6009,94a26ef300723c26a6d464d7df5a5a0f MCSG-APC107270 A-1,0.0038830339908599,Low impact,3Dstructure\afdb_correct_to_wrong_2500_structures\C7NBD0.pdb,A,62,,11,8,0.7272727272727273,0.6636363636363637,0,1,1,-1,0.09090909090909091,0.0,0.09090909090909091
6010,94a26ef300723c26a6d464d7df5a5a0f MCSG-APC107270 A-1,0.0038576424121856,Low impact,3Dstructure\afdb_correct_to_wrong_2500_structures\C7NBD0.pdb,A,307,,7,2,0.2857142857142857,-0.4428571428571428,1,1,2,0,0.2857142857142857,0.14285714285714285,0.14285714285714285
6011,94a26ef300723c26a6d464d7df5a5a0f MCSG-APC107270 A-1,0.0038569271564483,Low impact,3Dstructure\afdb_correct_to_wrong_2500_structures\C7NBD0.pdb,A,270,,5,3,0.6,-0.2800000000000001,1,0,1,1,0.2,0.2,0.0
6012,94a26ef300723c26a6d464d7df5a5a0f MCSG-APC107270 A-1,0.0038337111473083,Low impact,3Dstructure\afdb_correct_to_wrong_2500_structures\C7NBD0.pdb,A,296,,9,5,0.5555555555555556,0.5888888888888888,3,1,4,2,0.4444444444444444,0.3333333333333333,0.1111111111111111
6013,94a26ef300723c26a6d464d7df5a5a0f MCSG-APC107270 A-1,0.0037873685359954,Low impact,3Dstructure\afdb_correct_to_wrong_2500_structures\C7NBD0.pdb,A,340,,9,5,0.5555555555555556,-0.45555555555555544,1,2,3,-1,0.3333333333333333,0.1111111111111111,0.2222222222222222
6014,94a26ef300723c26a6d464d7df5a5a0f MCSG-APC107270 A-1,0.0037120580673217,Low impact,3Dstructure\afdb_correct_to_wrong_2500_structures\C7NBD0.pdb,A,88,,8,2,0.25,-1.1625,1,2,3,-1,0.375,0.125,0.25
6015,94a26ef300723c26a6d464d7df5a5a0f MCSG-APC107270 A-1,0.0036535263061523,Low impact,3Dstructure\afdb_correct_to_wrong_2500_structures\C7NBD0.pdb,A,189,,6,3,0.5,-0.01666666666666668,1,2,3,-1,0.5,0.16666666666666666,0.3333333333333333
6016,94a26ef300723c26a6d464d7df5a5a0f MCSG-APC107270 A-1,0.0036177337169647,Low impact,3Dstructure\afdb_correct_to_wrong_2500_structures\C7NBD0.pdb,A,200,,11,6,0.5454545454545454,-0.10909090909090918,2,2,4,0,0.36363636363636365,0.18181818181818182,0.18181818181818182
6017,94a26ef300723c26a6d464d7df5a5a0f MCSG-APC107270 A-1,0.0035521984100341,Low impact,3Dstructure\afdb_correct_to_wrong_2500_structures\C7NBD0.pdb,A,219,,10,5,0.5,-0.25,0,1,1,-1,0.1,0.0,0.1
6018,94a26ef300723c26a6d464d7df5a5a0f MCSG-APC107270 A-1,0.0035450458526611,Low impact,3Dstructure\afdb_correct_to_wrong_2500_structures\C7NBD0.pdb,A,135,,12,5,0.4166666666666667,-0.9833333333333335,1,1,2,0,0.16666666666666666,0.08333333333333333,0.08333333333333333
6019,94a26ef300723c26a6d464d7df5a5a0f MCSG-APC107270 A-1,0.0035254061222076,Low impact,3Dstructure\afdb_correct_to_wrong_2500_structures\C7NBD0.pdb,A,218,,11,5,0.45454545454545453,-0.2636363636363636,0,4,4,-4,0.36363636363636365,0.0,0.36363636363636365
6020,94a26ef300723c26a6d464d7df5a5a0f MCSG-APC107270 A-1,0.0034659206867218,Low impact,3Dstructure\afdb_correct_to_wrong_2500_structures\C7NBD0.pdb,A,157,,7,2,0.2857142857142857,-0.4571428571428572,0,1,1,-1,0.14285714285714285,0.0,0.14285714285714285
6021,94a26ef300723c26a6d464d7df5a5a0f MCSG-APC107270 A-1,0.0034141540527343,Low impact,3Dstructure\afdb_correct_to_wrong_2500_structures\C7NBD0.pdb,A,207,,10,6,0.6,0.29999999999999993,1,0,1,1,0.1,0.1,0.0
6022,94a26ef300723c26a6d464d7df5a5a0f MCSG-APC107270 A-1,0.003316581249237,Low impact,3Dstructure\afdb_correct_to_wrong_2500_structures\C7NBD0.pdb,A,258,,8,4,0.5,-1.3125,3,1,4,2,0.5,0.375,0.125
6023,94a26ef300723c26a6d464d7df5a5a0f MCSG-APC107270 A-1,0.0032273828983306,Low impact,3Dstructure\afdb_correct_to_wrong_2500_structures\C7NBD0.pdb,A,69,,6,3,0.5,-1.4333333333333333,1,1,2,0,0.3333333333333333,0.16666666666666666,0.16666666666666666
6024,94a26ef300723c26a6d464d7df5a5a0f MCSG-APC107270 A-1,0.0031337738037109,Low impact,3Dstructure\afdb_correct_to_wrong_2500_structures\C7NBD0.pdb,A,133,,14,9,0.6428571428571429,-0.07142857142857144,1,1,2,0,0.14285714285714285,0.07142857142857142,0.07142857142857142
6025,94a26ef300723c26a6d464d7df5a5a0f MCSG-APC107270 A-1,0.0030761659145355,Low impact,3Dstructure\afdb_correct_to_wrong_2500_structures\C7NBD0.pdb,A,64,,9,4,0.4444444444444444,-1.6,0,3,3,-3,0.3333333333333333,0.0,0.3333333333333333
6026,94a26ef300723c26a6d464d7df5a5a0f MCSG-APC107270 A-1,0.0030761659145355,Low impact,3Dstructure\afdb_correct_to_wrong_2500_structures\C7NBD0.pdb,A,369,,9,3,0.3333333333333333,-0.1555555555555555,3,1,4,2,0.4444444444444444,0.3333333333333333,0.1111111111111111
6027,94a26ef300723c26a6d464d7df5a5a0f MCSG-APC107270 A-1,0.0029785931110382,Low impact,3Dstructure\afdb_correct_to_wrong_2500_structures\C7NBD0.pdb,A,293,,8,4,0.5,0.11249999999999993,1,1,2,0,0.25,0.125,0.125
6028,94a26ef300723c26a6d464d7df5a5a0f MCSG-APC107270 A-1,0.0029234290122985,Low impact,3Dstructure\afdb_correct_to_wrong_2500_structures\C7NBD0.pdb,A,306,,12,4,0.3333333333333333,-0.6166666666666667,2,3,5,-1,0.4166666666666667,0.16666666666666666,0.25
6029,94a26ef300723c26a6d464d7df5a5a0f MCSG-APC107270 A-1,0.0029022097587585,Low impact,3Dstructure\afdb_correct_to_wrong_2500_structures\C7NBD0.pdb,A,228,,7,5,0.7142857142857143,1.614285714285714,0,1,1,-1,0.14285714285714285,0.0,0.14285714285714285
6030,94a26ef300723c26a6d464d7df5a5a0f MCSG-APC107270 A-1,0.0028966963291168,Low impact,3Dstructure\afdb_correct_to_wrong_2500_structures\C7NBD0.pdb,A,184,,9,6,0.6666666666666666,0.911111111111111,2,1,3,1,0.3333333333333333,0.2222222222222222,0.1111111111111111
6031,94a26ef300723c26a6d464d7df5a5a0f MCSG-APC107270 A-1,0.0028635263442993,Low impact,3Dstructure\afdb_correct_to_wrong_2500_structures\C7NBD0.pdb,A,177,,7,3,0.42857142857142855,-0.6714285714285715,2,1,3,1,0.42857142857142855,0.2857142857142857,0.14285714285714285
6032,94a26ef300723c26a6d464d7df5a5a0f MCSG-APC107270 A-1,0.0028535425662994,Low impact,3Dstructure\afdb_correct_to_wrong_2500_structures\C7NBD0.pdb,A,334,,9,4,0.4444444444444444,-1.2777777777777777,2,1,3,1,0.3333333333333333,0.2222222222222222,0.1111111111111111
6033,94a26ef300723c26a6d464d7df5a5a0f MCSG-APC107270 A-1,0.0028126239776611,Low impact,3Dstructure\afdb_correct_to_wrong_2500_structures\C7NBD0.pdb,A,17,,8,4,0.5,-0.95,1,2,3,-1,0.375,0.125,0.25
6034,94a26ef300723c26a6d464d7df5a5a0f MCSG-APC107270 A-1,0.0027942955493927,Low impact,3Dstructure\afdb_correct_to_wrong_2500_structures\C7NBD0.pdb,A,195,,6,3,0.5,3.700743415417188e-17,0,2,2,-2,0.3333333333333333,0.0,0.3333333333333333
6035,94a26ef300723c26a6d464d7df5a5a0f MCSG-APC107270 A-1,0.0026429891586303,Low impact,3Dstructure\afdb_correct_to_wrong_2500_structures\C7NBD0.pdb,A,37,,11,8,0.7272727272727273,0.4272727272727273,0,3,3,-3,0.2727272727272727,0.0,0.2727272727272727
6036,94a26ef300723c26a6d464d7df5a5a0f MCSG-APC107270 A-1,0.0026281476020812,Low impact,3Dstructure\afdb_correct_to_wrong_2500_structures\C7NBD0.pdb,A,109,,11,4,0.36363636363636365,-1.5454545454545454,3,3,6,0,0.5454545454545454,0.2727272727272727,0.2727272727272727
6037,94a26ef300723c26a6d464d7df5a5a0f MCSG-APC107270 A-1,0.002593457698822,Low impact,3Dstructure\afdb_correct_to_wrong_2500_structures\C7NBD0.pdb,A,86,,9,1,0.1111111111111111,-3.033333333333333,2,4,6,-2,0.6666666666666666,0.2222222222222222,0.4444444444444444
6038,94a26ef300723c26a6d464d7df5a5a0f MCSG-APC107270 A-1,0.0025525987148284,Low impact,3Dstructure\afdb_correct_to_wrong_2500_structures\C7NBD0.pdb,A,57,,11,7,0.6363636363636364,1.1545454545454545,1,1,2,0,0.18181818181818182,0.09090909090909091,0.09090909090909091
6039,94a26ef300723c26a6d464d7df5a5a0f MCSG-APC107270 A-1,0.0025075674057006,Low impact,3Dstructure\afdb_correct_to_wrong_2500_structures\C7NBD0.pdb,A,206,,11,6,0.5454545454545454,-0.26363636363636367,2,1,3,1,0.2727272727272727,0.18181818181818182,0.09090909090909091
6040,94a26ef300723c26a6d464d7df5a5a0f MCSG-APC107270 A-1,0.0024848878383636,Low impact,3Dstructure\afdb_correct_to_wrong_2500_structures\C7NBD0.pdb,A,164,,13,9,0.6923076923076923,0.8923076923076921,1,1,2,0,0.15384615384615385,0.07692307692307693,0.07692307692307693
6041,94a26ef300723c26a6d464d7df5a5a0f MCSG-APC107270 A-1,0.0024047791957855,Low impact,3Dstructure\afdb_correct_to_wrong_2500_structures\C7NBD0.pdb,A,110,,6,2,0.3333333333333333,-0.65,2,0,2,2,0.3333333333333333,0.3333333333333333,0.0
6042,94a26ef300723c26a6d464d7df5a5a0f MCSG-APC107270 A-1,0.0024034678936004,Low impact,3Dstructure\afdb_correct_to_wrong_2500_structures\C7NBD0.pdb,A,349,,4,1,0.25,-1.2999999999999998,2,0,2,2,0.5,0.5,0.0
6043,94a26ef300723c26a6d464d7df5a5a0f MCSG-APC107270 A-1,0.0023516416549682,Low impact,3Dstructure\afdb_correct_to_wrong_2500_structures\C7NBD0.pdb,A,262,,7,4,0.5714285714285714,-0.10000000000000002,1,1,2,0,0.2857142857142857,0.14285714285714285,0.14285714285714285
6044,94a26ef300723c26a6d464d7df5a5a0f MCSG-APC107270 A-1,0.0023499727249145,Low impact,3Dstructure\afdb_correct_to_wrong_2500_structures\C7NBD0.pdb,A,121,,8,3,0.375,-0.6874999999999999,2,0,2,2,0.25,0.25,0.0
6045,94a26ef300723c26a6d464d7df5a5a0f MCSG-APC107270 A-1,0.0023462772369384,Low impact,3Dstructure\afdb_correct_to_wrong_2500_structures\C7NBD0.pdb,A,156,,9,1,0.1111111111111111,-2.0555555555555554,1,2,3,-1,0.3333333333333333,0.1111111111111111,0.2222222222222222
6046,94a26ef300723c26a6d464d7df5a5a0f MCSG-APC107270 A-1,0.0022554397583007,Low impact,3Dstructure\afdb_correct_to_wrong_2500_structures\C7NBD0.pdb,A,318,,6,0,0.0,-3.233333333333333,3,2,5,1,0.8333333333333334,0.5,0.3333333333333333
6047,94a26ef300723c26a6d464d7df5a5a0f MCSG-APC107270 A-1,0.002223789691925,Low impact,3Dstructure\afdb_correct_to_wrong_2500_structures\C7NBD0.pdb,A,356,,6,2,0.3333333333333333,-1.7333333333333336,2,1,3,1,0.5,0.3333333333333333,0.16666666666666666
6048,94a26ef300723c26a6d464d7df5a5a0f MCSG-APC107270 A-1,0.0022205710411071,Low impact,3Dstructure\afdb_correct_to_wrong_2500_structures\C7NBD0.pdb,A,276,,11,8,0.7272727272727273,0.509090909090909,2,0,2,2,0.18181818181818182,0.18181818181818182,0.0
6049,94a26ef300723c26a6d464d7df5a5a0f MCSG-APC107270 A-1,0.0021300911903381,Low impact,3Dstructure\afdb_correct_to_wrong_2500_structures\C7NBD0.pdb,A,361,,9,3,0.3333333333333333,0.07777777777777789,1,1,2,0,0.2222222222222222,0.1111111111111111,0.1111111111111111
6050,94a26ef300723c26a6d464d7df5a5a0f MCSG-APC107270 A-1,0.002120167016983,Low impact,3Dstructure\afdb_correct_to_wrong_2500_structures\C7NBD0.pdb,A,234,,4,2,0.5,-0.3500000000000001,0,1,1,-1,0.25,0.0,0.25
6051,94a26ef300723c26a6d464d7df5a5a0f MCSG-APC107270 A-1,0.0020830333232879,Low impact,3Dstructure\afdb_correct_to_wrong_2500_structures\C7NBD0.pdb,A,27,,7,2,0.2857142857142857,-2.242857142857143,2,1,3,1,0.42857142857142855,0.2857142857142857,0.14285714285714285
6052,94a26ef300723c26a6d464d7df5a5a0f MCSG-APC107270 A-1,0.0020484626293182,Low impact,3Dstructure\afdb_correct_to_wrong_2500_structures\C7NBD0.pdb,A,275,,12,7,0.5833333333333334,-0.058333333333333424,1,1,2,0,0.16666666666666666,0.08333333333333333,0.08333333333333333
6053,94a26ef300723c26a6d464d7df5a5a0f MCSG-APC107270 A-1,0.0020292401313781,Low impact,3Dstructure\afdb_correct_to_wrong_2500_structures\C7NBD0.pdb,A,263,,6,4,0.6666666666666666,0.75,1,1,2,0,0.3333333333333333,0.16666666666666666,0.16666666666666666
6054,94a26ef300723c26a6d464d7df5a5a0f MCSG-APC107270 A-1,0.0020027458667755,Low impact,3Dstructure\afdb_correct_to_wrong_2500_structures\C7NBD0.pdb,A,158,,8,2,0.25,-1.375,1,2,3,-1,0.375,0.125,0.25
6055,94a26ef300723c26a6d464d7df5a5a0f MCSG-APC107270 A-1,0.0019816756248474,Low impact,3Dstructure\afdb_correct_to_wrong_2500_structures\C7NBD0.pdb,A,278,,13,8,0.6153846153846154,-0.5538461538461539,1,2,3,-1,0.23076923076923078,0.07692307692307693,0.15384615384615385
6056,94a26ef300723c26a6d464d7df5a5a0f MCSG-APC107270 A-1,0.0019360184669494,Low impact,3Dstructure\afdb_correct_to_wrong_2500_structures\C7NBD0.pdb,A,298,,9,3,0.3333333333333333,-1.0333333333333334,2,3,5,-1,0.5555555555555556,0.2222222222222222,0.3333333333333333
6057,94a26ef300723c26a6d464d7df5a5a0f MCSG-APC107270 A-1,0.0019236207008361,Low impact,3Dstructure\afdb_correct_to_wrong_2500_structures\C7NBD0.pdb,A,204,,12,6,0.5,-0.6916666666666668,3,0,3,3,0.25,0.25,0.0
6058,94a26ef300723c26a6d464d7df5a5a0f MCSG-APC107270 A-1,0.0019086301326751,Low impact,3Dstructure\afdb_correct_to_wrong_2500_structures\C7NBD0.pdb,A,85,,5,2,0.4,-1.0400000000000003,0,1,1,-1,0.2,0.0,0.2
6059,94a26ef300723c26a6d464d7df5a5a0f MCSG-APC107270 A-1,0.0018887221813201,Low impact,3Dstructure\afdb_correct_to_wrong_2500_structures\C7NBD0.pdb,A,123,,10,4,0.4,-0.5800000000000001,0,2,2,-2,0.2,0.0,0.2
6060,94a26ef300723c26a6d464d7df5a5a0f MCSG-APC107270 A-1,0.0018353462219238,Low impact,3Dstructure\afdb_correct_to_wrong_2500_structures\C7NBD0.pdb,A,196,,9,3,0.3333333333333333,-0.9444444444444444,2,1,3,1,0.3333333333333333,0.2222222222222222,0.1111111111111111
6061,94a26ef300723c26a6d464d7df5a5a0f MCSG-APC107270 A-1,0.0016968846321105,Low impact,3Dstructure\afdb_correct_to_wrong_2500_structures\C7NBD0.pdb,A,170,,13,6,0.46153846153846156,-0.7384615384615384,1,2,3,-1,0.23076923076923078,0.07692307692307693,0.15384615384615385
6105,27a02d83e51e9e4306c2c77ce53d2c1e MPP-GO.111739 A-0,0.0092931687831878,Low impact,3Dstructure\afdb_correct_to_wrong_2500_structures\E5KNU5.pdb,A,840,,13,9,0.6923076923076923,1.0923076923076924,0,0,0,0,0.0,0.0,0.0
6106,27a02d83e51e9e4306c2c77ce53d2c1e MPP-GO.111739 A-0,0.0091912448406219,Low impact,3Dstructure\afdb_correct_to_wrong_2500_structures\E5KNU5.pdb,A,853,,12,5,0.4166666666666667,0.43333333333333335,1,0,1,1,0.08333333333333333,0.08333333333333333,0.0
6107,27a02d83e51e9e4306c2c77ce53d2c1e MPP-GO.111739 A-0,0.0086144506931304,Low impact,3Dstructure\afdb_correct_to_wrong_2500_structures\E5KNU5.pdb,A,717,,4,2,0.5,0.125,0,0,0,0,0.0,0.0,0.0
6108,27a02d83e51e9e4306c2c77ce53d2c1e MPP-GO.111739 A-0,0.0082806646823883,Low impact,3Dstructure\afdb_correct_to_wrong_2500_structures\E5KNU5.pdb,A,436,,12,8,0.6666666666666666,0.7250000000000001,0,0,0,0,0.0,0.0,0.0
6109,27a02d83e51e9e4306c2c77ce53d2c1e MPP-GO.111739 A-0,0.0080703794956207,Low impact,3Dstructure\afdb_correct_to_wrong_2500_structures\E5KNU5.pdb,A,719,,5,3,0.6,0.43999999999999984,1,0,1,1,0.2,0.2,0.0
6110,27a02d83e51e9e4306c2c77ce53d2c1e MPP-GO.111739 A-0,0.0079241693019866,Low impact,3Dstructure\afdb_correct_to_wrong_2500_structures\E5KNU5.pdb,A,955,,12,6,0.5,0.18333333333333335,1,0,1,1,0.08333333333333333,0.08333333333333333,0.0
6111,27a02d83e51e9e4306c2c77ce53d2c1e MPP-GO.111739 A-0,0.0078532993793487,Low impact,3Dstructure\afdb_correct_to_wrong_2500_structures\E5KNU5.pdb,A,628,,6,1,0.16666666666666666,-1.416666666666667,1,1,2,0,0.3333333333333333,0.16666666666666666,0.16666666666666666
6112,27a02d83e51e9e4306c2c77ce53d2c1e MPP-GO.111739 A-0,0.0078296959400177,Low impact,3Dstructure\afdb_correct_to_wrong_2500_structures\E5KNU5.pdb,A,718,,4,2,0.5,1.325,0,0,0,0,0.0,0.0,0.0
6113,27a02d83e51e9e4306c2c77ce53d2c1e MPP-GO.111739 A-0,0.0077252089977264,Low impact,3Dstructure\afdb_correct_to_wrong_2500_structures\E5KNU5.pdb,A,528,,4,1,0.25,-1.675,0,2,2,-2,0.5,0.0,0.5
6114,27a02d83e51e9e4306c2c77ce53d2c1e MPP-GO.111739 A-0,0.0076159536838531,Low impact,3Dstructure\afdb_correct_to_wrong_2500_structures\E5KNU5.pdb,A,521,,4,1,0.25,-0.625,0,1,1,-1,0.25,0.0,0.25
6115,27a02d83e51e9e4306c2c77ce53d2c1e MPP-GO.111739 A-0,0.0074153840541839,Low impact,3Dstructure\afdb_correct_to_wrong_2500_structures\E5KNU5.pdb,A,1145,,10,4,0.4,-1.48,3,3,6,0,0.6,0.3,0.3
6116,27a02d83e51e9e4306c2c77ce53d2c1e MPP-GO.111739 A-0,0.0073666870594024,Low impact,3Dstructure\afdb_correct_to_wrong_2500_structures\E5KNU5.pdb,A,1176,,9,5,0.5555555555555556,0.47777777777777775,0,0,0,0,0.0,0.0,0.0
6117,27a02d83e51e9e4306c2c77ce53d2c1e MPP-GO.111739 A-0,0.0072701275348663,Low impact,3Dstructure\afdb_correct_to_wrong_2500_structures\E5KNU5.pdb,A,364,,9,3,0.3333333333333333,-0.9777777777777779,2,1,3,1,0.3333333333333333,0.2222222222222222,0.1111111111111111
6126,794b26b3d97429ed4c02b3cb763920f0 MCSG-APC111100 A-1,0.0093972086906433,Low impact,3Dstructure\afdb_correct_to_wrong_2500_structures\D2QVE6.pdb,A,119,,8,4,0.5,0.3875,2,1,3,1,0.375,0.25,0.125
6127,794b26b3d97429ed4c02b3cb763920f0 MCSG-APC111100 A-1,0.0093679428100585,Low impact,3Dstructure\afdb_correct_to_wrong_2500_structures\D2QVE6.pdb,A,186,,9,3,0.3333333333333333,-0.6333333333333334,2,0,2,2,0.2222222222222222,0.2222222222222222,0.0
6128,794b26b3d97429ed4c02b3cb763920f0 MCSG-APC111100 A-1,0.0091862976551055,Low impact,3Dstructure\afdb_correct_to_wrong_2500_structures\D2QVE6.pdb,A,109,,11,6,0.5454545454545454,0.25454545454545446,1,1,2,0,0.18181818181818182,0.09090909090909091,0.09090909090909091
6129,794b26b3d97429ed4c02b3cb763920f0 MCSG-APC111100 A-1,0.0090196728706359,Low impact,3Dstructure\afdb_correct_to_wrong_2500_structures\D2QVE6.pdb,A,157,,10,6,0.6,0.9199999999999999,0,2,2,-2,0.2,0.0,0.2
6130,794b26b3d97429ed4c02b3cb763920f0 MCSG-APC111100 A-1,0.009007841348648,Low impact,3Dstructure\afdb_correct_to_wrong_2500_structures\D2QVE6.pdb,A,211,,7,4,0.5714285714285714,0.9571428571428571,0,1,1,-1,0.14285714285714285,0.0,0.14285714285714285
6131,794b26b3d97429ed4c02b3cb763920f0 MCSG-APC111100 A-1,0.0089994370937347,Low impact,3Dstructure\afdb_correct_to_wrong_2500_structures\D2QVE6.pdb,A,197,,10,3,0.3,-0.8,2,2,4,0,0.4,0.2,0.2
6132,794b26b3d97429ed4c02b3cb763920f0 MCSG-APC111100 A-1,0.0089668929576873,Low impact,3Dstructure\afdb_correct_to_wrong_2500_structures\D2QVE6.pdb,A,45,,11,5,0.45454545454545453,-0.4181818181818183,0,3,3,-3,0.2727272727272727,0.0,0.2727272727272727
6133,794b26b3d97429ed4c02b3cb763920f0 MCSG-APC111100 A-1,0.0088063478469848,Low impact,3Dstructure\afdb_correct_to_wrong_2500_structures\D2QVE6.pdb,A,86,,8,3,0.375,-0.6,2,1,3,1,0.375,0.25,0.125
6134,794b26b3d97429ed4c02b3cb763920f0 MCSG-APC111100 A-1,0.0087754428386688,Low impact,3Dstructure\afdb_correct_to_wrong_2500_structures\D2QVE6.pdb,A,35,,6,2,0.3333333333333333,-0.5333333333333333,1,0,1,1,0.16666666666666666,0.16666666666666666,0.0
6135,794b26b3d97429ed4c02b3cb763920f0 MCSG-APC111100 A-1,0.0087554156780242,Low impact,3Dstructure\afdb_correct_to_wrong_2500_structures\D2QVE6.pdb,A,181,,10,5,0.5,1.4899999999999998,0,0,0,0,0.0,0.0,0.0
6136,794b26b3d97429ed4c02b3cb763920f0 MCSG-APC111100 A-1,0.0081701576709747,Low impact,3Dstructure\afdb_correct_to_wrong_2500_structures\D2QVE6.pdb,A,62,,12,7,0.5833333333333334,0.8583333333333333,1,2,3,-1,0.25,0.08333333333333333,0.16666666666666666
6137,794b26b3d97429ed4c02b3cb763920f0 MCSG-APC111100 A-1,0.0079852640628814,Low impact,3Dstructure\afdb_correct_to_wrong_2500_structures\D2QVE6.pdb,A,116,,9,4,0.4444444444444444,0.36666666666666653,2,1,3,1,0.3333333333333333,0.2222222222222222,0.1111111111111111
6138,794b26b3d97429ed4c02b3cb763920f0 MCSG-APC111100 A-1,0.0077233612537384,Low impact,3Dstructure\afdb_correct_to_wrong_2500_structures\D2QVE6.pdb,A,231,,4,1,0.25,-0.7250000000000001,0,1,1,-1,0.25,0.0,0.25
6139,794b26b3d97429ed4c02b3cb763920f0 MCSG-APC111100 A-1,0.0077006220817565,Low impact,3Dstructure\afdb_correct_to_wrong_2500_structures\D2QVE6.pdb,A,111,,9,3,0.3333333333333333,-0.2666666666666667,2,1,3,1,0.3333333333333333,0.2222222222222222,0.1111111111111111
6140,794b26b3d97429ed4c02b3cb763920f0 MCSG-APC111100 A-1,0.007577359676361,Low impact,3Dstructure\afdb_correct_to_wrong_2500_structures\D2QVE6.pdb,A,144,,9,2,0.2222222222222222,-0.6888888888888889,2,1,3,1,0.3333333333333333,0.2222222222222222,0.1111111111111111
6141,794b26b3d97429ed4c02b3cb763920f0 MCSG-APC111100 A-1,0.0075261890888214,Low impact,3Dstructure\afdb_correct_to_wrong_2500_structures\D2QVE6.pdb,A,169,,12,4,0.3333333333333333,-0.5750000000000001,2,1,3,1,0.25,0.16666666666666666,0.08333333333333333
6142,794b26b3d97429ed4c02b3cb763920f0 MCSG-APC111100 A-1,0.0074915289878845,Low impact,3Dstructure\afdb_correct_to_wrong_2500_structures\D2QVE6.pdb,A,49,,9,4,0.4444444444444444,-0.24444444444444446,2,1,3,1,0.3333333333333333,0.2222222222222222,0.1111111111111111
6143,794b26b3d97429ed4c02b3cb763920f0 MCSG-APC111100 A-1,0.0074250698089599,Low impact,3Dstructure\afdb_correct_to_wrong_2500_structures\D2QVE6.pdb,A,130,,12,8,0.6666666666666666,1.6083333333333334,0,3,3,-3,0.25,0.0,0.25
6144,794b26b3d97429ed4c02b3cb763920f0 MCSG-APC111100 A-1,0.007237821817398,Low impact,3Dstructure\afdb_correct_to_wrong_2500_structures\D2QVE6.pdb,A,36,,8,4,0.5,0.7374999999999998,1,0,1,1,0.125,0.125,0.0
6145,794b26b3d97429ed4c02b3cb763920f0 MCSG-APC111100 A-1,0.0070374011993408,Low impact,3Dstructure\afdb_correct_to_wrong_2500_structures\D2QVE6.pdb,A,118,,12,5,0.4166666666666667,0.06666666666666672,2,3,5,-1,0.4166666666666667,0.16666666666666666,0.25
6146,794b26b3d97429ed4c02b3cb763920f0 MCSG-APC111100 A-1,0.0068766474723815,Low impact,3Dstructure\afdb_correct_to_wrong_2500_structures\D2QVE6.pdb,A,48,,9,4,0.4444444444444444,-0.13333333333333336,2,0,2,2,0.2222222222222222,0.2222222222222222,0.0
6147,794b26b3d97429ed4c02b3cb763920f0 MCSG-APC111100 A-1,0.0067850947380065,Low impact,3Dstructure\afdb_correct_to_wrong_2500_structures\D2QVE6.pdb,A,142,,11,4,0.36363636363636365,-0.8,2,3,5,-1,0.45454545454545453,0.18181818181818182,0.2727272727272727
6148,794b26b3d97429ed4c02b3cb763920f0 MCSG-APC111100 A-1,0.0066106617450714,Low impact,3Dstructure\afdb_correct_to_wrong_2500_structures\D2QVE6.pdb,A,141,,8,4,0.5,0.08749999999999997,0,3,3,-3,0.375,0.0,0.375
6149,794b26b3d97429ed4c02b3cb763920f0 MCSG-APC111100 A-1,0.0065408945083618,Low impact,3Dstructure\afdb_correct_to_wrong_2500_structures\D2QVE6.pdb,A,15,,4,0,0.0,-2.15,0,1,1,-1,0.25,0.0,0.25
6150,794b26b3d97429ed4c02b3cb763920f0 MCSG-APC111100 A-1,0.0063157975673675,Low impact,3Dstructure\afdb_correct_to_wrong_2500_structures\D2QVE6.pdb,A,50,,12,6,0.5,0.5083333333333332,2,1,3,1,0.25,0.16666666666666666,0.08333333333333333
6151,794b26b3d97429ed4c02b3cb763920f0 MCSG-APC111100 A-1,0.0061716437339782,Low impact,3Dstructure\afdb_correct_to_wrong_2500_structures\D2QVE6.pdb,A,17,,4,0,0.0,-2.3000000000000003,1,0,1,1,0.25,0.25,0.0
6152,794b26b3d97429ed4c02b3cb763920f0 MCSG-APC111100 A-1,0.0061643123626708,Low impact,3Dstructure\afdb_correct_to_wrong_2500_structures\D2QVE6.pdb,A,31,,11,5,0.45454545454545453,-0.4818181818181818,3,1,4,2,0.36363636363636365,0.2727272727272727,0.09090909090909091
6153,794b26b3d97429ed4c02b3cb763920f0 MCSG-APC111100 A-1,0.0060579776763916,Low impact,3Dstructure\afdb_correct_to_wrong_2500_structures\D2QVE6.pdb,A,27,,8,5,0.625,1.0124999999999997,0,0,0,0,0.0,0.0,0.0
6154,794b26b3d97429ed4c02b3cb763920f0 MCSG-APC111100 A-1,0.0060319602489471,Low impact,3Dstructure\afdb_correct_to_wrong_2500_structures\D2QVE6.pdb,A,226,,8,3,0.375,-0.6499999999999999,1,3,4,-2,0.5,0.125,0.375
6155,794b26b3d97429ed4c02b3cb763920f0 MCSG-APC111100 A-1,0.0060175061225891,Low impact,3Dstructure\afdb_correct_to_wrong_2500_structures\D2QVE6.pdb,A,69,,6,2,0.3333333333333333,-0.6333333333333332,0,3,3,-3,0.5,0.0,0.5
6156,794b26b3d97429ed4c02b3cb763920f0 MCSG-APC111100 A-1,0.00591441988945,Low impact,3Dstructure\afdb_correct_to_wrong_2500_structures\D2QVE6.pdb,A,91,,12,5,0.4166666666666667,-0.8083333333333332,3,0,3,3,0.25,0.25,0.0
6157,794b26b3d97429ed4c02b3cb763920f0 MCSG-APC111100 A-1,0.0058193504810333,Low impact,3Dstructure\afdb_correct_to_wrong_2500_structures\D2QVE6.pdb,A,150,,12,6,0.5,0.6833333333333335,0,3,3,-3,0.25,0.0,0.25
6158,794b26b3d97429ed4c02b3cb763920f0 MCSG-APC111100 A-1,0.0057779848575592,Low impact,3Dstructure\afdb_correct_to_wrong_2500_structures\D2QVE6.pdb,A,88,,12,6,0.5,0.10833333333333332,2,0,2,2,0.16666666666666666,0.16666666666666666,0.0
6159,794b26b3d97429ed4c02b3cb763920f0 MCSG-APC111100 A-1,0.0057719647884368,Low impact,3Dstructure\afdb_correct_to_wrong_2500_structures\D2QVE6.pdb,A,81,,9,6,0.6666666666666666,0.4000000000000001,1,0,1,1,0.1111111111111111,0.1111111111111111,0.0
6160,794b26b3d97429ed4c02b3cb763920f0 MCSG-APC111100 A-1,0.0056887567043304,Low impact,3Dstructure\afdb_correct_to_wrong_2500_structures\D2QVE6.pdb,A,208,,8,4,0.5,0.012499999999999956,0,3,3,-3,0.375,0.0,0.375
6161,794b26b3d97429ed4c02b3cb763920f0 MCSG-APC111100 A-1,0.0054525434970855,Low impact,3Dstructure\afdb_correct_to_wrong_2500_structures\D2QVE6.pdb,A,3,,4,2,0.5,-0.45000000000000007,0,0,0,0,0.0,0.0,0.0
6162,794b26b3d97429ed4c02b3cb763920f0 MCSG-APC111100 A-1,0.0054265856742858,Low impact,3Dstructure\afdb_correct_to_wrong_2500_structures\D2QVE6.pdb,A,28,,11,6,0.5454545454545454,0.43636363636363634,0,0,0,0,0.0,0.0,0.0
6163,794b26b3d97429ed4c02b3cb763920f0 MCSG-APC111100 A-1,0.0053425133228302,Low impact,3Dstructure\afdb_correct_to_wrong_2500_structures\D2QVE6.pdb,A,97,,11,7,0.6363636363636364,0.6454545454545454,1,1,2,0,0.18181818181818182,0.09090909090909091,0.09090909090909091
6164,794b26b3d97429ed4c02b3cb763920f0 MCSG-APC111100 A-1,0.0053294599056243,Low impact,3Dstructure\afdb_correct_to_wrong_2500_structures\D2QVE6.pdb,A,104,,8,4,0.5,-0.2250000000000001,0,2,2,-2,0.25,0.0,0.25
6165,794b26b3d97429ed4c02b3cb763920f0 MCSG-APC111100 A-1,0.0052725672721862,Low impact,3Dstructure\afdb_correct_to_wrong_2500_structures\D2QVE6.pdb,A,90,,12,6,0.5,0.04999999999999997,1,1,2,0,0.16666666666666666,0.08333333333333333,0.08333333333333333
6166,794b26b3d97429ed4c02b3cb763920f0 MCSG-APC111100 A-1,0.0052692294120788,Low impact,3Dstructure\afdb_correct_to_wrong_2500_structures\D2QVE6.pdb,A,196,,10,4,0.4,-0.45999999999999985,3,1,4,2,0.4,0.3,0.1
6167,794b26b3d97429ed4c02b3cb763920f0 MCSG-APC111100 A-1,0.0050784945487976,Low impact,3Dstructure\afdb_correct_to_wrong_2500_structures\D2QVE6.pdb,A,190,,10,5,0.5,0.32,3,0,3,3,0.3,0.3,0.0
6168,794b26b3d97429ed4c02b3cb763920f0 MCSG-APC111100 A-1,0.0049862265586853,Low impact,3Dstructure\afdb_correct_to_wrong_2500_structures\D2QVE6.pdb,A,192,,9,2,0.2222222222222222,-1.5111111111111113,3,1,4,2,0.4444444444444444,0.3333333333333333,0.1111111111111111
6169,794b26b3d97429ed4c02b3cb763920f0 MCSG-APC111100 A-1,0.0049548745155334,Low impact,3Dstructure\afdb_correct_to_wrong_2500_structures\D2QVE6.pdb,A,156,,10,5,0.5,0.5599999999999999,1,1,2,0,0.2,0.1,0.1
6170,794b26b3d97429ed4c02b3cb763920f0 MCSG-APC111100 A-1,0.0049342215061187,Low impact,3Dstructure\afdb_correct_to_wrong_2500_structures\D2QVE6.pdb,A,199,,11,7,0.6363636363636364,1.436363636363636,0,1,1,-1,0.09090909090909091,0.0,0.09090909090909091
6171,794b26b3d97429ed4c02b3cb763920f0 MCSG-APC111100 A-1,0.0048026740550994,Low impact,3Dstructure\afdb_correct_to_wrong_2500_structures\D2QVE6.pdb,A,179,,7,3,0.42857142857142855,-0.8857142857142856,3,0,3,3,0.42857142857142855,0.42857142857142855,0.0
6172,794b26b3d97429ed4c02b3cb763920f0 MCSG-APC111100 A-1,0.0046373903751373,Low impact,3Dstructure\afdb_correct_to_wrong_2500_structures\D2QVE6.pdb,A,203,,4,1,0.25,-1.7000000000000002,2,1,3,1,0.75,0.5,0.25
6173,794b26b3d97429ed4c02b3cb763920f0 MCSG-APC111100 A-1,0.0045985877513885,Low impact,3Dstructure\afdb_correct_to_wrong_2500_structures\D2QVE6.pdb,A,21,,5,1,0.2,-0.9199999999999999,1,0,1,1,0.2,0.2,0.0
6174,794b26b3d97429ed4c02b3cb763920f0 MCSG-APC111100 A-1,0.0045203268527984,Low impact,3Dstructure\afdb_correct_to_wrong_2500_structures\D2QVE6.pdb,A,120,,7,2,0.2857142857142857,-1.2571428571428573,3,1,4,2,0.5714285714285714,0.42857142857142855,0.14285714285714285
6175,794b26b3d97429ed4c02b3cb763920f0 MCSG-APC111100 A-1,0.0045168399810791,Low impact,3Dstructure\afdb_correct_to_wrong_2500_structures\D2QVE6.pdb,A,182,,11,6,0.5454545454545454,0.49090909090909096,0,1,1,-1,0.09090909090909091,0.0,0.09090909090909091
6176,794b26b3d97429ed4c02b3cb763920f0 MCSG-APC111100 A-1,0.004486858844757,Low impact,3Dstructure\afdb_correct_to_wrong_2500_structures\D2QVE6.pdb,A,147,,9,4,0.4444444444444444,0.7444444444444444,1,1,2,0,0.2222222222222222,0.1111111111111111,0.1111111111111111
6177,794b26b3d97429ed4c02b3cb763920f0 MCSG-APC111100 A-1,0.0044529438018798,Low impact,3Dstructure\afdb_correct_to_wrong_2500_structures\D2QVE6.pdb,A,137,,6,2,0.3333333333333333,-1.25,2,1,3,1,0.5,0.3333333333333333,0.16666666666666666
6178,794b26b3d97429ed4c02b3cb763920f0 MCSG-APC111100 A-1,0.0042338073253631,Low impact,3Dstructure\afdb_correct_to_wrong_2500_structures\D2QVE6.pdb,A,187,,12,6,0.5,0.375,2,0,2,2,0.16666666666666666,0.16666666666666666,0.0
6179,794b26b3d97429ed4c02b3cb763920f0 MCSG-APC111100 A-1,0.0041581392288208,Low impact,3Dstructure\afdb_correct_to_wrong_2500_structures\D2QVE6.pdb,A,175,,8,4,0.5,0.3374999999999998,2,2,4,0,0.5,0.25,0.25
6180,794b26b3d97429ed4c02b3cb763920f0 MCSG-APC111100 A-1,0.004099428653717,Low impact,3Dstructure\afdb_correct_to_wrong_2500_structures\D2QVE6.pdb,A,14,,4,0,0.0,-2.15,0,1,1,-1,0.25,0.0,0.25
6181,794b26b3d97429ed4c02b3cb763920f0 MCSG-APC111100 A-1,0.0040830373764038,Low impact,3Dstructure\afdb_correct_to_wrong_2500_structures\D2QVE6.pdb,A,54,,6,3,0.5,-0.2166666666666667,3,0,3,3,0.5,0.5,0.0
6182,794b26b3d97429ed4c02b3cb763920f0 MCSG-APC111100 A-1,0.0040479004383087,Low impact,3Dstructure\afdb_correct_to_wrong_2500_structures\D2QVE6.pdb,A,134,,7,2,0.2857142857142857,-1.6285714285714286,2,1,3,1,0.42857142857142855,0.2857142857142857,0.14285714285714285
6183,794b26b3d97429ed4c02b3cb763920f0 MCSG-APC111100 A-1,0.0040121972560882,Low impact,3Dstructure\afdb_correct_to_wrong_2500_structures\D2QVE6.pdb,A,13,,4,1,0.25,-0.8,0,0,0,0,0.0,0.0,0.0
6184,794b26b3d97429ed4c02b3cb763920f0 MCSG-APC111100 A-1,0.0040013194084167,Low impact,3Dstructure\afdb_correct_to_wrong_2500_structures\D2QVE6.pdb,A,33,,10,4,0.4,0.07999999999999996,2,0,2,2,0.2,0.2,0.0
6185,794b26b3d97429ed4c02b3cb763920f0 MCSG-APC111100 A-1,0.0039799213409423,Low impact,3Dstructure\afdb_correct_to_wrong_2500_structures\D2QVE6.pdb,A,209,,10,4,0.4,-0.6599999999999999,0,4,4,-4,0.4,0.0,0.4
6186,794b26b3d97429ed4c02b3cb763920f0 MCSG-APC111100 A-1,0.0039613246917724,Low impact,3Dstructure\afdb_correct_to_wrong_2500_structures\D2QVE6.pdb,A,148,,8,3,0.375,-0.23750000000000027,2,1,3,1,0.375,0.25,0.125
6187,794b26b3d97429ed4c02b3cb763920f0 MCSG-APC111100 A-1,0.0038076937198638,Low impact,3Dstructure\afdb_correct_to_wrong_2500_structures\D2QVE6.pdb,A,39,,8,5,0.625,1.3624999999999998,0,0,0,0,0.0,0.0,0.0
6188,794b26b3d97429ed4c02b3cb763920f0 MCSG-APC111100 A-1,0.0037742555141448,Low impact,3Dstructure\afdb_correct_to_wrong_2500_structures\D2QVE6.pdb,A,51,,10,5,0.5,0.2699999999999999,2,1,3,1,0.3,0.2,0.1
6189,794b26b3d97429ed4c02b3cb763920f0 MCSG-APC111100 A-1,0.0037147998809814,Low impact,3Dstructure\afdb_correct_to_wrong_2500_structures\D2QVE6.pdb,A,73,,8,5,0.625,0.275,0,2,2,-2,0.25,0.0,0.25
6190,794b26b3d97429ed4c02b3cb763920f0 MCSG-APC111100 A-1,0.0035865604877471,Low impact,3Dstructure\afdb_correct_to_wrong_2500_structures\D2QVE6.pdb,A,123,,10,3,0.3,-1.1600000000000001,3,3,6,0,0.6,0.3,0.3
6191,794b26b3d97429ed4c02b3cb763920f0 MCSG-APC111100 A-1,0.0035817325115203,Low impact,3Dstructure\afdb_correct_to_wrong_2500_structures\D2QVE6.pdb,A,61,,13,7,0.5384615384615384,-0.053846153846153995,2,1,3,1,0.23076923076923078,0.15384615384615385,0.07692307692307693
6192,794b26b3d97429ed4c02b3cb763920f0 MCSG-APC111100 A-1,0.0034076571464538,Low impact,3Dstructure\afdb_correct_to_wrong_2500_structures\D2QVE6.pdb,A,46,,14,7,0.5,0.1642857142857144,1,3,4,-2,0.2857142857142857,0.07142857142857142,0.21428571428571427
6193,794b26b3d97429ed4c02b3cb763920f0 MCSG-APC111100 A-1,0.003382533788681,Low impact,3Dstructure\afdb_correct_to_wrong_2500_structures\D2QVE6.pdb,A,37,,8,4,0.5,-0.12500000000000022,2,0,2,2,0.25,0.25,0.0
6194,794b26b3d97429ed4c02b3cb763920f0 MCSG-APC111100 A-1,0.0032214522361755,Low impact,3Dstructure\afdb_correct_to_wrong_2500_structures\D2QVE6.pdb,A,56,,7,1,0.14285714285714285,-1.8571428571428572,2,1,3,1,0.42857142857142855,0.2857142857142857,0.14285714285714285
6195,794b26b3d97429ed4c02b3cb763920f0 MCSG-APC111100 A-1,0.0031876564025878,Low impact,3Dstructure\afdb_correct_to_wrong_2500_structures\D2QVE6.pdb,A,80,,9,4,0.4444444444444444,-0.3111111111111111,0,1,1,-1,0.1111111111111111,0.0,0.1111111111111111
6196,794b26b3d97429ed4c02b3cb763920f0 MCSG-APC111100 A-1,0.0031502544879913,Low impact,3Dstructure\afdb_correct_to_wrong_2500_structures\D2QVE6.pdb,A,5,,4,2,0.5,0.34999999999999987,0,0,0,0,0.0,0.0,0.0
6197,794b26b3d97429ed4c02b3cb763920f0 MCSG-APC111100 A-1,0.003120869398117,Low impact,3Dstructure\afdb_correct_to_wrong_2500_structures\D2QVE6.pdb,A,52,,7,3,0.42857142857142855,-0.1857142857142858,2,1,3,1,0.42857142857142855,0.2857142857142857,0.14285714285714285
6198,794b26b3d97429ed4c02b3cb763920f0 MCSG-APC111100 A-1,0.0031051039695739,Low impact,3Dstructure\afdb_correct_to_wrong_2500_structures\D2QVE6.pdb,A,78,,8,3,0.375,0.20000000000000007,0,1,1,-1,0.125,0.0,0.125
6199,794b26b3d97429ed4c02b3cb763920f0 MCSG-APC111100 A-1,0.0030679404735565,Low impact,3Dstructure\afdb_correct_to_wrong_2500_structures\D2QVE6.pdb,A,112,,12,5,0.4166666666666667,-0.36666666666666664,2,2,4,0,0.3333333333333333,0.16666666666666666,0.16666666666666666
6200,794b26b3d97429ed4c02b3cb763920f0 MCSG-APC111100 A-1,0.0028623342514038,Low impact,3Dstructure\afdb_correct_to_wrong_2500_structures\D2QVE6.pdb,A,32,,11,5,0.45454545454545453,-0.13636363636363644,3,0,3,3,0.2727272727272727,0.2727272727272727,0.0
6201,794b26b3d97429ed4c02b3cb763920f0 MCSG-APC111100 A-1,0.0028465688228607,Low impact,3Dstructure\afdb_correct_to_wrong_2500_structures\D2QVE6.pdb,A,16,,4,0,0.0,-3.075,1,0,1,1,0.25,0.25,0.0
6202,794b26b3d97429ed4c02b3cb763920f0 MCSG-APC111100 A-1,0.0028234720230102,Low impact,3Dstructure\afdb_correct_to_wrong_2500_structures\D2QVE6.pdb,A,173,,8,4,0.5,0.2875,3,0,3,3,0.375,0.375,0.0
6203,794b26b3d97429ed4c02b3cb763920f0 MCSG-APC111100 A-1,0.0027763247489929,Low impact,3Dstructure\afdb_correct_to_wrong_2500_structures\D2QVE6.pdb,A,124,,6,1,0.16666666666666666,-2.0333333333333337,2,2,4,0,0.6666666666666666,0.3333333333333333,0.3333333333333333
6204,794b26b3d97429ed4c02b3cb763920f0 MCSG-APC111100 A-1,0.0027724802494049,Low impact,3Dstructure\afdb_correct_to_wrong_2500_structures\D2QVE6.pdb,A,47,,10,2,0.2,-1.54,2,2,4,0,0.4,0.2,0.2
6205,794b26b3d97429ed4c02b3cb763920f0 MCSG-APC111100 A-1,0.0024483501911163,Low impact,3Dstructure\afdb_correct_to_wrong_2500_structures\D2QVE6.pdb,A,75,,9,4,0.4444444444444444,-0.08888888888888892,0,3,3,-3,0.3333333333333333,0.0,0.3333333333333333
6206,794b26b3d97429ed4c02b3cb763920f0 MCSG-APC111100 A-1,0.0024398267269134,Low impact,3Dstructure\afdb_correct_to_wrong_2500_structures\D2QVE6.pdb,A,59,,7,3,0.42857142857142855,-0.057142857142857065,1,2,3,-1,0.42857142857142855,0.14285714285714285,0.2857142857142857
6207,794b26b3d97429ed4c02b3cb763920f0 MCSG-APC111100 A-1,0.0023729503154754,Low impact,3Dstructure\afdb_correct_to_wrong_2500_structures\D2QVE6.pdb,A,213,,8,4,0.5,0.7,0,2,2,-2,0.25,0.0,0.25
6208,794b26b3d97429ed4c02b3cb763920f0 MCSG-APC111100 A-1,0.002344787120819,Low impact,3Dstructure\afdb_correct_to_wrong_2500_structures\D2QVE6.pdb,A,20,,4,1,0.25,-1.05,1,1,2,0,0.5,0.25,0.25
6209,794b26b3d97429ed4c02b3cb763920f0 MCSG-APC111100 A-1,0.0023313462734222,Low impact,3Dstructure\afdb_correct_to_wrong_2500_structures\D2QVE6.pdb,A,23,,4,2,0.5,0.17500000000000004,1,1,2,0,0.5,0.25,0.25
6210,794b26b3d97429ed4c02b3cb763920f0 MCSG-APC111100 A-1,0.0021414458751678,Low impact,3Dstructure\afdb_correct_to_wrong_2500_structures\D2QVE6.pdb,A,57,,8,2,0.25,-2.075,3,1,4,2,0.5,0.375,0.125
6211,794b26b3d97429ed4c02b3cb763920f0 MCSG-APC111100 A-1,0.0021213591098785,Low impact,3Dstructure\afdb_correct_to_wrong_2500_structures\D2QVE6.pdb,A,2,,3,2,0.6666666666666666,0.06666666666666665,0,0,0,0,0.0,0.0,0.0
6212,794b26b3d97429ed4c02b3cb763920f0 MCSG-APC111100 A-1,0.0020116865634918,Low impact,3Dstructure\afdb_correct_to_wrong_2500_structures\D2QVE6.pdb,A,233,,2,0,0.0,-0.8,0,0,0,0,0.0,0.0,0.0
6213,794b26b3d97429ed4c02b3cb763920f0 MCSG-APC111100 A-1,0.0020067691802978,Low impact,3Dstructure\afdb_correct_to_wrong_2500_structures\D2QVE6.pdb,A,94,,7,3,0.42857142857142855,-0.8714285714285713,2,1,3,1,0.42857142857142855,0.2857142857142857,0.14285714285714285
6214,794b26b3d97429ed4c02b3cb763920f0 MCSG-APC111100 A-1,0.0019551217555999,Low impact,3Dstructure\afdb_correct_to_wrong_2500_structures\D2QVE6.pdb,A,151,,9,3,0.3333333333333333,-0.44444444444444453,0,2,2,-2,0.2222222222222222,0.0,0.2222222222222222
6215,794b26b3d97429ed4c02b3cb763920f0 MCSG-APC111100 A-1,0.001811921596527,Low impact,3Dstructure\afdb_correct_to_wrong_2500_structures\D2QVE6.pdb,A,107,,10,5,0.5,0.06999999999999998,1,2,3,-1,0.3,0.1,0.2
6216,794b26b3d97429ed4c02b3cb763920f0 MCSG-APC111100 A-1,0.0017660558223724,Low impact,3Dstructure\afdb_correct_to_wrong_2500_structures\D2QVE6.pdb,A,4,,4,0,0.0,-0.875,0,0,0,0,0.0,0.0,0.0
6217,794b26b3d97429ed4c02b3cb763920f0 MCSG-APC111100 A-1,0.0017103552818298,Low impact,3Dstructure\afdb_correct_to_wrong_2500_structures\D2QVE6.pdb,A,217,,10,4,0.4,-0.17999999999999994,2,1,3,1,0.3,0.2,0.1
6218,794b26b3d97429ed4c02b3cb763920f0 MCSG-APC111100 A-1,0.0016384720802307,Low impact,3Dstructure\afdb_correct_to_wrong_2500_structures\D2QVE6.pdb,A,202,,9,3,0.3333333333333333,-0.6444444444444445,2,1,3,1,0.3333333333333333,0.2222222222222222,0.1111111111111111
6219,794b26b3d97429ed4c02b3cb763920f0 MCSG-APC111100 A-1,0.0015559494495391,Low impact,3Dstructure\afdb_correct_to_wrong_2500_structures\D2QVE6.pdb,A,126,,6,1,0.16666666666666666,-2.3499999999999996,1,4,5,-3,0.8333333333333334,0.16666666666666666,0.6666666666666666
6220,794b26b3d97429ed4c02b3cb763920f0 MCSG-APC111100 A-1,0.0015366673469543,Low impact,3Dstructure\afdb_correct_to_wrong_2500_structures\D2QVE6.pdb,A,108,,8,3,0.375,-1.3,2,0,2,2,0.25,0.25,0.0
6221,794b26b3d97429ed4c02b3cb763920f0 MCSG-APC111100 A-1,0.0014412105083465,Low impact,3Dstructure\afdb_correct_to_wrong_2500_structures\D2QVE6.pdb,A,58,,4,0,0.0,-3.125,1,1,2,0,0.5,0.25,0.25
6222,794b26b3d97429ed4c02b3cb763920f0 MCSG-APC111100 A-1,0.0011984705924987,Low impact,3Dstructure\afdb_correct_to_wrong_2500_structures\D2QVE6.pdb,A,89,,12,6,0.5,0.5083333333333333,0,1,1,-1,0.08333333333333333,0.0,0.08333333333333333
6223,794b26b3d97429ed4c02b3cb763920f0 MCSG-APC111100 A-1,0.0011160373687744,Low impact,3Dstructure\afdb_correct_to_wrong_2500_structures\D2QVE6.pdb,A,210,,7,5,0.7142857142857143,1.2,0,1,1,-1,0.14285714285714285,0.0,0.14285714285714285
6224,794b26b3d97429ed4c02b3cb763920f0 MCSG-APC111100 A-1,0.0010289549827575,Low impact,3Dstructure\afdb_correct_to_wrong_2500_structures\D2QVE6.pdb,A,178,,12,5,0.4166666666666667,0.3249999999999999,3,1,4,2,0.3333333333333333,0.25,0.08333333333333333
6225,794b26b3d97429ed4c02b3cb763920f0 MCSG-APC111100 A-1,0.001012235879898,Low impact,3Dstructure\afdb_correct_to_wrong_2500_structures\D2QVE6.pdb,A,205,,7,3,0.42857142857142855,0.22857142857142848,1,1,2,0,0.2857142857142857,0.14285714285714285,0.14285714285714285
6226,794b26b3d97429ed4c02b3cb763920f0 MCSG-APC111100 A-1,0.0009855031967163,Low impact,3Dstructure\afdb_correct_to_wrong_2500_structures\D2QVE6.pdb,A,114,,14,6,0.42857142857142855,0.22857142857142868,3,2,5,1,0.35714285714285715,0.21428571428571427,0.14285714285714285
6227,794b26b3d97429ed4c02b3cb763920f0 MCSG-APC111100 A-1,0.0008928775787353,Low impact,3Dstructure\afdb_correct_to_wrong_2500_structures\D2QVE6.pdb,A,189,,8,2,0.25,-1.3,3,0,3,3,0.375,0.375,0.0
6228,794b26b3d97429ed4c02b3cb763920f0 MCSG-APC111100 A-1,0.0008606314659118,Low impact,3Dstructure\afdb_correct_to_wrong_2500_structures\D2QVE6.pdb,A,71,,8,5,0.625,0.22499999999999998,0,1,1,-1,0.125,0.0,0.125
6229,794b26b3d97429ed4c02b3cb763920f0 MCSG-APC111100 A-1,0.0008386969566345,Low impact,3Dstructure\afdb_correct_to_wrong_2500_structures\D2QVE6.pdb,A,103,,6,2,0.3333333333333333,-1.1333333333333333,1,2,3,-1,0.5,0.16666666666666666,0.3333333333333333
6230,794b26b3d97429ed4c02b3cb763920f0 MCSG-APC111100 A-1,0.000837504863739,Low impact,3Dstructure\afdb_correct_to_wrong_2500_structures\D2QVE6.pdb,A,136,,4,2,0.5,-1.975,2,0,2,2,0.5,0.5,0.0
6231,794b26b3d97429ed4c02b3cb763920f0 MCSG-APC111100 A-1,0.0008288323879241,Low impact,3Dstructure\afdb_correct_to_wrong_2500_structures\D2QVE6.pdb,A,29,,9,4,0.4444444444444444,-0.02222222222222224,1,1,2,0,0.2222222222222222,0.1111111111111111,0.1111111111111111
6232,794b26b3d97429ed4c02b3cb763920f0 MCSG-APC111100 A-1,0.00063157081604,Low impact,3Dstructure\afdb_correct_to_wrong_2500_structures\D2QVE6.pdb,A,194,,6,1,0.16666666666666666,-1.433333333333333,2,1,3,1,0.5,0.3333333333333333,0.16666666666666666
6235,423c9d1a62f93fe6404cb374b60d7537 MCSG-APC80683 A-1,0.0093958973884582,Low impact,3Dstructure\afdb_correct_to_wrong_2500_structures\A0A0H2URY0.pdb,A,60,,13,6,0.46153846153846156,0.7076923076923076,1,1,2,0,0.15384615384615385,0.07692307692307693,0.07692307692307693
6236,423c9d1a62f93fe6404cb374b60d7537 MCSG-APC80683 A-1,0.009159117937088,Low impact,3Dstructure\afdb_correct_to_wrong_2500_structures\A0A0H2URY0.pdb,A,132,,7,3,0.42857142857142855,-1.0142857142857142,1,1,2,0,0.2857142857142857,0.14285714285714285,0.14285714285714285
6237,423c9d1a62f93fe6404cb374b60d7537 MCSG-APC80683 A-1,0.0089308321475982,Low impact,3Dstructure\afdb_correct_to_wrong_2500_structures\A0A0H2URY0.pdb,A,97,,11,3,0.2727272727272727,-0.41818181818181804,2,2,4,0,0.36363636363636365,0.18181818181818182,0.18181818181818182
6238,423c9d1a62f93fe6404cb374b60d7537 MCSG-APC80683 A-1,0.0071727931499481,Low impact,3Dstructure\afdb_correct_to_wrong_2500_structures\A0A0H2URY0.pdb,A,22,,5,3,0.6,1.3800000000000001,0,1,1,-1,0.2,0.0,0.2
6239,423c9d1a62f93fe6404cb374b60d7537 MCSG-APC80683 A-1,0.0070733129978179,Low impact,3Dstructure\afdb_correct_to_wrong_2500_structures\A0A0H2URY0.pdb,A,34,,14,8,0.5714285714285714,0.6999999999999998,2,1,3,1,0.21428571428571427,0.14285714285714285,0.07142857142857142
